
DFTK Version      0.6.16
Julia Version     1.10.4
FFTW.jl provider  fftw v3.3.10

BLAS.get_config()
  LinearAlgebra.BLAS.LBTConfig
  Libraries: 
  └ [ILP64] libopenblas64_.so

MPI.versioninfo()
  MPIPreferences:
    binary:  MPICH_jll
    abi:     MPICH
  
  Package versions
    MPI.jl:             0.20.16
    MPIPreferences.jl:  0.1.10
    MPICH_jll:          4.1.2+1
  
  Library information:
    libmpi:  /home/herbst/.julia/artifacts/0ed4137b58af5c5e3797cb0c400e60ed7c308bae/lib/libmpi.so
    libmpi dlpath:  /home/herbst/.julia/artifacts/0ed4137b58af5c5e3797cb0c400e60ed7c308bae/lib/libmpi.so
    MPI version:  4.0.0
    Library version:  
      MPICH Version:      4.1.2
      MPICH Release date: Wed Jun  7 15:22:45 CDT 2023
      MPICH ABI:          15:1:3
      MPICH Device:       ch3:nemesis
      MPICH configure:    --prefix=/workspace/destdir --build=x86_64-linux-musl --host=x86_64-linux-gnu --enable-shared=yes --enable-static=no --with-device=ch3 --disable-dependency-tracking --enable-fast=all,O3 --docdir=/tmp --mandir=/tmp
      MPICH CC:           cc    -DNDEBUG -DNVALGRIND -O3
      MPICH CXX:          c++   -DNDEBUG -DNVALGRIND -O3
      MPICH F77:          gfortran   -O3
      MPICH FC:           gfortran   -O3
      
  


|ρref - ρorig|hm1 = 0.0
|ρref - ρorig|l2  = 0.0

# --- ε=1.0

n     Energy            log10(ΔE)   log10(Δρ)   Δtime
---   ---------------   ---------   ---------   ------
  1   -21.62786599832                   -0.78    25.9s
    hm1_norm_ρdiff=0.0005781562786776172 hm1_norm_Δρ=0.1065638114594529  error_V_h1=5.087732658630316  α = 1.0
  2   -21.66354277280       -1.45       -1.40    11.7s
    hm1_norm_ρdiff=0.10599773569776717 hm1_norm_Δρ=0.024833180587354058  error_V_h1=5.089498200080223  α = 1.0
  3   -21.66518320998       -2.79       -1.81    8.64s
    hm1_norm_ρdiff=0.08224555929085307 hm1_norm_Δρ=0.00840035519188495  error_V_h1=5.090024463748499  α = 1.0
  4   -21.67119554089       -2.22       -1.93    8.64s
    hm1_norm_ρdiff=0.07435747547398618 hm1_norm_Δρ=0.007256620713212272  error_V_h1=5.089509402037471  α = 1.0

#-- |ρε - ρref| = 0.08368273496540177 vs. 0.01 = δ*ε  error_V_h1=5.089367841122493


# --- ε=0.5623413251903491

n     Energy            log10(ΔE)   log10(Δρ)   Δtime
---   ---------------   ---------   ---------   ------
  1   -21.67196795419                   -2.79    19.6s
    hm1_norm_ρdiff=0.08368273750675995 hm1_norm_Δρ=0.0009475171427149214  error_V_h1=5.084742868102497  α = 1.0
  2   -21.67234447120       -3.42       -3.13    8.72s
    hm1_norm_ρdiff=0.08276231555796655 hm1_norm_Δρ=0.0003454470558924118  error_V_h1=5.084761795423543  α = 1.0

#-- |ρε - ρref| = 0.08378447769682913 vs. 0.005623413251903491 = δ*ε  error_V_h1=5.084620723233838


# --- ε=0.31622776601683794

n     Energy            log10(ΔE)   log10(Δρ)   Δtime
---   ---------------   ---------   ---------   ------
  1   -21.67206699339                   -3.09    23.7s
    hm1_norm_ρdiff=0.0839237967027174 hm1_norm_Δρ=0.00038823673744282173  error_V_h1=5.076218801157527  α = 0.535
  2   -21.67209296006       -4.59       -3.48    8.47s
    hm1_norm_ρdiff=0.0836230111644555 hm1_norm_Δρ=0.0001979702451345163  error_V_h1=5.076261087470935  α = 1.0

#-- |ρε - ρref| = 0.08350956956931412 vs. 0.0031622776601683794 = δ*ε  error_V_h1=5.076249333296551


# --- ε=0.1778279410038923

n     Energy            log10(ΔE)   log10(Δρ)   Δtime
---   ---------------   ---------   ---------   ------
  1   -21.67142819805                   -3.26    23.9s
    hm1_norm_ρdiff=0.08359711970287656 hm1_norm_Δρ=0.0002596680518266087  error_V_h1=5.061340894446731  α = 0.526
  2   -21.67143388502       -5.25       -3.67    8.40s
    hm1_norm_ρdiff=0.08341227194874498 hm1_norm_Δρ=0.00013570371145159535  error_V_h1=5.061396244986031  α = 1.0

#-- |ρε - ρref| = 0.08327243780678233 vs. 0.001778279410038923 = δ*ε  error_V_h1=5.061400462013431


# --- ε=0.1

n     Energy            log10(ΔE)   log10(Δρ)   Δtime
---   ---------------   ---------   ---------   ------
  1   -21.67023391003                   -3.04    23.8s
    hm1_norm_ρdiff=0.08356528069593844 hm1_norm_Δρ=0.0005626081068135044  error_V_h1=5.0351138679173095  α = 0.477
  2   -21.67023538755       -5.83       -3.23    13.0s
    hm1_norm_ρdiff=0.08319050094720866 hm1_norm_Δρ=0.00036794207780193905  error_V_h1=5.035243567364882  α = 0.495

#-- |ρε - ρref| = 0.0827558357284944 vs. 0.001 = δ*ε  error_V_h1=5.035291756833947


# --- ε=0.05623413251903491

n     Energy            log10(ΔE)   log10(Δρ)   Δtime
---   ---------------   ---------   ---------   ------
  1   -21.66813321780                   -2.76    19.2s
    hm1_norm_ρdiff=0.08275583631880692 hm1_norm_Δρ=0.0010809271622364064  error_V_h1=4.989936298610391  α = 1.0
  2   -21.66813663887       -5.47       -3.61    8.53s
    hm1_norm_ρdiff=0.0816761507532204 hm1_norm_Δρ=0.0001512717058675762  error_V_h1=4.9897480214502234  α = 1.0
  3   -21.66813750352       -6.06       -3.56    13.5s
    hm1_norm_ρdiff=0.08173458976548446 hm1_norm_Δρ=0.0001710722781357446  error_V_h1=4.9896397375918164  α = 0.501

#-- |ρε - ρref| = 0.08187063431133904 vs. 0.0005623413251903491 = δ*ε  error_V_h1=4.9896831492786005


# --- ε=0.03162277660168379

n     Energy            log10(ΔE)   log10(Δρ)   Δtime
---   ---------------   ---------   ---------   ------
  1   -21.66450861962                   -2.48    19.2s
    hm1_norm_ρdiff=0.08187063829527867 hm1_norm_Δρ=0.002048332921879759  error_V_h1=4.912288663117369  α = 1.0
  2   -21.66452142076       -4.89       -3.20    8.46s
    hm1_norm_ρdiff=0.07982460539946296 hm1_norm_Δρ=0.00039753467642563394  error_V_h1=4.911399139191619  α = 1.0
  3   -21.66452368521       -5.65       -3.51    13.1s
    hm1_norm_ρdiff=0.08011738020889878 hm1_norm_Δρ=0.00017510786584018755  error_V_h1=4.911228583954584  α = 0.473
  4   -21.66452433639       -6.19       -3.96    8.40s
    hm1_norm_ρdiff=0.08028505125988475 hm1_norm_Δρ=5.951331509894485e-5  error_V_h1=4.911353290466853  α = 1.0

#-- |ρε - ρref| = 0.08015420099119756 vs. 0.00031622776601683794 = δ*ε  error_V_h1=4.911515641175517


# --- ε=0.01778279410038923

n     Energy            log10(ΔE)   log10(Δρ)   Δtime
---   ---------------   ---------   ---------   ------
  1   -21.65839906719                   -2.25    19.3s
    hm1_norm_ρdiff=0.08015422045966368 hm1_norm_Δρ=0.0034814496671013912  error_V_h1=4.783219654749024  α = 1.0
  2   -21.65844018581       -4.39       -2.90    8.47s
    hm1_norm_ρdiff=0.07667696925316324 hm1_norm_Δρ=0.0007824281147559128  error_V_h1=4.780109323587204  α = 1.0
  3   -21.65844602905       -5.23       -3.28    13.1s
    hm1_norm_ρdiff=0.07729888747761812 hm1_norm_Δρ=0.0002904637525725343  error_V_h1=4.779594651486638  α = 0.509
  4   -21.65844784285       -5.74       -3.73    8.53s
    hm1_norm_ρdiff=0.07757017528279185 hm1_norm_Δρ=0.00010501888210870152  error_V_h1=4.779993164915053  α = 1.0
  5   -21.65844888735       -5.98       -3.62    8.66s
    hm1_norm_ρdiff=0.07747087622288958 hm1_norm_Δρ=0.00013427850130452252  error_V_h1=4.7804715411141245  α = 1.0

#-- |ρε - ρref| = 0.07735588350838661 vs. 0.0001778279410038923 = δ*ε  error_V_h1=4.78041892625109


# --- ε=0.01

n     Energy            log10(ΔE)   log10(Δρ)   Δtime
---   ---------------   ---------   ---------   ------
  1   -21.64844941332                   -2.02    20.0s
    hm1_norm_ρdiff=0.07735598309713113 hm1_norm_Δρ=0.006006505728579187  error_V_h1=4.580395588488628  α = 1.0
  2   -21.64860709339       -3.80       -2.58    8.58s
    hm1_norm_ρdiff=0.07135886536573006 hm1_norm_Δρ=0.001638337588683287  error_V_h1=4.56889285408721  α = 1.0
  3   -21.64861992629       -4.89       -3.15    13.2s
    hm1_norm_ρdiff=0.07280506609142742 hm1_norm_Δρ=0.0003643144793879277  error_V_h1=4.567930953764806  α = 0.5
  4   -21.64862452089       -5.34       -3.67    8.66s
    hm1_norm_ρdiff=0.07311341536689764 hm1_norm_Δρ=0.00011321332498299508  error_V_h1=4.568628439283282  α = 1.0
  5   -21.64862663062       -5.68       -3.46    8.61s
    hm1_norm_ρdiff=0.07300887332047985 hm1_norm_Δρ=0.00019184978822256755  error_V_h1=4.569826022995763  α = 1.0
  6   -21.64862736123       -6.14       -4.37    9.04s
    hm1_norm_ρdiff=0.07282660591731578 hm1_norm_Δρ=1.8814095187563926e-5  error_V_h1=4.569760723014016  α = 1.0
  7   -21.64862776549       -6.39       -3.93    8.81s
    hm1_norm_ρdiff=0.07283890500678396 hm1_norm_Δρ=6.723561389910022e-5  error_V_h1=4.569324409475153  α = 1.0

#-- |ρε - ρref| = 0.07290000166051794 vs. 0.0001 = δ*ε  error_V_h1=4.569350526659738


# --- ε=0.005623413251903491

n     Energy            log10(ΔE)   log10(Δρ)   Δtime
---   ---------------   ---------   ---------   ------
  1   -21.63304334562                   -1.79    18.9s
    hm1_norm_ρdiff=0.07290048486975052 hm1_norm_Δρ=0.010154599569494908  error_V_h1=4.2932467059752115  α = 1.0
  2   -21.63366252604       -3.21       -2.26    8.40s
    hm1_norm_ρdiff=0.06276643467663631 hm1_norm_Δρ=0.003451716337882511  error_V_h1=4.250929124072998  α = 1.0
  3   -21.63369449292       -4.50       -2.91    13.0s
    hm1_norm_ρdiff=0.06592662216857585 hm1_norm_Δρ=0.0006167118114776306  error_V_h1=4.248256957165265  α = 0.512
  4   -21.63370557458       -4.96       -3.46    8.48s
    hm1_norm_ρdiff=0.06642112593625506 hm1_norm_Δρ=0.0001878089867957906  error_V_h1=4.250275271961703  α = 1.0
  5   -21.63371010718       -5.34       -3.30    8.58s
    hm1_norm_ρdiff=0.06624363620968976 hm1_norm_Δρ=0.0002713408545901638  error_V_h1=4.2530985166360855  α = 1.0
  6   -21.63371223260       -5.67       -4.07    8.57s
    hm1_norm_ρdiff=0.06599175467836815 hm1_norm_Δρ=4.2173762841959236e-5  error_V_h1=4.252734164632423  α = 1.0
  7   -21.63371290383       -6.17       -3.77    8.70s
    hm1_norm_ρdiff=0.06602840575860555 hm1_norm_Δρ=9.371964569847857e-5  error_V_h1=4.251765314011232  α = 1.0
  8   -21.63371345220       -6.26       -4.47    8.66s
    hm1_norm_ρdiff=0.06611610673288555 hm1_norm_Δρ=1.454593265583112e-5  error_V_h1=4.2518455020468915  α = 1.0
  9   -21.63371357409       -6.91       -4.20    8.73s
    hm1_norm_ρdiff=0.066106177958965 hm1_norm_Δρ=3.4917645916250585e-5  error_V_h1=4.252208635822598  α = 1.0

#-- |ρε - ρref| = 0.06607783414329481 vs. 5.6234132519034914e-5 = δ*ε  error_V_h1=4.2521825462297445


# --- ε=0.0031622776601683794

n     Energy            log10(ΔE)   log10(Δρ)   Δtime
---   ---------------   ---------   ---------   ------
  1   -21.61039336963                   -1.58    19.2s
    hm1_norm_ρdiff=0.06607986582445238 hm1_norm_Δρ=0.016353407204588038  error_V_h1=3.966600601268919  α = 1.0
  2   -21.61297158194       -2.59       -1.94    8.41s
    hm1_norm_ρdiff=0.04977896831341807 hm1_norm_Δρ=0.007082677618524484  error_V_h1=3.8173916965885173  α = 1.0
  3   -21.61303248025       -4.22       -2.74    13.1s
    hm1_norm_ρdiff=0.05648725681683961 hm1_norm_Δρ=0.0008861631850560806  error_V_h1=3.8118516002284597  α = 0.519
  4   -21.61305436341       -4.66       -3.38    8.59s
    hm1_norm_ρdiff=0.05710820901687157 hm1_norm_Δρ=0.0002138393047861013  error_V_h1=3.815348751980161  α = 1.0
  5   -21.61306195195       -5.12       -3.23    8.62s
    hm1_norm_ρdiff=0.05691404505922403 hm1_norm_Δρ=0.00030825353604577627  error_V_h1=3.8201293061543544  α = 1.0
  6   -21.61306724761       -5.28       -3.89    8.62s
    hm1_norm_ρdiff=0.05665138669460809 hm1_norm_Δρ=5.344990341235413e-5  error_V_h1=3.8198601657297555  α = 1.0
  7   -21.61306812312       -6.06       -3.66    8.77s
    hm1_norm_ρdiff=0.05668264126752821 hm1_norm_Δρ=0.00011150545394067301  error_V_h1=3.818214405597365  α = 1.0
  8   -21.61306952912       -5.85       -4.13    8.68s
    hm1_norm_ρdiff=0.05677611077685578 hm1_norm_Δρ=3.1664391437296944e-5  error_V_h1=3.8183716238346674  α = 1.0
  9   -21.61306962893       -7.00       -4.07    8.78s
    hm1_norm_ρdiff=0.0567590654363781 hm1_norm_Δρ=4.364868683049895e-5  error_V_h1=3.8190381725695297  α = 1.0
 10   -21.61306999488       -6.44       -4.46    8.72s
    hm1_norm_ρdiff=0.056722566662069124 hm1_norm_Δρ=1.514390889814262e-5  error_V_h1=3.818949091255906  α = 1.0
 11   -21.61307006306       -7.17       -4.45    13.6s
    hm1_norm_ρdiff=0.05672327937366951 hm1_norm_Δρ=1.8252788370378915e-5  error_V_h1=3.8188068017981016  α = 0.494

#-- |ρε - ρref| = 0.056742332162373274 vs. 3.1622776601683795e-5 = δ*ε  error_V_h1=3.8187316287575443


# --- ε=0.0017782794100389228

n     Energy            log10(ΔE)   log10(Δρ)   Δtime
---   ---------------   ---------   ---------   ------
  1   -21.58723736443                   -1.39    23.6s
    hm1_norm_ρdiff=0.0689326707006096 hm1_norm_Δρ=0.025156863305167382  error_V_h1=3.3549040352560624  α = 0.516
  2   -21.58768959372       -3.34       -2.49    8.31s
    hm1_norm_ρdiff=0.04386167404933363 hm1_norm_Δρ=0.0018386693372780618  error_V_h1=3.2969224756176194  α = 1.0
  3   -21.58771811467       -4.54       -2.73    8.42s
    hm1_norm_ρdiff=0.0454516177277549 hm1_norm_Δρ=0.0009218601359354611  error_V_h1=3.277079887402088  α = 1.0
  4   -21.58781795433       -4.00       -2.96    8.52s
    hm1_norm_ρdiff=0.046157508041596955 hm1_norm_Δρ=0.0005783219058094353  error_V_h1=3.2921845293462972  α = 1.0
  5   -21.58783090847       -4.89       -3.12    13.2s
    hm1_norm_ρdiff=0.04579063586255815 hm1_norm_Δρ=0.0003991691255306088  error_V_h1=3.2972836929291955  α = 0.509
  6   -21.58783562393       -5.33       -3.91    8.67s
    hm1_norm_ρdiff=0.04546189646048246 hm1_norm_Δρ=6.15172519727124e-5  error_V_h1=3.299468430316697  α = 1.0
  7   -21.58783790020       -5.64       -4.02    8.58s
    hm1_norm_ρdiff=0.04541650112703582 hm1_norm_Δρ=3.9790116991853146e-5  error_V_h1=3.2990551862318473  α = 1.0
  8   -21.58783875875       -6.07       -4.09    8.67s
    hm1_norm_ρdiff=0.04543844239954091 hm1_norm_Δρ=3.3102685453082236e-5  error_V_h1=3.2982913449781406  α = 1.0
  9   -21.58783914548       -6.41       -4.30    8.72s
    hm1_norm_ρdiff=0.04544715950876514 hm1_norm_Δρ=2.4389224649014e-5  error_V_h1=3.298846613401465  α = 1.0
 10   -21.58783936676       -6.66       -4.40    8.74s
    hm1_norm_ρdiff=0.045427891386595295 hm1_norm_Δρ=1.7368447559893518e-5  error_V_h1=3.299330072297176  α = 1.0
 11   -21.58783945277       -7.07       -4.72    8.81s
    hm1_norm_ρdiff=0.04542073080410546 hm1_norm_Δρ=9.704224906424324e-6  error_V_h1=3.299071773705467  α = 1.0

#-- |ρε - ρref| = 0.04543428243516999 vs. 1.778279410038923e-5 = δ*ε  error_V_h1=3.2988056620209503


# --- ε=0.001

n     Energy            log10(ΔE)   log10(Δρ)   Δtime
---   ---------------   ---------   ---------   ------
  1   -21.55659422595                   -1.24    23.3s
    hm1_norm_ρdiff=0.06209450460466166 hm1_norm_Δρ=0.03588680944293218  error_V_h1=3.189354102304956  α = 0.537
  2   -21.56104008158       -2.35       -1.91    8.44s
    hm1_norm_ρdiff=0.02644660723771282 hm1_norm_Δρ=0.007381569029389595  error_V_h1=2.7679333396698604  α = 1.0
  3   -21.56116661274       -3.90       -2.51    13.1s
    hm1_norm_ρdiff=0.03318299927781676 hm1_norm_Δρ=0.00150649617616617  error_V_h1=2.746409046162913  α = 0.522
  4   -21.56120339112       -4.43       -3.10    8.41s
    hm1_norm_ρdiff=0.03401020841514819 hm1_norm_Δρ=0.0003406997554618231  error_V_h1=2.74999817541895  α = 1.0
  5   -21.56121578268       -4.91       -3.25    8.59s
    hm1_norm_ρdiff=0.0338127985106061 hm1_norm_Δρ=0.00030129950108286215  error_V_h1=2.7631465831583433  α = 1.0
  6   -21.56122402631       -5.08       -3.40    8.54s
    hm1_norm_ρdiff=0.03358045535280599 hm1_norm_Δρ=0.00016081200027242987  error_V_h1=2.766284789071053  α = 1.0
  7   -21.56122638048       -5.63       -3.63    8.63s
    hm1_norm_ρdiff=0.03359994975124283 hm1_norm_Δρ=0.00012544552282188427  error_V_h1=2.7598299601062757  α = 1.0
  8   -21.56122783061       -5.84       -3.78    8.70s
    hm1_norm_ρdiff=0.03369665953222158 hm1_norm_Δρ=6.948681996659516e-5  error_V_h1=2.7585462227130453  α = 1.0
  9   -21.56122840281       -6.24       -3.92    8.74s
    hm1_norm_ρdiff=0.033689426675198336 hm1_norm_Δρ=5.99823716743809e-5  error_V_h1=2.761786858129368  α = 1.0
 10   -21.56122868422       -6.55       -4.29    8.90s
    hm1_norm_ρdiff=0.03364772160690176 hm1_norm_Δρ=2.1832597056910236e-5  error_V_h1=2.762051618229568  α = 1.0
 11   -21.56122882207       -6.86       -4.22    8.84s
    hm1_norm_ρdiff=0.033652744761515016 hm1_norm_Δρ=2.7775017222361362e-5  error_V_h1=2.7606278893463005  α = 1.0
 12   -21.56122888809       -7.18       -4.81    8.81s
    hm1_norm_ρdiff=0.03366979690323353 hm1_norm_Δρ=6.5738173924547526e-6  error_V_h1=2.760720650651936  α = 1.0
 13   -21.56122891580       -7.56       -4.56    8.82s
    hm1_norm_ρdiff=0.03366601245550394 hm1_norm_Δρ=1.3167530432235107e-5  error_V_h1=2.7614253166836162  α = 1.0
 14   -21.56122893507       -7.71       -5.02    8.82s
    hm1_norm_ρdiff=0.033657370540294405 hm1_norm_Δρ=4.791400753893084e-6  error_V_h1=2.7612086749899687  α = 1.0
 15   -21.56122893896       -8.41       -4.91    8.83s
    hm1_norm_ρdiff=0.033661629350312056 hm1_norm_Δρ=5.195663383431681e-6  error_V_h1=2.76100093488634  α = 1.0

#-- |ρε - ρref| = 0.03366272523285471 vs. 1.0e-5 = δ*ε  error_V_h1=2.761052863701464


# --- ε=0.0005623413251903491

n     Energy            log10(ΔE)   log10(Δρ)   Δtime
---   ---------------   ---------   ---------   ------
  1   -21.53569866002                   -1.12    28.1s
    hm1_norm_ρdiff=0.06753094300087967 hm1_norm_Δρ=0.047504076603681576  error_V_h1=2.52235105854079  α = 0.287
  2   -21.53688610825       -2.93       -2.21    8.36s
    hm1_norm_ρdiff=0.020344279378555402 hm1_norm_Δρ=0.003241576813498482  error_V_h1=2.3088580401040866  α = 1.0
  3   -21.53705870762       -3.76       -2.52    12.9s
    hm1_norm_ρdiff=0.022591220767210735 hm1_norm_Δρ=0.0015341030505842737  error_V_h1=2.2610952478420914  α = 0.504
  4   -21.53707008588       -4.94       -2.83    8.43s
    hm1_norm_ρdiff=0.02347835434692918 hm1_norm_Δρ=0.0005991655262472359  error_V_h1=2.249244375299685  α = 1.0
  5   -21.53710053640       -4.52       -3.13    8.50s
    hm1_norm_ρdiff=0.023314014487227516 hm1_norm_Δρ=0.00034897429123121996  error_V_h1=2.278382340686732  α = 1.0
  6   -21.53710147406       -6.03       -3.52    8.54s
    hm1_norm_ρdiff=0.023108675843842102 hm1_norm_Δρ=0.0001271001250897898  error_V_h1=2.282590303368313  α = 1.0
  7   -21.53710611210       -5.33       -3.60    8.59s
    hm1_norm_ρdiff=0.02314036847262558 hm1_norm_Δρ=0.00011323380784055639  error_V_h1=2.274585438731638  α = 1.0
  8   -21.53710648996       -6.42       -3.94    8.62s
    hm1_norm_ρdiff=0.023189221243285638 hm1_norm_Δρ=5.051371865322799e-5  error_V_h1=2.2738416975899307  α = 1.0
  9   -21.53710720070       -6.15       -4.30    8.69s
    hm1_norm_ρdiff=0.023172477238946176 hm1_norm_Δρ=2.458282819543493e-5  error_V_h1=2.276439752461633  α = 1.0
 10   -21.53710724835       -7.32       -4.18    8.74s
    hm1_norm_ρdiff=0.02315882984373929 hm1_norm_Δρ=2.8781006355037503e-5  error_V_h1=2.2768068987308263  α = 1.0
 11   -21.53710746081       -6.67       -4.44    8.81s
    hm1_norm_ρdiff=0.02316296367964216 hm1_norm_Δρ=1.5996347741123214e-5  error_V_h1=2.275959103836719  α = 1.0
 12   -21.53710749282       -7.49       -4.75    13.2s
    hm1_norm_ρdiff=0.02316728777778239 hm1_norm_Δρ=7.100650817271931e-6  error_V_h1=2.275931657529386  α = 0.509
 13   -21.53710750708       -7.85       -4.89    8.79s
    hm1_norm_ρdiff=0.02316594400480635 hm1_norm_Δρ=6.082914133955533e-6  error_V_h1=2.2762802568363307  α = 1.0
 14   -21.53710751647       -8.03       -4.92    8.79s
    hm1_norm_ρdiff=0.02316188084746045 hm1_norm_Δρ=6.107094546119684e-6  error_V_h1=2.276031449442601  α = 1.0
 15   -21.53710751806       -8.80       -4.99    8.75s
    hm1_norm_ρdiff=0.023166663943280076 hm1_norm_Δρ=5.331383773546521e-6  error_V_h1=2.2763056420310765  α = 1.0
 16   -21.53710752034       -8.64       -5.16    8.80s
    hm1_norm_ρdiff=0.02316244437111555 hm1_norm_Δρ=3.861514929807119e-6  error_V_h1=2.2759814202107047  α = 1.0

#-- |ρε - ρref| = 0.023164710341222538 vs. 5.623413251903491e-6 = δ*ε  error_V_h1=2.2760994176351663


# --- ε=0.00031622776601683794

n     Energy            log10(ΔE)   log10(Δρ)   Δtime
---   ---------------   ---------   ---------   ------
  1   -21.51761192365                   -1.03    32.6s
    hm1_norm_ρdiff=0.07229221355741312 hm1_norm_Δρ=0.05813708753897142  error_V_h1=1.8964450852083974  α = 0.154
  2   -21.51787990295       -3.57       -2.28    13.0s
    hm1_norm_ρdiff=0.014538064459336988 hm1_norm_Δρ=0.002197998749116531  error_V_h1=1.940967026668078  α = 0.507
  3   -21.51797737112       -4.01       -2.92    8.39s
    hm1_norm_ρdiff=0.014603739153559921 hm1_norm_Δρ=0.0006209413692546343  error_V_h1=1.8667366903832834  α = 1.0
  4   -21.51799286166       -4.81       -3.28    8.51s
    hm1_norm_ρdiff=0.015120146144299832 hm1_norm_Δρ=0.00020820855071568926  error_V_h1=1.8584357624553858  α = 1.0
  5   -21.51799823830       -5.27       -3.34    8.51s
    hm1_norm_ρdiff=0.015095752093187271 hm1_norm_Δρ=0.00022199844600056346  error_V_h1=1.8742210845513678  α = 1.0
  6   -21.51800242884       -5.38       -3.42    8.57s
    hm1_norm_ρdiff=0.014982223740688852 hm1_norm_Δρ=0.0001575880185641426  error_V_h1=1.8866657803965308  α = 1.0
  7   -21.51800449600       -5.68       -3.60    13.2s
    hm1_norm_ρdiff=0.014931202728084719 hm1_norm_Δρ=0.00011284623552089128  error_V_h1=1.8798327884397377  α = 0.488
  8   -21.51800516862       -6.17       -3.88    13.2s
    hm1_norm_ρdiff=0.014959201043849853 hm1_norm_Δρ=5.519427575814445e-5  error_V_h1=1.8764613590826589  α = 0.488
  9   -21.51800528012       -6.95       -4.16    8.71s
    hm1_norm_ρdiff=0.014994075649274392 hm1_norm_Δρ=2.9725038995623924e-5  error_V_h1=1.8751175956607604  α = 1.0
 10   -21.51800543101       -6.82       -4.50    8.70s
    hm1_norm_ρdiff=0.01499893989240356 hm1_norm_Δρ=1.3210247012312792e-5  error_V_h1=1.8761183020845689  α = 1.0
 11   -21.51800545627       -7.60       -4.76    8.89s
    hm1_norm_ρdiff=0.014994179313503634 hm1_norm_Δρ=7.311640331616922e-6  error_V_h1=1.8765685937467402  α = 1.0
 12   -21.51800548322       -7.57       -4.95    8.79s
    hm1_norm_ρdiff=0.014991685509777971 hm1_norm_Δρ=4.6324022700447766e-6  error_V_h1=1.8763621284604206  α = 1.0
 13   -21.51800548981       -8.18       -4.90    8.77s
    hm1_norm_ρdiff=0.014994941414048175 hm1_norm_Δρ=5.296093493244433e-6  error_V_h1=1.876409290069692  α = 1.0
 14   -21.51800549483       -8.30       -4.92    8.83s
    hm1_norm_ρdiff=0.01499248308031221 hm1_norm_Δρ=5.498004334466508e-6  error_V_h1=1.8762000583412901  α = 1.0
 15   -21.51800549731       -8.61       -4.76    13.4s
    hm1_norm_ρdiff=0.014999848399570337 hm1_norm_Δρ=9.695655590254477e-6  error_V_h1=1.8766653546616825  α = 0.532
 16   -21.51800549917       -8.73       -5.03    13.3s
    hm1_norm_ρdiff=0.014988934138806509 hm1_norm_Δρ=5.2178101607687585e-6  error_V_h1=1.8763962439707114  α = 0.519
 17   -21.51800549991       -9.13       -5.51    8.79s
    hm1_norm_ρdiff=0.014993657631272691 hm1_norm_Δρ=1.2714820724778325e-6  error_V_h1=1.876419428453796  α = 1.0
 18   -21.51800550021       -9.52       -5.71    8.73s
    hm1_norm_ρdiff=0.014993481970565355 hm1_norm_Δρ=7.06629856689669e-7  error_V_h1=1.8763927451104003  α = 1.0

#-- |ρε - ρref| = 0.014993568743607265 vs. 3.1622776601683796e-6 = δ*ε  error_V_h1=1.8763907573420584


# --- ε=0.00017782794100389227

n     Energy            log10(ΔE)   log10(Δρ)   Δtime
---   ---------------   ---------   ---------   ------
  1   -21.50409681866                   -0.97    37.2s
    hm1_norm_ρdiff=0.07601234652259051 hm1_norm_Δρ=0.06656623923768906  error_V_h1=1.3998504665329117  α = 0.0815
  2   -21.50433459579       -3.62       -2.14    17.3s
    hm1_norm_ρdiff=0.010963530719641533 hm1_norm_Δρ=0.0031532864455358412  error_V_h1=1.51327709182528  α = 0.273
  3   -21.50437149813       -4.43       -2.80    12.9s
    hm1_norm_ρdiff=0.009658466856012096 hm1_norm_Δρ=0.000700700138985457  error_V_h1=1.5451010397058274  α = 0.512
  4   -21.50438633527       -4.83       -2.84    13.1s
    hm1_norm_ρdiff=0.00950013702014522 hm1_norm_Δρ=0.0006602966754207299  error_V_h1=1.5826399951377317  α = 0.534
  5   -21.50440037080       -4.85       -3.26    8.58s
    hm1_norm_ρdiff=0.009197316509356438 hm1_norm_Δρ=0.00019767946475331846  error_V_h1=1.5484885516698277  α = 1.0
  6   -21.50440453764       -5.38       -3.56    8.52s
    hm1_norm_ρdiff=0.009229746316995113 hm1_norm_Δρ=0.00011077914510305113  error_V_h1=1.5537761637292882  α = 1.0
  7   -21.50440579069       -5.90       -3.85    8.62s
    hm1_norm_ρdiff=0.009289660127033243 hm1_norm_Δρ=5.161625048495695e-5  error_V_h1=1.551570160116289  α = 1.0
  8   -21.50440637380       -6.23       -3.99    8.64s
    hm1_norm_ρdiff=0.009282245500986344 hm1_norm_Δρ=3.896965195457572e-5  error_V_h1=1.5535224781430281  α = 1.0
  9   -21.50440674582       -6.43       -4.27    8.75s
    hm1_norm_ρdiff=0.009264722677750411 hm1_norm_Δρ=1.796776686714307e-5  error_V_h1=1.5537382020886548  α = 1.0
 10   -21.50440678070       -7.46       -4.44    8.67s
    hm1_norm_ρdiff=0.00927126238660282 hm1_norm_Δρ=1.345918215968914e-5  error_V_h1=1.551738878957405  α = 1.0
 11   -21.50440687437       -7.03       -4.64    8.80s
    hm1_norm_ρdiff=0.009278227936521714 hm1_norm_Δρ=8.064907267923893e-6  error_V_h1=1.5525762972104764  α = 1.0
 12   -21.50440689403       -7.71       -4.62    13.3s
    hm1_norm_ρdiff=0.009279296030920816 hm1_norm_Δρ=1.0677439044518976e-5  error_V_h1=1.5534114292172037  α = 0.502
 13   -21.50440689760       -8.45       -4.62    17.8s
    hm1_norm_ρdiff=0.009261428163300682 hm1_norm_Δρ=1.4508021748919437e-5  error_V_h1=1.5526937946596082  α = 0.291
 14   -21.50440690318       -8.25       -4.96    13.3s
    hm1_norm_ρdiff=0.009277431147926769 hm1_norm_Δρ=5.090448899685319e-6  error_V_h1=1.5529383611465752  α = 0.498
 15   -21.50440690584       -8.57       -4.90    13.3s
    hm1_norm_ρdiff=0.009273513710392315 hm1_norm_Δρ=5.011083958812794e-6  error_V_h1=1.5529446911029665  α = 0.52
 16   -21.50440690743       -8.80       -4.99    13.3s
    hm1_norm_ρdiff=0.009273724067951235 hm1_norm_Δρ=4.2268594576040166e-6  error_V_h1=1.552742372108495  α = 0.52
 17   -21.50440690815       -9.15       -5.50    8.82s
    hm1_norm_ρdiff=0.009274109828142713 hm1_norm_Δρ=1.2254393042600662e-6  error_V_h1=1.55303296368721  α = 1.0
 18   -21.50440690846       -9.50       -5.50    8.74s
    hm1_norm_ρdiff=0.009273701345382591 hm1_norm_Δρ=1.193945881965675e-6  error_V_h1=1.5530299788050392  α = 1.0

#-- |ρε - ρref| = 0.00927409803012239 vs. 1.7782794100389227e-6 = δ*ε  error_V_h1=1.5527934845127336


# --- ε=0.0001

n     Energy            log10(ΔE)   log10(Δρ)   Δtime
---   ---------------   ---------   ---------   ------
  1   -21.49198245006                   -0.94    37.0s
    hm1_norm_ρdiff=0.0750992526241448 hm1_norm_Δρ=0.07240252578514754  error_V_h1=2.746153944621874  α = 0.0897
  2   -21.49341536439       -2.84       -1.92    12.8s
    hm1_norm_ρdiff=0.004388715430549712 hm1_norm_Δρ=0.005000966606998556  error_V_h1=2.4219179063450573  α = 0.525
  3   -21.49437896856       -3.02       -1.96    12.9s
    hm1_norm_ρdiff=0.0032937730094225338 hm1_norm_Δρ=0.005634606281123307  error_V_h1=1.7093560419431169  α = 0.536
  4   -21.49461137624       -3.63       -1.90    17.5s
    hm1_norm_ρdiff=0.007389086786945154 hm1_norm_Δρ=0.005934326458754506  error_V_h1=1.468661484694919  α = 0.298
  5   -21.49513799243       -3.28       -2.42    8.53s
    hm1_norm_ρdiff=0.006751461928956065 hm1_norm_Δρ=0.0017389322934895017  error_V_h1=1.2274322916097313  α = 1.0
  6   -21.49537035788       -3.63       -2.50    13.1s
    hm1_norm_ρdiff=0.005711793397413284 hm1_norm_Δρ=0.001104463908040052  error_V_h1=1.3854441402937059  α = 0.5
  7   -21.49541105004       -4.39       -2.99    8.60s
    hm1_norm_ρdiff=0.005212782085946255 hm1_norm_Δρ=0.0005270634561696278  error_V_h1=1.2669299263854317  α = 1.0
  8   -21.49542937275       -4.74       -3.04    13.1s
    hm1_norm_ρdiff=0.005674181177696058 hm1_norm_Δρ=0.00034003031520903765  error_V_h1=1.2634783201604223  α = 0.509
  9   -21.49543703551       -5.12       -3.27    13.2s
    hm1_norm_ρdiff=0.005766000510847782 hm1_norm_Δρ=0.00023830239392351864  error_V_h1=1.2767352825145353  α = 0.506
 10   -21.49543799133       -6.02       -3.58    13.3s
    hm1_norm_ρdiff=0.00562269414704385 hm1_norm_Δρ=0.0001058230591913488  error_V_h1=1.282579129958955  α = 0.526
 11   -21.49543821699       -6.65       -4.30    8.77s
    hm1_norm_ρdiff=0.005547516940333101 hm1_norm_Δρ=1.870172815740529e-5  error_V_h1=1.2824272239648022  α = 1.0
 12   -21.49543827096       -7.27       -4.46    8.77s
    hm1_norm_ρdiff=0.005556610219803205 hm1_norm_Δρ=1.3684057647437688e-5  error_V_h1=1.2802186258301451  α = 1.0
 13   -21.49543832691       -7.25       -4.69    8.84s
    hm1_norm_ρdiff=0.005566773463576322 hm1_norm_Δρ=6.93205322900433e-6  error_V_h1=1.2803384985464612  α = 1.0
 14   -21.49543834089       -7.85       -4.58    13.3s
    hm1_norm_ρdiff=0.005565807409987406 hm1_norm_Δρ=1.0836050225736441e-5  error_V_h1=1.2808392864790925  α = 0.518
 15   -21.49543834474       -8.41       -4.36    18.0s
    hm1_norm_ρdiff=0.005560409955022337 hm1_norm_Δρ=1.7246264083421923e-5  error_V_h1=1.281670003090552  α = 0.297
 16   -21.49543835370       -8.05       -5.05    8.75s
    hm1_norm_ρdiff=0.005558965310302077 hm1_norm_Δρ=3.0503767035435494e-6  error_V_h1=1.2813514502782613  α = 1.0
 17   -21.49543835629       -8.59       -5.14    13.3s
    hm1_norm_ρdiff=0.005559076795877631 hm1_norm_Δρ=2.9939748350976954e-6  error_V_h1=1.2810240512525612  α = 0.503
 18   -21.49543835641       -9.92       -4.83    18.0s
    hm1_norm_ρdiff=0.005561116129354829 hm1_norm_Δρ=6.24153388332091e-6  error_V_h1=1.2809104229038457  α = 0.301
 19   -21.49543835708       -9.18       -5.35    8.74s
    hm1_norm_ρdiff=0.005560960450081558 hm1_norm_Δρ=1.7073488568681382e-6  error_V_h1=1.2812920999039268  α = 1.0
 20   -21.49543835743       -9.45       -5.46    8.74s
    hm1_norm_ρdiff=0.00556035656011777 hm1_norm_Δρ=1.1350012188309098e-6  error_V_h1=1.2811627854288947  α = 1.0
 21   -21.49543835760       -9.76       -5.39    13.2s
    hm1_norm_ρdiff=0.005559286268768723 hm1_norm_Δρ=2.040659042962116e-6  error_V_h1=1.2809907160008807  α = 0.531
 22   -21.49543835780       -9.71       -5.21    17.8s
    hm1_norm_ρdiff=0.005561816980764737 hm1_norm_Δρ=2.136886156490895e-6  error_V_h1=1.2811643496010645  α = 0.291
 23   -21.49543835791       -9.95       -5.55    13.3s
    hm1_norm_ρdiff=0.005560445170841538 hm1_norm_Δρ=1.0744376640826207e-6  error_V_h1=1.2811374011739156  α = 0.525
 24   -21.49543835794      -10.52       -5.93    8.74s
    hm1_norm_ρdiff=0.005560601527019962 hm1_norm_Δρ=4.372477895274429e-7  error_V_h1=1.2811482742770712  α = 1.0
 25   -21.49543835797      -10.46       -6.34    8.83s
    hm1_norm_ρdiff=0.005560394289497046 hm1_norm_Δρ=1.795070526965549e-7  error_V_h1=1.2811401047884206  α = 1.0

#-- |ρε - ρref| = 0.0055604476169158115 vs. 1.0000000000000002e-6 = δ*ε  error_V_h1=1.2811505947443298


# --- ε=5.623413251903491e-5

n     Energy            log10(ΔE)   log10(Δρ)   Δtime
---   ---------------   ---------   ---------   ------
  1   -21.48840276660                   -0.92    41.6s
    hm1_norm_ρdiff=0.0782077598430065 hm1_norm_Δρ=0.07631717561572147  error_V_h1=2.226477483412206  α = 0.0468
  2   -21.48885116176       -3.35       -1.90    22.1s
    hm1_norm_ρdiff=0.00579878342542926 hm1_norm_Δρ=0.005209157274311599  error_V_h1=2.063805637933416  α = 0.151
  3   -21.48929732056       -3.35       -2.19    17.5s
    hm1_norm_ρdiff=0.002376905907669379 hm1_norm_Δρ=0.00298787188873074  error_V_h1=1.7379073681726287  α = 0.277
  4   -21.48971836987       -3.38       -2.00    22.0s
    hm1_norm_ρdiff=0.00357490384564414 hm1_norm_Δρ=0.005082936440778953  error_V_h1=1.3045329643983277  α = 0.154
  5   -21.48981109514       -4.03       -2.47    17.7s
    hm1_norm_ρdiff=0.0028783058801829407 hm1_norm_Δρ=0.0012357785767660705  error_V_h1=1.0282171999110201  α = 0.281
  6   -21.48981637577       -5.28       -3.39    13.0s
    hm1_norm_ρdiff=0.0033767155806186723 hm1_norm_Δρ=0.00014908961277084446  error_V_h1=1.0266143446024358  α = 0.513
  7   -21.48981764375       -5.90       -3.42    13.0s
    hm1_norm_ρdiff=0.0033507869537125357 hm1_norm_Δρ=0.00015478997450962085  error_V_h1=1.0377837813179371  α = 0.537
  8   -21.48981870797       -5.97       -3.49    13.0s
    hm1_norm_ρdiff=0.00328285169761329 hm1_norm_Δρ=0.00010938049651474986  error_V_h1=1.0514787343202532  α = 0.531
  9   -21.48981927187       -6.25       -3.83    8.73s
    hm1_norm_ρdiff=0.003242441031467985 hm1_norm_Δρ=4.4226456348051436e-5  error_V_h1=1.052370375920261  α = 1.0
 10   -21.48981958117       -6.51       -3.91    8.73s
    hm1_norm_ρdiff=0.0032624981744477704 hm1_norm_Δρ=3.6866712532694396e-5  error_V_h1=1.0377882023735  α = 1.0
 11   -21.48981987482       -6.53       -4.13    8.82s
    hm1_norm_ρdiff=0.0032773696748556735 hm1_norm_Δρ=2.593497014710436e-5  error_V_h1=1.041531666385103  α = 1.0
 12   -21.48981997723       -6.99       -4.29    8.72s
    hm1_norm_ρdiff=0.003267370308925361 hm1_norm_Δρ=1.8001420830351882e-5  error_V_h1=1.0466538364535403  α = 1.0
 13   -21.48982006903       -7.04       -4.42    8.78s
    hm1_norm_ρdiff=0.0032604112417231167 hm1_norm_Δρ=1.2914131249688401e-5  error_V_h1=1.046245034456232  α = 1.0
 14   -21.48982008854       -7.71       -4.08    22.1s
    hm1_norm_ρdiff=0.0032562528021834254 hm1_norm_Δρ=3.509196792176531e-5  error_V_h1=1.0441640083025796  α = 0.155
 15   -21.48982009380       -8.28       -4.27    17.9s
    hm1_norm_ρdiff=0.003260644803597699 hm1_norm_Δρ=2.204260243140826e-5  error_V_h1=1.0437967769321175  α = 0.299
 16   -21.48982011087       -7.77       -4.30    17.9s
    hm1_norm_ρdiff=0.003275492602897595 hm1_norm_Δρ=1.9794688245584256e-5  error_V_h1=1.0430634570701776  α = 0.292
 17   -21.48982011544       -8.34       -4.57    18.0s
    hm1_norm_ρdiff=0.003273686753273022 hm1_norm_Δρ=1.2336283045464672e-5  error_V_h1=1.042909667215906  α = 0.291
 18   -21.48982011737       -8.71       -4.47    18.0s
    hm1_norm_ρdiff=0.003262995184002047 hm1_norm_Δρ=1.081296873705986e-5  error_V_h1=1.0426999259929988  α = 0.3
 19   -21.48982011939       -8.69       -4.61    13.4s
    hm1_norm_ρdiff=0.003268692800255432 hm1_norm_Δρ=8.254661520330163e-6  error_V_h1=1.044957320010296  α = 0.54
 20   -21.48982012239       -8.52       -4.95    8.77s
    hm1_norm_ρdiff=0.003265405778338375 hm1_norm_Δρ=3.8422564784140555e-6  error_V_h1=1.0439490091652106  α = 1.0
 21   -21.48982012553       -8.50       -4.77    13.3s
    hm1_norm_ρdiff=0.0032670550303392012 hm1_norm_Δρ=4.8442560277762525e-6  error_V_h1=1.04369957323539  α = 0.528
 22   -21.48982012715       -8.79       -4.90    17.8s
    hm1_norm_ρdiff=0.0032652896845932317 hm1_norm_Δρ=4.250894461748654e-6  error_V_h1=1.0432213055717905  α = 0.273
 23   -21.48982012845       -8.89       -4.95    17.9s
    hm1_norm_ρdiff=0.003267973942126073 hm1_norm_Δρ=3.5231341354256273e-6  error_V_h1=1.0436128764048425  α = 0.275
 24   -21.48982012869       -9.62       -5.57    13.4s
    hm1_norm_ρdiff=0.0032665057503611745 hm1_norm_Δρ=8.95420719480201e-7  error_V_h1=1.0437498523551685  α = 0.52
 25   -21.48982012877      -10.11       -5.69    13.4s
    hm1_norm_ρdiff=0.00326658992297306 hm1_norm_Δρ=7.274631231629174e-7  error_V_h1=1.0437804293095243  α = 0.532
 26   -21.48982012880      -10.51       -5.53    17.8s
    hm1_norm_ρdiff=0.0032665227065151736 hm1_norm_Δρ=1.1809417900813234e-6  error_V_h1=1.0438805891720244  α = 0.295
 27   -21.48982012887      -10.17       -5.66    17.8s
    hm1_norm_ρdiff=0.003266613664841919 hm1_norm_Δρ=8.443511453873752e-7  error_V_h1=1.0438079535721623  α = 0.279
 28   -21.48982012887      -11.06       -5.61    17.9s
    hm1_norm_ρdiff=0.0032660531380330096 hm1_norm_Δρ=1.1311836602379537e-6  error_V_h1=1.043694220770622  α = 0.301
 29   -21.48982012889      -10.75       -5.87    17.9s
    hm1_norm_ρdiff=0.0032669712241808406 hm1_norm_Δρ=6.189606766193533e-7  error_V_h1=1.0437106111462322  α = 0.283
 30   -21.48982012890      -10.89       -5.37    22.4s
    hm1_norm_ρdiff=0.0032659839902174303 hm1_norm_Δρ=1.5860120936508596e-6  error_V_h1=1.043699135137  α = 0.165
 31   -21.48982012892      -10.73       -5.98    13.4s
    hm1_norm_ρdiff=0.003266708850557396 hm1_norm_Δρ=3.49799338618058e-7  error_V_h1=1.04376987200583  α = 0.523
 32   -21.48982012893      -10.98       -6.21    13.2s
    hm1_norm_ρdiff=0.0032665095388806228 hm1_norm_Δρ=1.9792438413264518e-7  error_V_h1=1.0437486202276365  α = 0.517

#-- |ρε - ρref| = 0.0032665326317889575 vs. 5.62341325190349e-7 = δ*ε  error_V_h1=1.0437532290186544


# --- ε=3.1622776601683795e-5

n     Energy            log10(ΔE)   log10(Δρ)   Δtime
---   ---------------   ---------   ---------   ------
  1   -21.48594466581                   -0.90    46.5s
    hm1_norm_ρdiff=0.08008092737747109 hm1_norm_Δρ=0.07873308414330736  error_V_h1=1.613105460534509  α = 0.0232
  2   -21.48610855968       -3.79       -1.86    26.5s
    hm1_norm_ρdiff=0.006195417581771481 hm1_norm_Δρ=0.005713282958703105  error_V_h1=1.5126834797150985  α = 0.0874
  3   -21.48613418592       -4.59       -2.25    22.0s
    hm1_norm_ρdiff=0.00242917844649762 hm1_norm_Δρ=0.0023036186842791176  error_V_h1=1.5358041919835077  α = 0.165
  4   -21.48625301643       -3.93       -2.32    22.1s
    hm1_norm_ρdiff=0.0018543177057712623 hm1_norm_Δρ=0.0019345602597220062  error_V_h1=1.3865936280132773  α = 0.152
  5   -21.48633880794       -4.07       -2.66    13.0s
    hm1_norm_ρdiff=0.0013467289046844085 hm1_norm_Δρ=0.0009669511577798533  error_V_h1=0.9412431457941719  α = 0.536
  6   -21.48637561360       -4.43       -2.90    13.1s
    hm1_norm_ρdiff=0.0021391969355266946 hm1_norm_Δρ=0.00040788354691655414  error_V_h1=0.8179069117345309  α = 0.524
  7   -21.48639713202       -4.67       -2.81    17.5s
    hm1_norm_ρdiff=0.002275617983095859 hm1_norm_Δρ=0.0006023877469794583  error_V_h1=0.7916497210562902  α = 0.289
  8   -21.48640992821       -4.89       -2.86    17.7s
    hm1_norm_ρdiff=0.002142938228366891 hm1_norm_Δρ=0.00047249514119963154  error_V_h1=0.8486469166264714  α = 0.29
  9   -21.48641363595       -5.43       -3.32    13.2s
    hm1_norm_ρdiff=0.0018511904846495821 hm1_norm_Δρ=0.00012494786574924671  error_V_h1=0.8823143743667594  α = 0.527
 10   -21.48641608723       -5.61       -3.55    13.3s
    hm1_norm_ρdiff=0.0018357374775922679 hm1_norm_Δρ=9.234073472651723e-5  error_V_h1=0.8553485489730632  α = 0.521
 11   -21.48641668587       -6.22       -3.74    13.3s
    hm1_norm_ρdiff=0.001873680491704867 hm1_norm_Δρ=6.483328336691638e-5  error_V_h1=0.8293503453561761  α = 0.533
 12   -21.48641709612       -6.39       -4.06    13.3s
    hm1_norm_ρdiff=0.0019066458463924386 hm1_norm_Δρ=2.860415267258189e-5  error_V_h1=0.8264982851531032  α = 0.51
 13   -21.48641714517       -7.31       -3.85    22.5s
    hm1_norm_ρdiff=0.001921692986426819 hm1_norm_Δρ=5.952443629593463e-5  error_V_h1=0.8254412668684002  α = 0.162
 14   -21.48641725562       -6.96       -3.84    22.2s
    hm1_norm_ρdiff=0.0019287189407307566 hm1_norm_Δρ=5.766183987764076e-5  error_V_h1=0.8321740307305593  α = 0.153
 15   -21.48641726114       -8.26       -3.69    26.9s
    hm1_norm_ρdiff=0.0019037520722117727 hm1_norm_Δρ=7.581448276698188e-5  error_V_h1=0.8364419178192039  α = 0.0897
 16   -21.48641728769       -7.58       -4.67    13.3s
    hm1_norm_ρdiff=0.001890533992002226 hm1_norm_Δρ=6.589513971326103e-6  error_V_h1=0.8377605785164162  α = 0.498
 17   -21.48641729307       -8.27       -4.09    27.2s
    hm1_norm_ρdiff=0.0019036691024419104 hm1_norm_Δρ=2.9490838440294437e-5  error_V_h1=0.8368442991364928  α = 0.0877
 18   -21.48641729859       -8.26       -4.39    22.5s
    hm1_norm_ρdiff=0.0018867658930182543 hm1_norm_Δρ=1.2726895898270319e-5  error_V_h1=0.8363181111080227  α = 0.153
 19   -21.48641730093       -8.63       -4.59    18.0s
    hm1_norm_ρdiff=0.0018905110486897023 hm1_norm_Δρ=9.41472216853398e-6  error_V_h1=0.8350344655094964  α = 0.297
 20   -21.48641730492       -8.40       -4.76    18.0s
    hm1_norm_ρdiff=0.0018928924714966052 hm1_norm_Δρ=5.452674746802915e-6  error_V_h1=0.8344242378657396  α = 0.28
 21   -21.48641730751       -8.59       -5.00    13.3s
    hm1_norm_ρdiff=0.001893947173894904 hm1_norm_Δρ=2.6279482963974026e-6  error_V_h1=0.8349081588118005  α = 0.522
 22   -21.48641730902       -8.82       -5.14    13.3s
    hm1_norm_ρdiff=0.001894293866060882 hm1_norm_Δρ=2.2383678246675736e-6  error_V_h1=0.8356468145277426  α = 0.521
 23   -21.48641730956       -9.27       -5.00    22.4s
    hm1_norm_ρdiff=0.001892526455823005 hm1_norm_Δρ=3.1632687470876197e-6  error_V_h1=0.8355066839733288  α = 0.151
 24   -21.48641730976       -9.68       -5.17    22.4s
    hm1_norm_ρdiff=0.0018940164465549474 hm1_norm_Δρ=2.296949171100951e-6  error_V_h1=0.8354303128928936  α = 0.155
 25   -21.48641731019       -9.37       -5.11    22.3s
    hm1_norm_ρdiff=0.0018927967840162716 hm1_norm_Δρ=3.2262566724007024e-6  error_V_h1=0.8354794970600081  α = 0.152
 26   -21.48641731040       -9.67       -5.30    17.8s
    hm1_norm_ρdiff=0.0018935020546685815 hm1_norm_Δρ=1.4276000165998744e-6  error_V_h1=0.8355034652508031  α = 0.285
 27   -21.48641731047      -10.14       -5.22    27.0s
    hm1_norm_ρdiff=0.0018918218276302902 hm1_norm_Δρ=2.7930388897338415e-6  error_V_h1=0.8353345812425541  α = 0.0855
 28   -21.48641731050      -10.59       -5.63    13.4s
    hm1_norm_ρdiff=0.0018934595281765386 hm1_norm_Δρ=6.611311487350461e-7  error_V_h1=0.8351976772660602  α = 0.542
 29   -21.48641731054      -10.42       -5.79    13.3s
    hm1_norm_ρdiff=0.00189367234028625 hm1_norm_Δρ=5.311394476086308e-7  error_V_h1=0.835299661446473  α = 0.537
 30   -21.48641731055      -10.95       -5.20    27.0s
    hm1_norm_ρdiff=0.0018919820350785184 hm1_norm_Δρ=2.5509610697368856e-6  error_V_h1=0.8353327907265128  α = 0.0895
 31   -21.48641731060      -10.34       -5.56    17.8s
    hm1_norm_ρdiff=0.0018936282094127433 hm1_norm_Δρ=8.815516599968818e-7  error_V_h1=0.83530495283952  α = 0.291
 32   -21.48641731063      -10.48       -5.90    13.3s
    hm1_norm_ρdiff=0.001893533371832634 hm1_norm_Δρ=3.336141854201621e-7  error_V_h1=0.8353279476579953  α = 0.532
 33   -21.48641731064      -11.02       -5.89    17.8s
    hm1_norm_ρdiff=0.0018936243419612534 hm1_norm_Δρ=4.2680979481727074e-7  error_V_h1=0.8353751405201183  α = 0.294
 34   -21.48641731065      -10.86       -5.95    17.8s
    hm1_norm_ρdiff=0.0018934301733199762 hm1_norm_Δρ=3.173120142136644e-7  error_V_h1=0.8353274891531786  α = 0.279
 35   -21.48641731066      -11.36       -5.97    22.4s
    hm1_norm_ρdiff=0.0018936395916603252 hm1_norm_Δρ=3.6459168387865573e-7  error_V_h1=0.8353150946294088  α = 0.158
 36   -21.48641731066      -11.61       -5.86    27.0s
    hm1_norm_ρdiff=0.001893383595333583 hm1_norm_Δρ=5.224020533672823e-7  error_V_h1=0.8353195955004767  α = 0.0859
 37   -21.48641731066      -11.96       -6.16    17.9s
    hm1_norm_ρdiff=0.0018935145177256395 hm1_norm_Δρ=2.213832577124994e-7  error_V_h1=0.8353234279692867  α = 0.3
 38   -21.48641731066      -11.95       -6.21    22.4s
    hm1_norm_ρdiff=0.0018933979258971391 hm1_norm_Δρ=2.3609242011005145e-7  error_V_h1=0.8353042907819567  α = 0.161

#-- |ρε - ρref| = 0.0018935108878484434 vs. 3.1622776601683797e-7 = δ*ε  error_V_h1=0.8353151220816944


# --- ε=1.778279410038923e-5

n     Energy            log10(ΔE)   log10(Δρ)   Δtime
---   ---------------   ---------   ---------   ------
  1   -21.48423970837                   -0.90    50.8s
    hm1_norm_ρdiff=0.08112884207262866 hm1_norm_Δρ=0.08017307454868938  error_V_h1=1.121517481373195  α = 0.0108
  2   -21.48434576019       -3.97       -1.84    31.1s
    hm1_norm_ρdiff=0.0064905646965555544 hm1_norm_Δρ=0.006139327516896552  error_V_h1=0.8301848079207372  α = 0.0463
  3   -21.48436393228       -4.74       -2.22    31.2s
    hm1_norm_ρdiff=0.0026995894072275946 hm1_norm_Δρ=0.0024165524961835667  error_V_h1=0.8060370734241243  α = 0.046
  4   -21.48437412257       -4.99       -2.44    26.8s
    hm1_norm_ρdiff=0.001619976120743971 hm1_norm_Δρ=0.0012898557864991014  error_V_h1=0.8715868380435192  α = 0.089
  5   -21.48438526318       -4.95       -3.18    13.1s
    hm1_norm_ρdiff=0.0009740322038001917 hm1_norm_Δρ=0.00020092971998356054  error_V_h1=0.8541900920969684  α = 0.531
  6   -21.48439350677       -5.08       -3.12    17.8s
    hm1_norm_ρdiff=0.0009903870110762058 hm1_norm_Δρ=0.0002809566897606639  error_V_h1=0.7665824459430511  α = 0.289
  7   -21.48439494609       -5.84       -2.91    22.0s
    hm1_norm_ρdiff=0.0010688117805034286 hm1_norm_Δρ=0.0004100765172270909  error_V_h1=0.6957113362015132  α = 0.166
  8   -21.48439833880       -5.47       -3.24    17.7s
    hm1_norm_ρdiff=0.0011120226119385524 hm1_norm_Δρ=0.0001490462760205193  error_V_h1=0.6223271172422321  α = 0.285
  9   -21.48440030797       -5.71       -3.49    17.7s
    hm1_norm_ρdiff=0.0011337150604813257 hm1_norm_Δρ=8.662671778141458e-5  error_V_h1=0.6190772941662771  α = 0.267
 10   -21.48440129617       -6.01       -3.63    17.7s
    hm1_norm_ρdiff=0.0011316341775016489 hm1_norm_Δρ=7.994206288863777e-5  error_V_h1=0.6387654370075375  α = 0.284
 11   -21.48440156786       -6.57       -3.86    17.7s
    hm1_norm_ρdiff=0.0011029266778114879 hm1_norm_Δρ=4.616467940091636e-5  error_V_h1=0.6569102367905236  α = 0.288
 12   -21.48440165877       -7.04       -4.15    17.7s
    hm1_norm_ρdiff=0.001092886395637719 hm1_norm_Δρ=1.9813971810555146e-5  error_V_h1=0.6607096334414567  α = 0.277
 13   -21.48440168914       -7.52       -3.28    35.7s
    hm1_norm_ρdiff=0.0009976918032904788 hm1_norm_Δρ=0.0002121188881159535  error_V_h1=0.6634917382572989  α = 0.0231
 14   -21.48440170250       -7.87       -4.45    13.5s
    hm1_norm_ρdiff=0.0010831291783007816 hm1_norm_Δρ=1.2279493389601155e-5  error_V_h1=0.6610840958624644  α = 0.54
 15   -21.48440171244       -8.00       -3.95    26.7s
    hm1_norm_ρdiff=0.0010894829236431454 hm1_norm_Δρ=3.9257165258331596e-5  error_V_h1=0.6578481206701935  α = 0.0892
 16   -21.48440172165       -8.04       -4.01    26.8s
    hm1_norm_ρdiff=0.0010923381700341287 hm1_norm_Δρ=3.7553256033148e-5  error_V_h1=0.6556970566578328  α = 0.0889
 17   -21.48440174180       -7.70       -4.22    22.3s
    hm1_norm_ρdiff=0.0010875040765367149 hm1_norm_Δρ=1.7519146986410076e-5  error_V_h1=0.6557881803119067  α = 0.152
 18   -21.48440175083       -8.04       -4.29    22.3s
    hm1_norm_ρdiff=0.0010942035642315386 hm1_norm_Δρ=1.821208444374011e-5  error_V_h1=0.6561612831824817  α = 0.162
 19   -21.48440176421       -7.87       -4.33    22.3s
    hm1_norm_ρdiff=0.001088577444008393 hm1_norm_Δρ=1.2532850802217208e-5  error_V_h1=0.6554521565970929  α = 0.15
 20   -21.48440176708       -8.54       -4.61    22.3s
    hm1_norm_ρdiff=0.0010854602348517267 hm1_norm_Δρ=6.010731465325172e-6  error_V_h1=0.6558868516743499  α = 0.154
 21   -21.48440176976       -8.57       -4.41    26.8s
    hm1_norm_ρdiff=0.0010943021077490516 hm1_norm_Δρ=1.3559853211668457e-5  error_V_h1=0.6574309416540483  α = 0.0857
 22   -21.48440177182       -8.69       -4.80    22.4s
    hm1_norm_ρdiff=0.0010881207510874545 hm1_norm_Δρ=5.320270243869314e-6  error_V_h1=0.6583461036604668  α = 0.147
 23   -21.48440177257       -9.12       -4.89    22.1s
    hm1_norm_ρdiff=0.0010845204908966222 hm1_norm_Δρ=4.462483996961153e-6  error_V_h1=0.6575985291780518  α = 0.16
 24   -21.48440177293       -9.45       -4.34    36.1s
    hm1_norm_ρdiff=0.0010822254562502514 hm1_norm_Δρ=1.6300020326320972e-5  error_V_h1=0.6578458548169246  α = 0.0231
 25   -21.48440177409       -8.94       -4.96    22.4s
    hm1_norm_ρdiff=0.0010867194336178572 hm1_norm_Δρ=3.933082334046747e-6  error_V_h1=0.6576859179015527  α = 0.149
 26   -21.48440177454       -9.34       -4.61    31.4s
    hm1_norm_ρdiff=0.0010885057662186031 hm1_norm_Δρ=8.215017644404352e-6  error_V_h1=0.6573907986700867  α = 0.0443
 27   -21.48440177457      -10.54       -4.89    27.0s
    hm1_norm_ρdiff=0.00108836437018238 hm1_norm_Δρ=4.992581029262615e-6  error_V_h1=0.657202243577954  α = 0.0891
 28   -21.48440177473       -9.79       -5.33    17.8s
    hm1_norm_ρdiff=0.001087669935500592 hm1_norm_Δρ=1.3824552681365007e-6  error_V_h1=0.6575683777784748  α = 0.296
 29   -21.48440177484       -9.96       -5.34    17.7s
    hm1_norm_ρdiff=0.0010879676246758883 hm1_norm_Δρ=1.5543150515255466e-6  error_V_h1=0.6576973152262545  α = 0.297
 30   -21.48440177516       -9.49       -5.42    17.8s
    hm1_norm_ρdiff=0.0010872449624256967 hm1_norm_Δρ=1.149667566034074e-6  error_V_h1=0.6576635937976418  α = 0.278
 31   -21.48440177527       -9.99       -5.40    17.7s
    hm1_norm_ρdiff=0.001087817728960058 hm1_norm_Δρ=9.529005788845424e-7  error_V_h1=0.6574465575551276  α = 0.293
 32   -21.48440177530      -10.53       -5.57    17.7s
    hm1_norm_ρdiff=0.0010880092727132587 hm1_norm_Δρ=9.285620792877823e-7  error_V_h1=0.6575387286507348  α = 0.298
 33   -21.48440177536      -10.21       -5.24    26.9s
    hm1_norm_ρdiff=0.0010866930829011372 hm1_norm_Δρ=1.7768467322362381e-6  error_V_h1=0.6573882392355951  α = 0.085
 34   -21.48440177538      -10.65       -5.64    22.3s
    hm1_norm_ρdiff=0.0010881655037271688 hm1_norm_Δρ=7.492633990704857e-7  error_V_h1=0.6575407693317095  α = 0.16
 35   -21.48440177541      -10.57       -5.48    26.9s
    hm1_norm_ρdiff=0.0010872261142846598 hm1_norm_Δρ=1.2000502138510698e-6  error_V_h1=0.6576050470729246  α = 0.0878
 36   -21.48440177545      -10.41       -5.25    26.7s
    hm1_norm_ρdiff=0.0010876506746033971 hm1_norm_Δρ=1.9120685773048744e-6  error_V_h1=0.6575299176224852  α = 0.0878
 37   -21.48440177545      -11.05       -5.62    22.4s
    hm1_norm_ρdiff=0.001087933182956023 hm1_norm_Δρ=7.662007621825544e-7  error_V_h1=0.6575152994747246  α = 0.165
 38   -21.48440177547      -10.96       -5.44    31.3s
    hm1_norm_ρdiff=0.0010876699377136531 hm1_norm_Δρ=1.4926777009310206e-6  error_V_h1=0.6575008040735476  α = 0.046
 39   -21.48440177547      -11.01       -5.68    26.8s
    hm1_norm_ρdiff=0.001087608608183461 hm1_norm_Δρ=7.152946579730703e-7  error_V_h1=0.6575283890576226  α = 0.0843
 40   -21.48440177549      -10.91       -5.84    22.3s
    hm1_norm_ρdiff=0.0010877996711153685 hm1_norm_Δρ=4.6351276836587163e-7  error_V_h1=0.6574935731046628  α = 0.156
 41   -21.48440177549      -11.60       -6.16    17.8s
    hm1_norm_ρdiff=0.0010877316425784555 hm1_norm_Δρ=2.0931138736159412e-7  error_V_h1=0.6574523399112709  α = 0.297
 42   -21.48440177549      -11.44       -6.07    22.3s
    hm1_norm_ρdiff=0.00108788115822411 hm1_norm_Δρ=2.26421799220744e-7  error_V_h1=0.6574580681155763  α = 0.155
 43   -21.48440177550      -11.32       -6.26    17.7s
    hm1_norm_ρdiff=0.001087774420865114 hm1_norm_Δρ=1.3616249117520872e-7  error_V_h1=0.6574928457455985  α = 0.276
 44   -21.48440177550      -11.94       -6.55    17.9s
    hm1_norm_ρdiff=0.001087804874818242 hm1_norm_Δρ=8.654220246786235e-8  error_V_h1=0.6574971024258726  α = 0.289

#-- |ρε - ρref| = 0.0010877797190051671 vs. 1.778279410038923e-7 = δ*ε  error_V_h1=0.6574975656693584


# --- ε=1.0e-5

n     Energy            log10(ΔE)   log10(Δρ)   Δtime
---   ---------------   ---------   ---------   ------
  1   -21.48271615998                   -0.89    50.8s
    hm1_norm_ρdiff=0.08126247637354303 hm1_norm_Δρ=0.08099746871158951  error_V_h1=2.8247467467458116  α = 0.00959
  2   -21.48280018154       -4.08       -1.81    35.5s
    hm1_norm_ρdiff=0.006618906918760823 hm1_norm_Δρ=0.006435304540016439  error_V_h1=2.6189500860871635  α = 0.0226
  3   -21.48283005513       -4.52       -2.12    31.1s
    hm1_norm_ρdiff=0.003024331036349449 hm1_norm_Δρ=0.003029613405215924  error_V_h1=2.561851576163986  α = 0.0464
  4   -21.48284939364       -4.71       -2.14    26.5s
    hm1_norm_ρdiff=0.0025125259545107624 hm1_norm_Δρ=0.0026889919253332934  error_V_h1=2.546415661441502  α = 0.0898
  5   -21.48310455238       -3.59       -2.58    17.6s
    hm1_norm_ρdiff=0.0006415329465670636 hm1_norm_Δρ=0.0009890358544822756  error_V_h1=1.5570002568311399  α = 0.279
  6   -21.48314221382       -4.42       -2.40    22.0s
    hm1_norm_ρdiff=0.0011301061384020152 hm1_norm_Δρ=0.0013453739339965977  error_V_h1=1.2989021048809744  α = 0.165
  7   -21.48315411901       -4.92       -2.40    26.6s
    hm1_norm_ρdiff=0.001371559962991375 hm1_norm_Δρ=0.0013454466223018844  error_V_h1=1.154622418636397  α = 0.0896
  8   -21.48318125291       -4.57       -2.72    22.2s
    hm1_norm_ρdiff=0.0008785689354845946 hm1_norm_Δρ=0.0005088716087711573  error_V_h1=0.873224303732416  α = 0.152
  9   -21.48320221816       -4.68       -2.95    18.0s
    hm1_norm_ρdiff=0.0008270306193448738 hm1_norm_Δρ=0.0003246803571007893  error_V_h1=0.6485039931875966  α = 0.288
 10   -21.48321876492       -4.78       -2.88    22.2s
    hm1_norm_ρdiff=0.0008945412831323502 hm1_norm_Δρ=0.00040440635056442564  error_V_h1=0.4876970672766967  α = 0.151
 11   -21.48322321792       -5.35       -3.09    22.5s
    hm1_norm_ρdiff=0.0007364724525998031 hm1_norm_Δρ=0.0002637155610045164  error_V_h1=0.5118805386368083  α = 0.159
 12   -21.48322373688       -6.28       -3.38    17.9s
    hm1_norm_ρdiff=0.0006317913955402282 hm1_norm_Δρ=9.413399301490231e-5  error_V_h1=0.5571376041053573  α = 0.299
 13   -21.48322471831       -6.01       -3.69    18.0s
    hm1_norm_ρdiff=0.0006051784169536406 hm1_norm_Δρ=6.788893194044441e-5  error_V_h1=0.5692558992983425  α = 0.285
 14   -21.48322502724       -6.51       -3.11    31.7s
    hm1_norm_ρdiff=0.000544551255021368 hm1_norm_Δρ=0.0003092190870425898  error_V_h1=0.556148432946998  α = 0.0466
 15   -21.48322533712       -6.51       -3.24    27.2s
    hm1_norm_ρdiff=0.0005873473316921475 hm1_norm_Δρ=0.0001727684163880464  error_V_h1=0.5247919861196345  α = 0.0891
 16   -21.48322554898       -6.67       -3.09    36.2s
    hm1_norm_ρdiff=0.0006620125844544824 hm1_norm_Δρ=0.0003058756588259559  error_V_h1=0.5141982158456317  α = 0.0229
 17   -21.48322559544       -7.33       -3.55    22.3s
    hm1_norm_ρdiff=0.0006417133206741268 hm1_norm_Δρ=7.522116998782724e-5  error_V_h1=0.5188234031438502  α = 0.166
 18   -21.48322560536       -8.00       -3.34    31.4s
    hm1_norm_ρdiff=0.0005579265200493433 hm1_norm_Δρ=0.0001380693706330821  error_V_h1=0.5200073577393742  α = 0.0464
 19   -21.48322585532       -6.60       -3.75    22.3s
    hm1_norm_ρdiff=0.0006363122892561129 hm1_norm_Δρ=4.788254793491925e-5  error_V_h1=0.5023422777286365  α = 0.155
 20   -21.48322593505       -7.10       -3.68    26.8s
    hm1_norm_ρdiff=0.0006407313418018435 hm1_norm_Δρ=6.160471991154069e-5  error_V_h1=0.5027900759115946  α = 0.0871
 21   -21.48322595734       -7.65       -3.68    26.8s
    hm1_norm_ρdiff=0.000613902650983973 hm1_norm_Δρ=6.104373529602625e-5  error_V_h1=0.5058419745580753  α = 0.0897
 22   -21.48322600108       -7.36       -3.52    31.4s
    hm1_norm_ρdiff=0.0006757516023600052 hm1_norm_Δρ=9.227845494281306e-5  error_V_h1=0.512842419450221  α = 0.0464
 23   -21.48322604928       -7.32       -3.89    22.3s
    hm1_norm_ρdiff=0.0006295175793212225 hm1_norm_Δρ=3.301472207597406e-5  error_V_h1=0.5177189935141572  α = 0.163
 24   -21.48322607283       -7.63       -4.14    22.3s
    hm1_norm_ρdiff=0.0006215649587959494 hm1_norm_Δρ=2.1374002092052533e-5  error_V_h1=0.5201524361390423  α = 0.161
 25   -21.48322608690       -7.85       -3.78    31.5s
    hm1_norm_ρdiff=0.0006208313368642847 hm1_norm_Δρ=4.776803997554831e-5  error_V_h1=0.5169246436801104  α = 0.0463
 26   -21.48322609760       -7.97       -3.90    31.4s
    hm1_norm_ρdiff=0.0006152939687742783 hm1_norm_Δρ=3.479288945928099e-5  error_V_h1=0.5142560609444534  α = 0.0454
 27   -21.48322609902       -8.85       -4.00    31.5s
    hm1_norm_ρdiff=0.0006104100794093808 hm1_norm_Δρ=3.601424815108319e-5  error_V_h1=0.5132502415986059  α = 0.0463
 28   -21.48322611093       -7.92       -4.15    27.0s
    hm1_norm_ρdiff=0.0006274092312154186 hm1_norm_Δρ=2.03013081468846e-5  error_V_h1=0.5155181224341294  α = 0.0846
 29   -21.48322611494       -8.40       -3.88    35.9s
    hm1_norm_ρdiff=0.0005978753981342069 hm1_norm_Δρ=3.997899361153887e-5  error_V_h1=0.5155854788291719  α = 0.023
 30   -21.48322611871       -8.42       -4.34    22.5s
    hm1_norm_ρdiff=0.00062163515299947 hm1_norm_Δρ=1.087208552159053e-5  error_V_h1=0.5116454813291478  α = 0.164
 31   -21.48322612033       -8.79       -4.46    27.0s
    hm1_norm_ρdiff=0.0006167459909853284 hm1_norm_Δρ=1.1664069553749008e-5  error_V_h1=0.5116985445580193  α = 0.0887
 32   -21.48322612349       -8.50       -4.47    27.0s
    hm1_norm_ρdiff=0.0006211334204008654 hm1_norm_Δρ=9.694231140135012e-6  error_V_h1=0.5116419848786383  α = 0.0831
 33   -21.48322612585       -8.63       -4.56    26.8s
    hm1_norm_ρdiff=0.0006225446819375345 hm1_norm_Δρ=8.54069507109101e-6  error_V_h1=0.5117799644052016  α = 0.0844
 34   -21.48322612617       -9.50       -4.35    31.5s
    hm1_norm_ρdiff=0.0006128670020943133 hm1_norm_Δρ=1.478843561098414e-5  error_V_h1=0.5110462655423765  α = 0.0463
 35   -21.48322612739       -8.91       -4.67    22.3s
    hm1_norm_ρdiff=0.0006222033383682708 hm1_norm_Δρ=5.448720342588596e-6  error_V_h1=0.5113047116017752  α = 0.164
 36   -21.48322612776       -9.44       -4.81    26.9s
    hm1_norm_ρdiff=0.0006221613734106627 hm1_norm_Δρ=5.2692422201832e-6  error_V_h1=0.5121275936047276  α = 0.0887
 37   -21.48322612823       -9.32       -4.90    26.6s
    hm1_norm_ρdiff=0.0006219574123611327 hm1_norm_Δρ=3.6743651238045887e-6  error_V_h1=0.5124964312416483  α = 0.0827
 38   -21.48322612848       -9.61       -4.52    31.3s
    hm1_norm_ρdiff=0.0006232141916216255 hm1_norm_Δρ=1.0443107843937458e-5  error_V_h1=0.5127419682518921  α = 0.0464
 39   -21.48322612868       -9.71       -4.71    31.4s
    hm1_norm_ρdiff=0.0006193870541472538 hm1_norm_Δρ=6.553111816798194e-6  error_V_h1=0.5127390421014913  α = 0.0466
 40   -21.48322612893       -9.59       -4.89    26.9s
    hm1_norm_ρdiff=0.0006225291979253799 hm1_norm_Δρ=3.7454649438547926e-6  error_V_h1=0.5126233926787122  α = 0.088
 41   -21.48322612902      -10.07       -4.63    31.3s
    hm1_norm_ρdiff=0.0006176596167907243 hm1_norm_Δρ=7.58843689057366e-6  error_V_h1=0.512513535408699  α = 0.0465
 42   -21.48322612918       -9.78       -5.38    22.4s
    hm1_norm_ρdiff=0.0006213462305148281 hm1_norm_Δρ=1.1789100659300566e-6  error_V_h1=0.5124268027171357  α = 0.152
 43   -21.48322612940       -9.67       -4.94    26.8s
    hm1_norm_ρdiff=0.0006207658402134906 hm1_norm_Δρ=3.1830443773126778e-6  error_V_h1=0.5126733403799324  α = 0.0874
 44   -21.48322612943      -10.53       -5.25    26.9s
    hm1_norm_ρdiff=0.0006206958687606336 hm1_norm_Δρ=1.7412129605513263e-6  error_V_h1=0.5126422024252231  α = 0.0893
 45   -21.48322612948      -10.31       -5.45    22.2s
    hm1_norm_ρdiff=0.0006205427411674501 hm1_norm_Δρ=1.101582608260569e-6  error_V_h1=0.5124942181625765  α = 0.163
 46   -21.48322612949      -10.85       -4.95    31.4s
    hm1_norm_ρdiff=0.0006225823288082574 hm1_norm_Δρ=3.267406107607177e-6  error_V_h1=0.512581667945401  α = 0.0463
 47   -21.48322612954      -10.33       -5.41    26.8s
    hm1_norm_ρdiff=0.0006212063451712984 hm1_norm_Δρ=1.34610783496156e-6  error_V_h1=0.5127706052465049  α = 0.0861
 48   -21.48322612956      -10.63       -5.60    22.3s
    hm1_norm_ρdiff=0.0006208005795957482 hm1_norm_Δρ=6.681055681977031e-7  error_V_h1=0.5125297809568042  α = 0.161
 49   -21.48322612958      -10.72       -5.32    31.5s
    hm1_norm_ρdiff=0.0006212052882037445 hm1_norm_Δρ=1.5908763556877416e-6  error_V_h1=0.5125089753129826  α = 0.0456
 50   -21.48322612960      -10.76       -5.35    31.5s
    hm1_norm_ρdiff=0.0006208429196396524 hm1_norm_Δρ=1.2143673047078853e-6  error_V_h1=0.51247127250477  α = 0.0442
 51   -21.48322612960      -11.32       -5.32    35.8s
    hm1_norm_ρdiff=0.0006218925035591359 hm1_norm_Δρ=1.6856324633289155e-6  error_V_h1=0.5124741048405864  α = 0.023
 52   -21.48322612962      -10.77       -5.29    31.7s
    hm1_norm_ρdiff=0.0006203249156599562 hm1_norm_Δρ=1.653424630301288e-6  error_V_h1=0.5124115370940596  α = 0.0463
 53   -21.48322612963      -11.09       -5.69    26.9s
    hm1_norm_ρdiff=0.0006210347218964062 hm1_norm_Δρ=6.143930490636205e-7  error_V_h1=0.5124770710215939  α = 0.0866
 54   -21.48322612963      -11.41       -6.01    22.3s
    hm1_norm_ρdiff=0.0006209242732834994 hm1_norm_Δρ=3.0028307234403954e-7  error_V_h1=0.5125205760736729  α = 0.162
 55   -21.48322612963      -11.81       -5.77    27.1s
    hm1_norm_ρdiff=0.0006210201907874944 hm1_norm_Δρ=5.452703315230537e-7  error_V_h1=0.5125049409887625  α = 0.0898
 56   -21.48322612963      -12.08       -6.08    22.4s
    hm1_norm_ρdiff=0.0006208273024632211 hm1_norm_Δρ=2.4857645173236476e-7  error_V_h1=0.5125076104627132  α = 0.166
 57   -21.48322612963      -11.88       -5.65    36.0s
    hm1_norm_ρdiff=0.0006213237565229314 hm1_norm_Δρ=7.003904401315227e-7  error_V_h1=0.5125235585427654  α = 0.0228
 58   -21.48322612964      -11.71       -6.34    22.5s
    hm1_norm_ρdiff=0.0006209782675664565 hm1_norm_Δρ=1.505980695474451e-7  error_V_h1=0.5125657027233466  α = 0.156
 59   -21.48322612964      -11.46       -6.20    22.4s
    hm1_norm_ρdiff=0.0006209230471398081 hm1_norm_Δρ=1.5206647396540676e-7  error_V_h1=0.5125368846301628  α = 0.151
 60   -21.48322612964      -12.40       -6.29    22.4s
    hm1_norm_ρdiff=0.0006209804051918868 hm1_norm_Δρ=1.3917430539697421e-7  error_V_h1=0.5125499046565098  α = 0.165
 61   -21.48322612964      -13.19       -5.87    31.4s
    hm1_norm_ρdiff=0.0006209097573550421 hm1_norm_Δρ=4.389344006064608e-7  error_V_h1=0.5125471391829632  α = 0.0462
 62   -21.48322612964      -12.19       -6.29    27.0s
    hm1_norm_ρdiff=0.0006210062096563986 hm1_norm_Δρ=1.485883562498147e-7  error_V_h1=0.5125433438925848  α = 0.0858
 63   -21.48322612964      -12.51       -5.82    36.2s
    hm1_norm_ρdiff=0.0006206823357357475 hm1_norm_Δρ=4.93891601333144e-7  error_V_h1=0.5125325753523732  α = 0.023
 64   -21.48322612964      -12.45       -6.48    22.4s
    hm1_norm_ρdiff=0.0006209679635063923 hm1_norm_Δρ=9.690611842137897e-8  error_V_h1=0.5125263651610105  α = 0.163
 65   -21.48322612964      -12.37       -6.31    26.9s
    hm1_norm_ρdiff=0.0006209419299179173 hm1_norm_Δρ=1.3439202345525e-7  error_V_h1=0.5125156482065812  α = 0.0871
 66   -21.48322612964      -12.53       -6.40    26.8s
    hm1_norm_ρdiff=0.0006209740723868427 hm1_norm_Δρ=1.1944312599307167e-7  error_V_h1=0.5125051157930198  α = 0.0883
 67   -21.48322612964      -12.86       -6.37    27.0s
    hm1_norm_ρdiff=0.0006209044348898939 hm1_norm_Δρ=1.2866840915163274e-7  error_V_h1=0.5125151918016733  α = 0.089
 68   -21.48322612964      -13.17       -6.21    36.1s
    hm1_norm_ρdiff=0.0006210825847849953 hm1_norm_Δρ=2.1068661154138045e-7  error_V_h1=0.512522253235454  α = 0.0228
 69   -21.48322612964      -13.50       -6.69    22.4s
    hm1_norm_ρdiff=0.0006209532119106676 hm1_norm_Δρ=5.916279208949194e-8  error_V_h1=0.5125354703931233  α = 0.165
 70   -21.48322612964      -12.73       -6.89    17.9s
    hm1_norm_ρdiff=0.0006209481441763927 hm1_norm_Δρ=3.056387259640319e-8  error_V_h1=0.512527379568786  α = 0.297

#-- |ρε - ρref| = 0.0006209507155228917 vs. 1.0000000000000001e-7 = δ*ε  error_V_h1=0.512533967742573


# --- ε=5.623413251903491e-6

n     Energy            log10(ΔE)   log10(Δρ)   Δtime
---   ---------------   ---------   ---------   ------
  1   -21.48243634287                   -0.89    55.4s
    hm1_norm_ρdiff=0.08174285017389173 hm1_norm_Δρ=0.08149110874630769  error_V_h1=1.706079670775212  α = 0.00412
  2   -21.48245195454       -4.81       -1.81    35.8s
    hm1_norm_ρdiff=0.006662078524390615 hm1_norm_Δρ=0.006606215363135594  error_V_h1=1.6424068142863162  α = 0.0221
  3   -21.48245827875       -5.20       -2.12    35.8s
    hm1_norm_ρdiff=0.0029670332090650014 hm1_norm_Δρ=0.0029353354902508033  error_V_h1=1.6174823045261575  α = 0.0225
  4   -21.48246967547       -4.94       -2.27    35.7s
    hm1_norm_ρdiff=0.001974986961805391 hm1_norm_Δρ=0.0019439612687472297  error_V_h1=1.5477587461858906  α = 0.0231
  5   -21.48249219830       -4.65       -2.88    22.2s
    hm1_norm_ρdiff=0.0003700312473775451 hm1_norm_Δρ=0.00036389493988039646  error_V_h1=1.370835697829535  α = 0.153
  6   -21.48250381937       -4.93       -2.81    22.3s
    hm1_norm_ρdiff=0.00044060675596522235 hm1_norm_Δρ=0.0005572717650741041  error_V_h1=1.2430767597561347  α = 0.165
  7   -21.48251743817       -4.87       -2.46    31.4s
    hm1_norm_ρdiff=0.0010871250012598785 hm1_norm_Δρ=0.0011961561321227844  error_V_h1=1.053427056806231  α = 0.0462
  8   -21.48253471366       -4.76       -2.70    26.8s
    hm1_norm_ρdiff=0.0005084804816312648 hm1_norm_Δρ=0.000558505778675635  error_V_h1=0.7533421092551912  α = 0.083
  9   -21.48253945148       -5.32       -2.90    27.0s
    hm1_norm_ρdiff=0.0004412615974993783 hm1_norm_Δρ=0.0003253368217151825  error_V_h1=0.6401157273689568  α = 0.0853
 10   -21.48254071889       -5.90       -3.15    22.4s
    hm1_norm_ρdiff=0.0004125394406945155 hm1_norm_Δρ=0.00019076146110523005  error_V_h1=0.5612231262249131  α = 0.165
 11   -21.48254322361       -5.60       -3.29    22.5s
    hm1_norm_ρdiff=0.00041624556912326944 hm1_norm_Δρ=0.00014229558858707016  error_V_h1=0.4574757385541458  α = 0.159
 12   -21.48254358497       -6.44       -2.82    40.7s
    hm1_norm_ρdiff=0.0009028634889245312 hm1_norm_Δρ=0.0006580127244436863  error_V_h1=0.4461974697023107  α = 0.0107
 13   -21.48254589590       -5.64       -2.90    31.5s
    hm1_norm_ρdiff=0.0006698108225041343 hm1_norm_Δρ=0.00044070580572233645  error_V_h1=0.40007883395291  α = 0.0458
 14   -21.48254603653       -6.85       -2.58    36.2s
    hm1_norm_ρdiff=0.0011247880640610245 hm1_norm_Δρ=0.0009734953796916375  error_V_h1=0.4357231329166693  α = 0.0216
 15   -21.48254612662       -7.05       -3.27    31.6s
    hm1_norm_ρdiff=0.00040471491313260184 hm1_norm_Δρ=0.00018431698421040237  error_V_h1=0.45680212777660656  α = 0.0464
 16   -21.48254622669       -7.00       -3.51    22.4s
    hm1_norm_ρdiff=0.00034015423375626056 hm1_norm_Δρ=8.136188168462117e-5  error_V_h1=0.470052991411741  α = 0.166
 17   -21.48254718460       -6.02       -3.58    22.4s
    hm1_norm_ρdiff=0.0003507281491201696 hm1_norm_Δρ=7.251511912708198e-5  error_V_h1=0.4315078546302028  α = 0.153
 18   -21.48254732648       -6.85       -3.15    36.1s
    hm1_norm_ρdiff=0.0003190683642422102 hm1_norm_Δρ=0.0002229413483978509  error_V_h1=0.42619763451941606  α = 0.0232
 19   -21.48254751669       -6.72       -3.58    27.0s
    hm1_norm_ρdiff=0.00036432437167629886 hm1_norm_Δρ=6.691332087828617e-5  error_V_h1=0.4225074053613424  α = 0.0861
 20   -21.48254755882       -7.38       -3.50    31.5s
    hm1_norm_ρdiff=0.00031939601118580256 hm1_norm_Δρ=8.810550774917865e-5  error_V_h1=0.4140820163329067  α = 0.0466
 21   -21.48254775614       -6.70       -3.64    26.9s
    hm1_norm_ρdiff=0.00035198550229199595 hm1_norm_Δρ=5.44392605919891e-5  error_V_h1=0.39783032109921695  α = 0.0819
 22   -21.48254779413       -7.42       -3.88    26.9s
    hm1_norm_ρdiff=0.000359353984618512 hm1_norm_Δρ=3.356258404118818e-5  error_V_h1=0.3984325010427868  α = 0.0874
 23   -21.48254782987       -7.45       -4.13    22.5s
    hm1_norm_ρdiff=0.000354074976266287 hm1_norm_Δρ=1.853187840283257e-5  error_V_h1=0.40343867964828894  α = 0.161
 24   -21.48254783289       -8.52       -3.48    40.6s
    hm1_norm_ρdiff=0.0004538857470218057 hm1_norm_Δρ=0.00014036870685455146  error_V_h1=0.4030193544961659  α = 0.00968
 25   -21.48254783828       -8.27       -3.81    31.5s
    hm1_norm_ρdiff=0.0003637287599843867 hm1_norm_Δρ=5.5492095342601994e-5  error_V_h1=0.4019192061934144  α = 0.0462
 26   -21.48254785242       -7.85       -3.64    36.1s
    hm1_norm_ρdiff=0.0003802233840559306 hm1_norm_Δρ=7.605799272736173e-5  error_V_h1=0.4022598009985923  α = 0.0231
 27   -21.48254786600       -7.87       -4.37    22.6s
    hm1_norm_ρdiff=0.00035137557830111713 hm1_norm_Δρ=1.007908278163019e-5  error_V_h1=0.4002290908359184  α = 0.159
 28   -21.48254786843       -8.62       -3.92    31.5s
    hm1_norm_ρdiff=0.0003573428942786844 hm1_norm_Δρ=3.570227347894588e-5  error_V_h1=0.3973235637360004  α = 0.0465
 29   -21.48254787225       -8.42       -4.29    31.4s
    hm1_norm_ρdiff=0.00035766927640805554 hm1_norm_Δρ=1.5663485562409805e-5  error_V_h1=0.39741727168554697  α = 0.0451
 30   -21.48254787814       -8.23       -4.09    31.6s
    hm1_norm_ρdiff=0.0003436307807973263 hm1_norm_Δρ=2.3278892533153287e-5  error_V_h1=0.3961780561069278  α = 0.0462
 31   -21.48254788113       -8.52       -4.02    36.2s
    hm1_norm_ρdiff=0.00036811848884972927 hm1_norm_Δρ=2.8504181560304758e-5  error_V_h1=0.39796523595054983  α = 0.0231
 32   -21.48254788569       -8.34       -4.64    17.9s
    hm1_norm_ρdiff=0.00035171935317226504 hm1_norm_Δρ=5.320907065932667e-6  error_V_h1=0.39950089426908303  α = 0.297
 33   -21.48254788787       -8.66       -4.63    27.0s
    hm1_norm_ρdiff=0.00035203247908176586 hm1_norm_Δρ=5.86745495185014e-6  error_V_h1=0.39892306848568027  α = 0.0812
 34   -21.48254788923       -8.87       -4.60    26.9s
    hm1_norm_ρdiff=0.0003533338642629247 hm1_norm_Δρ=6.46556700154019e-6  error_V_h1=0.3989472791038153  α = 0.0877
 35   -21.48254788960       -9.43       -4.65    31.6s
    hm1_norm_ρdiff=0.0003493109897428935 hm1_norm_Δρ=7.946548467916544e-6  error_V_h1=0.399393279059706  α = 0.0465
 36   -21.48254789096       -8.87       -4.05    35.8s
    hm1_norm_ρdiff=0.00036269332666213336 hm1_norm_Δρ=2.335152071466682e-5  error_V_h1=0.4000587433225084  α = 0.0233
 37   -21.48254789110       -9.83       -4.80    26.7s
    hm1_norm_ρdiff=0.00035196123747719896 hm1_norm_Δρ=5.368073652647633e-6  error_V_h1=0.3992915834827197  α = 0.0897
 38   -21.48254789173       -9.20       -4.24    35.8s
    hm1_norm_ρdiff=0.0003541360313092697 hm1_norm_Δρ=1.3944009511444252e-5  error_V_h1=0.39881407448300243  α = 0.0233
 39   -21.48254789227       -9.27       -4.78    31.4s
    hm1_norm_ρdiff=0.0003547904602447973 hm1_norm_Δρ=6.264961969854537e-6  error_V_h1=0.39863735632581354  α = 0.0454
 40   -21.48254789265       -9.41       -4.64    31.3s
    hm1_norm_ρdiff=0.0003526186722004132 hm1_norm_Δρ=5.7759499083464935e-6  error_V_h1=0.3985291806256042  α = 0.0462
 41   -21.48254789269      -10.44       -4.72    31.3s
    hm1_norm_ρdiff=0.00035576138317221565 hm1_norm_Δρ=6.08376745749291e-6  error_V_h1=0.39876280205635084  α = 0.0463
 42   -21.48254789295       -9.59       -5.00    26.9s
    hm1_norm_ρdiff=0.00035202370820208256 hm1_norm_Δρ=2.9648596286224086e-6  error_V_h1=0.39815740153544305  α = 0.0878
 43   -21.48254789305       -9.99       -4.80    36.1s
    hm1_norm_ρdiff=0.0003553258239857651 hm1_norm_Δρ=4.993904498672834e-6  error_V_h1=0.39831996445139883  α = 0.0224
 44   -21.48254789320       -9.81       -5.15    22.3s
    hm1_norm_ρdiff=0.0003526056433848634 hm1_norm_Δρ=1.6123397718505104e-6  error_V_h1=0.3980270631653283  α = 0.164
 45   -21.48254789336       -9.79       -5.29    22.4s
    hm1_norm_ρdiff=0.0003530429501123501 hm1_norm_Δρ=1.339591129166121e-6  error_V_h1=0.39847773438336853  α = 0.162
 46   -21.48254789337      -11.30       -4.89    35.9s
    hm1_norm_ρdiff=0.0003550069190935407 hm1_norm_Δρ=4.640127870276763e-6  error_V_h1=0.3984481138856738  α = 0.0218
 47   -21.48254789339      -10.66       -4.78    35.8s
    hm1_norm_ρdiff=0.00035132062856598183 hm1_norm_Δρ=4.415040589856755e-6  error_V_h1=0.3985315578430058  α = 0.0228
 48   -21.48254789343      -10.43       -4.91    36.0s
    hm1_norm_ρdiff=0.0003539630499709075 hm1_norm_Δρ=4.1505177613843715e-6  error_V_h1=0.3987388243380602  α = 0.0228
 49   -21.48254789346      -10.50       -5.00    36.0s
    hm1_norm_ρdiff=0.0003528470163574304 hm1_norm_Δρ=2.411457852304007e-6  error_V_h1=0.39889453108386813  α = 0.0225
 50   -21.48254789349      -10.49       -5.37    31.5s
    hm1_norm_ρdiff=0.00035240469340579167 hm1_norm_Δρ=1.5439050452715424e-6  error_V_h1=0.39893954325579756  α = 0.0453
 51   -21.48254789354      -10.35       -5.09    31.4s
    hm1_norm_ρdiff=0.0003531206743309141 hm1_norm_Δρ=2.0602393511184553e-6  error_V_h1=0.39900507722848794  α = 0.0463
 52   -21.48254789356      -10.55       -4.93    35.9s
    hm1_norm_ρdiff=0.0003511955127597123 hm1_norm_Δρ=3.85863308064025e-6  error_V_h1=0.39891051863913174  α = 0.023
 53   -21.48254789359      -10.57       -5.27    31.5s
    hm1_norm_ρdiff=0.00035331273771324346 hm1_norm_Δρ=1.45684376440248e-6  error_V_h1=0.3990168748747918  α = 0.0458
 54   -21.48254789360      -11.00       -5.80    17.8s
    hm1_norm_ρdiff=0.0003527213348023974 hm1_norm_Δρ=4.1809610236416664e-7  error_V_h1=0.3986924890581483  α = 0.301
 55   -21.48254789362      -10.82       -5.07    35.9s
    hm1_norm_ρdiff=0.0003539744677597945 hm1_norm_Δρ=2.66975848275839e-6  error_V_h1=0.39872268573518876  α = 0.023
 56   -21.48254789362      -11.31       -5.48    26.9s
    hm1_norm_ρdiff=0.00035263047793096915 hm1_norm_Δρ=9.172122016382861e-7  error_V_h1=0.3985991199596739  α = 0.0897
 57   -21.48254789362      -11.67       -5.27    40.7s
    hm1_norm_ρdiff=0.0003519927696546457 hm1_norm_Δρ=1.992681032151808e-6  error_V_h1=0.3986095029125384  α = 0.0105
 58   -21.48254789363      -11.55       -5.26    36.0s
    hm1_norm_ρdiff=0.0003533398123064252 hm1_norm_Δρ=1.4293006638803626e-6  error_V_h1=0.3985743749788335  α = 0.023
 59   -21.48254789363      -11.22       -5.64    31.4s
    hm1_norm_ρdiff=0.00035269599534230335 hm1_norm_Δρ=6.503752853736115e-7  error_V_h1=0.3985397361128313  α = 0.0442
 60   -21.48254789364      -11.23       -5.30    36.0s
    hm1_norm_ρdiff=0.0003529283499767333 hm1_norm_Δρ=1.409237000388818e-6  error_V_h1=0.3984901250110177  α = 0.0232
 61   -21.48254789365      -10.86       -5.86    22.3s
    hm1_norm_ρdiff=0.0003529651104478646 hm1_norm_Δρ=3.5518271576720807e-7  error_V_h1=0.3986937446680597  α = 0.16
 62   -21.48254789366      -11.19       -5.36    36.1s
    hm1_norm_ρdiff=0.00035260537021713286 hm1_norm_Δρ=1.452894102887089e-6  error_V_h1=0.398761985844581  α = 0.0232
 63   -21.48254789366      -11.57       -5.58    36.0s
    hm1_norm_ρdiff=0.00035318980310779593 hm1_norm_Δρ=8.3066130238322e-7  error_V_h1=0.3987968265331929  α = 0.023
 64   -21.48254789367      -11.37       -5.89    26.9s
    hm1_norm_ρdiff=0.00035277320363828323 hm1_norm_Δρ=3.3833642693724746e-7  error_V_h1=0.39879501106368365  α = 0.0872
 65   -21.48254789367      -11.44       -5.60    31.5s
    hm1_norm_ρdiff=0.0003530820722421969 hm1_norm_Δρ=6.958845188629686e-7  error_V_h1=0.3988339143331166  α = 0.0463
 66   -21.48254789367      -12.47       -5.88    31.5s
    hm1_norm_ρdiff=0.00035266652318966104 hm1_norm_Δρ=3.7089547925610404e-7  error_V_h1=0.39881353489539034  α = 0.0466
 67   -21.48254789367      -12.27       -5.74    31.6s
    hm1_norm_ρdiff=0.0003529797776857956 hm1_norm_Δρ=5.620698047372825e-7  error_V_h1=0.39881469207895015  α = 0.0464
 68   -21.48254789367      -12.78       -6.04    36.2s
    hm1_norm_ρdiff=0.0003529557816293619 hm1_norm_Δρ=3.2995497993377094e-7  error_V_h1=0.39881130982317786  α = 0.0228
 69   -21.48254789367      -12.70       -5.59    36.1s
    hm1_norm_ρdiff=0.00035259626460457935 hm1_norm_Δρ=6.719447435761816e-7  error_V_h1=0.39882606939010995  α = 0.0222
 70   -21.48254789367      -12.04       -6.46    22.4s
    hm1_norm_ρdiff=0.00035279341256478605 hm1_norm_Δρ=1.11437836146641e-7  error_V_h1=0.39878287711489924  α = 0.162
 71   -21.48254789367      -11.99       -5.88    31.5s
    hm1_norm_ρdiff=0.0003528166629908324 hm1_norm_Δρ=3.1217307304077214e-7  error_V_h1=0.39874721161769056  α = 0.0466
 72   -21.48254789367      -12.05       -5.76    31.7s
    hm1_norm_ρdiff=0.0003528190777884941 hm1_norm_Δρ=4.367770758644606e-7  error_V_h1=0.3987468142561227  α = 0.0467
 73   -21.48254789367      -12.69       -6.42    26.8s
    hm1_norm_ρdiff=0.0003528529008945899 hm1_norm_Δρ=1.3228801294978396e-7  error_V_h1=0.3987321196975196  α = 0.0892
 74   -21.48254789367      -12.78       -6.08    31.6s
    hm1_norm_ρdiff=0.00035272584296006565 hm1_norm_Δρ=2.370755389165946e-7  error_V_h1=0.39871645318467497  α = 0.0462
 75   -21.48254789367      -13.09       -6.13    31.6s
    hm1_norm_ρdiff=0.00035289487852642264 hm1_norm_Δρ=1.9997244523358316e-7  error_V_h1=0.3987347106920597  α = 0.0467
 76   -21.48254789367      -12.51       -6.52    22.4s
    hm1_norm_ρdiff=0.00035283392179924906 hm1_norm_Δρ=7.165432884912004e-8  error_V_h1=0.3987648695911901  α = 0.163
 77   -21.48254789367      -12.63       -6.39    31.5s
    hm1_norm_ρdiff=0.00035290833220718524 hm1_norm_Δρ=1.3572639982023674e-7  error_V_h1=0.3987814407061617  α = 0.046
 78   -21.48254789367      -12.91       -6.30    27.0s
    hm1_norm_ρdiff=0.0003528134247519167 hm1_norm_Δρ=1.1750668421309904e-7  error_V_h1=0.3987968520091921  α = 0.0896
 79   -21.48254789367      -12.92       -6.00    40.5s
    hm1_norm_ρdiff=0.00035300325824164417 hm1_norm_Δρ=3.559521772917603e-7  error_V_h1=0.3987960700746538  α = 0.0107
 80   -21.48254789367      -12.81       -6.17    36.1s
    hm1_norm_ρdiff=0.0003528103796314185 hm1_norm_Δρ=1.9254991956571926e-7  error_V_h1=0.3988049251786069  α = 0.0231
 81   -21.48254789367      -12.97       -6.34    31.5s
    hm1_norm_ρdiff=0.00035288078338683297 hm1_norm_Δρ=1.293480594554617e-7  error_V_h1=0.3988038984960728  α = 0.0464
 82   -21.48254789367      -13.45       -6.37    31.3s
    hm1_norm_ρdiff=0.0003528204806900482 hm1_norm_Δρ=1.327907988000955e-7  error_V_h1=0.3988000308214396  α = 0.0465
 83   -21.48254789367      -12.83       -6.13    36.0s
    hm1_norm_ρdiff=0.0003528260298166049 hm1_norm_Δρ=1.9412685500390618e-7  error_V_h1=0.3987922835694844  α = 0.0231
 84   -21.48254789367      -13.19       -6.53    31.5s
    hm1_norm_ρdiff=0.0003528240892963244 hm1_norm_Δρ=7.967565286688921e-8  error_V_h1=0.3987942300266358  α = 0.044
 85   -21.48254789367      -12.99       -6.30    36.1s
    hm1_norm_ρdiff=0.0003528996455414013 hm1_norm_Δρ=1.5662587660070268e-7  error_V_h1=0.3987952342572986  α = 0.023
 86   -21.48254789368      -13.22       -6.31    36.1s
    hm1_norm_ρdiff=0.0003527827612106322 hm1_norm_Δρ=1.4286950654355048e-7  error_V_h1=0.3987862807586841  α = 0.0232
 87   -21.48254789368      -13.55       -6.61    31.4s
    hm1_norm_ρdiff=0.00035282983967439195 hm1_norm_Δρ=6.049168592921292e-8  error_V_h1=0.39877898512650733  α = 0.045
 88   -21.48254789368      -13.17       -6.66    35.7s
    hm1_norm_ρdiff=0.00035278825157114243 hm1_norm_Δρ=7.290423360975518e-8  error_V_h1=0.398773632683448  α = 0.0228
 89   -21.48254789368      -14.45       -6.40    31.5s
    hm1_norm_ρdiff=0.00035284609092217563 hm1_norm_Δρ=9.026095725835259e-8  error_V_h1=0.398766996482033  α = 0.0466
 90   -21.48254789368      -13.97       -6.70    40.6s
    hm1_norm_ρdiff=0.00035279880601588157 hm1_norm_Δρ=6.952420707599052e-8  error_V_h1=0.3987672210978505  α = 0.0105
 91   -21.48254789368      -14.45       -7.06    26.9s
    hm1_norm_ρdiff=0.00035283248883019884 hm1_norm_Δρ=2.2192031617372e-8  error_V_h1=0.39876498926002685  α = 0.0882
 92   -21.48254789368      -13.34       -6.41    36.0s
    hm1_norm_ρdiff=0.0003527931372968904 hm1_norm_Δρ=9.95999094094601e-8  error_V_h1=0.39876813468398825  α = 0.0231
 93   -21.48254789368      -14.45       -6.31    97.0s
    hm1_norm_ρdiff=0.00035285133173333823 hm1_norm_Δρ=1.6935140141622153e-7  error_V_h1=0.3987681346844279  α = 1.38e-9
 94   -21.48254789368      -13.85       -6.93    36.0s
    hm1_norm_ρdiff=0.00035282953962868097 hm1_norm_Δρ=2.9589616866592714e-8  error_V_h1=0.39876878128328314  α = 0.0161
 95   -21.48254789368   +    -Inf       -7.23     154s
    hm1_norm_ρdiff=0.00035283018117658463 hm1_norm_Δρ=1.9349357273527196e-8  error_V_h1=0.3987687812832595  α = 2.71e-14

#-- |ρε - ρref| = 0.00035283088511137655 vs. 5.623413251903491e-8 = δ*ε  error_V_h1=0.39876878128333054


# --- ε=3.162277660168379e-6

n     Energy            log10(ΔE)   log10(Δρ)   Δtime
---   ---------------   ---------   ---------   ------
  1   -21.48211524784                   -0.89    59.7s
    hm1_norm_ρdiff=0.08196728235227743 hm1_norm_Δρ=0.08177217073422613  error_V_h1=1.4092351401258907  α = 0.00166
  2   -21.48213897966       -4.62       -1.80    40.2s
    hm1_norm_ρdiff=0.006766675620075063 hm1_norm_Δρ=0.006714637930039981  error_V_h1=0.9590306904582933  α = 0.0101
  3   -21.48214488826       -5.23       -2.11    40.0s
    hm1_norm_ρdiff=0.0030717867999076574 hm1_norm_Δρ=0.003038309785706923  error_V_h1=0.8265561845056045  α = 0.0103
  4   -21.48214998180       -5.29       -2.27    40.2s
    hm1_norm_ρdiff=0.001975922753845817 hm1_norm_Δρ=0.0019387703844463468  error_V_h1=0.7009288975710743  α = 0.0107
  5   -21.48215273465       -5.56       -2.91    31.1s
    hm1_norm_ρdiff=0.0003876736915353873 hm1_norm_Δρ=0.00031447411449234456  error_V_h1=0.6443030505095761  α = 0.0448
  6   -21.48215382288       -5.96       -3.10    31.2s
    hm1_norm_ρdiff=0.00031476795119447125 hm1_norm_Δρ=0.0002367762765726367  error_V_h1=0.6282598341480713  α = 0.046
  7   -21.48215457633       -6.12       -2.91    35.5s
    hm1_norm_ρdiff=0.0004067708200973872 hm1_norm_Δρ=0.00034967959934457336  error_V_h1=0.6109576377627455  α = 0.0231
  8   -21.48215620714       -5.79       -3.29    26.6s
    hm1_norm_ρdiff=0.0002370929654624583 hm1_norm_Δρ=0.00012598135238580315  error_V_h1=0.5576888834583549  α = 0.0823
  9   -21.48215739549       -5.93       -3.25    26.7s
    hm1_norm_ρdiff=0.0002493623716991754 hm1_norm_Δρ=0.00015909798930811332  error_V_h1=0.5053076502624622  α = 0.0883
 10   -21.48215812854       -6.13       -3.29    26.9s
    hm1_norm_ρdiff=0.00024326364729358992 hm1_norm_Δρ=0.00014980618960581528  error_V_h1=0.44839901359698  α = 0.0889
 11   -21.48215874577       -6.21       -3.35    26.8s
    hm1_norm_ρdiff=0.00022783574423195386 hm1_norm_Δρ=0.00012258355294482586  error_V_h1=0.3876454632802527  α = 0.0885
 12   -21.48215882749       -7.09       -3.42    36.0s
    hm1_norm_ρdiff=0.0003246181763426948 hm1_norm_Δρ=0.00014094204703940985  error_V_h1=0.3832393411225005  α = 0.023
 13   -21.48215915444       -6.49       -2.64    40.6s
    hm1_norm_ρdiff=0.00048133690717768184 hm1_norm_Δρ=0.000564139736474429  error_V_h1=0.3405322074651576  α = 0.0105
 14   -21.48215917429       -7.70       -3.09    40.4s
    hm1_norm_ρdiff=0.00033744089438257716 hm1_norm_Δρ=0.0002994396638699922  error_V_h1=0.33232497409251305  α = 0.00968
 15   -21.48215921595       -7.38       -3.53    31.3s
    hm1_norm_ρdiff=0.00021048861853234784 hm1_norm_Δρ=8.003892469184749e-5  error_V_h1=0.315668748407375  α = 0.0467
 16   -21.48215924210       -7.58       -3.54    31.3s
    hm1_norm_ρdiff=0.00022266252134565658 hm1_norm_Δρ=8.187553486307875e-5  error_V_h1=0.31850998336246755  α = 0.0463
 17   -21.48215935802       -6.94       -3.55    31.4s
    hm1_norm_ρdiff=0.0002185604027504589 hm1_norm_Δρ=8.205333213786808e-5  error_V_h1=0.29917296143592564  α = 0.0462
 18   -21.48215942708       -7.16       -3.49    35.9s
    hm1_norm_ρdiff=0.00023092113150948018 hm1_norm_Δρ=0.00011199886575870161  error_V_h1=0.2911620237174521  α = 0.023
 19   -21.48215955199       -6.90       -3.61    26.9s
    hm1_norm_ρdiff=0.00021014360289176864 hm1_norm_Δρ=5.1720603785643844e-5  error_V_h1=0.30351171358918727  α = 0.0885
 20   -21.48215958871       -7.44       -3.46    35.9s
    hm1_norm_ρdiff=0.0002277322843664096 hm1_norm_Δρ=9.518632859644864e-5  error_V_h1=0.30414079593109417  α = 0.023
 21   -21.48215963293       -7.35       -3.74    31.4s
    hm1_norm_ρdiff=0.00020812512496657892 hm1_norm_Δρ=4.9516809751661006e-5  error_V_h1=0.3140285713806319  α = 0.0461
 22   -21.48215966997       -7.43       -3.81    31.4s
    hm1_norm_ρdiff=0.00020357537059433278 hm1_norm_Δρ=3.500158109088259e-5  error_V_h1=0.3195834396603336  α = 0.0445
 23   -21.48215967299       -8.52       -3.30    44.9s
    hm1_norm_ρdiff=0.00010725007154338473 hm1_norm_Δρ=0.00019130917212586198  error_V_h1=0.3197324717859185  α = 0.00389
 24   -21.48215967670       -8.43       -3.72    36.0s
    hm1_norm_ρdiff=0.0002248129561701991 hm1_norm_Δρ=4.415291896088533e-5  error_V_h1=0.3237409603340012  α = 0.0226
 25   -21.48215967846       -8.75       -3.47    40.6s
    hm1_norm_ρdiff=0.0002384997412051218 hm1_norm_Δρ=0.00012182994195313073  error_V_h1=0.3255191008965738  α = 0.00935
 26   -21.48215968820       -8.01       -3.59    36.0s
    hm1_norm_ρdiff=0.00020700986816619594 hm1_norm_Δρ=6.74894284184956e-5  error_V_h1=0.32757604942444535  α = 0.0228
 27   -21.48215969732       -8.04       -3.53    35.9s
    hm1_norm_ρdiff=0.00020540340399464842 hm1_norm_Δρ=8.879711868834637e-5  error_V_h1=0.32178868457301746  α = 0.0223
 28   -21.48215970109       -8.42       -3.90    36.0s
    hm1_norm_ρdiff=0.00019979170866064161 hm1_norm_Δρ=3.694595211810841e-5  error_V_h1=0.32221435869216614  α = 0.0229
 29   -21.48215970443       -8.48       -4.16    35.9s
    hm1_norm_ρdiff=0.0002008897693490823 hm1_norm_Δρ=2.326277103299392e-5  error_V_h1=0.32154215876338604  α = 0.023
 30   -21.48215972481       -7.69       -3.89    31.3s
    hm1_norm_ρdiff=0.00019873585100353155 hm1_norm_Δρ=2.882963965230533e-5  error_V_h1=0.3128167351184013  α = 0.0455
 31   -21.48215972607       -8.90       -4.17    31.4s
    hm1_norm_ρdiff=0.00020051464185184278 hm1_norm_Δρ=1.9170795744395823e-5  error_V_h1=0.3110625012202967  α = 0.0464
 32   -21.48215972944       -8.47       -4.38    31.4s
    hm1_norm_ρdiff=0.00020055323774885176 hm1_norm_Δρ=1.1400068407416427e-5  error_V_h1=0.3086844134126449  α = 0.0449
 33   -21.48215973566       -8.21       -4.67    22.3s
    hm1_norm_ρdiff=0.00020012000165722904 hm1_norm_Δρ=4.723297293515531e-6  error_V_h1=0.30877972172199986  α = 0.155
 34   -21.48215973960       -8.40       -4.20    31.4s
    hm1_norm_ρdiff=0.00020763481271814503 hm1_norm_Δρ=1.943443915750853e-5  error_V_h1=0.3122774566151256  α = 0.0466
 35   -21.48215973985       -9.60       -4.02    45.0s
    hm1_norm_ρdiff=0.0001513931723722788 hm1_norm_Δρ=5.552345548568894e-5  error_V_h1=0.3121057195369339  α = 0.00394
 36   -21.48215974057       -9.14       -4.05    40.7s
    hm1_norm_ρdiff=0.00020080831038538975 hm1_norm_Δρ=3.0145964488613253e-5  error_V_h1=0.31177633734575266  α = 0.0104
 37   -21.48215974155       -9.01       -4.09    35.9s
    hm1_norm_ρdiff=0.0002029073496257266 hm1_norm_Δρ=1.8624784777259802e-5  error_V_h1=0.31197322967766117  α = 0.023
 38   -21.48215974191       -9.44       -4.18    36.0s
    hm1_norm_ρdiff=0.0002024473559449431 hm1_norm_Δρ=1.9285045014919874e-5  error_V_h1=0.31273426782559527  α = 0.0222
 39   -21.48215974237       -9.34       -4.52    36.0s
    hm1_norm_ρdiff=0.0002005269295110385 hm1_norm_Δρ=8.82566591373757e-6  error_V_h1=0.31215180898708633  α = 0.023
 40   -21.48215974266       -9.53       -4.77    26.9s
    hm1_norm_ρdiff=0.00019949606165569294 hm1_norm_Δρ=4.433392140479059e-6  error_V_h1=0.3105437750827166  α = 0.0896
 41   -21.48215974285       -9.72       -4.48    31.3s
    hm1_norm_ρdiff=0.0001998730690033615 hm1_norm_Δρ=9.171595788458501e-6  error_V_h1=0.30909029078949607  α = 0.0462
 42   -21.48215974347       -9.21       -4.42    35.8s
    hm1_norm_ρdiff=0.00020026160969603316 hm1_norm_Δρ=1.0482030200002908e-5  error_V_h1=0.3092255428467591  α = 0.0231
 43   -21.48215974408       -9.22       -5.12    22.3s
    hm1_norm_ρdiff=0.00019959801326325282 hm1_norm_Δρ=1.9629542401067614e-6  error_V_h1=0.3083208390409218  α = 0.16
 44   -21.48215974469       -9.21       -4.66    31.4s
    hm1_norm_ρdiff=0.00019995387545070274 hm1_norm_Δρ=5.728678733778136e-6  error_V_h1=0.3079766483762841  α = 0.0458
 45   -21.48215974506       -9.43       -4.61    35.8s
    hm1_norm_ρdiff=0.00019792809590206224 hm1_norm_Δρ=6.8279501406749324e-6  error_V_h1=0.30776758277132205  α = 0.0226
 46   -21.48215974509      -10.46       -4.43    44.9s
    hm1_norm_ρdiff=0.0001798925873601411 hm1_norm_Δρ=2.2280006576494947e-5  error_V_h1=0.30769507257362494  α = 0.00401
 47   -21.48215974527       -9.75       -4.65    36.0s
    hm1_norm_ρdiff=0.00020088048235289722 hm1_norm_Δρ=6.839174281944697e-6  error_V_h1=0.3079769977564386  α = 0.0235
 48   -21.48215974558       -9.50       -4.56    35.9s
    hm1_norm_ρdiff=0.0002024031490925702 hm1_norm_Δρ=6.992864604174479e-6  error_V_h1=0.30922635097712975  α = 0.0225
 49   -21.48215974574       -9.79       -4.67    36.0s
    hm1_norm_ρdiff=0.0002004422308921229 hm1_norm_Δρ=6.2608740012824165e-6  error_V_h1=0.309936604247129  α = 0.0231
 50   -21.48215974577      -10.62       -4.86    31.5s
    hm1_norm_ρdiff=0.00019974636186052998 hm1_norm_Δρ=3.601761985263234e-6  error_V_h1=0.3099620065330509  α = 0.0462
 51   -21.48215974592       -9.81       -4.85    31.5s
    hm1_norm_ρdiff=0.00020015525260024116 hm1_norm_Δρ=3.5442360291341993e-6  error_V_h1=0.31070113799888255  α = 0.0466
 52   -21.48215974597      -10.36       -4.77    36.0s
    hm1_norm_ρdiff=0.0001993323486231404 hm1_norm_Δρ=5.266269851157952e-6  error_V_h1=0.3107186399649319  α = 0.0225
 53   -21.48215974609       -9.91       -5.36    22.4s
    hm1_norm_ρdiff=0.00019974207218112781 hm1_norm_Δρ=8.676192194973203e-7  error_V_h1=0.31017686564200597  α = 0.162
 54   -21.48215974611      -10.80       -5.08    31.4s
    hm1_norm_ρdiff=0.00020009451050359325 hm1_norm_Δρ=2.640777549323009e-6  error_V_h1=0.3104123136062992  α = 0.0461
 55   -21.48215974616      -10.27       -5.15    31.4s
    hm1_norm_ρdiff=0.00019978886706589188 hm1_norm_Δρ=1.8953849311018815e-6  error_V_h1=0.310590911445022  α = 0.0465
 56   -21.48215974620      -10.35       -5.39    26.9s
    hm1_norm_ρdiff=0.0001997993055508222 hm1_norm_Δρ=1.1320751229826604e-6  error_V_h1=0.31063548005065567  α = 0.0883
 57   -21.48215974621      -11.07       -4.63    45.0s
    hm1_norm_ρdiff=0.00019079943889476045 hm1_norm_Δρ=1.0578480176929632e-5  error_V_h1=0.3106851858966495  α = 0.00408
 58   -21.48215974628      -10.15       -5.15    31.4s
    hm1_norm_ρdiff=0.00020030082914034928 hm1_norm_Δρ=1.77838110192562e-6  error_V_h1=0.3106096750954092  α = 0.045
 59   -21.48215974630      -10.81       -4.56    40.5s
    hm1_norm_ρdiff=0.00020070889170519093 hm1_norm_Δρ=7.633315044179409e-6  error_V_h1=0.31042886519862356  α = 0.00988
 60   -21.48215974632      -10.71       -5.29    31.4s
    hm1_norm_ρdiff=0.00019983304178470556 hm1_norm_Δρ=1.377688798251941e-6  error_V_h1=0.31024649164224893  α = 0.0466
 61   -21.48215974633      -10.92       -5.13    35.9s
    hm1_norm_ρdiff=0.00019961851658994737 hm1_norm_Δρ=2.070594337885352e-6  error_V_h1=0.3102366986240801  α = 0.0229
 62   -21.48215974634      -11.24       -5.21    31.4s
    hm1_norm_ρdiff=0.0001999183425655158 hm1_norm_Δρ=1.4558897874641269e-6  error_V_h1=0.3100650507573996  α = 0.0465
 63   -21.48215974635      -11.03       -5.38    36.0s
    hm1_norm_ρdiff=0.00019972260520142044 hm1_norm_Δρ=1.3348193444952832e-6  error_V_h1=0.31002002195435996  α = 0.0231
 64   -21.48215974637      -10.67       -5.41    31.5s
    hm1_norm_ρdiff=0.00019950558143876952 hm1_norm_Δρ=9.705358425197052e-7  error_V_h1=0.3098777497213087  α = 0.0458
 65   -21.48215974638      -10.96       -5.31    35.9s
    hm1_norm_ρdiff=0.00020000319723096832 hm1_norm_Δρ=1.202820369093834e-6  error_V_h1=0.30999019591528426  α = 0.0232
 66   -21.48215974639      -11.09       -5.37    35.9s
    hm1_norm_ρdiff=0.0001998953591733979 hm1_norm_Δρ=1.2067693915830084e-6  error_V_h1=0.31001419951494164  α = 0.023
 67   -21.48215974639      -11.36       -5.15    36.1s
    hm1_norm_ρdiff=0.00019950993701196268 hm1_norm_Δρ=2.055922111097161e-6  error_V_h1=0.31001739031519665  α = 0.0219
 68   -21.48215974639      -12.62       -5.05    45.1s
    hm1_norm_ρdiff=0.00020216259652485697 hm1_norm_Δρ=2.9340320281235833e-6  error_V_h1=0.31001647531897336  α = 0.00427
 69   -21.48215974639      -11.53       -5.61    31.4s
    hm1_norm_ρdiff=0.0001994024943096363 hm1_norm_Δρ=6.572108391426897e-7  error_V_h1=0.30989797997005347  α = 0.0451
 70   -21.48215974640      -11.12       -4.79    45.1s
    hm1_norm_ρdiff=0.0001990648035507324 hm1_norm_Δρ=5.324526730210884e-6  error_V_h1=0.30989034739525334  α = 0.00454
 71   -21.48215974641      -11.36       -5.52    35.9s
    hm1_norm_ρdiff=0.00019985273484143112 hm1_norm_Δρ=7.973707243272933e-7  error_V_h1=0.3099755096257899  α = 0.0229
 72   -21.48215974641      -12.03       -5.47    35.8s
    hm1_norm_ρdiff=0.00019995788853086733 hm1_norm_Δρ=1.1382918101855516e-6  error_V_h1=0.3100026802642515  α = 0.022
 73   -21.48215974641      -11.21       -5.27    36.0s
    hm1_norm_ρdiff=0.0001997876284240929 hm1_norm_Δρ=1.4245979798258074e-6  error_V_h1=0.3100685329681067  α = 0.0231
 74   -21.48215974642      -11.65       -5.67    35.8s
    hm1_norm_ρdiff=0.00019991897165012672 hm1_norm_Δρ=6.561676398804276e-7  error_V_h1=0.31008477080574154  α = 0.0231
 75   -21.48215974642      -11.67       -5.38    35.8s
    hm1_norm_ρdiff=0.0002002587124861944 hm1_norm_Δρ=1.0823809954379285e-6  error_V_h1=0.3101244936707833  α = 0.0219
 76   -21.48215974642      -11.95       -6.09    22.3s
    hm1_norm_ρdiff=0.00019980391478888348 hm1_norm_Δρ=1.8773644748893933e-7  error_V_h1=0.31021723175865346  α = 0.166
 77   -21.48215974642      -12.09       -5.77    31.3s
    hm1_norm_ρdiff=0.00019980807917982578 hm1_norm_Δρ=4.997540022048999e-7  error_V_h1=0.3102230767026021  α = 0.0464
 78   -21.48215974642      -11.57       -5.31    40.5s
    hm1_norm_ρdiff=0.00020012081999462627 hm1_norm_Δρ=1.4392005723312622e-6  error_V_h1=0.3102131440866061  α = 0.0105
 79   -21.48215974642      -12.37       -5.24    44.8s
    hm1_norm_ρdiff=0.0001990294471530634 hm1_norm_Δρ=1.3616504035426868e-6  error_V_h1=0.3102207590236159  α = 0.00457
 80   -21.48215974642      -11.78       -5.29    40.4s
    hm1_norm_ρdiff=0.00020095389183407428 hm1_norm_Δρ=1.5839927708578854e-6  error_V_h1=0.31027905425639735  α = 0.01
 81   -21.48215974642      -12.75       -5.57    40.5s
    hm1_norm_ρdiff=0.00019999116761391743 hm1_norm_Δρ=8.091443098696871e-7  error_V_h1=0.3102878313070098  α = 0.0104
 82   -21.48215974643      -11.99       -6.10    22.3s
    hm1_norm_ρdiff=0.0001997740781277145 hm1_norm_Δρ=2.0078244251984648e-7  error_V_h1=0.3103791399016925  α = 0.166
 83   -21.48215974643      -11.79       -5.95    26.9s
    hm1_norm_ρdiff=0.00019978052157662744 hm1_norm_Δρ=2.676255848369838e-7  error_V_h1=0.3103293913982441  α = 0.0894
 84   -21.48215974643      -11.88       -5.54    35.8s
    hm1_norm_ρdiff=0.00019984322169248601 hm1_norm_Δρ=8.8864868214032e-7  error_V_h1=0.31030756729662407  α = 0.0226
 85   -21.48215974643      -11.55       -5.91    31.4s
    hm1_norm_ρdiff=0.00019974851590151392 hm1_norm_Δρ=3.7414333848271066e-7  error_V_h1=0.3102739769514051  α = 0.0459
 86   -21.48215974643      -11.56       -5.63    36.0s
    hm1_norm_ρdiff=0.00019984634843456085 hm1_norm_Δρ=5.720503804869389e-7  error_V_h1=0.3102429623278109  α = 0.0226
 87   -21.48215974644      -11.99       -6.10    26.9s
    hm1_norm_ρdiff=0.0001998391060021875 hm1_norm_Δρ=2.120576698311287e-7  error_V_h1=0.31019715316264934  α = 0.0893
 88   -21.48215974644      -12.28       -5.62    40.4s
    hm1_norm_ρdiff=0.0001995998573134696 hm1_norm_Δρ=6.952930896475379e-7  error_V_h1=0.3101886517948252  α = 0.0103
 89   -21.48215974644      -12.36       -6.00    31.3s
    hm1_norm_ρdiff=0.0001998423216106845 hm1_norm_Δρ=2.976422274729173e-7  error_V_h1=0.31013313772303175  α = 0.0465
 90   -21.48215974644      -12.24       -5.63    40.4s
    hm1_norm_ρdiff=0.00019959927678397368 hm1_norm_Δρ=5.631644464376873e-7  error_V_h1=0.31012881054211505  α = 0.0107
 91   -21.48215974644      -12.32       -5.91    35.8s
    hm1_norm_ρdiff=0.00020002324610684128 hm1_norm_Δρ=3.387940900883109e-7  error_V_h1=0.3101318503940973  α = 0.0233
 92   -21.48215974644      -12.12       -5.47    40.4s
    hm1_norm_ρdiff=0.00019931953367969643 hm1_norm_Δρ=1.0858922965000256e-6  error_V_h1=0.3101066742341014  α = 0.0101
 93   -21.48215974644      -12.02       -5.82    35.7s
    hm1_norm_ρdiff=0.00019968249693895696 hm1_norm_Δρ=4.344839304998033e-7  error_V_h1=0.3100840916069741  α = 0.0228
 94   -21.48215974644      -12.33       -5.77    35.8s
    hm1_norm_ρdiff=0.00019997471828566433 hm1_norm_Δρ=4.4244781576171636e-7  error_V_h1=0.3101187211344644  α = 0.0222
 95   -21.48215974644      -12.64       -5.96    36.0s
    hm1_norm_ρdiff=0.000199784024225011 hm1_norm_Δρ=3.509983168325995e-7  error_V_h1=0.3101331527365582  α = 0.0227
 96   -21.48215974644      -12.37       -6.14    31.3s
    hm1_norm_ρdiff=0.00019980211982275007 hm1_norm_Δρ=1.7948743465323296e-7  error_V_h1=0.3101439658771777  α = 0.0466
 97   -21.48215974644      -12.35       -6.71    22.3s
    hm1_norm_ρdiff=0.00019981237443485284 hm1_norm_Δρ=4.518621237423412e-8  error_V_h1=0.31016569420517537  α = 0.159
 98   -21.48215974644      -12.97       -5.84    35.9s
    hm1_norm_ρdiff=0.0001997036901964979 hm1_norm_Δρ=4.3260000222625886e-7  error_V_h1=0.31018135385162726  α = 0.0216
 99   -21.48215974644      -12.88       -5.76    40.3s
    hm1_norm_ρdiff=0.00019997611166347476 hm1_norm_Δρ=5.174454484439875e-7  error_V_h1=0.3101849166527416  α = 0.00981
 100   -21.48215974644      -13.30       -5.96    35.8s
    hm1_norm_ρdiff=0.00019979663327496624 hm1_norm_Δρ=2.9385399208888216e-7  error_V_h1=0.3102028662718594  α = 0.0223
 101   -21.48215974644      -13.27       -6.12    35.7s
    hm1_norm_ρdiff=0.00019985952752990156 hm1_norm_Δρ=2.0617458029089607e-7  error_V_h1=0.31020145346593114  α = 0.0224
 102   -21.48215974644      -13.25       -6.36    35.7s
    hm1_norm_ρdiff=0.00019976065412296884 hm1_norm_Δρ=1.085880373159189e-7  error_V_h1=0.31020303754037987  α = 0.0232
 103   -21.48215974644      -12.83       -5.67    45.1s
    hm1_norm_ρdiff=0.00020025875917983782 hm1_norm_Δρ=7.466641115590284e-7  error_V_h1=0.31021130946410047  α = 0.00442
 104   -21.48215974644      -13.60       -6.32    35.9s
    hm1_norm_ρdiff=0.00019985291867643688 hm1_norm_Δρ=1.356676566288483e-7  error_V_h1=0.3102158024175805  α = 0.0228
 105   -21.48215974644      -12.87       -5.97    40.3s
    hm1_norm_ρdiff=0.0001996851879019979 hm1_norm_Δρ=3.146741093118634e-7  error_V_h1=0.3102029702395076  α = 0.0103
 106   -21.48215974644      -13.27       -6.21    40.4s
    hm1_norm_ρdiff=0.00019982747277808984 hm1_norm_Δρ=1.9841847948745133e-7  error_V_h1=0.3101979057790816  α = 0.0107
 107   -21.48215974644      -12.93       -6.28    35.8s
    hm1_norm_ρdiff=0.0001998159468499162 hm1_norm_Δρ=1.3700319633432634e-7  error_V_h1=0.31019242706339933  α = 0.0231
 108   -21.48215974644      -12.88       -6.79    26.6s
    hm1_norm_ρdiff=0.00019981127447248447 hm1_norm_Δρ=3.3040917072687234e-8  error_V_h1=0.3101771613555377  α = 0.0814
 109   -21.48215974644      -13.09       -6.00    40.2s
    hm1_norm_ρdiff=0.0001998915812392738 hm1_norm_Δρ=3.03154839326149e-7  error_V_h1=0.3101745685469307  α = 0.0105
 110   -21.48215974644      -13.55       -5.87    40.2s
    hm1_norm_ρdiff=0.00019968593936669701 hm1_norm_Δρ=4.058990621533185e-7  error_V_h1=0.3101747125584201  α = 0.00921
 111   -21.48215974644      -13.45       -6.27    35.7s
    hm1_norm_ρdiff=0.00019981324097547253 hm1_norm_Δρ=1.3273642412881683e-7  error_V_h1=0.310169351537777  α = 0.0229
 112   -21.48215974644      -13.50       -6.26    35.8s
    hm1_norm_ρdiff=0.00019978723777762863 hm1_norm_Δρ=1.5175091798203794e-7  error_V_h1=0.3101715339423843  α = 0.0221
 113   -21.48215974644      -13.85       -6.89    31.2s
    hm1_norm_ρdiff=0.0001998186787286203 hm1_norm_Δρ=3.151881508779914e-8  error_V_h1=0.31017072357328024  α = 0.0462
 114   -21.48215974644      -14.15       -6.69    54.1s
    hm1_norm_ρdiff=0.00019975054759600278 hm1_norm_Δρ=8.577763962988614e-8  error_V_h1=0.3101701242003995  α = 0.00254
 115   -21.48215974644      -13.97       -6.46    35.9s
    hm1_norm_ρdiff=0.00019978294708996054 hm1_norm_Δρ=1.0267871729501702e-7  error_V_h1=0.3101660519706573  α = 0.0229
 116   -21.48215974644      -13.17       -6.32    40.3s
    hm1_norm_ρdiff=0.0001998790539790604 hm1_norm_Δρ=1.5729888934427364e-7  error_V_h1=0.31017028911028977  α = 0.00976
 117   -21.48215974644      -13.30       -6.73    31.4s
    hm1_norm_ρdiff=0.00019980361545158826 hm1_norm_Δρ=5.403055341936982e-8  error_V_h1=0.31017171010051825  α = 0.0459
 118   -21.48215974644      -13.11       -6.37    35.8s
    hm1_norm_ρdiff=0.00019981198282422783 hm1_norm_Δρ=1.292958839752843e-7  error_V_h1=0.310168436444218  α = 0.023
 119   -21.48215974644      -13.50       -6.69    31.3s
    hm1_norm_ρdiff=0.00019981371967116264 hm1_norm_Δρ=4.455040479809473e-8  error_V_h1=0.3101626164442245  α = 0.0458
 120   -21.48215974644      -14.45       -6.86    36.2s
    hm1_norm_ρdiff=0.00019982029573880987 hm1_norm_Δρ=4.327711252040842e-8  error_V_h1=0.31016123395329115  α = 0.0208
    Stopping to avoid numerical instabilities.
 121   -21.48215974644      -13.50       -7.18    22.4s
    hm1_norm_ρdiff=0.00019981081515043297 hm1_norm_Δρ=1.3433239376340713e-8  error_V_h1=0.3101645197236769  α = 0.163

#-- |ρε - ρref| = 0.00019981122775082388 vs. 3.162277660168379e-8 = δ*ε  error_V_h1=0.3101642263182015


# --- ε=1.778279410038923e-6

n     Energy            log10(ΔE)   log10(Δρ)   Δtime
---   ---------------   ---------   ---------   ------
  1   -21.48188848349                   -0.89    60.0s
    hm1_norm_ρdiff=0.08200103418566247 hm1_norm_Δρ=0.08192924745267424  error_V_h1=2.0850596302896385  α = 0.00141
  2   -21.48190399090       -4.81       -1.79    44.6s
    hm1_norm_ρdiff=0.006813724962634136 hm1_norm_Δρ=0.0067777730005015744  error_V_h1=1.7374695604947132  α = 0.00434
  3   -21.48190808043       -5.39       -2.09    44.9s
    hm1_norm_ρdiff=0.003165370589605429 hm1_norm_Δρ=0.003145929048590973  error_V_h1=1.6384333586364108  α = 0.00441
  4   -21.48191032730       -5.65       -2.23    40.3s
    hm1_norm_ρdiff=0.002111008565723722 hm1_norm_Δρ=0.002104002510431054  error_V_h1=1.5971496837823236  α = 0.00969
  5   -21.48191302963       -5.57       -2.84    31.3s
    hm1_norm_ρdiff=0.0003712124821849663 hm1_norm_Δρ=0.00036821050122123563  error_V_h1=1.5423027041365778  α = 0.0466
  6   -21.48191462213       -5.80       -2.93    31.2s
    hm1_norm_ρdiff=0.00034041615352370277 hm1_norm_Δρ=0.0003503124160979353  error_V_h1=1.5074460848418723  α = 0.0465
  7   -21.48191606701       -5.84       -2.61    35.8s
    hm1_norm_ρdiff=0.0006860147136411157 hm1_norm_Δρ=0.0007063500362328222  error_V_h1=1.4676820192904463  α = 0.0226
  8   -21.48192033320       -5.37       -2.92    26.9s
    hm1_norm_ρdiff=0.000273080768919378 hm1_norm_Δρ=0.0003182899309085979  error_V_h1=1.3207991517024116  α = 0.0894
  9   -21.48192614564       -5.24       -2.79    31.4s
    hm1_norm_ρdiff=0.0004086191171207206 hm1_norm_Δρ=0.00045137512112895274  error_V_h1=1.0989096301212584  α = 0.0463
 10   -21.48192993713       -5.42       -2.84    31.4s
    hm1_norm_ρdiff=0.00040122999754374484 hm1_norm_Δρ=0.00043643190908724676  error_V_h1=0.9294622563895664  α = 0.0465
 11   -21.48193273539       -5.55       -2.86    31.5s
    hm1_norm_ρdiff=0.0003297396168030226 hm1_norm_Δρ=0.00034949691841085163  error_V_h1=0.7821865029087883  α = 0.0465
 12   -21.48193311843       -6.42       -2.54    40.7s
    hm1_norm_ρdiff=0.0006345429704603147 hm1_norm_Δρ=0.0006780363178955206  error_V_h1=0.7716365543869632  α = 0.00996
 13   -21.48193341479       -6.53       -2.95    40.5s
    hm1_norm_ρdiff=0.0003958072786859519 hm1_norm_Δρ=0.0004037164578647267  error_V_h1=0.7489642150659377  α = 0.0106
 14   -21.48193408931       -6.17       -2.73    40.6s
    hm1_norm_ρdiff=0.0005928186860205341 hm1_norm_Δρ=0.0005703955874490854  error_V_h1=0.6944784116960591  α = 0.0106
 15   -21.48193479599       -6.15       -2.45    45.1s
    hm1_norm_ρdiff=0.0012213214986885976 hm1_norm_Δρ=0.0011888329118413539  error_V_h1=0.6386459710867232  α = 0.00442
 16   -21.48193570588       -6.04       -2.94    35.9s
    hm1_norm_ρdiff=0.00037558183383694474 hm1_norm_Δρ=0.00031383740898201673  error_V_h1=0.5527498219210749  α = 0.0232
 17   -21.48193616851       -6.33       -3.00    35.9s
    hm1_norm_ρdiff=0.0003647346252555025 hm1_norm_Δρ=0.0003170015327561976  error_V_h1=0.5091985123634121  α = 0.0228
 18   -21.48193666681       -6.30       -2.80    40.5s
    hm1_norm_ρdiff=0.0005394176171263707 hm1_norm_Δρ=0.0004997550488508817  error_V_h1=0.4651690991546601  α = 0.0106
 19   -21.48193718879       -6.28       -2.48    40.6s
    hm1_norm_ρdiff=0.0008797667249330559 hm1_norm_Δρ=0.0008499638259427374  error_V_h1=0.4120029104301965  α = 0.00995
 20   -21.48193725597       -7.17       -2.66    40.5s
    hm1_norm_ρdiff=0.0006324909307044199 hm1_norm_Δρ=0.0005837268576380299  error_V_h1=0.4050581371627066  α = 0.00935
 21   -21.48193758388       -6.48       -2.56    40.7s
    hm1_norm_ρdiff=0.0008333541547144522 hm1_norm_Δρ=0.0007901782252660713  error_V_h1=0.39860234568718544  α = 0.00972
 22   -21.48193795862       -6.43       -2.77    40.4s
    hm1_norm_ρdiff=0.00046691636775729944 hm1_norm_Δρ=0.000421054563254627  error_V_h1=0.377796825978206  α = 0.0106
 23   -21.48193806798       -6.96       -2.52    45.0s
    hm1_norm_ρdiff=0.00077400908471119 hm1_norm_Δρ=0.0007203573013684546  error_V_h1=0.37865714556335084  α = 0.00406
 24   -21.48193809120       -7.63       -3.24    40.7s
    hm1_norm_ρdiff=0.00022471487727459467 hm1_norm_Δρ=0.00018354912943505016  error_V_h1=0.37730177790970476  α = 0.01
 25   -21.48193814098       -7.30       -2.96    45.1s
    hm1_norm_ρdiff=0.0003137946018932481 hm1_norm_Δρ=0.00032137018499641757  error_V_h1=0.3706366794632444  α = 0.00437
 26   -21.48193822141       -7.09       -3.54    35.8s
    hm1_norm_ρdiff=0.00012736867894022936 hm1_norm_Δρ=7.591345643188337e-5  error_V_h1=0.34192627384859514  α = 0.0227
 27   -21.48193827098       -7.30       -2.99    40.5s
    hm1_norm_ρdiff=0.0002588318621304611 hm1_norm_Δρ=0.000311420690085369  error_V_h1=0.3227560250452185  α = 0.0094
 28   -21.48193833934       -7.17       -2.99    40.6s
    hm1_norm_ρdiff=0.0003084766097427992 hm1_norm_Δρ=0.00031818559650767357  error_V_h1=0.31899841862952383  α = 0.00982
 29   -21.48193835837       -7.72       -3.44    35.9s
    hm1_norm_ρdiff=0.00013445571885834065 hm1_norm_Δρ=9.87323599189528e-5  error_V_h1=0.3068823438342491  α = 0.0224
 30   -21.48193851263       -6.81       -2.97    40.6s
    hm1_norm_ρdiff=0.0002779824358924987 hm1_norm_Δρ=0.000280011105078934  error_V_h1=0.29735094187993005  α = 0.0106
 31   -21.48193860781       -7.02       -2.96    40.6s
    hm1_norm_ρdiff=0.00027199182501328676 hm1_norm_Δρ=0.00028657492284287904  error_V_h1=0.2932096027318626  α = 0.0102
 32   -21.48193873225       -6.91       -2.93    40.5s
    hm1_norm_ρdiff=0.0003139307034002614 hm1_norm_Δρ=0.0003298583518676601  error_V_h1=0.2695638666840324  α = 0.0102
 33   -21.48193874758       -7.81       -3.32    40.4s
    hm1_norm_ρdiff=0.0001992566163773837 hm1_norm_Δρ=0.00015095055474761575  error_V_h1=0.2631097342905539  α = 0.00987
 34   -21.48193875937       -7.93       -2.87    45.0s
    hm1_norm_ρdiff=0.0002761287191362031 hm1_norm_Δρ=0.00031359421211927857  error_V_h1=0.25466036547055665  α = 0.00385
 35   -21.48193876711       -8.11       -3.31    44.9s
    hm1_norm_ρdiff=0.0001821433111863482 hm1_norm_Δρ=0.00015392918198451022  error_V_h1=0.2520364098227037  α = 0.00432
 36   -21.48193877876       -7.93       -4.27    31.4s
    hm1_norm_ρdiff=0.0001200951995235931 hm1_norm_Δρ=1.3824684069709164e-5  error_V_h1=0.24699603114427865  α = 0.0447
 37   -21.48193878441       -8.25       -3.62    40.2s
    hm1_norm_ρdiff=0.0001281187132878336 hm1_norm_Δρ=6.410885861233403e-5  error_V_h1=0.24271780965068843  α = 0.0103
 38   -21.48193880382       -7.71       -3.11    44.8s
    hm1_norm_ρdiff=0.0003131707820854293 hm1_norm_Δρ=0.00023400316517172668  error_V_h1=0.23942278635214426  α = 0.00423
 39   -21.48193881505       -7.95       -3.20    40.6s
    hm1_norm_ρdiff=0.0002720825876396308 hm1_norm_Δρ=0.00021604159094526355  error_V_h1=0.23796929097610411  α = 0.00926
 40   -21.48193882597       -7.96       -3.62    40.5s
    hm1_norm_ρdiff=0.00013561027955781796 hm1_norm_Δρ=6.504634012175102e-5  error_V_h1=0.23825532814416522  α = 0.0108
 41   -21.48193882842       -8.61       -3.76    35.6s
    hm1_norm_ρdiff=0.00013628522563323363 hm1_norm_Δρ=4.987888070370788e-5  error_V_h1=0.24029516185927569  α = 0.0218
 42   -21.48193883781       -8.03       -3.59    40.5s
    hm1_norm_ρdiff=0.00014428470503647446 hm1_norm_Δρ=6.604347146714457e-5  error_V_h1=0.23697974825774976  α = 0.0106
 43   -21.48193884664       -8.05       -3.58    40.5s
    hm1_norm_ρdiff=0.00014856051885320544 hm1_norm_Δρ=7.984253387530764e-5  error_V_h1=0.2358417315801174  α = 0.0103
 44   -21.48193885083       -8.38       -3.50    40.5s
    hm1_norm_ρdiff=0.00013811955035103693 hm1_norm_Δρ=9.328000764705596e-5  error_V_h1=0.24114686383324463  α = 0.00972
 45   -21.48193885319       -8.63       -3.33    45.2s
    hm1_norm_ρdiff=0.0001875797898788478 hm1_norm_Δρ=0.0001075048316006434  error_V_h1=0.2439541360545215  α = 0.00408
 46   -21.48193885486       -8.78       -4.02    40.4s
    hm1_norm_ρdiff=0.00012176830844577262 hm1_norm_Δρ=2.8766391718230778e-5  error_V_h1=0.24660356238802777  α = 0.0106
 47   -21.48193885701       -8.67       -3.97    40.6s
    hm1_norm_ρdiff=0.00011963771760303053 hm1_norm_Δρ=2.884178637886343e-5  error_V_h1=0.24947346149640287  α = 0.0107
 48   -21.48193885804       -8.99       -3.80    44.8s
    hm1_norm_ρdiff=0.0001277508163304753 hm1_norm_Δρ=4.6625414576179716e-5  error_V_h1=0.24962911539526156  α = 0.00445
 49   -21.48193885866       -9.21       -4.04    40.6s
    hm1_norm_ρdiff=9.360131039463248e-5 hm1_norm_Δρ=3.137394972482882e-5  error_V_h1=0.25050109043878765  α = 0.00979
 50   -21.48193887312       -7.84       -3.31    44.7s
    hm1_norm_ρdiff=0.0001768017794720108 hm1_norm_Δρ=0.00017220258464973107  error_V_h1=0.24650453556687293  α = 0.00441
 51   -21.48193887332       -9.69       -4.41    31.3s
    hm1_norm_ρdiff=0.00011508815047807199 hm1_norm_Δρ=1.0181482332782196e-5  error_V_h1=0.24835448773676583  α = 0.0457
 52   -21.48193887757       -8.37       -3.73    40.3s
    hm1_norm_ρdiff=0.00010837846747766344 hm1_norm_Δρ=5.547139388696377e-5  error_V_h1=0.2449265030649117  α = 0.0103
 53   -21.48193888056       -8.52       -4.47    31.3s
    hm1_norm_ρdiff=0.00011418535665076844 hm1_norm_Δρ=7.730347852271226e-6  error_V_h1=0.24456576731859106  α = 0.0444
 54   -21.48193888207       -8.82       -4.23    35.9s
    hm1_norm_ρdiff=0.00011276834869981798 hm1_norm_Δρ=1.5869070331155643e-5  error_V_h1=0.2432814316227605  α = 0.023
 55   -21.48193888267       -9.22       -3.76    40.5s
    hm1_norm_ρdiff=0.00013238638423582303 hm1_norm_Δρ=4.809009307835076e-5  error_V_h1=0.23968414579890304  α = 0.0093
 56   -21.48193888321       -9.27       -3.63    45.0s
    hm1_norm_ρdiff=0.00010391745688923176 hm1_norm_Δρ=5.432356820254237e-5  error_V_h1=0.23801143572739408  α = 0.00418
 57   -21.48193888401       -9.10       -4.72    31.3s
    hm1_norm_ρdiff=0.0001159699471327783 hm1_norm_Δρ=4.782601759144063e-6  error_V_h1=0.23899940093481273  α = 0.0425
 58   -21.48193888448       -9.33       -4.56    35.8s
    hm1_norm_ρdiff=0.00011244673325819017 hm1_norm_Δρ=7.401202024560599e-6  error_V_h1=0.2373602153126014  α = 0.0222
 59   -21.48193888469       -9.67       -4.13    44.8s
    hm1_norm_ρdiff=0.00011738143251318571 hm1_norm_Δρ=2.4072486905694047e-5  error_V_h1=0.23711061672004854  α = 0.00446
 60   -21.48193888485       -9.81       -3.80    49.4s
    hm1_norm_ρdiff=9.47087978430356e-5 hm1_norm_Δρ=4.405801714982154e-5  error_V_h1=0.23728115234597058  α = 0.00168
 61   -21.48193888488      -10.50       -4.25    40.3s
    hm1_norm_ρdiff=0.00011090132805736621 hm1_norm_Δρ=2.0199341052334446e-5  error_V_h1=0.2370655283030568  α = 0.00909
 62   -21.48193888565       -9.11       -3.83    40.3s
    hm1_norm_ρdiff=0.00010823037697042292 hm1_norm_Δρ=4.343863571822131e-5  error_V_h1=0.23623437543243284  α = 0.00937
 63   -21.48193888581       -9.79       -4.51    35.8s
    hm1_norm_ρdiff=0.00011516197669407261 hm1_norm_Δρ=7.630866200775766e-6  error_V_h1=0.2369481358299052  α = 0.0226
 64   -21.48193888613       -9.49       -4.30    40.3s
    hm1_norm_ρdiff=0.0001096171960622202 hm1_norm_Δρ=1.2839788407378215e-5  error_V_h1=0.23654303418584025  α = 0.0103
 65   -21.48193888629       -9.80       -4.48    35.7s
    hm1_norm_ρdiff=0.00011303709766858615 hm1_norm_Δρ=9.094983822412368e-6  error_V_h1=0.2383744389347478  α = 0.0223
 66   -21.48193888720       -9.04       -3.81    44.6s
    hm1_norm_ρdiff=0.00011304366189786247 hm1_norm_Δρ=4.1388078159683957e-5  error_V_h1=0.23942045373626306  α = 0.00449
 67   -21.48193888726      -10.23       -4.31    44.9s
    hm1_norm_ρdiff=0.00011599892232897202 hm1_norm_Δρ=1.109889079298212e-5  error_V_h1=0.2397394941377309  α = 0.00448
 68   -21.48193888735      -10.03       -4.25    44.9s
    hm1_norm_ρdiff=0.00010169390572343067 hm1_norm_Δρ=1.6348648783876496e-5  error_V_h1=0.2395863022227321  α = 0.00379
 69   -21.48193888775       -9.40       -5.34    22.3s
    hm1_norm_ρdiff=0.00011342277528291327 hm1_norm_Δρ=1.2580380185610597e-6  error_V_h1=0.2425440801386448  α = 0.166
 70   -21.48193888784      -10.03       -4.27    40.4s
    hm1_norm_ρdiff=0.00011452308651923302 hm1_norm_Δρ=1.8599021331563597e-5  error_V_h1=0.24258615583847928  α = 0.00911
 71   -21.48193888802       -9.75       -4.44    35.9s
    hm1_norm_ρdiff=0.00011792408721561825 hm1_norm_Δρ=9.757213308461089e-6  error_V_h1=0.24181501163647295  α = 0.022
 72   -21.48193888830       -9.56       -4.22    40.5s
    hm1_norm_ρdiff=0.00011719600506834111 hm1_norm_Δρ=1.9062485573163256e-5  error_V_h1=0.2416553741493708  α = 0.00969
 73   -21.48193888838      -10.06       -4.21    44.4s
    hm1_norm_ρdiff=0.00011509730099293763 hm1_norm_Δρ=2.050112691421646e-5  error_V_h1=0.24147828571730545  α = 0.004
 74   -21.48193888838      -13.60       -4.72     130s
    hm1_norm_ρdiff=0.0001123065138033469 hm1_norm_Δρ=4.617487019576716e-6  error_V_h1=0.2414782855518077  α = 7.97e-9
 75   -21.48193888846      -10.11       -4.70    40.2s
    hm1_norm_ρdiff=0.00011147179692973826 hm1_norm_Δρ=6.476918163854682e-6  error_V_h1=0.24110441758669404  α = 0.0106
 76   -21.48193888861       -9.82       -4.60    40.4s
    hm1_norm_ρdiff=0.00011338421357138726 hm1_norm_Δρ=5.538242077825605e-6  error_V_h1=0.2406143233863409  α = 0.0109
 77   -21.48193888862      -11.41       -4.77    45.1s
    hm1_norm_ρdiff=0.00011268721555200324 hm1_norm_Δρ=5.375698015278435e-6  error_V_h1=0.24067186998439502  α = 0.00322
 78   -21.48193888863      -10.91       -4.45    45.0s
    hm1_norm_ρdiff=0.00011351644118751981 hm1_norm_Δρ=8.605662666140461e-6  error_V_h1=0.2405392425196698  α = 0.00332
 79   -21.48193888870      -10.16       -4.09    45.1s
    hm1_norm_ρdiff=9.654066051322167e-5 hm1_norm_Δρ=2.4791845885191184e-5  error_V_h1=0.24023299883495777  α = 0.00388
 80   -21.48193888900       -9.52       -4.72    36.1s
    hm1_norm_ρdiff=0.00011028773018712609 hm1_norm_Δρ=5.390556759084754e-6  error_V_h1=0.23904478848087227  α = 0.023
 81   -21.48193888913       -9.89       -3.93    45.0s
    hm1_norm_ρdiff=0.00012609624110448836 hm1_norm_Δρ=3.965519921228631e-5  error_V_h1=0.2393015182029594  α = 0.00402
 82   -21.48193888934       -9.67       -3.98    45.2s
    hm1_norm_ρdiff=0.00010363170468979234 hm1_norm_Δρ=2.966418034564638e-5  error_V_h1=0.23972625340491058  α = 0.00418
 83   -21.48193888948       -9.86       -4.20    44.9s
    hm1_norm_ρdiff=0.0001092300967952864 hm1_norm_Δρ=2.1102404995626898e-5  error_V_h1=0.2397660874914312  α = 0.0041
 84   -21.48193888952      -10.44       -4.79    40.7s
    hm1_norm_ρdiff=0.00011320154818106483 hm1_norm_Δρ=5.018289309082895e-6  error_V_h1=0.23977960817905297  α = 0.0105
 85   -21.48193888961      -10.03       -4.96    31.5s
    hm1_norm_ρdiff=0.00011364641113536587 hm1_norm_Δρ=2.3875978770914847e-6  error_V_h1=0.23922673002694902  α = 0.0448
 86   -21.48193888968      -10.15       -5.32    31.5s
    hm1_norm_ρdiff=0.00011261305566321803 hm1_norm_Δρ=1.2371771828701038e-6  error_V_h1=0.23913568413190303  α = 0.0441
 87   -21.48193888972      -10.45       -4.83    40.4s
    hm1_norm_ρdiff=0.00011306253688631886 hm1_norm_Δρ=4.020141033961691e-6  error_V_h1=0.2391316183061059  α = 0.0107
 88   -21.48193888982       -9.98       -5.18    31.5s
    hm1_norm_ρdiff=0.00011293124593408033 hm1_norm_Δρ=1.5814853967722177e-6  error_V_h1=0.2387502730705475  α = 0.0457
 89   -21.48193888984      -10.70       -5.35    35.9s
    hm1_norm_ρdiff=0.00011297545538947466 hm1_norm_Δρ=1.4512561826014794e-6  error_V_h1=0.23884757104254456  α = 0.0232
 90   -21.48193888986      -10.79       -4.56    45.1s
    hm1_norm_ρdiff=0.00011790686456082786 hm1_norm_Δρ=8.164620886580881e-6  error_V_h1=0.2390083899004527  α = 0.00428
 91   -21.48193888989      -10.47       -5.00    35.9s
    hm1_norm_ρdiff=0.00011236881797330045 hm1_norm_Δρ=2.855898396168098e-6  error_V_h1=0.23904736213138947  α = 0.0222
 92   -21.48193888992      -10.52       -4.56    45.2s
    hm1_norm_ρdiff=0.00011231377260958042 hm1_norm_Δρ=7.588955158363228e-6  error_V_h1=0.23918716553957106  α = 0.00424
 93   -21.48193888993      -10.84       -4.73    45.2s
    hm1_norm_ρdiff=0.00011562601508615327 hm1_norm_Δρ=5.131663108517635e-6  error_V_h1=0.2392384442688851  α = 0.00446
 94   -21.48193888994      -11.24       -4.95    40.7s
    hm1_norm_ρdiff=0.00011365879270175962 hm1_norm_Δρ=3.5197275051095676e-6  error_V_h1=0.23920620496100642  α = 0.00973
 95   -21.48193888996      -10.74       -4.94    40.6s
    hm1_norm_ρdiff=0.00011285758429511596 hm1_norm_Δρ=2.879512626995866e-6  error_V_h1=0.23927390950199784  α = 0.0109
 96   -21.48193888996      -11.21       -4.62    40.6s
    hm1_norm_ρdiff=0.00011053515145922102 hm1_norm_Δρ=5.210753523908349e-6  error_V_h1=0.23946032202961698  α = 0.00887
 97   -21.48193888997      -11.09       -5.05    40.7s
    hm1_norm_ρdiff=0.00011389593944289464 hm1_norm_Δρ=2.560820804240845e-6  error_V_h1=0.23949527215952812  α = 0.00959
 98   -21.48193888998      -10.94       -5.43    36.1s
    hm1_norm_ρdiff=0.00011312162875007687 hm1_norm_Δρ=9.425111392889232e-7  error_V_h1=0.23949446483383216  α = 0.0204
 99   -21.48193888999      -11.22       -5.32    36.0s
    hm1_norm_ρdiff=0.00011316958390210593 hm1_norm_Δρ=1.3496552082779758e-6  error_V_h1=0.23959575045966544  α = 0.0224
 100   -21.48193888999      -11.54       -5.24    40.6s
    hm1_norm_ρdiff=0.00011286616853008992 hm1_norm_Δρ=1.8458535101081152e-6  error_V_h1=0.23959416144794687  α = 0.0103
 101   -21.48193889000      -11.46       -4.84    45.3s
    hm1_norm_ρdiff=0.00011068962862698083 hm1_norm_Δρ=4.63968555191904e-6  error_V_h1=0.2395181637816098  α = 0.00423
 102   -21.48193889001      -10.83       -5.05    40.6s
    hm1_norm_ρdiff=0.00011336153232869514 hm1_norm_Δρ=2.9838255958704567e-6  error_V_h1=0.239588189107275  α = 0.00995
 103   -21.48193889002      -11.03       -5.49    36.1s
    hm1_norm_ρdiff=0.00011269869733180688 hm1_norm_Δρ=7.884628365398066e-7  error_V_h1=0.23961794954401566  α = 0.0226
 104   -21.48193889003      -11.29       -5.37    40.7s
    hm1_norm_ρdiff=0.00011332984340300524 hm1_norm_Δρ=1.4382555607113357e-6  error_V_h1=0.23957708962992263  α = 0.0107
 105   -21.48193889003      -11.08       -4.65    45.1s
    hm1_norm_ρdiff=0.00011183446473444801 hm1_norm_Δρ=5.663201325678978e-6  error_V_h1=0.23953339571247248  α = 0.00426
 106   -21.48193889004      -11.20       -5.22    40.6s
    hm1_norm_ρdiff=0.00011272817822189962 hm1_norm_Δρ=1.5853445124674842e-6  error_V_h1=0.23952269642129104  α = 0.0106
 107   -21.48193889004      -11.29       -4.78    45.1s
    hm1_norm_ρdiff=0.00011427852731261358 hm1_norm_Δρ=3.3080749203646792e-6  error_V_h1=0.23945921929504893  α = 0.00444
 108   -21.48193889005      -11.48       -4.89    45.5s
    hm1_norm_ρdiff=0.00011096533962571258 hm1_norm_Δρ=3.821354608176059e-6  error_V_h1=0.23939200595532134  α = 0.00414
 109   -21.48193889005      -11.19       -5.76    31.6s
    hm1_norm_ρdiff=0.00011303124830687872 hm1_norm_Δρ=4.627470652427579e-7  error_V_h1=0.23933177601745276  α = 0.0442
 110   -21.48193889006      -11.02       -5.06    40.9s
    hm1_norm_ρdiff=0.00011248774433940073 hm1_norm_Δρ=2.2272981211895606e-6  error_V_h1=0.23928902311520317  α = 0.0104
 111   -21.48193889007      -11.37       -5.93    31.7s
    hm1_norm_ρdiff=0.00011302987179061716 hm1_norm_Δρ=3.0119404931656965e-7  error_V_h1=0.23929575227388325  α = 0.043
 112   -21.48193889007      -12.20       -5.81    36.1s
    hm1_norm_ρdiff=0.00011285506632318882 hm1_norm_Δρ=4.238447485098198e-7  error_V_h1=0.23927060527220984  α = 0.0231
 113   -21.48193889007      -11.70       -5.45    40.8s
    hm1_norm_ρdiff=0.00011302999324888699 hm1_norm_Δρ=1.0109256957352249e-6  error_V_h1=0.23928053575108674  α = 0.0106
 114   -21.48193889007      -11.62       -5.44    40.6s
    hm1_norm_ρdiff=0.00011257120121281356 hm1_norm_Δρ=9.92451697463836e-7  error_V_h1=0.2392785491069916  α = 0.0105
 115   -21.48193889007      -12.39       -5.74    36.2s
    hm1_norm_ρdiff=0.00011323526752929105 hm1_norm_Δρ=6.31880230365052e-7  error_V_h1=0.239330275482161  α = 0.022
 116   -21.48193889007      -12.01       -5.35    40.7s
    hm1_norm_ρdiff=0.00011267140883321338 hm1_norm_Δρ=1.3282199051095658e-6  error_V_h1=0.23940071188393713  α = 0.01
 117   -21.48193889008      -11.70       -5.47    40.8s
    hm1_norm_ρdiff=0.00011293236689343997 hm1_norm_Δρ=8.521047362241604e-7  error_V_h1=0.2394498696358938  α = 0.0107
 118   -21.48193889008      -12.15       -5.06    45.2s
    hm1_norm_ρdiff=0.00011258148496263053 hm1_norm_Δρ=1.7341451379308833e-6  error_V_h1=0.23948384034376474  α = 0.00444
 119   -21.48193889008      -12.48       -5.80    40.9s
    hm1_norm_ρdiff=0.00011270000078642155 hm1_norm_Δρ=4.6415550327391297e-7  error_V_h1=0.2394639566905784  α = 0.0107
 120   -21.48193889008      -11.85       -5.23    45.3s
    hm1_norm_ρdiff=0.00011222232777405869 hm1_norm_Δρ=1.756389211992876e-6  error_V_h1=0.23947445374505183  α = 0.00414
 121   -21.48193889008      -11.98       -5.70    40.6s
    hm1_norm_ρdiff=0.00011287260962483014 hm1_norm_Δρ=5.538330865706298e-7  error_V_h1=0.23950277585129234  α = 0.0107
 122   -21.48193889008      -12.08       -5.67    40.6s
    hm1_norm_ρdiff=0.00011251840473509869 hm1_norm_Δρ=6.570381274616334e-7  error_V_h1=0.23949363731798606  α = 0.01
 123   -21.48193889008      -11.81       -5.51    40.6s
    hm1_norm_ρdiff=0.00011274370159115532 hm1_norm_Δρ=7.550492247494189e-7  error_V_h1=0.23950667389152733  α = 0.0104
 124   -21.48193889008      -11.95       -5.68    40.8s
    hm1_norm_ρdiff=0.00011297597344475375 hm1_norm_Δρ=5.492858049994999e-7  error_V_h1=0.23950883786106222  α = 0.0106
 125   -21.48193889009      -11.68       -5.73    36.2s
    hm1_norm_ρdiff=0.00011294935571667146 hm1_norm_Δρ=4.6979619442118104e-7  error_V_h1=0.23949763828345827  α = 0.0232
 126   -21.48193889009      -12.30       -5.41    45.4s
    hm1_norm_ρdiff=0.00011208537702815052 hm1_norm_Δρ=1.2879947163994416e-6  error_V_h1=0.23947142114894862  α = 0.00426
 127   -21.48193889009      -12.29       -5.52    40.6s
    hm1_norm_ρdiff=0.00011300434585909029 hm1_norm_Δρ=7.831056686273257e-7  error_V_h1=0.23941255402713038  α = 0.0101
 128   -21.48193889009      -12.20       -6.12    31.6s
    hm1_norm_ρdiff=0.00011288700374275106 hm1_norm_Δρ=1.9064466686352256e-7  error_V_h1=0.23935651008082806  α = 0.0465
 129   -21.48193889009      -12.18       -5.74    40.8s
    hm1_norm_ρdiff=0.00011279009191646558 hm1_norm_Δρ=4.918643525106695e-7  error_V_h1=0.23933977830330452  α = 0.00977
 130   -21.48193889009      -12.36       -6.06    36.2s
    hm1_norm_ρdiff=0.00011292205320613236 hm1_norm_Δρ=2.2048909451576824e-7  error_V_h1=0.2393414477689985  α = 0.0226
 131   -21.48193889009      -12.68       -5.36    45.4s
    hm1_norm_ρdiff=0.00011330816969313324 hm1_norm_Δρ=1.2522352648921655e-6  error_V_h1=0.23933796284477415  α = 0.0041
 132   -21.48193889009      -12.87       -5.91    36.2s
    hm1_norm_ρdiff=0.00011283364380117013 hm1_norm_Δρ=3.2600993443053315e-7  error_V_h1=0.23931053357089563  α = 0.0213
 133   -21.48193889009      -12.37       -5.25    45.4s
    hm1_norm_ρdiff=0.00011395998973587233 hm1_norm_Δρ=1.8033835251459154e-6  error_V_h1=0.23932407731446637  α = 0.00391
 134   -21.48193889009      -13.03       -5.76    40.7s
    hm1_norm_ρdiff=0.00011301475838300681 hm1_norm_Δρ=4.5274434363654107e-7  error_V_h1=0.23932611260174733  α = 0.00998
 135   -21.48193889009      -12.50       -6.02    35.9s
    hm1_norm_ρdiff=0.0001128922676111759 hm1_norm_Δρ=2.1803631309155487e-7  error_V_h1=0.23933717858894185  α = 0.0228
 136   -21.48193889009      -12.75       -5.93    35.9s
    hm1_norm_ρdiff=0.00011294338340800532 hm1_norm_Δρ=3.121163918189213e-7  error_V_h1=0.23934314813206836  α = 0.0224
 137   -21.48193889009      -12.25       -5.93    36.0s
    hm1_norm_ρdiff=0.00011279767289415917 hm1_norm_Δρ=3.142989911903851e-7  error_V_h1=0.2393383431305899  α = 0.0229
 138   -21.48193889009      -12.32       -5.95    40.6s
    hm1_norm_ρdiff=0.00011270344731814896 hm1_norm_Δρ=3.9691010386407893e-7  error_V_h1=0.23934416650266538  α = 0.0105
 139   -21.48193889009      -12.52       -5.47    40.4s
    hm1_norm_ρdiff=0.00011320818460095596 hm1_norm_Δρ=9.026498079775908e-7  error_V_h1=0.23937603439613042  α = 0.00924
 140   -21.48193889009      -13.02       -6.24    31.5s
    hm1_norm_ρdiff=0.00011285455967358978 hm1_norm_Δρ=1.5246925347769694e-7  error_V_h1=0.23937941694021878  α = 0.046
 141   -21.48193889009      -12.44       -6.52    26.8s
    hm1_norm_ρdiff=0.00011289337444997862 hm1_norm_Δρ=6.697393586680842e-8  error_V_h1=0.23937295365217268  α = 0.0872
 142   -21.48193889009      -13.30       -5.81    40.8s
    hm1_norm_ρdiff=0.00011278054139224072 hm1_norm_Δρ=4.072963570745765e-7  error_V_h1=0.23936988360444325  α = 0.00979
 143   -21.48193889009      -12.51       -5.83    40.8s
    hm1_norm_ρdiff=0.00011294070740985079 hm1_norm_Δρ=3.9784852790336713e-7  error_V_h1=0.23937054116442388  α = 0.0103
 144   -21.48193889009      -12.68       -5.96    40.8s
    hm1_norm_ρdiff=0.00011271048624173894 hm1_norm_Δρ=3.293763131056733e-7  error_V_h1=0.2393589123083407  α = 0.0108
 145   -21.48193889009      -13.00       -5.88    40.7s
    hm1_norm_ρdiff=0.00011303990913482474 hm1_norm_Δρ=3.875275071876124e-7  error_V_h1=0.2393598110200294  α = 0.00991
 146   -21.48193889009      -12.25       -6.04    36.0s
    hm1_norm_ρdiff=0.00011291787348138934 hm1_norm_Δρ=1.9806878341365794e-7  error_V_h1=0.23935806322931152  α = 0.0228
 147   -21.48193889009      -12.97       -5.93    40.5s
    hm1_norm_ρdiff=0.00011290775109927148 hm1_norm_Δρ=3.9882198522986756e-7  error_V_h1=0.23935772133052222  α = 0.00988
 148   -21.48193889009      -12.72       -6.32    31.5s
    hm1_norm_ρdiff=0.000112875637419388 hm1_norm_Δρ=1.0618125585989467e-7  error_V_h1=0.23936095179049685  α = 0.0467
 149   -21.48193889009      -13.00       -5.92    40.4s
    hm1_norm_ρdiff=0.0001128014403849137 hm1_norm_Δρ=3.590769972094599e-7  error_V_h1=0.23936334829937397  α = 0.0101
 150   -21.48193889009      -12.76       -6.00    40.7s
    hm1_norm_ρdiff=0.0001128146124722914 hm1_norm_Δρ=3.094898853797257e-7  error_V_h1=0.2393540213528105  α = 0.0103
 151   -21.48193889009      -13.45       -5.97    45.0s
    hm1_norm_ρdiff=0.0001130945245167081 hm1_norm_Δρ=3.399681039599322e-7  error_V_h1=0.23935459349323115  α = 0.00428
 152   -21.48193889009      -12.79       -6.06    40.5s
    hm1_norm_ρdiff=0.00011279107370975878 hm1_norm_Δρ=2.520126031233407e-7  error_V_h1=0.2393585809622744  α = 0.0104
 153   -21.48193889009      -13.30       -6.24    36.0s
    hm1_norm_ρdiff=0.00011289283126225624 hm1_norm_Δρ=1.3880542632441398e-7  error_V_h1=0.23936807390216608  α = 0.0227
 154   -21.48193889009      -13.22       -6.23    40.6s
    hm1_norm_ρdiff=0.00011286237344070241 hm1_norm_Δρ=1.5064680993160287e-7  error_V_h1=0.23936926645675563  α = 0.0106
 155   -21.48193889009      -13.50       -6.32    35.8s
    hm1_norm_ρdiff=0.00011287869617240947 hm1_norm_Δρ=1.18687847598785e-7  error_V_h1=0.23937399236276874  α = 0.0223
 156   -21.48193889009      -14.45       -6.03    45.2s
    hm1_norm_ρdiff=0.00011277233936506526 hm1_norm_Δρ=2.9042518605819264e-7  error_V_h1=0.23937257637507517  α = 0.00447
 157   -21.48193889009      -13.02       -6.19    40.6s
    hm1_norm_ρdiff=0.00011296303287176981 hm1_norm_Δρ=1.6903872423568675e-7  error_V_h1=0.23938287012834428  α = 0.0108
 158   -21.48193889009      -13.25       -6.00    40.3s
    hm1_norm_ρdiff=0.00011285430351591646 hm1_norm_Δρ=3.531005000975759e-7  error_V_h1=0.23938064395303132  α = 0.00919
 159   -21.48193889009      -12.86       -6.06    40.4s
    hm1_norm_ρdiff=0.00011290851651121533 hm1_norm_Δρ=2.0849632956854465e-7  error_V_h1=0.23937770549316192  α = 0.0107
 160   -21.48193889009      -13.55       -6.11    44.9s
    hm1_norm_ρdiff=0.0001129396217606622 hm1_norm_Δρ=2.460496199477472e-7  error_V_h1=0.23937677898752388  α = 0.00436
 161   -21.48193889009      -13.60       -6.62    36.0s
    hm1_norm_ρdiff=0.00011289353416192033 hm1_norm_Δρ=6.035881527887401e-8  error_V_h1=0.23937651523364536  α = 0.0228
 162   -21.48193889009      -13.85       -6.36    40.5s
    hm1_norm_ρdiff=0.00011283910114915724 hm1_norm_Δρ=1.1396001535861904e-7  error_V_h1=0.23937215546942345  α = 0.0107
 163   -21.48193889009      -13.67       -6.13    45.1s
    hm1_norm_ρdiff=0.00011305541968115446 hm1_norm_Δρ=2.585953507572175e-7  error_V_h1=0.23937149474064676  α = 0.0033
 164   -21.48193889009      -13.22       -6.26    36.1s
    hm1_norm_ρdiff=0.00011288549292963434 hm1_norm_Δρ=1.3128370040098786e-7  error_V_h1=0.2393688034164437  α = 0.0224
 165   -21.48193889009      -13.37       -6.81    31.7s
    hm1_norm_ρdiff=0.00011289207641380103 hm1_norm_Δρ=3.75997575176452e-8  error_V_h1=0.2393688723804044  α = 0.0465
    Stopping to avoid numerical instabilities.
 166   -21.48193889009      -13.55       -6.72    36.0s
    hm1_norm_ρdiff=0.00011288795417407872 hm1_norm_Δρ=5.457645015858141e-8  error_V_h1=0.23937049122568027  α = 0.0196

#-- |ρε - ρref| = 0.00011288825323591422 vs. 1.7782794100389228e-8 = δ*ε  error_V_h1=0.23937354766549787


# --- ε=1.0e-6

n     Energy            log10(ΔE)   log10(Δρ)   Δtime
---   ---------------   ---------   ---------   ------
  1   -21.48179809773                   -0.89    64.7s
    hm1_norm_ρdiff=0.08207965785745862 hm1_norm_Δρ=0.0820208436662802  error_V_h1=1.53293075761593  α = 0.000564
  2   -21.48180404454       -5.23       -1.79    44.8s
    hm1_norm_ρdiff=0.006827014854584234 hm1_norm_Δρ=0.006814158336814143  error_V_h1=1.2058694677070723  α = 0.00369
  3   -21.48180571729       -5.78       -2.09    44.9s
    hm1_norm_ρdiff=0.0031876273992852595 hm1_norm_Δρ=0.0031798966083669772  error_V_h1=1.1019628588889465  α = 0.0038
  4   -21.48180749926       -5.75       -2.23    44.8s
    hm1_norm_ρdiff=0.0021241335003509927 hm1_norm_Δρ=0.002116137174983782  error_V_h1=0.9800159217835066  α = 0.00413
  5   -21.48180832534       -6.08       -2.84    35.8s
    hm1_norm_ρdiff=0.000372870219935237 hm1_norm_Δρ=0.0003654001648183174  error_V_h1=0.932840118351612  α = 0.0227
  6   -21.48180845836       -6.88       -3.02    35.9s
    hm1_norm_ρdiff=0.0002817480733070092 hm1_norm_Δρ=0.0002761554458647037  error_V_h1=0.9330307986125953  α = 0.0218
  7   -21.48180864521       -6.73       -2.86    40.2s
    hm1_norm_ρdiff=0.0003924121818571637 hm1_norm_Δρ=0.000388528600719609  error_V_h1=0.9221778214488758  α = 0.00994
  8   -21.48180891430       -6.57       -3.24    31.4s
    hm1_norm_ρdiff=0.00013882711232916935 hm1_norm_Δρ=0.00013015280032669402  error_V_h1=0.9088032722800573  α = 0.0465
  9   -21.48180951105       -6.22       -3.20    35.9s
    hm1_norm_ρdiff=0.00016073076658552345 hm1_norm_Δρ=0.00015486253172497118  error_V_h1=0.8589780320978725  α = 0.0227
 10   -21.48180967500       -6.79       -3.19    31.5s
    hm1_norm_ρdiff=0.0001672068822648329 hm1_norm_Δρ=0.00016803173708594498  error_V_h1=0.8449108962716945  α = 0.0461
 11   -21.48181041542       -6.13       -3.15    31.5s
    hm1_norm_ρdiff=0.0001752561158968367 hm1_norm_Δρ=0.00018017272896314162  error_V_h1=0.7642573156816043  α = 0.0465
 12   -21.48181046517       -7.30       -2.93    45.2s
    hm1_norm_ρdiff=0.0006138943410278966 hm1_norm_Δρ=0.0006729911577651842  error_V_h1=0.7583208396477366  α = 0.00364
 13   -21.48181137592       -6.04       -2.07    45.1s
    hm1_norm_ρdiff=0.0023435544738265954 hm1_norm_Δρ=0.0023567199197579657  error_V_h1=0.6528359566014434  α = 0.00379
 14   -21.48181167162       -6.53       -2.32    49.7s
    hm1_norm_ρdiff=0.0016846525851362151 hm1_norm_Δρ=0.0016901998494464733  error_V_h1=0.611207549139078  α = 0.00163
 15   -21.48181176641       -7.02       -2.87    44.7s
    hm1_norm_ρdiff=0.00047174542118074244 hm1_norm_Δρ=0.0004732288421451887  error_V_h1=0.5936605668225066  α = 0.00418
 16   -21.48181201722       -6.60       -3.04    40.1s
    hm1_norm_ρdiff=0.00023825176353262542 hm1_norm_Δρ=0.00022869504263007076  error_V_h1=0.5506419499136059  α = 0.0107
 17   -21.48181213197       -6.94       -2.92    40.6s
    hm1_norm_ρdiff=0.00035952131742436914 hm1_norm_Δρ=0.0003524954814312938  error_V_h1=0.5235245102307058  α = 0.00963
 18   -21.48181216227       -7.52       -3.05    40.6s
    hm1_norm_ρdiff=0.0002590585766394137 hm1_norm_Δρ=0.00025074615260500284  error_V_h1=0.5120968630161687  α = 0.00944
 19   -21.48181224406       -7.09       -3.07    36.0s
    hm1_norm_ρdiff=0.0002079507062477457 hm1_norm_Δρ=0.00019484491176304276  error_V_h1=0.4797829910625697  α = 0.0221
 20   -21.48181232150       -7.11       -3.68    31.5s
    hm1_norm_ρdiff=7.560786561708484e-5 hm1_norm_Δρ=4.605459736586595e-5  error_V_h1=0.46674684518345705  α = 0.0464
 21   -21.48181275472       -6.36       -2.84    40.7s
    hm1_norm_ρdiff=0.0004115637551865941 hm1_norm_Δρ=0.00039597330278647746  error_V_h1=0.3856339595431582  α = 0.0104
 22   -21.48181308218       -6.48       -2.82    40.6s
    hm1_norm_ρdiff=0.0004108406732195397 hm1_norm_Δρ=0.00039061238654794755  error_V_h1=0.30291943536837435  α = 0.0102
 23   -21.48181311446       -7.49       -2.56    54.2s
    hm1_norm_ρdiff=0.0015954293203498903 hm1_norm_Δρ=0.0015370976216847855  error_V_h1=0.2976748924341904  α = 0.000564
 24   -21.48181329851       -6.74       -2.39    45.1s
    hm1_norm_ρdiff=0.0011322299515868562 hm1_norm_Δρ=0.001121159983488345  error_V_h1=0.29391093141809893  α = 0.00375
 25   -21.48181332265       -7.62       -3.75    36.0s
    hm1_norm_ρdiff=7.351934726377629e-5 hm1_norm_Δρ=4.240450718998241e-5  error_V_h1=0.2920452911193034  α = 0.0231
 26   -21.48181332567       -8.52       -3.36    44.9s
    hm1_norm_ρdiff=0.00020515305931379207 hm1_norm_Δρ=0.0001967380381911847  error_V_h1=0.2922023334873665  α = 0.00354
 27   -21.48181334034       -7.83       -3.67    40.6s
    hm1_norm_ρdiff=9.53005997944386e-5 hm1_norm_Δρ=6.377926620436918e-5  error_V_h1=0.29325085999003975  α = 0.0106
 28   -21.48181338324       -7.37       -3.16    40.5s
    hm1_norm_ρdiff=0.0002139923017332862 hm1_norm_Δρ=0.0002088567452597676  error_V_h1=0.2910640674523588  α = 0.0097
 29   -21.48181339588       -7.90       -3.10    40.4s
    hm1_norm_ρdiff=0.00022645579777346355 hm1_norm_Δρ=0.0002207478875402101  error_V_h1=0.2964718743886611  α = 0.00922
 30   -21.48181350180       -6.98       -3.14    40.6s
    hm1_norm_ρdiff=0.00018632996314434612 hm1_norm_Δρ=0.00018189044667106717  error_V_h1=0.2738400275665627  α = 0.0106
 31   -21.48181352009       -7.74       -3.60    35.8s
    hm1_norm_ρdiff=8.878598991599965e-5 hm1_norm_Δρ=5.748135738305993e-5  error_V_h1=0.2681613097341936  α = 0.0226
 32   -21.48181354664       -7.58       -3.50    40.5s
    hm1_norm_ρdiff=9.528988342495122e-5 hm1_norm_Δρ=8.360711205875302e-5  error_V_h1=0.26097065765736716  α = 0.0106
 33   -21.48181357358       -7.57       -3.34    40.4s
    hm1_norm_ρdiff=0.00012022472076193393 hm1_norm_Δρ=0.00012017117419580406  error_V_h1=0.2522714681517117  α = 0.0101
 34   -21.48181357536       -8.75       -3.99    40.5s
    hm1_norm_ρdiff=3.4517928558698555e-5 hm1_norm_Δρ=4.2596552353672746e-5  error_V_h1=0.25059637425781495  α = 0.00976
 35   -21.48181361183       -7.44       -2.61    45.1s
    hm1_norm_ρdiff=0.0006079349223862031 hm1_norm_Δρ=0.0006051126337733416  error_V_h1=0.2222417867819319  α = 0.00363
 36   -21.48181361825       -8.19       -3.99    36.0s
    hm1_norm_ρdiff=7.089206777958966e-5 hm1_norm_Δρ=2.5362694774541137e-5  error_V_h1=0.21589269747904882  α = 0.023
 37   -21.48181362154       -8.48       -3.39    49.5s
    hm1_norm_ρdiff=0.00018952758987759888 hm1_norm_Δρ=0.0001773956416002213  error_V_h1=0.21421358434410456  α = 0.00163
 38   -21.48181362580       -8.37       -3.96    36.1s
    hm1_norm_ρdiff=6.663478302022934e-5 hm1_norm_Δρ=2.8342085210315567e-5  error_V_h1=0.2072481624493474  α = 0.0227
 39   -21.48181364041       -7.84       -3.37    40.4s
    hm1_norm_ρdiff=0.00014239505607597334 hm1_norm_Δρ=0.00012214537749165012  error_V_h1=0.19933901404806895  α = 0.00973
 40   -21.48181366589       -7.59       -3.18    45.1s
    hm1_norm_ρdiff=0.00021020828436658334 hm1_norm_Δρ=0.0001944597632295713  error_V_h1=0.1880589236977962  α = 0.00437
 41   -21.48181366980       -8.41       -3.91    40.6s
    hm1_norm_ρdiff=7.598885782115709e-5 hm1_norm_Δρ=3.427221436546682e-5  error_V_h1=0.1852727625697972  α = 0.0106
 42   -21.48181367137       -8.80       -3.78    36.1s
    hm1_norm_ρdiff=6.80570033691161e-5 hm1_norm_Δρ=3.518491343061381e-5  error_V_h1=0.1861890236152924  α = 0.0219
 43   -21.48181367378       -8.62       -4.20    36.1s
    hm1_norm_ρdiff=7.111496294919815e-5 hm1_norm_Δρ=1.6214844608730297e-5  error_V_h1=0.18575121576820958  α = 0.0229
 44   -21.48181367602       -8.65       -3.92    36.0s
    hm1_norm_ρdiff=7.930297659589056e-5 hm1_norm_Δρ=3.5569789268580964e-5  error_V_h1=0.1857874074841597  α = 0.0218
 45   -21.48181367689       -9.06       -3.54    49.9s
    hm1_norm_ρdiff=0.00016102357553953212 hm1_norm_Δρ=0.0001046986487135253  error_V_h1=0.1866273584697242  α = 0.00157
 46   -21.48181368968       -7.89       -2.83    44.9s
    hm1_norm_ρdiff=0.0003386104181990372 hm1_norm_Δρ=0.0003385771645178208  error_V_h1=0.1955353361517964  α = 0.00367
 47   -21.48181369264       -8.53       -4.08    40.4s
    hm1_norm_ρdiff=6.408098867200047e-5 hm1_norm_Δρ=2.1839889456406906e-5  error_V_h1=0.19619360589292134  α = 0.0107
 48   -21.48181369408       -8.84       -4.19    40.5s
    hm1_norm_ρdiff=6.752681070205761e-5 hm1_norm_Δρ=1.9376346601794837e-5  error_V_h1=0.19666568626095704  α = 0.0106
 49   -21.48181369827       -8.38       -3.41    45.2s
    hm1_norm_ρdiff=0.00012321373377097126 hm1_norm_Δρ=9.602402171639343e-5  error_V_h1=0.19853423627520644  α = 0.0041
 50   -21.48181370136       -8.51       -3.69    40.3s
    hm1_norm_ρdiff=8.165875629563726e-5 hm1_norm_Δρ=6.111589391234183e-5  error_V_h1=0.1965473196668998  α = 0.0096
 51   -21.48181370230       -9.03       -4.28    40.5s
    hm1_norm_ρdiff=6.486954297244925e-5 hm1_norm_Δρ=1.540400781666409e-5  error_V_h1=0.19623235218433768  α = 0.0107
 52   -21.48181370366       -8.87       -4.38    31.2s
    hm1_norm_ρdiff=6.533868089994121e-5 hm1_norm_Δρ=1.0714827887347003e-5  error_V_h1=0.19778565279250454  α = 0.0461
 53   -21.48181370676       -8.51       -3.87    40.4s
    hm1_norm_ρdiff=7.851733170202382e-5 hm1_norm_Δρ=3.39178341266051e-5  error_V_h1=0.1958455608696732  α = 0.0104
 54   -21.48181370822       -8.84       -4.03    40.3s
    hm1_norm_ρdiff=5.92930401917327e-5 hm1_norm_Δρ=2.515428275916591e-5  error_V_h1=0.1944809420399713  α = 0.0103
 55   -21.48181371227       -8.39       -3.91    40.3s
    hm1_norm_ρdiff=6.786046242963556e-5 hm1_norm_Δρ=3.614400844242052e-5  error_V_h1=0.19074640508936988  α = 0.0105
 56   -21.48181371257       -9.52       -3.49    49.5s
    hm1_norm_ρdiff=7.273814716163187e-5 hm1_norm_Δρ=0.00011354019394376394  error_V_h1=0.18979397474070517  α = 0.00137
 57   -21.48181371563       -8.51       -3.22    44.7s
    hm1_norm_ρdiff=0.00014550397824412086 hm1_norm_Δρ=0.00012484416200312358  error_V_h1=0.18134103016118155  α = 0.0039
 58   -21.48181371583       -9.70       -4.63    31.4s
    hm1_norm_ρdiff=6.362215003469652e-5 hm1_norm_Δρ=5.003813560910305e-6  error_V_h1=0.17947476060630432  α = 0.0463
 59   -21.48181371586      -10.61       -4.68    35.9s
    hm1_norm_ρdiff=6.43875791711953e-5 hm1_norm_Δρ=6.11930626284616e-6  error_V_h1=0.17918245338087815  α = 0.0219
 60   -21.48181371592      -10.18       -3.78    45.0s
    hm1_norm_ρdiff=8.241492424161549e-5 hm1_norm_Δρ=5.3581960378213466e-5  error_V_h1=0.17843080673713974  α = 0.00353
 61   -21.48181371686       -9.03       -3.93    40.4s
    hm1_norm_ρdiff=7.696053049509228e-5 hm1_norm_Δρ=3.478356202541181e-5  error_V_h1=0.17940353996488387  α = 0.00958
 62   -21.48181371718       -9.50       -4.63    36.1s
    hm1_norm_ρdiff=6.397840463397424e-5 hm1_norm_Δρ=5.752010872831734e-6  error_V_h1=0.18068452732577817  α = 0.0229
 63   -21.48181371760       -9.37       -3.79    40.7s
    hm1_norm_ρdiff=7.23878369299561e-5 hm1_norm_Δρ=4.1959685795883605e-5  error_V_h1=0.17951540648389683  α = 0.00914
 64   -21.48181371783       -9.63       -4.43    36.0s
    hm1_norm_ρdiff=6.379923413751479e-5 hm1_norm_Δρ=8.573257871954568e-6  error_V_h1=0.18086078580127235  α = 0.0222
 65   -21.48181371815       -9.49       -4.14    45.4s
    hm1_norm_ρdiff=7.641671627076816e-5 hm1_norm_Δρ=1.9812091047176833e-5  error_V_h1=0.18119640995227196  α = 0.00419
 66   -21.48181371853       -9.43       -4.49    40.8s
    hm1_norm_ρdiff=6.613986360144982e-5 hm1_norm_Δρ=8.177841277945024e-6  error_V_h1=0.1820832690977273  α = 0.0105
 67   -21.48181371863       -9.97       -4.62    40.9s
    hm1_norm_ρdiff=6.935585387285512e-5 hm1_norm_Δρ=7.620111589472105e-6  error_V_h1=0.18228877940724922  α = 0.0101
 68   -21.48181371969       -8.98       -3.45    49.8s
    hm1_norm_ρdiff=0.0001042181361569804 hm1_norm_Δρ=8.784054484837155e-5  error_V_h1=0.1834188186356548  α = 0.00173
 69   -21.48181372015       -9.33       -4.36    40.6s
    hm1_norm_ρdiff=6.485844220990774e-5 hm1_norm_Δρ=1.1423717031840513e-5  error_V_h1=0.18412467832599905  α = 0.0104
 70   -21.48181372032       -9.78       -4.14    45.2s
    hm1_norm_ρdiff=6.548016021897288e-5 hm1_norm_Δρ=2.103725072467564e-5  error_V_h1=0.18430284303353847  α = 0.00408
 71   -21.48181372035      -10.56       -4.05    45.5s
    hm1_norm_ρdiff=6.879931130231253e-5 hm1_norm_Δρ=2.883269515353995e-5  error_V_h1=0.18429510595101475  α = 0.00346
 72   -21.48181372053       -9.75       -4.19    40.7s
    hm1_norm_ρdiff=6.34819062056258e-5 hm1_norm_Δρ=1.9840340678174662e-5  error_V_h1=0.18294807182906273  α = 0.00929
 73   -21.48181372067       -9.86       -4.47    40.7s
    hm1_norm_ρdiff=6.314380569203151e-5 hm1_norm_Δρ=8.017830144146761e-6  error_V_h1=0.18212219809072575  α = 0.0101
 74   -21.48181372143       -9.12       -3.88    45.3s
    hm1_norm_ρdiff=7.33352310761154e-5 hm1_norm_Δρ=3.5702404968403346e-5  error_V_h1=0.18146288338064892  α = 0.00434
 75   -21.48181372171       -9.55       -4.42    40.4s
    hm1_norm_ρdiff=6.390570434552585e-5 hm1_norm_Δρ=8.791361530207236e-6  error_V_h1=0.18067179093853766  α = 0.0105
 76   -21.48181372174      -10.60       -5.29    31.4s
    hm1_norm_ρdiff=6.399150741630836e-5 hm1_norm_Δρ=1.2645215028142676e-6  error_V_h1=0.18094855031478324  α = 0.0463
 77   -21.48181372176      -10.67       -4.83    40.5s
    hm1_norm_ρdiff=6.166226643227538e-5 hm1_norm_Δρ=3.84253776519284e-6  error_V_h1=0.18085547731811763  α = 0.00988
 78   -21.48181372177      -10.99       -4.31    49.8s
    hm1_norm_ρdiff=5.226627250368303e-5 hm1_norm_Δρ=1.653357597949052e-5  error_V_h1=0.18079858605649526  α = 0.00144
 79   -21.48181372182      -10.31       -4.86    40.6s
    hm1_norm_ρdiff=6.35794014645568e-5 hm1_norm_Δρ=3.0352999283305696e-6  error_V_h1=0.18048868978785476  α = 0.0105
 80   -21.48181372183      -10.87       -4.64    40.9s
    hm1_norm_ρdiff=6.370882201249473e-5 hm1_norm_Δρ=6.285053266697568e-6  error_V_h1=0.18048300352833674  α = 0.00922
 81   -21.48181372188      -10.39       -4.44    45.3s
    hm1_norm_ρdiff=6.568701742345634e-5 hm1_norm_Δρ=1.0237903804046556e-5  error_V_h1=0.18045696723189436  α = 0.00407
 82   -21.48181372190      -10.66       -4.25    45.3s
    hm1_norm_ρdiff=6.76799825161071e-5 hm1_norm_Δρ=1.686292407084042e-5  error_V_h1=0.18057936824533663  α = 0.00348
 83   -21.48181372210       -9.69       -4.32    45.3s
    hm1_norm_ρdiff=6.856863185823592e-5 hm1_norm_Δρ=1.4474887995428553e-5  error_V_h1=0.18101589656199835  α = 0.00439
 84   -21.48181372212      -10.79       -4.75    40.7s
    hm1_norm_ρdiff=6.460584627577942e-5 hm1_norm_Δρ=4.499374758398252e-6  error_V_h1=0.1813829472962686  α = 0.0094
 85   -21.48181372213      -10.94       -5.04    40.8s
    hm1_norm_ρdiff=6.392967551423967e-5 hm1_norm_Δρ=2.340580696226317e-6  error_V_h1=0.18152003842255596  α = 0.0102
 86   -21.48181372214      -11.07       -5.15    36.0s
    hm1_norm_ρdiff=6.399757694460444e-5 hm1_norm_Δρ=1.691356337770378e-6  error_V_h1=0.18175276261451814  α = 0.0214
 87   -21.48181372217      -10.47       -4.85    40.7s
    hm1_norm_ρdiff=6.324678617766492e-5 hm1_norm_Δρ=3.7719389257675447e-6  error_V_h1=0.18174822244566402  α = 0.0102
 88   -21.48181372218      -11.10       -4.80    45.2s
    hm1_norm_ρdiff=6.611605522313153e-5 hm1_norm_Δρ=4.1451924190841394e-6  error_V_h1=0.18177191012670976  α = 0.00418
 89   -21.48181372218      -11.83       -4.49    50.1s
    hm1_norm_ρdiff=5.829973886342058e-5 hm1_norm_Δρ=8.436047637876527e-6  error_V_h1=0.18181214434433246  α = 0.00148
 90   -21.48181372219      -11.16       -5.45    31.7s
    hm1_norm_ρdiff=6.374645211711894e-5 hm1_norm_Δρ=8.705059362758352e-7  error_V_h1=0.1817167299433025  α = 0.0462
 91   -21.48181372221      -10.71       -4.71    45.3s
    hm1_norm_ρdiff=6.382356968270372e-5 hm1_norm_Δρ=5.494899606241685e-6  error_V_h1=0.181573797716562  α = 0.00435
 92   -21.48181372223      -10.69       -4.67    45.2s
    hm1_norm_ρdiff=6.28819493695011e-5 hm1_norm_Δρ=6.129613834558372e-6  error_V_h1=0.1815120150345982  α = 0.00423
 93   -21.48181372225      -10.64       -4.40    49.7s
    hm1_norm_ρdiff=6.296831268717093e-5 hm1_norm_Δρ=1.3121244383029743e-5  error_V_h1=0.18141985483725917  α = 0.00165
 94   -21.48181372227      -10.81       -5.30    36.0s
    hm1_norm_ρdiff=6.39922887363052e-5 hm1_norm_Δρ=1.349125412499328e-6  error_V_h1=0.18143821317871361  α = 0.0227
 95   -21.48181372228      -10.85       -4.83    40.5s
    hm1_norm_ρdiff=6.263077328376886e-5 hm1_norm_Δρ=3.6641107914112994e-6  error_V_h1=0.18099399882311304  α = 0.00963
 96   -21.48181372229      -11.15       -5.18    40.6s
    hm1_norm_ρdiff=6.364177340929312e-5 hm1_norm_Δρ=1.921529691775117e-6  error_V_h1=0.18092542961299893  α = 0.0102
 97   -21.48181372230      -10.81       -4.72    45.0s
    hm1_norm_ρdiff=6.284340107371522e-5 hm1_norm_Δρ=5.252812474800117e-6  error_V_h1=0.18087830637468177  α = 0.00424
 98   -21.48181372232      -10.88       -5.32    36.1s
    hm1_norm_ρdiff=6.392700862186356e-5 hm1_norm_Δρ=1.1087237224908716e-6  error_V_h1=0.1810390335602304  α = 0.0229
 99   -21.48181372233      -11.00       -5.34    36.0s
    hm1_norm_ρdiff=6.374537191353413e-5 hm1_norm_Δρ=1.1166394200123539e-6  error_V_h1=0.1811817476200795  α = 0.0222
 100   -21.48181372233      -11.82       -5.02    45.3s
    hm1_norm_ρdiff=6.670234801728869e-5 hm1_norm_Δρ=3.5848633668506147e-6  error_V_h1=0.18117540491759856  α = 0.00372
 101   -21.48181372234      -10.82       -4.68    45.1s
    hm1_norm_ρdiff=6.422337522770608e-5 hm1_norm_Δρ=5.327663483437261e-6  error_V_h1=0.18135570252923203  α = 0.00429
 102   -21.48181372235      -11.02       -5.33    36.0s
    hm1_norm_ρdiff=6.381955626756747e-5 hm1_norm_Δρ=9.925751644793492e-7  error_V_h1=0.1814492702501281  α = 0.0226
 103   -21.48181372236      -11.15       -5.04    40.6s
    hm1_norm_ρdiff=6.342396354434116e-5 hm1_norm_Δρ=2.102398135423947e-6  error_V_h1=0.18125252007511752  α = 0.0101
 104   -21.48181372236      -11.58       -4.96    50.0s
    hm1_norm_ρdiff=6.462259431286583e-5 hm1_norm_Δρ=4.307379409130746e-6  error_V_h1=0.18126801314576832  α = 0.00163
 105   -21.48181372238      -10.79       -5.03    40.6s
    hm1_norm_ρdiff=6.343259903485263e-5 hm1_norm_Δρ=1.8024433533693321e-6  error_V_h1=0.18114742450496465  α = 0.0107
 106   -21.48181372238      -11.96       -4.94    45.2s
    hm1_norm_ρdiff=6.51638917221963e-5 hm1_norm_Δρ=3.06026923108897e-6  error_V_h1=0.18120206099144553  α = 0.00385
 107   -21.48181372238      -11.47       -5.12    45.1s
    hm1_norm_ρdiff=6.414677057065781e-5 hm1_norm_Δρ=2.3669386763696654e-6  error_V_h1=0.18120328603350777  α = 0.00411
 108   -21.48181372239      -11.80       -4.89    45.1s
    hm1_norm_ρdiff=6.369105454564565e-5 hm1_norm_Δρ=3.86611028774985e-6  error_V_h1=0.18126946114520384  α = 0.00424
 109   -21.48181372239      -11.48       -5.45    36.1s
    hm1_norm_ρdiff=6.384469204628e-5 hm1_norm_Δρ=7.785641339832891e-7  error_V_h1=0.18127231696561186  α = 0.019
 110   -21.48181372240      -10.99       -4.58    45.2s
    hm1_norm_ρdiff=6.412687691033334e-5 hm1_norm_Δρ=6.351252063737104e-6  error_V_h1=0.18106169719720028  α = 0.00423
 111   -21.48181372240      -11.58       -4.12    49.6s
    hm1_norm_ρdiff=4.9276556333947145e-5 hm1_norm_Δρ=2.2011025502055166e-5  error_V_h1=0.18112817606592158  α = 0.00143
 112   -21.48181372241      -11.12       -5.23    40.6s
    hm1_norm_ρdiff=6.3965453445819e-5 hm1_norm_Δρ=1.4606479448940195e-6  error_V_h1=0.1810680789375516  α = 0.0105
 113   -21.48181372241      -11.46       -5.31    40.7s
    hm1_norm_ρdiff=6.388595809340058e-5 hm1_norm_Δρ=1.2128913314174603e-6  error_V_h1=0.18103198299221998  α = 0.00934
 114   -21.48181372242      -11.44       -4.92    45.2s
    hm1_norm_ρdiff=6.453242355074668e-5 hm1_norm_Δρ=2.7960082318645516e-6  error_V_h1=0.1811671517244627  α = 0.00435
 115   -21.48181372242      -12.46       -5.09    49.7s
    hm1_norm_ρdiff=6.466649173442634e-5 hm1_norm_Δρ=3.436410884094257e-6  error_V_h1=0.1811845533805888  α = 0.00158
 116   -21.48181372242      -11.94       -5.69    36.2s
    hm1_norm_ρdiff=6.371970086562281e-5 hm1_norm_Δρ=4.6463168759226045e-7  error_V_h1=0.1812473306378823  α = 0.0225
 117   -21.48181372243      -10.85       -4.27    49.9s
    hm1_norm_ρdiff=5.8194852790926816e-5 hm1_norm_Δρ=1.3476642708775556e-5  error_V_h1=0.18112837923964842  α = 0.00161
 118   -21.48181372243      -11.52       -5.96    31.6s
    hm1_norm_ρdiff=6.366821433144044e-5 hm1_norm_Δρ=2.570766343058297e-7  error_V_h1=0.1811897852911693  α = 0.0463
 119   -21.48181372244      -11.89       -5.20    40.7s
    hm1_norm_ρdiff=6.423072491782343e-5 hm1_norm_Δρ=1.5698935275755124e-6  error_V_h1=0.18130129806866666  α = 0.0094
 120   -21.48181372244      -11.30       -4.58    45.2s
    hm1_norm_ρdiff=6.184217087828736e-5 hm1_norm_Δρ=7.241305552520289e-6  error_V_h1=0.1813750310164079  α = 0.00344
 121   -21.48181372244      -12.14       -5.35    45.4s
    hm1_norm_ρdiff=6.332856267575663e-5 hm1_norm_Δρ=1.0700792278765881e-6  error_V_h1=0.18138838393434673  α = 0.00393
 122   -21.48181372244      -11.71       -4.61    49.9s
    hm1_norm_ρdiff=6.619044721541894e-5 hm1_norm_Δρ=6.018567049075785e-6  error_V_h1=0.18134524895560253  α = 0.00153
 123   -21.48181372244      -12.47       -5.55    45.1s
    hm1_norm_ρdiff=6.341894307981363e-5 hm1_norm_Δρ=7.824457264741106e-7  error_V_h1=0.18133558187108065  α = 0.00404
 124   -21.48181372244      -12.39       -5.82    40.7s
    hm1_norm_ρdiff=6.35857815352052e-5 hm1_norm_Δρ=4.1027081199080256e-7  error_V_h1=0.18134019846653315  α = 0.01
 125   -21.48181372245      -12.00       -5.64    40.6s
    hm1_norm_ρdiff=6.349781186900782e-5 hm1_norm_Δρ=6.193924251042228e-7  error_V_h1=0.18123746404757518  α = 0.0104
 126   -21.48181372245      -11.99       -5.68    36.0s
    hm1_norm_ρdiff=6.369999068606865e-5 hm1_norm_Δρ=5.743650906810908e-7  error_V_h1=0.181102084777038  α = 0.0224
 127   -21.48181372245      -11.56       -5.03    45.1s
    hm1_norm_ρdiff=6.489335135586816e-5 hm1_norm_Δρ=2.8521272723069923e-6  error_V_h1=0.18105131513492856  α = 0.00383
 128   -21.48181372245      -12.19       -5.04    45.1s
    hm1_norm_ρdiff=6.439487509256504e-5 hm1_norm_Δρ=2.0180835119847607e-6  error_V_h1=0.18110410783620642  α = 0.0042
 129   -21.48181372245      -11.69       -5.24    40.6s
    hm1_norm_ρdiff=6.358454402501942e-5 hm1_norm_Δρ=1.3240875358740278e-6  error_V_h1=0.18101487700527824  α = 0.00974
 130   -21.48181372245      -12.06       -5.60    40.5s
    hm1_norm_ρdiff=6.344028042373443e-5 hm1_norm_Δρ=7.317704538441609e-7  error_V_h1=0.18096908650736726  α = 0.01
 131   -21.48181372246      -11.33       -4.57    49.9s
    hm1_norm_ρdiff=6.642215460706421e-5 hm1_norm_Δρ=7.989152823684845e-6  error_V_h1=0.18098274237164458  α = 0.00164
 132   -21.48181372246      -11.88       -5.53    40.6s
    hm1_norm_ρdiff=6.392226830201761e-5 hm1_norm_Δρ=6.862617399081974e-7  error_V_h1=0.18094402606168045  α = 0.0103
 133   -21.48181372246      -12.02       -5.24    45.0s
    hm1_norm_ρdiff=6.324829110959764e-5 hm1_norm_Δρ=1.5029776001962384e-6  error_V_h1=0.18095139862153778  α = 0.00417
 134   -21.48181372246      -12.18       -5.82    40.6s
    hm1_norm_ρdiff=6.38262131238508e-5 hm1_norm_Δρ=3.910108200734719e-7  error_V_h1=0.18096072847319986  α = 0.0104
 135   -21.48181372246      -12.05       -5.65    40.5s
    hm1_norm_ρdiff=6.35725038534649e-5 hm1_norm_Δρ=5.32833077725564e-7  error_V_h1=0.18096731154428042  α = 0.0105
 136   -21.48181372246      -12.49       -5.54    44.9s
    hm1_norm_ρdiff=6.403735153501724e-5 hm1_norm_Δρ=8.631371890372259e-7  error_V_h1=0.18098668925858163  α = 0.00397
 137   -21.48181372246      -11.96       -5.21    45.4s
    hm1_norm_ρdiff=6.368055628375517e-5 hm1_norm_Δρ=1.6430772762436763e-6  error_V_h1=0.18106913612105177  α = 0.00413
 138   -21.48181372246      -12.11       -5.01    49.7s
    hm1_norm_ρdiff=6.240360987172577e-5 hm1_norm_Δρ=3.151446629280539e-6  error_V_h1=0.1810980459246345  α = 0.00156
 139   -21.48181372246      -12.20       -5.44    45.1s
    hm1_norm_ρdiff=6.364507239892689e-5 hm1_norm_Δρ=8.95404363332356e-7  error_V_h1=0.1810816943539683  α = 0.00447
 140   -21.48181372247      -11.84       -5.59    40.2s
    hm1_norm_ρdiff=6.373565154448487e-5 hm1_norm_Δρ=5.825098084918164e-7  error_V_h1=0.18113345519431986  α = 0.0107
 141   -21.48181372247      -12.43       -5.55    45.3s
    hm1_norm_ρdiff=6.383478836175954e-5 hm1_norm_Δρ=8.415814319410657e-7  error_V_h1=0.1811397014930031  α = 0.00425
 142   -21.48181372247      -13.50       -5.13    45.1s
    hm1_norm_ρdiff=6.322077314471326e-5 hm1_norm_Δρ=1.987786597451552e-6  error_V_h1=0.18111142326785332  α = 0.00364
 143   -21.48181372247      -12.44       -5.51    45.0s
    hm1_norm_ρdiff=6.33459009194109e-5 hm1_norm_Δρ=7.408591930099608e-7  error_V_h1=0.18111257020958416  α = 0.00432
 144   -21.48181372247      -12.45       -5.59    45.3s
    hm1_norm_ρdiff=6.393752762420501e-5 hm1_norm_Δρ=7.47059785508922e-7  error_V_h1=0.18112930642922334  α = 0.0043
 145   -21.48181372247      -11.92       -6.43    26.9s
    hm1_norm_ρdiff=6.367246566633413e-5 hm1_norm_Δρ=8.354132506771389e-8  error_V_h1=0.18116763421498824  α = 0.0883
 146   -21.48181372247      -12.51       -5.51    45.0s
    hm1_norm_ρdiff=6.418351295863388e-5 hm1_norm_Δρ=9.977556510403268e-7  error_V_h1=0.18118468963910644  α = 0.00389
 147   -21.48181372247      -12.84       -5.24    45.2s
    hm1_norm_ρdiff=6.299965399027712e-5 hm1_norm_Δρ=1.725204604913974e-6  error_V_h1=0.18116992609438476  α = 0.0034
 148   -21.48181372247      -12.55       -5.74    45.1s
    hm1_norm_ρdiff=6.372700969150587e-5 hm1_norm_Δρ=5.102576056087919e-7  error_V_h1=0.18115991010586818  α = 0.00449
 149   -21.48181372247      -12.96       -5.83    44.8s
    hm1_norm_ρdiff=6.351492675363926e-5 hm1_norm_Δρ=4.3720493734126495e-7  error_V_h1=0.18117744301760147  α = 0.0044
 150   -21.48181372247      -12.33       -5.82    40.6s
    hm1_norm_ρdiff=6.380560165079704e-5 hm1_norm_Δρ=4.367735010800472e-7  error_V_h1=0.1812167901226256  α = 0.00994
 151   -21.48181372247      -12.35       -6.31    31.6s
    hm1_norm_ρdiff=6.367123691590108e-5 hm1_norm_Δρ=1.1009494943762891e-7  error_V_h1=0.18117494071093146  α = 0.0462
 152   -21.48181372247      -12.69       -6.25    35.9s
    hm1_norm_ρdiff=6.368240726899826e-5 hm1_norm_Δρ=1.4479669269293287e-7  error_V_h1=0.18115959315067567  α = 0.0229
 153   -21.48181372247      -12.73       -5.74    45.2s
    hm1_norm_ρdiff=6.368448931850952e-5 hm1_norm_Δρ=4.885957266093884e-7  error_V_h1=0.18116203912256454  α = 0.00446
 154   -21.48181372247      -13.27       -6.08    40.6s
    hm1_norm_ρdiff=6.3578662339032e-5 hm1_norm_Δρ=2.2529641770545156e-7  error_V_h1=0.18114978367913437  α = 0.0099
 155   -21.48181372247      -13.60       -5.93    40.5s
    hm1_norm_ρdiff=6.370066317655874e-5 hm1_norm_Δρ=2.6984999532763354e-7  error_V_h1=0.18114676595315046  α = 0.00997
 156   -21.48181372247      -13.17       -6.21    35.8s
    hm1_norm_ρdiff=6.361952065216228e-5 hm1_norm_Δρ=1.5308626058892715e-7  error_V_h1=0.18112954700053435  α = 0.0219
 157   -21.48181372247      -13.41       -5.96    45.1s
    hm1_norm_ρdiff=6.387388933988786e-5 hm1_norm_Δρ=3.56616925401508e-7  error_V_h1=0.1811333793463756  α = 0.00436
 158   -21.48181372247      -12.51       -5.13    49.7s
    hm1_norm_ρdiff=6.465593005210069e-5 hm1_norm_Δρ=2.5684313776566526e-6  error_V_h1=0.1811343239424923  α = 0.00152
 159   -21.48181372247      -12.69       -5.62    45.0s
    hm1_norm_ρdiff=6.371133666837219e-5 hm1_norm_Δρ=8.431102580661866e-7  error_V_h1=0.18112203290757364  α = 0.00394
 160   -21.48181372247      -13.75       -6.05    45.1s
    hm1_norm_ρdiff=6.372076880329764e-5 hm1_norm_Δρ=2.580328942161005e-7  error_V_h1=0.18110991498821713  α = 0.00436
 161   -21.48181372247      -12.97       -5.82    45.0s
    hm1_norm_ρdiff=6.346721644203085e-5 hm1_norm_Δρ=4.729846839469514e-7  error_V_h1=0.1810976449308105  α = 0.00391
 162   -21.48181372247      -12.73       -6.26    35.9s
    hm1_norm_ρdiff=6.367928128483852e-5 hm1_norm_Δρ=1.2361543671669592e-7  error_V_h1=0.18108932553087376  α = 0.023
 163   -21.48181372247      -12.73       -5.93    40.5s
    hm1_norm_ρdiff=6.363989956974513e-5 hm1_norm_Δρ=3.0372788130458365e-7  error_V_h1=0.18111233016071476  α = 0.0101
 164   -21.48181372247      -13.75       -6.65    31.4s
    hm1_norm_ρdiff=6.367381212574554e-5 hm1_norm_Δρ=5.487487742553465e-8  error_V_h1=0.18112418442448366  α = 0.046
 165   -21.48181372247      -12.99       -5.67    45.1s
    hm1_norm_ρdiff=6.394026242800164e-5 hm1_norm_Δρ=5.92722026178069e-7  error_V_h1=0.18113378526564675  α = 0.00392
 166   -21.48181372247      -12.89       -6.05    40.6s
    hm1_norm_ρdiff=6.365050245129597e-5 hm1_norm_Δρ=2.484063759994141e-7  error_V_h1=0.18112483482455422  α = 0.0102
 167   -21.48181372247      -13.41       -5.86    40.6s
    hm1_norm_ρdiff=6.38714468539642e-5 hm1_norm_Δρ=3.7352217977532953e-7  error_V_h1=0.18114359552265677  α = 0.00897
 168   -21.48181372247      -13.15       -6.07    40.5s
    hm1_norm_ρdiff=6.35677159290306e-5 hm1_norm_Δρ=2.396825911197272e-7  error_V_h1=0.18114875466459174  α = 0.00959
 169   -21.48181372247      -13.09       -6.26    40.6s
    hm1_norm_ρdiff=6.370796452275833e-5 hm1_norm_Δρ=1.579855587016621e-7  error_V_h1=0.18115936637523172  α = 0.0102
 170   -21.48181372247      -13.17       -5.73    49.6s
    hm1_norm_ρdiff=6.377981192188838e-5 hm1_norm_Δρ=6.279383420969678e-7  error_V_h1=0.18116070803352377  α = 0.00152
 171   -21.48181372247      -13.19       -5.90    45.2s
    hm1_norm_ρdiff=6.364941901482345e-5 hm1_norm_Δρ=3.1125800595106295e-7  error_V_h1=0.18117987818320158  α = 0.00433
 172   -21.48181372247      -13.55       -6.02    45.1s
    hm1_norm_ρdiff=6.374889289100374e-5 hm1_norm_Δρ=3.3330727808063657e-7  error_V_h1=0.1811812754971657  α = 0.0037
 173   -21.48181372247      -13.97       -6.39    35.9s
    hm1_norm_ρdiff=6.364808435859355e-5 hm1_norm_Δρ=1.0055077948435372e-7  error_V_h1=0.18116949225043139  α = 0.0213
 174   -21.48181372247      -13.67       -5.93    49.5s
    hm1_norm_ρdiff=6.380069836198801e-5 hm1_norm_Δρ=3.410602250330393e-7  error_V_h1=0.18116849061630796  α = 0.00162
 175   -21.48181372247      -13.19       -6.20    40.6s
    hm1_norm_ρdiff=6.369937311090205e-5 hm1_norm_Δρ=1.6254488975191022e-7  error_V_h1=0.1811552493962472  α = 0.0101
 176   -21.48181372247      -13.85       -5.89    45.3s
    hm1_norm_ρdiff=6.351529960213102e-5 hm1_norm_Δρ=3.4987200492392783e-7  error_V_h1=0.18114534524270187  α = 0.00375
 177   -21.48181372247      -13.27       -6.19    45.2s
    hm1_norm_ρdiff=6.370958197014097e-5 hm1_norm_Δρ=1.9371702421883988e-7  error_V_h1=0.18114567856186475  α = 0.00451
 178   -21.48181372247      -13.60       -5.65    45.1s
    hm1_norm_ρdiff=6.328459460309004e-5 hm1_norm_Δρ=6.804648439356616e-7  error_V_h1=0.18113706963542756  α = 0.00333
 179   -21.48181372247      -13.30       -5.98    45.2s
    hm1_norm_ρdiff=6.379096970856923e-5 hm1_norm_Δρ=2.855776696802044e-7  error_V_h1=0.1811332081495923  α = 0.0043
 180   -21.48181372247      -13.97       -6.54    40.6s
    hm1_norm_ρdiff=6.366284463402516e-5 hm1_norm_Δρ=8.716374365666949e-8  error_V_h1=0.1811278688195631  α = 0.00978
    Stopping to avoid numerical instabilities.
 181   -21.48181372247      -13.50       -6.60    40.4s
    hm1_norm_ρdiff=6.368347137355113e-5 hm1_norm_Δρ=6.016983246323478e-8  error_V_h1=0.18112678726660936  α = 0.0108

#-- |ρε - ρref| = 6.367805280486149e-5 vs. 1.0e-8 = δ*ε  error_V_h1=0.18112054139000855


# --- ε=5.62341325190349e-7

n     Energy            log10(ΔE)   log10(Δρ)   Δtime
---   ---------------   ---------   ---------   ------
  1   -21.48172395252                   -0.89    64.4s
    hm1_norm_ρdiff=0.08209490060692308 hm1_norm_Δρ=0.0820736323530356  error_V_h1=2.3007625805662415  α = 0.000465
  2   -21.48172876449       -5.32       -1.79    49.3s
    hm1_norm_ρdiff=0.006845960130515568 hm1_norm_Δρ=0.006835472912361039  error_V_h1=1.9883771923060498  α = 0.00152
  3   -21.48173007717       -5.88       -2.08    49.3s
    hm1_norm_ρdiff=0.003226073122308105 hm1_norm_Δρ=0.0032202839576319377  error_V_h1=1.8959709329566052  α = 0.00157
  4   -21.48173041880       -6.47       -2.22    44.8s
    hm1_norm_ρdiff=0.002180171375459 hm1_norm_Δρ=0.002178565784995938  error_V_h1=1.8774364487625839  α = 0.00344
  5   -21.48173127672       -6.07       -2.82    40.4s
    hm1_norm_ρdiff=0.0003887501491667235 hm1_norm_Δρ=0.00038616846646398543  error_V_h1=1.8176911860168194  α = 0.0106
  6   -21.48173163591       -6.44       -2.96    40.3s
    hm1_norm_ρdiff=0.00031827915214645075 hm1_norm_Δρ=0.00031839243496671474  error_V_h1=1.7933946777665535  α = 0.0102
  7   -21.48173193230       -6.53       -2.73    44.9s
    hm1_norm_ρdiff=0.0005147782908854712 hm1_norm_Δρ=0.0005156071257842838  error_V_h1=1.7718862706979326  α = 0.00436
  8   -21.48173269581       -6.12       -3.08    35.5s
    hm1_norm_ρdiff=0.00018787781574353392 hm1_norm_Δρ=0.00019243812666560876  error_V_h1=1.7146877774719276  α = 0.0231
  9   -21.48173348426       -6.10       -2.96    35.9s
    hm1_norm_ρdiff=0.00025510674831990285 hm1_norm_Δρ=0.00026436482755094683  error_V_h1=1.6498128774500462  α = 0.0227
 10   -21.48173451893       -5.99       -2.95    35.8s
    hm1_norm_ρdiff=0.0003006798073444979 hm1_norm_Δρ=0.0003130223000405353  error_V_h1=1.5547743988752298  α = 0.0226
 11   -21.48173649589       -5.70       -2.88    36.0s
    hm1_norm_ρdiff=0.0003348889118239823 hm1_norm_Δρ=0.00035124534750859723  error_V_h1=1.3544868879347878  α = 0.0229
 12   -21.48174076063       -5.37       -1.26    54.0s
    hm1_norm_ρdiff=0.015076867772533888 hm1_norm_Δρ=0.01510196749485274  error_V_h1=0.8135226487829028  α = 0.000543
 13   -21.48174090314       -6.85       -2.43    49.7s
    hm1_norm_ρdiff=0.0014915958643853232 hm1_norm_Δρ=0.0015044938918095272  error_V_h1=0.786605949275949  α = 0.00144
 14   -21.48174092357       -7.69       -2.78    49.6s
    hm1_norm_ρdiff=0.0006240237713369686 hm1_norm_Δρ=0.000629694361971155  error_V_h1=0.7821654780822307  α = 0.00143
 15   -21.48174159356       -6.17       -2.27    49.8s
    hm1_norm_ρdiff=0.0018604398883511287 hm1_norm_Δρ=0.0018648929109325767  error_V_h1=0.6431635537522535  α = 0.00164
 16   -21.48174163563       -7.38       -3.39    40.6s
    hm1_norm_ρdiff=0.00010845921311116451 hm1_norm_Δρ=0.00010224476182135766  error_V_h1=0.6308704625021413  α = 0.0103
 17   -21.48174169721       -7.21       -3.01    44.8s
    hm1_norm_ρdiff=0.00028842391721715314 hm1_norm_Δρ=0.00028482120436589876  error_V_h1=0.6140265984617347  α = 0.00414
 18   -21.48174171554       -7.74       -3.38    44.9s
    hm1_norm_ρdiff=0.00012429850240116227 hm1_norm_Δρ=0.00011510310872287586  error_V_h1=0.609035705096534  α = 0.00444
 19   -21.48174181542       -7.00       -2.96    45.1s
    hm1_norm_ρdiff=0.0002614160531521878 hm1_norm_Δρ=0.00025247243258897013  error_V_h1=0.5829786992347052  α = 0.00443
 20   -21.48174206206       -6.61       -2.55    45.1s
    hm1_norm_ρdiff=0.0006923475746322465 hm1_norm_Δρ=0.00068391668352784  error_V_h1=0.5122396312531174  α = 0.00399
 21   -21.48174225628       -6.71       -2.39    45.0s
    hm1_norm_ρdiff=0.0011406114793166048 hm1_norm_Δρ=0.0011311584687629013  error_V_h1=0.44231487185110996  α = 0.00358
 22   -21.48174264275       -6.41       -2.23    49.8s
    hm1_norm_ρdiff=0.0015531070764647852 hm1_norm_Δρ=0.001537236731448151  error_V_h1=0.2842251688045866  α = 0.00159
 23   -21.48174267058       -7.56       -2.35    53.8s
    hm1_norm_ρdiff=0.0013004786903839357 hm1_norm_Δρ=0.001275434200164682  error_V_h1=0.2810798872985273  α = 0.000539
 24   -21.48174269154       -7.68       -2.87    49.8s
    hm1_norm_ρdiff=0.0005649227810630789 hm1_norm_Δρ=0.0005509056259798883  error_V_h1=0.27454660291066785  α = 0.00144
 25   -21.48174269590       -8.36       -3.09    49.7s
    hm1_norm_ρdiff=0.00031641667856665596 hm1_norm_Δρ=0.000307865843592188  error_V_h1=0.27393285306519044  α = 0.00139
 26   -21.48174270557       -8.01       -4.16    31.4s
    hm1_norm_ρdiff=3.6872797097559536e-5 hm1_norm_Δρ=1.5465276310608635e-5  error_V_h1=0.27224643511964103  α = 0.0466
 27   -21.48174271781       -7.91       -3.49    45.0s
    hm1_norm_ρdiff=9.344181824784425e-5 hm1_norm_Δρ=9.06840119261576e-5  error_V_h1=0.26716040019136555  α = 0.00444
 28   -21.48174273650       -7.73       -3.40    45.1s
    hm1_norm_ρdiff=0.00011763740012166479 hm1_norm_Δρ=0.00011172109292259582  error_V_h1=0.26648535690825004  α = 0.00442
 29   -21.48174276244       -7.59       -3.90    36.0s
    hm1_norm_ρdiff=4.505269376054415e-5 hm1_norm_Δρ=3.3451967761696994e-5  error_V_h1=0.26837436314819013  α = 0.0231
 30   -21.48174278500       -7.65       -3.26    40.6s
    hm1_norm_ρdiff=0.0001326620254405257 hm1_norm_Δρ=0.00013237970261264289  error_V_h1=0.26766526617619224  α = 0.00956
 31   -21.48174283151       -7.33       -3.09    45.0s
    hm1_norm_ρdiff=0.00018398006105760633 hm1_norm_Δρ=0.00018897405115071044  error_V_h1=0.25233142188242974  α = 0.00439
 32   -21.48174289438       -7.20       -2.75    44.9s
    hm1_norm_ρdiff=0.00041365382222012255 hm1_norm_Δρ=0.00042239651996082007  error_V_h1=0.21125832925576157  α = 0.00383
 33   -21.48174290733       -7.89       -3.49    40.6s
    hm1_norm_ρdiff=9.167853347156721e-5 hm1_norm_Δρ=8.025412499619121e-5  error_V_h1=0.19672112233185512  α = 0.00987
 34   -21.48174290936       -8.69       -2.93    54.1s
    hm1_norm_ρdiff=0.00038932889911127706 hm1_norm_Δρ=0.000417432165980795  error_V_h1=0.19236190096511566  α = 0.000508
 35   -21.48174291156       -8.66       -3.43    49.4s
    hm1_norm_ρdiff=0.00014128299194525983 hm1_norm_Δρ=0.00015104592991606897  error_V_h1=0.18887718081110877  α = 0.00149
 36   -21.48174291301       -8.84       -3.36    49.4s
    hm1_norm_ρdiff=0.00016653452615339727 hm1_norm_Δρ=0.00016862456045678786  error_V_h1=0.18691980592463794  α = 0.00138
 37   -21.48174291797       -8.30       -3.70    40.4s
    hm1_norm_ρdiff=5.8683544995530334e-5 hm1_norm_Δρ=4.302950459221061e-5  error_V_h1=0.1800312515799062  α = 0.01
 38   -21.48174291896       -9.00       -4.41    35.9s
    hm1_norm_ρdiff=4.024664643587987e-5 hm1_norm_Δρ=1.1014687979021012e-5  error_V_h1=0.18102234040975954  α = 0.0224
 39   -21.48174292175       -8.56       -4.18    40.6s
    hm1_norm_ρdiff=4.0827467175682905e-5 hm1_norm_Δρ=1.7504591002856246e-5  error_V_h1=0.17977301735802928  α = 0.0107
 40   -21.48174292731       -8.25       -3.56    44.8s
    hm1_norm_ρdiff=9.298700341365145e-5 hm1_norm_Δρ=8.027138573937717e-5  error_V_h1=0.1742261823614092  α = 0.00419
 41   -21.48174294422       -7.77       -3.13    44.9s
    hm1_norm_ρdiff=0.0002073318508410191 hm1_norm_Δρ=0.00020061878720732118  error_V_h1=0.1597492488686555  α = 0.00389
 42   -21.48174294648       -8.64       -4.20    40.4s
    hm1_norm_ρdiff=4.205435355164037e-5 hm1_norm_Δρ=1.5473536907243548e-5  error_V_h1=0.151357549439995  α = 0.0106
 43   -21.48174295548       -8.05       -3.23    44.9s
    hm1_norm_ρdiff=0.00015883200484138554 hm1_norm_Δρ=0.00014869628858181296  error_V_h1=0.14194722786780223  α = 0.00391
 44   -21.48174296073       -8.28       -3.58    45.1s
    hm1_norm_ρdiff=6.966532119881354e-5 hm1_norm_Δρ=6.5436103506506e-5  error_V_h1=0.1412171262203159  α = 0.00436
 45   -21.48174296093       -9.71       -3.64    54.0s
    hm1_norm_ρdiff=0.00011488603398541199 hm1_norm_Δρ=8.474178910843716e-5  error_V_h1=0.14199337882581795  α = 0.000566
 46   -21.48174296135       -9.38       -3.90    44.7s
    hm1_norm_ρdiff=6.263270139893702e-5 hm1_norm_Δρ=4.1025850993709915e-5  error_V_h1=0.1425043097121488  α = 0.0037
 47   -21.48174296192       -9.24       -3.57    49.5s
    hm1_norm_ρdiff=9.869735353211666e-5 hm1_norm_Δρ=9.047382944707819e-5  error_V_h1=0.14187894403678003  α = 0.00143
 48   -21.48174296299       -8.97       -3.72    45.0s
    hm1_norm_ρdiff=4.672921078874991e-5 hm1_norm_Δρ=4.196421425545623e-5  error_V_h1=0.13987528384650624  α = 0.00407
 49   -21.48174296322       -9.63       -4.03    40.5s
    hm1_norm_ρdiff=3.9392162576194774e-5 hm1_norm_Δρ=2.501385846254085e-5  error_V_h1=0.1386199303839384  α = 0.00908
 50   -21.48174296363       -9.39       -4.68    35.9s
    hm1_norm_ρdiff=3.713930525398535e-5 hm1_norm_Δρ=5.302032996064605e-6  error_V_h1=0.1395801371808889  α = 0.0228
 51   -21.48174296401       -9.42       -4.17    44.8s
    hm1_norm_ρdiff=3.8269985672819436e-5 hm1_norm_Δρ=2.0588720663419846e-5  error_V_h1=0.13951334037484425  α = 0.00423
 52   -21.48174296663       -8.58       -3.51    45.0s
    hm1_norm_ρdiff=9.45721231761104e-5 hm1_norm_Δρ=9.069271019746683e-5  error_V_h1=0.13682727420688817  α = 0.00379
 53   -21.48174296706       -9.37       -4.04    45.0s
    hm1_norm_ρdiff=4.023940779443722e-5 hm1_norm_Δρ=2.211664017496503e-5  error_V_h1=0.13721818479826114  α = 0.00427
 54   -21.48174296817       -8.95       -3.62    45.0s
    hm1_norm_ρdiff=6.390301780266764e-5 hm1_norm_Δρ=6.230865471601273e-5  error_V_h1=0.1396875984621752  α = 0.00377
 55   -21.48174296847       -9.52       -4.03    44.9s
    hm1_norm_ρdiff=4.653078469251878e-5 hm1_norm_Δρ=2.2515470294786747e-5  error_V_h1=0.13643717971000505  α = 0.00402
 56   -21.48174296850      -10.56       -4.09    54.1s
    hm1_norm_ρdiff=2.368804099915081e-5 hm1_norm_Δρ=3.137792559700267e-5  error_V_h1=0.13608487585730367  α = 0.000575
 57   -21.48174296875       -9.60       -3.93    49.7s
    hm1_norm_ρdiff=4.30884004716562e-5 hm1_norm_Δρ=3.884078468782305e-5  error_V_h1=0.13551157276648787  α = 0.00159
 58   -21.48174296888       -9.90       -3.87    49.5s
    hm1_norm_ρdiff=5.7311539615674356e-5 hm1_norm_Δρ=4.6471690101693675e-5  error_V_h1=0.1352874739039576  α = 0.00141
 59   -21.48174296914       -9.59       -4.03    44.8s
    hm1_norm_ρdiff=4.687033617057899e-5 hm1_norm_Δρ=2.1021492919914034e-5  error_V_h1=0.13560368536799763  α = 0.00401
 60   -21.48174296991       -9.11       -4.06    45.0s
    hm1_norm_ρdiff=4.7053430055029475e-5 hm1_norm_Δρ=2.389891778509271e-5  error_V_h1=0.13521748432914965  α = 0.0044
 61   -21.48174297014       -9.63       -4.47    40.3s
    hm1_norm_ρdiff=3.587245909016037e-5 hm1_norm_Δρ=8.315023932059731e-6  error_V_h1=0.13426139959585973  α = 0.0102
 62   -21.48174297018      -10.37       -4.68    40.3s
    hm1_norm_ρdiff=3.7374528975343534e-5 hm1_norm_Δρ=6.045085327292868e-6  error_V_h1=0.13425248515255833  α = 0.00941
 63   -21.48174297078       -9.22       -3.76    45.0s
    hm1_norm_ρdiff=6.549608452457688e-5 hm1_norm_Δρ=5.125886389948633e-5  error_V_h1=0.13423189628439783  α = 0.00368
 64   -21.48174297091       -9.90       -4.33    45.0s
    hm1_norm_ρdiff=3.866569285859927e-5 hm1_norm_Δρ=1.1675620293643641e-5  error_V_h1=0.1337215799837249  α = 0.00422
 65   -21.48174297108       -9.77       -3.87    44.7s
    hm1_norm_ρdiff=5.586068671446535e-5 hm1_norm_Δρ=3.450899986587928e-5  error_V_h1=0.13192494112261444  α = 0.00357
 66   -21.48174297116      -10.09       -4.31    45.1s
    hm1_norm_ρdiff=3.480418272508629e-5 hm1_norm_Δρ=1.1597799527482185e-5  error_V_h1=0.13312064842725715  α = 0.00408
 67   -21.48174297119      -10.58       -4.85    45.0s
    hm1_norm_ρdiff=3.2301044111679846e-5 hm1_norm_Δρ=5.480458775956689e-6  error_V_h1=0.13275484037575938  α = 0.00432
 68   -21.48174297135       -9.79       -4.18    45.1s
    hm1_norm_ρdiff=4.2004509692481193e-5 hm1_norm_Δρ=1.4936138408418153e-5  error_V_h1=0.13268708130471574  α = 0.00404
 69   -21.48174297139      -10.37       -4.38    45.0s
    hm1_norm_ρdiff=3.960910528040922e-5 hm1_norm_Δρ=1.4037566887421888e-5  error_V_h1=0.1324710102902347  α = 0.00368
 70   -21.48174297162       -9.64       -4.13    45.1s
    hm1_norm_ρdiff=4.002254625413121e-5 hm1_norm_Δρ=1.5932107911631056e-5  error_V_h1=0.130956869517854  α = 0.00428
 71   -21.48174297170      -10.09       -4.74    40.5s
    hm1_norm_ρdiff=3.3918011688261405e-5 hm1_norm_Δρ=6.557880623907399e-6  error_V_h1=0.12958282009042843  α = 0.00979
 72   -21.48174297199       -9.54       -4.27    44.8s
    hm1_norm_ρdiff=4.292335534332071e-5 hm1_norm_Δρ=1.3423356502762324e-5  error_V_h1=0.12844639228459098  α = 0.00402
 73   -21.48174297216       -9.77       -4.34    44.7s
    hm1_norm_ρdiff=3.651550361528309e-5 hm1_norm_Δρ=1.3779216040679842e-5  error_V_h1=0.12824363870149158  α = 0.0043
 74   -21.48174297236       -9.69       -4.08    45.0s
    hm1_norm_ρdiff=4.2833548705551754e-5 hm1_norm_Δρ=2.4871996523456154e-5  error_V_h1=0.128529205941431  α = 0.00385
 75   -21.48174297242      -10.20       -4.33    44.9s
    hm1_norm_ρdiff=4.020452389243346e-5 hm1_norm_Δρ=1.2690577758714022e-5  error_V_h1=0.1289517399821362  α = 0.00415
 76   -21.48174297257       -9.84       -4.02    44.8s
    hm1_norm_ρdiff=3.749342477260912e-5 hm1_norm_Δρ=2.629509289764823e-5  error_V_h1=0.13023807879917876  α = 0.00366
 77   -21.48174297269       -9.93       -4.69    40.2s
    hm1_norm_ρdiff=3.853525342296923e-5 hm1_norm_Δρ=5.021124913330048e-6  error_V_h1=0.1302759758078842  α = 0.00996
 78   -21.48174297280       -9.95       -3.52    53.9s
    hm1_norm_ρdiff=8.583907947415237e-5 hm1_norm_Δρ=9.85813312782928e-5  error_V_h1=0.12917724530678212  α = 0.00058
 79   -21.48174297284      -10.41       -3.98    44.8s
    hm1_norm_ρdiff=3.887454622597538e-5 hm1_norm_Δρ=2.3761409206539833e-5  error_V_h1=0.12921759153450155  α = 0.00349
 80   -21.48174297296       -9.93       -3.88    49.2s
    hm1_norm_ρdiff=5.586514399655445e-5 hm1_norm_Δρ=4.437424733085709e-5  error_V_h1=0.12919485740223544  α = 0.00141
 81   -21.48174297307       -9.96       -4.60    40.3s
    hm1_norm_ρdiff=3.722941148846705e-5 hm1_norm_Δρ=5.9209281037709104e-6  error_V_h1=0.13090350295369738  α = 0.00973
 82   -21.48174297309      -10.60       -4.21    44.9s
    hm1_norm_ρdiff=4.887955692992644e-5 hm1_norm_Δρ=2.193222358257677e-5  error_V_h1=0.13231994077445788  α = 0.00336
 83   -21.48174297315      -10.22       -4.43    45.1s
    hm1_norm_ρdiff=3.3769539637047065e-5 hm1_norm_Δρ=9.213084955220638e-6  error_V_h1=0.13343325103770834  α = 0.00409
 84   -21.48174297324      -10.04       -4.55    44.7s
    hm1_norm_ρdiff=3.9322989152401555e-5 hm1_norm_Δρ=7.611687099464845e-6  error_V_h1=0.1338848237193141  α = 0.00429
 85   -21.48174297333      -10.05       -4.20    44.9s
    hm1_norm_ρdiff=4.319520192630362e-5 hm1_norm_Δρ=1.942407347443921e-5  error_V_h1=0.13403834335633116  α = 0.00367
 86   -21.48174297338      -10.32       -4.40    44.8s
    hm1_norm_ρdiff=3.550106745469299e-5 hm1_norm_Δρ=1.1497705656093087e-5  error_V_h1=0.13439401611608237  α = 0.00386
 87   -21.48174297341      -10.58       -4.35    44.8s
    hm1_norm_ρdiff=4.114622431363713e-5 hm1_norm_Δρ=1.2060024895035482e-5  error_V_h1=0.1338727085550463  α = 0.00359
 88   -21.48174297347      -10.21       -4.06    49.4s
    hm1_norm_ρdiff=2.9019819411937294e-5 hm1_norm_Δρ=2.3109900989437574e-5  error_V_h1=0.13381809428784497  α = 0.00145
 89   -21.48174297347      -11.39       -4.31    49.2s
    hm1_norm_ρdiff=4.0427474539465575e-5 hm1_norm_Δρ=1.403983240321725e-5  error_V_h1=0.13408930041369557  α = 0.00145
 90   -21.48174297349      -10.81       -4.10    45.0s
    hm1_norm_ρdiff=4.131356432970127e-5 hm1_norm_Δρ=1.788010086331104e-5  error_V_h1=0.13404660496802434  α = 0.00353
 91   -21.48174297351      -10.60       -4.22    49.4s
    hm1_norm_ρdiff=4.1113478607101505e-5 hm1_norm_Δρ=2.0958060245189335e-5  error_V_h1=0.13407640019996492  α = 0.00141
 92   -21.48174297353      -10.67       -4.39    45.0s
    hm1_norm_ρdiff=3.567110241774384e-5 hm1_norm_Δρ=9.616060041333507e-6  error_V_h1=0.1332502350455319  α = 0.0037
 93   -21.48174297362      -10.05       -4.18    49.1s
    hm1_norm_ρdiff=3.352979378655217e-5 hm1_norm_Δρ=2.327198665494471e-5  error_V_h1=0.13247994267276192  α = 0.00159
 94   -21.48174297363      -11.20       -4.49    44.8s
    hm1_norm_ρdiff=3.925383845163822e-5 hm1_norm_Δρ=8.118051354327663e-6  error_V_h1=0.13173298424697658  α = 0.00348
 95   -21.48174297364      -11.12       -5.05    40.2s
    hm1_norm_ρdiff=3.68105822772706e-5 hm1_norm_Δρ=2.2895727924602506e-6  error_V_h1=0.13213108520869854  α = 0.00952
 96   -21.48174297368      -10.37       -4.36    45.0s
    hm1_norm_ρdiff=3.559738979996349e-5 hm1_norm_Δρ=1.3347660640015515e-5  error_V_h1=0.13193254786448194  α = 0.00369
 97   -21.48174297370      -10.61       -4.65    44.6s
    hm1_norm_ρdiff=3.797319117012383e-5 hm1_norm_Δρ=6.6831315962780964e-6  error_V_h1=0.13175635667178473  α = 0.00403
 98   -21.48174297373      -10.60       -4.40    49.5s
    hm1_norm_ρdiff=3.433270596723874e-5 hm1_norm_Δρ=1.0830661659697538e-5  error_V_h1=0.1319462268966303  α = 0.00167
 99   -21.48174297374      -11.19       -4.30    49.4s
    hm1_norm_ρdiff=4.669322205696525e-5 hm1_norm_Δρ=1.5005216212923443e-5  error_V_h1=0.1319747605098163  α = 0.00128
 100   -21.48174297374      -11.25       -4.76    44.8s
    hm1_norm_ρdiff=3.6722242777500426e-5 hm1_norm_Δρ=5.462513044264069e-6  error_V_h1=0.13191422836344377  α = 0.0039
 101   -21.48174297380      -10.26       -4.36    44.8s
    hm1_norm_ρdiff=3.8101339341069425e-5 hm1_norm_Δρ=9.90896475440432e-6  error_V_h1=0.13192462869281013  α = 0.00415
 102   -21.48174297380      -11.07       -4.43    49.5s
    hm1_norm_ρdiff=3.929744238435533e-5 hm1_norm_Δρ=1.3128681993669707e-5  error_V_h1=0.13191532891521454  α = 0.00145
 103   -21.48174297381      -11.17       -4.67    45.1s
    hm1_norm_ρdiff=3.70758729290442e-5 hm1_norm_Δρ=5.481717688209172e-6  error_V_h1=0.13238873314376215  α = 0.00381
 104   -21.48174297382      -11.37       -4.99    45.2s
    hm1_norm_ρdiff=3.7827918245613276e-5 hm1_norm_Δρ=3.1548389946455967e-6  error_V_h1=0.13268468599830735  α = 0.0038
 105   -21.48174297384      -10.66       -4.16    49.4s
    hm1_norm_ρdiff=3.695332070061831e-5 hm1_norm_Δρ=1.717776308403116e-5  error_V_h1=0.13340535450198507  α = 0.00158
 106   -21.48174297386      -10.60       -4.38    49.7s
    hm1_norm_ρdiff=3.377477513118531e-5 hm1_norm_Δρ=1.1830776566515596e-5  error_V_h1=0.13317271669266761  α = 0.00164
 107   -21.48174297387      -10.98       -4.51    45.0s
    hm1_norm_ρdiff=3.90188021189085e-5 hm1_norm_Δρ=9.010831522287366e-6  error_V_h1=0.13340276944675747  α = 0.00368
 108   -21.48174297388      -11.38       -4.63    45.1s
    hm1_norm_ρdiff=3.536341109832137e-5 hm1_norm_Δρ=6.915203070047967e-6  error_V_h1=0.13369523927284693  α = 0.00378
 109   -21.48174297388      -11.38       -4.74    49.3s
    hm1_norm_ρdiff=3.5801318478571584e-5 hm1_norm_Δρ=4.4634758361443765e-6  error_V_h1=0.13385834530451107  α = 0.00158
 110   -21.48174297392      -10.39       -3.82    54.0s
    hm1_norm_ρdiff=3.9855526812803136e-5 hm1_norm_Δρ=4.620112289709464e-5  error_V_h1=0.13412376247870103  α = 0.000574
 111   -21.48174297395      -10.59       -4.73    44.9s
    hm1_norm_ρdiff=3.592936470460044e-5 hm1_norm_Δρ=5.735608113606434e-6  error_V_h1=0.13436291431224465  α = 0.00413
 112   -21.48174297396      -10.89       -4.94    40.3s
    hm1_norm_ρdiff=3.608318459560811e-5 hm1_norm_Δρ=2.5748151979597284e-6  error_V_h1=0.13452828844194342  α = 0.00975
 113   -21.48174297396      -11.43       -4.89    49.4s
    hm1_norm_ρdiff=3.568685815336908e-5 hm1_norm_Δρ=4.594605645882094e-6  error_V_h1=0.13453740728303945  α = 0.0016
 114   -21.48174297399      -10.65       -4.37    49.3s
    hm1_norm_ρdiff=3.6471994703205915e-5 hm1_norm_Δρ=1.2537748803603698e-5  error_V_h1=0.13438480928600857  α = 0.00156
 115   -21.48174297399      -11.55       -4.90    44.8s
    hm1_norm_ρdiff=3.305831887983886e-5 hm1_norm_Δρ=4.238881265052514e-6  error_V_h1=0.13412405897777033  α = 0.00343
 116   -21.48174297400      -10.86       -4.71    45.1s
    hm1_norm_ρdiff=3.6985177805003264e-5 hm1_norm_Δρ=4.798172254431366e-6  error_V_h1=0.13394565393447724  α = 0.00408
 117   -21.48174297402      -10.75       -5.49    31.5s
    hm1_norm_ρdiff=3.5828115225868326e-5 hm1_norm_Δρ=7.020700352888252e-7  error_V_h1=0.1345679148166835  α = 0.0467
 118   -21.48174297405      -10.55       -4.53    45.1s
    hm1_norm_ρdiff=3.755272513284739e-5 hm1_norm_Δρ=8.524942425764215e-6  error_V_h1=0.1349915758797321  α = 0.00382
 119   -21.48174297405      -11.48       -4.70    45.1s
    hm1_norm_ρdiff=3.906886769356115e-5 hm1_norm_Δρ=6.518909041418755e-6  error_V_h1=0.13523297746478893  α = 0.00344
 120   -21.48174297406      -10.91       -4.97    40.5s
    hm1_norm_ρdiff=3.574894753672661e-5 hm1_norm_Δρ=2.379121140752605e-6  error_V_h1=0.13516520768865553  α = 0.00997
 121   -21.48174297407      -11.04       -5.03    45.1s
    hm1_norm_ρdiff=3.712269399016906e-5 hm1_norm_Δρ=2.547846010187297e-6  error_V_h1=0.13506119376153375  α = 0.00436
 122   -21.48174297409      -10.89       -4.46    45.3s
    hm1_norm_ρdiff=3.668241046777119e-5 hm1_norm_Δρ=7.116341725083851e-6  error_V_h1=0.13556940947657115  α = 0.0039
 123   -21.48174297410      -10.78       -4.77    45.3s
    hm1_norm_ρdiff=3.5984778407386305e-5 hm1_norm_Δρ=4.0334126884650716e-6  error_V_h1=0.13561343990965347  α = 0.00436
 124   -21.48174297412      -10.82       -5.34    40.4s
    hm1_norm_ρdiff=3.599628556378741e-5 hm1_norm_Δρ=1.3831041176465243e-6  error_V_h1=0.1353974195020155  α = 0.0104
 125   -21.48174297413      -11.12       -4.64    49.6s
    hm1_norm_ρdiff=3.672891154417188e-5 hm1_norm_Δρ=7.37659312682786e-6  error_V_h1=0.13519745403086894  α = 0.00161
 126   -21.48174297414      -10.92       -4.89    45.2s
    hm1_norm_ρdiff=3.346180140185189e-5 hm1_norm_Δρ=3.5481303227311364e-6  error_V_h1=0.13469038137301095  α = 0.00417
 127   -21.48174297415      -10.96       -4.47    45.2s
    hm1_norm_ρdiff=3.8644785111962243e-5 hm1_norm_Δρ=8.000999770569724e-6  error_V_h1=0.13379615975298678  α = 0.00354
 128   -21.48174297416      -10.88       -4.89    40.3s
    hm1_norm_ρdiff=3.593455433622545e-5 hm1_norm_Δρ=2.6306545261455733e-6  error_V_h1=0.13342481561690245  α = 0.00968
 129   -21.48174297417      -10.96       -4.62    44.9s
    hm1_norm_ρdiff=3.6453466802750105e-5 hm1_norm_Δρ=6.69961457236984e-6  error_V_h1=0.13316339536941482  α = 0.00366
 130   -21.48174297418      -11.07       -4.56    49.6s
    hm1_norm_ρdiff=3.424907371938681e-5 hm1_norm_Δρ=9.081307547887478e-6  error_V_h1=0.13308744007224335  α = 0.0015
 131   -21.48174297419      -11.07       -5.06    45.1s
    hm1_norm_ρdiff=3.5458154677445106e-5 hm1_norm_Δρ=2.457524283238549e-6  error_V_h1=0.1330812262320267  α = 0.00437
 132   -21.48174297419      -11.49       -4.55    49.4s
    hm1_norm_ρdiff=3.374502702309764e-5 hm1_norm_Δρ=7.850981715376385e-6  error_V_h1=0.13314707633358844  α = 0.00142
 133   -21.48174297420      -11.01       -4.91    40.6s
    hm1_norm_ρdiff=3.671027398689135e-5 hm1_norm_Δρ=2.568641764523443e-6  error_V_h1=0.13318129179630178  α = 0.00965
 134   -21.48174297421      -11.48       -5.31    40.6s
    hm1_norm_ρdiff=3.563922144745738e-5 hm1_norm_Δρ=1.1560491214397319e-6  error_V_h1=0.13319468325140002  α = 0.01
 135   -21.48174297421      -12.00       -5.32    40.5s
    hm1_norm_ρdiff=3.578013802307345e-5 hm1_norm_Δρ=1.2217702684490971e-6  error_V_h1=0.13317462973873828  α = 0.00929
 136   -21.48174297421      -11.95       -5.11    49.4s
    hm1_norm_ρdiff=3.617741878311933e-5 hm1_norm_Δρ=2.456029321380862e-6  error_V_h1=0.13318670126988955  α = 0.00164
 137   -21.48174297421      -11.92       -4.93    49.5s
    hm1_norm_ρdiff=3.858367867617254e-5 hm1_norm_Δρ=3.6782349096837793e-6  error_V_h1=0.13328485906735274  α = 0.00145
 138   -21.48174297422      -10.98       -4.44    49.3s
    hm1_norm_ρdiff=3.412413248972635e-5 hm1_norm_Δρ=9.114744333662556e-6  error_V_h1=0.13349530033466983  α = 0.00151
 139   -21.48174297423      -11.17       -4.97    45.0s
    hm1_norm_ρdiff=3.5975740161044834e-5 hm1_norm_Δρ=2.192852639841757e-6  error_V_h1=0.13361420848529185  α = 0.00443
 140   -21.48174297423      -11.66       -4.75    45.1s
    hm1_norm_ρdiff=3.628888022958723e-5 hm1_norm_Δρ=5.164883178170754e-6  error_V_h1=0.1337292368518497  α = 0.00346
 141   -21.48174297423      -11.98       -5.04    49.6s
    hm1_norm_ρdiff=3.685851017623903e-5 hm1_norm_Δρ=2.9750828887179124e-6  error_V_h1=0.1337421876028862  α = 0.00155
 142   -21.48174297423      -11.62       -5.77    36.2s
    hm1_norm_ρdiff=3.5848359256095684e-5 hm1_norm_Δρ=4.0103368320220254e-7  error_V_h1=0.13365809606133922  α = 0.0228
 143   -21.48174297423      -11.80       -4.79    49.6s
    hm1_norm_ρdiff=3.752278469490838e-5 hm1_norm_Δρ=4.604734432218648e-6  error_V_h1=0.1336264161731668  α = 0.00146
 144   -21.48174297424      -11.23       -5.04    45.0s
    hm1_norm_ρdiff=3.486172187313288e-5 hm1_norm_Δρ=2.7654195750125973e-6  error_V_h1=0.13353002767415928  α = 0.00415
 145   -21.48174297425      -11.21       -5.06    45.3s
    hm1_norm_ρdiff=3.637333111572251e-5 hm1_norm_Δρ=1.9395832905792297e-6  error_V_h1=0.13342150191669588  α = 0.00443
 146   -21.48174297425      -11.77       -5.05    45.0s
    hm1_norm_ρdiff=3.620320669159609e-5 hm1_norm_Δρ=2.352963527629094e-6  error_V_h1=0.1334194512694623  α = 0.00379
 147   -21.48174297425      -12.69       -5.45    45.0s
    hm1_norm_ρdiff=3.582350864367417e-5 hm1_norm_Δρ=1.0879903993336704e-6  error_V_h1=0.13337709187024635  α = 0.00383
 148   -21.48174297425      -12.17       -5.26    49.5s
    hm1_norm_ρdiff=3.46875870222985e-5 hm1_norm_Δρ=1.859377801116101e-6  error_V_h1=0.1333202034305065  α = 0.00164
 149   -21.48174297425      -12.01       -4.91    49.7s
    hm1_norm_ρdiff=3.739999671671667e-5 hm1_norm_Δρ=3.3088675114495303e-6  error_V_h1=0.13324880960911584  α = 0.00145
 150   -21.48174297425      -11.38       -5.68    36.0s
    hm1_norm_ρdiff=3.593328516255471e-5 hm1_norm_Δρ=4.449814343940765e-7  error_V_h1=0.13300948378419633  α = 0.0226
 151   -21.48174297426      -11.46       -4.94    49.7s
    hm1_norm_ρdiff=3.6279409063887306e-5 hm1_norm_Δρ=4.232708689529393e-6  error_V_h1=0.13301242834549779  α = 0.00163
 152   -21.48174297426      -11.94       -5.65    40.5s
    hm1_norm_ρdiff=3.613717687417633e-5 hm1_norm_Δρ=6.759569491376448e-7  error_V_h1=0.1329931998664591  α = 0.0103
 153   -21.48174297426      -11.74       -5.08    40.4s
    hm1_norm_ρdiff=3.615771949249803e-5 hm1_norm_Δρ=1.6668123322612556e-6  error_V_h1=0.13287082501573963  α = 0.00913
 154   -21.48174297426      -12.55       -4.54    49.5s
    hm1_norm_ρdiff=3.5329010772785374e-5 hm1_norm_Δρ=6.758915619135532e-6  error_V_h1=0.13285446610421653  α = 0.00149
 155   -21.48174297426      -12.13       -5.51    40.5s
    hm1_norm_ρdiff=3.627200817719142e-5 hm1_norm_Δρ=8.397921642809102e-7  error_V_h1=0.1329086353710598  α = 0.00979
 156   -21.48174297426      -12.65       -5.41    49.5s
    hm1_norm_ρdiff=3.5696857313472314e-5 hm1_norm_Δρ=1.0723336726431416e-6  error_V_h1=0.13290791821667322  α = 0.00121
 157   -21.48174297427      -11.44       -4.76    49.6s
    hm1_norm_ρdiff=3.626076673132127e-5 hm1_norm_Δρ=4.395436585944816e-6  error_V_h1=0.13286833594258038  α = 0.00171
 158   -21.48174297427      -12.64       -4.95    54.0s
    hm1_norm_ρdiff=3.6198770958585975e-5 hm1_norm_Δρ=3.148145149192689e-6  error_V_h1=0.13283865766190023  α = 0.000556
 159   -21.48174297427      -12.85       -5.06    54.2s
    hm1_norm_ρdiff=3.431230532188913e-5 hm1_norm_Δρ=2.9103518963687017e-6  error_V_h1=0.13280683230271778  α = 0.000533
 160   -21.48174297427      -12.26       -4.51    49.6s
    hm1_norm_ρdiff=3.317087928932111e-5 hm1_norm_Δρ=9.504619845219559e-6  error_V_h1=0.13289982752940827  α = 0.00128
 161   -21.48174297427      -11.52       -5.50    40.4s
    hm1_norm_ρdiff=3.5853702674135e-5 hm1_norm_Δρ=6.226150837868017e-7  error_V_h1=0.13299079293758861  α = 0.0107
 162   -21.48174297427      -11.69       -5.89    36.1s
    hm1_norm_ρdiff=3.5957730341773036e-5 hm1_norm_Δρ=3.2091440035331487e-7  error_V_h1=0.13291113139457092  α = 0.0196
 163   -21.48174297427      -11.85       -4.89    49.7s
    hm1_norm_ρdiff=3.5124466764662746e-5 hm1_norm_Δρ=4.160621914212923e-6  error_V_h1=0.13289020049407577  α = 0.00152
 164   -21.48174297428      -11.12       -4.68    44.9s
    hm1_norm_ρdiff=3.5132572858757814e-5 hm1_norm_Δρ=4.931103878337927e-6  error_V_h1=0.13295875953467268  α = 0.00359
 165   -21.48174297428      -13.25       -5.07    45.0s
    hm1_norm_ρdiff=3.632736567605301e-5 hm1_norm_Δρ=1.994594180736665e-6  error_V_h1=0.13301152153628534  α = 0.00365
 166   -21.48174297428      -12.11       -5.00    44.9s
    hm1_norm_ρdiff=3.414828667957839e-5 hm1_norm_Δρ=3.2603880480724243e-6  error_V_h1=0.13297475384926133  α = 0.00339
 167   -21.48174297428      -11.48       -5.76    36.0s
    hm1_norm_ρdiff=3.606855506108687e-5 hm1_norm_Δρ=4.420217162067535e-7  error_V_h1=0.13295305647492167  α = 0.0215
 168   -21.48174297429      -11.86       -5.44    45.1s
    hm1_norm_ρdiff=3.5881199818076355e-5 hm1_norm_Δρ=9.399278874648634e-7  error_V_h1=0.1330100317509769  α = 0.00436
 169   -21.48174297429      -11.69       -5.37    40.5s
    hm1_norm_ρdiff=3.646900410214527e-5 hm1_norm_Δρ=1.2087419488335769e-6  error_V_h1=0.13302758252763314  α = 0.00826
 170   -21.48174297429      -11.93       -5.01    49.5s
    hm1_norm_ρdiff=3.543147357105644e-5 hm1_norm_Δρ=3.035236990430062e-6  error_V_h1=0.13302686223120289  α = 0.00147
 171   -21.48174297429      -11.80       -4.85    49.5s
    hm1_norm_ρdiff=3.740751096344366e-5 hm1_norm_Δρ=3.965304460727977e-6  error_V_h1=0.13306424879089454  α = 0.00146
 172   -21.48174297429      -12.22       -5.40    45.1s
    hm1_norm_ρdiff=3.6435516454834843e-5 hm1_norm_Δρ=1.1283288375699737e-6  error_V_h1=0.13310128061422477  α = 0.00236
 173   -21.48174297429      -12.10       -4.68    49.6s
    hm1_norm_ρdiff=3.5867481174710184e-5 hm1_norm_Δρ=4.670875484272052e-6  error_V_h1=0.13325240445027386  α = 0.00153
 174   -21.48174297429      -12.24       -5.35    45.0s
    hm1_norm_ρdiff=3.594183013396698e-5 hm1_norm_Δρ=1.0111836496504629e-6  error_V_h1=0.1333808476054152  α = 0.0043
 175   -21.48174297429      -11.66       -5.27    45.1s
    hm1_norm_ρdiff=3.6024491056230705e-5 hm1_norm_Δρ=1.323884975612741e-6  error_V_h1=0.13355335335731244  α = 0.00395
 176   -21.48174297430      -12.27       -4.94    49.5s
    hm1_norm_ρdiff=3.654868901818668e-5 hm1_norm_Δρ=3.098642371463383e-6  error_V_h1=0.1335899350853233  α = 0.00141
 177   -21.48174297430      -12.22       -5.50    40.6s
    hm1_norm_ρdiff=3.570418201702988e-5 hm1_norm_Δρ=6.656215599644623e-7  error_V_h1=0.13352348873940523  α = 0.0094
 178   -21.48174297430      -12.79       -5.10    49.6s
    hm1_norm_ρdiff=3.48957786453038e-5 hm1_norm_Δρ=2.4271066562665867e-6  error_V_h1=0.13356427128278414  α = 0.00156
 179   -21.48174297430      -12.47       -5.35    49.5s
    hm1_norm_ρdiff=3.6327238785758554e-5 hm1_norm_Δρ=1.2594261772617441e-6  error_V_h1=0.1335572872162794  α = 0.0015
 180   -21.48174297430      -11.72       -4.61    49.4s
    hm1_norm_ρdiff=3.250303425607264e-5 hm1_norm_Δρ=7.716125933222098e-6  error_V_h1=0.133515974626879  α = 0.00128
 181   -21.48174297430      -12.06       -5.48    44.8s
    hm1_norm_ρdiff=3.589102794710667e-5 hm1_norm_Δρ=9.380236228823141e-7  error_V_h1=0.13357707763030707  α = 0.00411
 182   -21.48174297430      -12.33       -5.23    49.6s
    hm1_norm_ρdiff=3.554013626145083e-5 hm1_norm_Δρ=2.0048854204016314e-6  error_V_h1=0.13358517325603797  α = 0.00149
 183   -21.48174297430      -12.64       -5.15    54.0s
    hm1_norm_ρdiff=3.4778512072719044e-5 hm1_norm_Δρ=2.431460410312433e-6  error_V_h1=0.13356385481316668  α = 0.000609
 184   -21.48174297430      -12.37       -5.16    49.6s
    hm1_norm_ρdiff=3.561456751640687e-5 hm1_norm_Δρ=1.3407483236812366e-6  error_V_h1=0.13351437311400638  α = 0.00143
 185   -21.48174297430      -12.56       -5.63    44.8s
    hm1_norm_ρdiff=3.589578706536403e-5 hm1_norm_Δρ=5.173833806541998e-7  error_V_h1=0.13345595965422774  α = 0.00426
 186   -21.48174297430      -12.09       -5.90    40.3s
    hm1_norm_ρdiff=3.595388232309943e-5 hm1_norm_Δρ=3.08126599155523e-7  error_V_h1=0.13342282329321598  α = 0.00922
 187   -21.48174297430      -12.31       -5.73    40.4s
    hm1_norm_ρdiff=3.586533284378306e-5 hm1_norm_Δρ=4.765929557959315e-7  error_V_h1=0.1334386995851258  α = 0.00978
 188   -21.48174297430      -12.01       -5.38    45.0s
    hm1_norm_ρdiff=3.650214464326844e-5 hm1_norm_Δρ=1.1514561693895306e-6  error_V_h1=0.13350458538140383  α = 0.0038
 189   -21.48174297430      -12.40       -5.60    44.8s
    hm1_norm_ρdiff=3.6058608191885315e-5 hm1_norm_Δρ=6.664414610423375e-7  error_V_h1=0.13349003197757897  α = 0.00422
 190   -21.48174297430      -12.27       -5.98    40.4s
    hm1_norm_ρdiff=3.581055061686443e-5 hm1_norm_Δρ=2.4222008951572815e-7  error_V_h1=0.13351931052858085  α = 0.00925
 191   -21.48174297430      -11.97       -4.72    54.1s
    hm1_norm_ρdiff=3.930685653616887e-5 hm1_norm_Δρ=6.174651895016602e-6  error_V_h1=0.13351769529849805  α = 0.000592
 192   -21.48174297431      -12.28       -5.89    40.4s
    hm1_norm_ρdiff=3.599438383893134e-5 hm1_norm_Δρ=3.314946743177208e-7  error_V_h1=0.13348492984658517  α = 0.00933
 193   -21.48174297431      -12.51       -5.50    44.8s
    hm1_norm_ρdiff=3.6086100717952905e-5 hm1_norm_Δρ=7.670756941878085e-7  error_V_h1=0.1334684210857467  α = 0.00398
 194   -21.48174297431      -13.85       -5.14    58.5s
    hm1_norm_ρdiff=3.6051215262682704e-5 hm1_norm_Δρ=2.0305924350493433e-6  error_V_h1=0.13346504049732366  α = 0.000148
 195   -21.48174297431      -13.05       -5.84    49.3s
    hm1_norm_ρdiff=3.586894976391372e-5 hm1_norm_Δρ=4.4925476386280846e-7  error_V_h1=0.13346572819806757  α = 0.00155
 196   -21.48174297431      -12.71       -5.36    49.5s
    hm1_norm_ρdiff=3.60125816009906e-5 hm1_norm_Δρ=1.0759592536137699e-6  error_V_h1=0.13347664247541205  α = 0.00164
 197   -21.48174297431      -14.15       -5.72    49.4s
    hm1_norm_ρdiff=3.6215344047564084e-5 hm1_norm_Δρ=6.351351606093155e-7  error_V_h1=0.13347613829936064  α = 0.0012
 198   -21.48174297431      -13.37       -5.89    45.1s
    hm1_norm_ρdiff=3.598583391358261e-5 hm1_norm_Δρ=3.006797489513128e-7  error_V_h1=0.13346576016202952  α = 0.00271
 199   -21.48174297431      -12.30       -4.84    54.0s
    hm1_norm_ρdiff=3.501520659212462e-5 hm1_norm_Δρ=3.4129317462520983e-6  error_V_h1=0.13342820877648248  α = 0.000624
 200   -21.48174297431      -12.46       -5.84    44.9s
    hm1_norm_ρdiff=3.584244269231136e-5 hm1_norm_Δρ=3.786856686890186e-7  error_V_h1=0.1334362097383018  α = 0.00424
 201   -21.48174297431      -13.05       -6.36    40.4s
    hm1_norm_ρdiff=3.5880675289888077e-5 hm1_norm_Δρ=1.2441079915663407e-7  error_V_h1=0.1334375817288319  α = 0.00731
 202   -21.48174297431   +    -Inf       -5.01    67.6s
    hm1_norm_ρdiff=3.603260519520226e-5 hm1_norm_Δρ=2.641638438373863e-6  error_V_h1=0.13343614030659792  α = 8.89e-5
 203   -21.48174297431      -12.64       -5.03    54.0s
    hm1_norm_ρdiff=3.560513429590118e-5 hm1_norm_Δρ=2.546592500696599e-6  error_V_h1=0.13343780720075973  α = 0.000609
 204   -21.48174297431      -12.55       -5.35    45.0s
    hm1_norm_ρdiff=3.5523156437102874e-5 hm1_norm_Δρ=1.1396922201002364e-6  error_V_h1=0.1334406591210489  α = 0.00347
 205   -21.48174297431      -12.72       -5.78    44.2s
    hm1_norm_ρdiff=3.608026466622181e-5 hm1_norm_Δρ=3.467982439784738e-7  error_V_h1=0.13343926835167888  α = 0.00401
 206   -21.48174297431      -13.27       -5.98    44.5s
    hm1_norm_ρdiff=3.5892489958050925e-5 hm1_norm_Δρ=2.7330103291829524e-7  error_V_h1=0.1334246012553798  α = 0.00441
 207   -21.48174297431      -12.85       -5.73    44.3s
    hm1_norm_ρdiff=3.571686463905854e-5 hm1_norm_Δρ=5.211382490605928e-7  error_V_h1=0.1334021480547256  α = 0.00378
 208   -21.48174297431      -12.93       -4.99    53.6s
    hm1_norm_ρdiff=3.4641686495167464e-5 hm1_norm_Δρ=3.238260614262658e-6  error_V_h1=0.13338265437358873  α = 0.000597
 209   -21.48174297431      -12.58       -5.12    49.6s
    hm1_norm_ρdiff=3.494714515909714e-5 hm1_norm_Δρ=2.1217868722237158e-6  error_V_h1=0.13339011336821235  α = 0.00141
 210   -21.48174297431      -12.73       -6.18    40.5s
    hm1_norm_ρdiff=3.5971368360256955e-5 hm1_norm_Δρ=1.968945122333181e-7  error_V_h1=0.1333515544780066  α = 0.00885
 211   -21.48174297431      -12.94       -5.89    45.1s
    hm1_norm_ρdiff=3.5838646626710684e-5 hm1_norm_Δρ=3.082017783158119e-7  error_V_h1=0.13333617326032735  α = 0.00443
 212   -21.48174297431      -13.15       -6.12    44.9s
    hm1_norm_ρdiff=3.586541877486215e-5 hm1_norm_Δρ=2.481047157176022e-7  error_V_h1=0.13333191858272259  α = 0.00413
    Stopping to avoid numerical instabilities.
 213   -21.48174297431      -13.03       -6.06    40.4s
    hm1_norm_ρdiff=3.5830691452312115e-5 hm1_norm_Δρ=1.7771665331723034e-7  error_V_h1=0.13332860267123303  α = 0.00913

#-- |ρε - ρref| = 3.5881396200077945e-5 vs. 5.62341325190349e-9 = δ*ε  error_V_h1=0.13332735585523442


# --- ε=3.162277660168379e-7

n     Energy            log10(ΔE)   log10(Δρ)   Δtime
---   ---------------   ---------   ---------   ------
  1   -21.48169777679                   -0.89    69.0s
    hm1_norm_ρdiff=0.08212216079318486 hm1_norm_Δρ=0.0821040967251582  error_V_h1=1.6086724775122079  α = 0.000185
  2   -21.48169927054       -5.83       -1.79    49.1s
    hm1_norm_ρdiff=0.006850778008616407 hm1_norm_Δρ=0.006847263115939433  error_V_h1=1.361530193178402  α = 0.00125
  3   -21.48169971694       -6.35       -2.08    49.3s
    hm1_norm_ρdiff=0.0032332003660947273 hm1_norm_Δρ=0.0032311126906609112  error_V_h1=1.2801416603182736  α = 0.00129
  4   -21.48170026631       -6.26       -2.22    49.7s
    hm1_norm_ρdiff=0.0021821811805419504 hm1_norm_Δρ=0.0021800406827858234  error_V_h1=1.171934411916009  α = 0.00142
  5   -21.48170067077       -6.39       -2.82    44.7s
    hm1_norm_ρdiff=0.0003873439745284415 hm1_norm_Δρ=0.0003848181160011179  error_V_h1=1.0865341945699543  α = 0.00444
  6   -21.48170080084       -6.89       -3.00    44.9s
    hm1_norm_ρdiff=0.00029068453167268107 hm1_norm_Δρ=0.000289317972538713  error_V_h1=1.0591510316131665  α = 0.0042
  7   -21.48170082168       -7.68       -2.86    44.8s
    hm1_norm_ρdiff=0.000386041492353942 hm1_norm_Δρ=0.00038557671659469466  error_V_h1=1.0570074165007137  α = 0.00349
  8   -21.48170090564       -7.08       -3.27    40.3s
    hm1_norm_ρdiff=0.00012260699947421415 hm1_norm_Δρ=0.00012126108617532053  error_V_h1=1.0408567039754462  α = 0.0102
  9   -21.48170098275       -7.11       -3.29    40.5s
    hm1_norm_ρdiff=0.00012069144978189223 hm1_norm_Δρ=0.00012017823874439081  error_V_h1=1.0253997795214203  α = 0.00998
 10   -21.48170105022       -7.17       -3.35    40.5s
    hm1_norm_ρdiff=0.00011155587500864493 hm1_norm_Δρ=0.00011124228767347126  error_V_h1=1.0114394671794238  α = 0.0101
 11   -21.48170121186       -6.79       -3.33    40.4s
    hm1_norm_ρdiff=0.00010544821228574042 hm1_norm_Δρ=0.00010584651171263586  error_V_h1=0.9732847127636358  α = 0.0107
 12   -21.48170127194       -7.22       -2.22    58.6s
    hm1_norm_ρdiff=0.0036878729563537614 hm1_norm_Δρ=0.0037060422244386683  error_V_h1=0.9573806200051541  α = 0.000186
 13   -21.48170155989       -6.54       -1.87    49.4s
    hm1_norm_ρdiff=0.005139709944481948 hm1_norm_Δρ=0.005149545423845853  error_V_h1=0.8668966438887041  α = 0.00117
 14   -21.48170182058       -6.58       -2.11    53.8s
    hm1_norm_ρdiff=0.002947692451923425 hm1_norm_Δρ=0.0029516623117580004  error_V_h1=0.7844681113134893  α = 0.000543
 15   -21.48170188707       -7.18       -2.59    49.5s
    hm1_norm_ρdiff=0.0009229586391024353 hm1_norm_Δρ=0.0009262060953801954  error_V_h1=0.7598821473965135  α = 0.00137
 16   -21.48170192874       -7.38       -4.05    31.5s
    hm1_norm_ρdiff=3.1295804434962224e-5 hm1_norm_Δρ=1.994387835286307e-5  error_V_h1=0.7540651683797477  α = 0.0466
 17   -21.48170201360       -7.07       -3.41    36.0s
    hm1_norm_ρdiff=7.774378107400517e-5 hm1_norm_Δρ=7.333281151289187e-5  error_V_h1=0.7314501840476618  α = 0.0225
 18   -21.48170206778       -7.27       -2.78    49.5s
    hm1_norm_ρdiff=0.0005320239520298963 hm1_norm_Δρ=0.0005312737534020159  error_V_h1=0.7122287280100236  α = 0.00153
 19   -21.48170211169       -7.36       -3.21    40.5s
    hm1_norm_ρdiff=0.00014593771676904167 hm1_norm_Δρ=0.00014438244774584415  error_V_h1=0.6921472231750792  α = 0.00961
 20   -21.48170218827       -7.12       -3.17    40.5s
    hm1_norm_ρdiff=0.00015315289363771655 hm1_norm_Δρ=0.0001504336760036351  error_V_h1=0.6582214418949036  α = 0.00977
 21   -21.48170226673       -7.11       -3.16    45.1s
    hm1_norm_ρdiff=0.00017182421696244367 hm1_norm_Δρ=0.00016792313223626097  error_V_h1=0.6265454665877986  α = 0.00444
 22   -21.48170253085       -6.58       -3.56    35.9s
    hm1_norm_ρdiff=7.456622484607824e-5 hm1_norm_Δρ=6.596678372975716e-5  error_V_h1=0.5206402829971758  α = 0.023
 23   -21.48170260855       -7.11       -3.06    44.9s
    hm1_norm_ρdiff=0.0002395576581256363 hm1_norm_Δρ=0.00025065059720911093  error_V_h1=0.48401136169566616  α = 0.00415
 24   -21.48170276644       -6.80       -2.05    54.3s
    hm1_norm_ρdiff=0.002500918223996007 hm1_norm_Δρ=0.002487038527466099  error_V_h1=0.399691799410222  α = 0.000528
 25   -21.48170284522       -7.10       -2.50    49.6s
    hm1_norm_ρdiff=0.0006903026909985057 hm1_norm_Δρ=0.000692805139159496  error_V_h1=0.3426836859313503  α = 0.00145
 26   -21.48170287181       -7.58       -2.85    49.6s
    hm1_norm_ρdiff=0.00040235003362402457 hm1_norm_Δρ=0.0003987545914984784  error_V_h1=0.3207402828868631  α = 0.0015
 27   -21.48170289173       -7.70       -2.85    49.4s
    hm1_norm_ρdiff=0.0004494582024173098 hm1_norm_Δρ=0.0004474569945980814  error_V_h1=0.303901585010867  α = 0.0014
 28   -21.48170293916       -7.32       -3.00    45.1s
    hm1_norm_ρdiff=0.00019841020403661488 hm1_norm_Δρ=0.00020114895101067134  error_V_h1=0.24824531456818288  α = 0.00409
 29   -21.48170294233       -8.50       -3.38    49.7s
    hm1_norm_ρdiff=0.00012871450958871654 hm1_norm_Δρ=0.0001275412209828754  error_V_h1=0.2436608747682303  α = 0.00154
 30   -21.48170296964       -7.56       -2.99    45.0s
    hm1_norm_ρdiff=0.00023567975851641684 hm1_norm_Δρ=0.00023614930389249917  error_V_h1=0.20849981220837208  α = 0.00378
 31   -21.48170300054       -7.51       -3.12    45.1s
    hm1_norm_ρdiff=0.00017439082355183997 hm1_norm_Δρ=0.00017560867624160943  error_V_h1=0.16610648894559282  α = 0.00404
 32   -21.48170300353       -8.52       -3.75    45.0s
    hm1_norm_ρdiff=5.668303830231787e-5 hm1_norm_Δρ=5.135056717739357e-5  error_V_h1=0.16129999518146929  α = 0.00407
 33   -21.48170300455       -9.00       -3.58    49.7s
    hm1_norm_ρdiff=5.7256432250080884e-5 hm1_norm_Δρ=6.035855644503678e-5  error_V_h1=0.1563151701186749  α = 0.00161
 34   -21.48170300976       -8.28       -2.54    54.1s
    hm1_norm_ρdiff=0.0008418671695516976 hm1_norm_Δρ=0.000830606798750179  error_V_h1=0.14063165205197062  α = 0.000457
 35   -21.48170301237       -8.58       -2.85    54.1s
    hm1_norm_ρdiff=0.0003835194369215981 hm1_norm_Δρ=0.0003972577512258313  error_V_h1=0.13792608602592865  α = 0.000497
 36   -21.48170301631       -8.40       -2.84    49.5s
    hm1_norm_ρdiff=0.0003374614611473228 hm1_norm_Δρ=0.0003346094436414082  error_V_h1=0.15391972707812643  α = 0.00122
 37   -21.48170301691       -9.22       -3.23    49.7s
    hm1_norm_ρdiff=0.00015674186183613038 hm1_norm_Δρ=0.00015832745529532804  error_V_h1=0.15899503784032526  α = 0.00124
 38   -21.48170302092       -8.40       -3.15    49.5s
    hm1_norm_ρdiff=0.00023101197978062663 hm1_norm_Δρ=0.0002317460280175455  error_V_h1=0.15523581601684325  α = 0.00136
 39   -21.48170302529       -8.36       -3.49    45.0s
    hm1_norm_ρdiff=7.193319893981086e-5 hm1_norm_Δρ=6.552760191955551e-5  error_V_h1=0.15533098147482852  α = 0.00404
 40   -21.48170302547       -9.74       -4.04    49.7s
    hm1_norm_ρdiff=3.508611892400766e-5 hm1_norm_Δρ=2.7561488885781693e-5  error_V_h1=0.15563173454606472  α = 0.00161
 41   -21.48170303281       -8.13       -3.22    45.3s
    hm1_norm_ρdiff=0.0001485912258802 hm1_norm_Δρ=0.00014583046856758174  error_V_h1=0.1478553804568516  α = 0.00367
 42   -21.48170303592       -8.51       -3.61    45.2s
    hm1_norm_ρdiff=6.842191452176718e-5 hm1_norm_Δρ=6.325962840261217e-5  error_V_h1=0.14433248452720088  α = 0.00395
 43   -21.48170303681       -9.05       -4.05    45.0s
    hm1_norm_ρdiff=2.8478515592612344e-5 hm1_norm_Δρ=2.088262429151295e-5  error_V_h1=0.14408752329236732  α = 0.00437
 44   -21.48170303698       -9.76       -4.63    40.5s
    hm1_norm_ρdiff=2.2180737852422642e-5 hm1_norm_Δρ=5.4972640210763995e-6  error_V_h1=0.14448583092881662  α = 0.0104
 45   -21.48170303878       -8.75       -2.80    54.1s
    hm1_norm_ρdiff=0.0004567798908488013 hm1_norm_Δρ=0.00046780482258666176  error_V_h1=0.14371046995314712  α = 0.000462
 46   -21.48170303899       -9.68       -3.53    54.3s
    hm1_norm_ρdiff=9.857452483966951e-5 hm1_norm_Δρ=8.378652065691853e-5  error_V_h1=0.14315794681002392  α = 0.000537
 47   -21.48170304035       -8.87       -2.97    49.6s
    hm1_norm_ρdiff=0.00026872327199406313 hm1_norm_Δρ=0.0002700852362960804  error_V_h1=0.13118222045283381  α = 0.00117
 48   -21.48170304087       -9.28       -3.40    49.8s
    hm1_norm_ρdiff=0.0001080031472392824 hm1_norm_Δρ=0.00010367125797204583  error_V_h1=0.12563446068146747  α = 0.0013
 49   -21.48170304219       -8.88       -3.37    49.7s
    hm1_norm_ρdiff=0.00013817652308123696 hm1_norm_Δρ=0.00013603603135281604  error_V_h1=0.1212214736923352  α = 0.00135
 50   -21.48170304291       -9.14       -3.81    45.0s
    hm1_norm_ρdiff=3.3675646094210825e-5 hm1_norm_Δρ=3.3421787404394505e-5  error_V_h1=0.11393885899430199  α = 0.00382
 51   -21.48170304314       -9.62       -4.60    40.5s
    hm1_norm_ρdiff=2.0946211807700918e-5 hm1_norm_Δρ=6.2881508320477e-6  error_V_h1=0.11235114009207293  α = 0.0101
 52   -21.48170304476       -8.79       -3.37    45.1s
    hm1_norm_ρdiff=0.00011129436882636235 hm1_norm_Δρ=0.000111356869572551  error_V_h1=0.10228999680254075  α = 0.00344
 53   -21.48170304533       -9.24       -3.90    45.1s
    hm1_norm_ρdiff=3.584791920588638e-5 hm1_norm_Δρ=3.195830752733877e-5  error_V_h1=0.09825857188228156  α = 0.00386
 54   -21.48170304569       -9.45       -4.61    40.5s
    hm1_norm_ρdiff=2.1622461896528974e-5 hm1_norm_Δρ=5.374456544849558e-6  error_V_h1=0.09757195874959176  α = 0.0106
 55   -21.48170304599       -9.52       -4.51    40.5s
    hm1_norm_ρdiff=2.0766338062996712e-5 hm1_norm_Δρ=7.600251275138837e-6  error_V_h1=0.09839339394033142  α = 0.01
 56   -21.48170304646       -9.33       -3.13    54.1s
    hm1_norm_ρdiff=0.00023568757627332747 hm1_norm_Δρ=0.0002236132191739115  error_V_h1=0.09576584652307914  α = 0.000469
 57   -21.48170304683       -9.43       -4.33    40.5s
    hm1_norm_ρdiff=2.1484284044189878e-5 hm1_norm_Δρ=1.0732544762998729e-5  error_V_h1=0.10249164232209783  α = 0.00948
 58   -21.48170304896       -8.67       -3.04    54.1s
    hm1_norm_ρdiff=0.00026170641787827165 hm1_norm_Δρ=0.0002536478824482149  error_V_h1=0.10275051278952917  α = 0.000539
 59   -21.48170304958       -9.21       -3.65    49.7s
    hm1_norm_ρdiff=4.954998613729004e-5 hm1_norm_Δρ=5.2483027772045614e-5  error_V_h1=0.10526327788927718  α = 0.00154
 60   -21.48170304979       -9.67       -3.62    49.7s
    hm1_norm_ρdiff=7.836290391706229e-5 hm1_norm_Δρ=8.103303513375908e-5  error_V_h1=0.1048927394238303  α = 0.00125
 61   -21.48170304990       -9.98       -3.69    49.6s
    hm1_norm_ρdiff=7.443053733764744e-5 hm1_norm_Δρ=6.112982687133478e-5  error_V_h1=0.10829313129062858  α = 0.00126
 62   -21.48170305016       -9.58       -4.06    45.1s
    hm1_norm_ρdiff=2.932220507086008e-5 hm1_norm_Δρ=1.939443938782883e-5  error_V_h1=0.11200614050176053  α = 0.00395
 63   -21.48170305282       -8.57       -3.47    49.8s
    hm1_norm_ρdiff=0.00010566691520288138 hm1_norm_Δρ=0.00010244081362385738  error_V_h1=0.1071724572119427  α = 0.00157
 64   -21.48170305354       -9.14       -3.79    49.9s
    hm1_norm_ρdiff=4.815291056458731e-5 hm1_norm_Δρ=4.243700353787653e-5  error_V_h1=0.10531668719478653  α = 0.00166
 65   -21.48170305360      -10.25       -4.70    40.7s
    hm1_norm_ρdiff=2.079585288332031e-5 hm1_norm_Δρ=4.279350289138194e-6  error_V_h1=0.10576487259099213  α = 0.00998
 66   -21.48170305367      -10.13       -4.33    45.2s
    hm1_norm_ρdiff=2.4281620783358624e-5 hm1_norm_Δρ=1.1954882789375301e-5  error_V_h1=0.10505604374579938  α = 0.00377
 67   -21.48170305383       -9.80       -3.40    54.8s
    hm1_norm_ρdiff=0.00011802338175806146 hm1_norm_Δρ=0.0001281852410426225  error_V_h1=0.10552432383720524  α = 0.000466
 68   -21.48170305408       -9.60       -3.98    49.4s
    hm1_norm_ρdiff=3.340117893562432e-5 hm1_norm_Δρ=2.4363609990807703e-5  error_V_h1=0.102922394834012  α = 0.00164
 69   -21.48170305411      -10.52       -4.04    54.0s
    hm1_norm_ρdiff=2.7748397973931065e-5 hm1_norm_Δρ=2.7200775285131785e-5  error_V_h1=0.10253620618753156  α = 0.000539
 70   -21.48170305415      -10.41       -4.42    45.0s
    hm1_norm_ρdiff=2.4314928766399537e-5 hm1_norm_Δρ=8.403803462591442e-6  error_V_h1=0.10144272717121121  α = 0.0037
 71   -21.48170305442       -9.56       -3.67    54.2s
    hm1_norm_ρdiff=8.364749790162052e-5 hm1_norm_Δρ=7.638795712415142e-5  error_V_h1=0.10110976373854405  α = 0.000573
 72   -21.48170305461       -9.72       -3.63    54.2s
    hm1_norm_ρdiff=6.316577298607188e-5 hm1_norm_Δρ=7.301457218465109e-5  error_V_h1=0.09913156951662969  α = 0.000551
 73   -21.48170305474       -9.92       -4.29    45.1s
    hm1_norm_ρdiff=2.2390979549422428e-5 hm1_norm_Δρ=1.2132479786158928e-5  error_V_h1=0.09681662346548607  α = 0.00389
 74   -21.48170305479      -10.26       -4.37    49.5s
    hm1_norm_ρdiff=2.3619390037042976e-5 hm1_norm_Δρ=1.2361012495580861e-5  error_V_h1=0.09669083596949801  α = 0.00163
 75   -21.48170305483      -10.37       -4.81    45.1s
    hm1_norm_ρdiff=2.1651710124104884e-5 hm1_norm_Δρ=4.4800200136450486e-6  error_V_h1=0.09685387597780137  α = 0.00431
 76   -21.48170305491      -10.10       -4.61    40.4s
    hm1_norm_ρdiff=2.1176932382489563e-5 hm1_norm_Δρ=5.494987745296289e-6  error_V_h1=0.09760163937190633  α = 0.00945
 77   -21.48170305493      -10.65       -4.38    45.2s
    hm1_norm_ρdiff=2.3168809010139976e-5 hm1_norm_Δρ=1.068279253432285e-5  error_V_h1=0.09856383817389205  α = 0.00353
 78   -21.48170305496      -10.59       -3.88    54.3s
    hm1_norm_ρdiff=5.3605584317916304e-5 hm1_norm_Δρ=4.029494419399383e-5  error_V_h1=0.0981348422288031  α = 0.000489
 79   -21.48170305501      -10.34       -5.08    35.9s
    hm1_norm_ρdiff=2.079158490315803e-5 hm1_norm_Δρ=1.8249421276799893e-6  error_V_h1=0.09715533593693565  α = 0.0222
 80   -21.48170305504      -10.46       -3.95    54.1s
    hm1_norm_ρdiff=3.247724025316675e-5 hm1_norm_Δρ=3.001921022103108e-5  error_V_h1=0.09689591100694213  α = 0.000611
 81   -21.48170305513      -10.06       -4.53    45.2s
    hm1_norm_ρdiff=2.0522330627920114e-5 hm1_norm_Δρ=6.4393802191943865e-6  error_V_h1=0.09753917204271732  α = 0.00423
 82   -21.48170305515      -10.69       -4.64    49.6s
    hm1_norm_ρdiff=2.4491252767316318e-5 hm1_norm_Δρ=7.207846267944778e-6  error_V_h1=0.09764075884619738  α = 0.00147
 83   -21.48170305515      -11.62       -4.20    54.1s
    hm1_norm_ρdiff=2.3430893355753242e-5 hm1_norm_Δρ=2.0657189617423622e-5  error_V_h1=0.09737681251239927  α = 0.000524
 84   -21.48170305519      -10.41       -4.60    45.0s
    hm1_norm_ρdiff=2.1312162727311252e-5 hm1_norm_Δρ=6.5224856184078675e-6  error_V_h1=0.0979683280410077  α = 0.00403
 85   -21.48170305519      -12.15       -4.70    49.5s
    hm1_norm_ρdiff=2.3788279946448926e-5 hm1_norm_Δρ=6.638141028344202e-6  error_V_h1=0.09813691783296553  α = 0.00146
 86   -21.48170305519      -11.35       -4.64    44.9s
    hm1_norm_ρdiff=1.8655898448575828e-5 hm1_norm_Δρ=6.300619663011988e-6  error_V_h1=0.09794020918196156  α = 0.00352
 87   -21.48170305527      -10.12       -4.39    45.0s
    hm1_norm_ρdiff=2.2066336961536966e-5 hm1_norm_Δρ=1.0218243922040924e-5  error_V_h1=0.09767402052959759  α = 0.00386
 88   -21.48170305534      -10.17       -4.22    49.2s
    hm1_norm_ρdiff=2.4682620698041124e-5 hm1_norm_Δρ=1.5304430612294223e-5  error_V_h1=0.09699478705649948  α = 0.00159
 89   -21.48170305537      -10.53       -3.80    54.2s
    hm1_norm_ρdiff=4.731937012907845e-5 hm1_norm_Δρ=5.164510862963058e-5  error_V_h1=0.09732666155863608  α = 0.000493
 90   -21.48170305542      -10.24       -4.14    49.7s
    hm1_norm_ρdiff=2.0723183424476408e-5 hm1_norm_Δρ=1.7094043143553216e-5  error_V_h1=0.09790807045372772  α = 0.00148
 91   -21.48170305545      -10.63       -5.28    36.0s
    hm1_norm_ρdiff=2.0435233866479832e-5 hm1_norm_Δρ=1.1228268474471162e-6  error_V_h1=0.09779377915647272  α = 0.0222
 92   -21.48170305548      -10.43       -4.86    45.1s
    hm1_norm_ρdiff=2.1218061282537563e-5 hm1_norm_Δρ=3.4790385991621475e-6  error_V_h1=0.09747662760630067  α = 0.00369
 93   -21.48170305550      -10.82       -4.53    44.9s
    hm1_norm_ρdiff=2.298805740534458e-5 hm1_norm_Δρ=6.6102114710220165e-6  error_V_h1=0.09744972522838244  α = 0.00345
 94   -21.48170305552      -10.62       -4.52    49.6s
    hm1_norm_ρdiff=2.2634959873503964e-5 hm1_norm_Δρ=7.951828454930497e-6  error_V_h1=0.09745235641287263  α = 0.00162
 95   -21.48170305554      -10.81       -4.31    49.6s
    hm1_norm_ρdiff=1.7959344985695835e-5 hm1_norm_Δρ=1.1499772476440655e-5  error_V_h1=0.09679383787122724  α = 0.00146
 96   -21.48170305557      -10.56       -4.59    45.1s
    hm1_norm_ρdiff=2.1780872313432725e-5 hm1_norm_Δρ=6.208418398774953e-6  error_V_h1=0.09626094712168869  α = 0.00379
 97   -21.48170305557      -11.19       -4.40    49.6s
    hm1_norm_ρdiff=2.9775838458404122e-5 hm1_norm_Δρ=1.3272758354529798e-5  error_V_h1=0.09644836464435937  α = 0.00126
 98   -21.48170305558      -10.94       -4.68    45.1s
    hm1_norm_ρdiff=2.0729342251467016e-5 hm1_norm_Δρ=5.365278850627789e-6  error_V_h1=0.09645601650254307  α = 0.00375
 99   -21.48170305559      -11.31       -4.93    45.2s
    hm1_norm_ρdiff=2.123805248451626e-5 hm1_norm_Δρ=3.6686039560876585e-6  error_V_h1=0.09634246023108305  α = 0.00371
 100   -21.48170305560      -10.86       -4.88    45.0s
    hm1_norm_ρdiff=2.0121552253890546e-5 hm1_norm_Δρ=2.7650544920373458e-6  error_V_h1=0.09586214823922727  α = 0.00442
 101   -21.48170305561      -11.25       -4.40    49.7s
    hm1_norm_ρdiff=2.6224477860348935e-5 hm1_norm_Δρ=1.1277817410488462e-5  error_V_h1=0.09541263569132585  α = 0.00126
 102   -21.48170305564      -10.45       -4.31    49.4s
    hm1_norm_ρdiff=2.0564720103391485e-5 hm1_norm_Δρ=9.868699899421213e-6  error_V_h1=0.09526174723904074  α = 0.00166
 103   -21.48170305565      -11.16       -5.03    44.9s
    hm1_norm_ρdiff=2.104250972717643e-5 hm1_norm_Δρ=2.672498986947595e-6  error_V_h1=0.09502976912866465  α = 0.00404
 104   -21.48170305567      -10.82       -4.11    48.9s
    hm1_norm_ρdiff=2.2874370355953904e-5 hm1_norm_Δρ=1.8735538664348026e-5  error_V_h1=0.09488171348932786  α = 0.00123
 105   -21.48170305568      -11.00       -4.97    40.0s
    hm1_norm_ρdiff=2.0214813374629744e-5 hm1_norm_Δρ=1.875904617600841e-6  error_V_h1=0.09421440665211246  α = 0.00969
 106   -21.48170305568      -11.87       -4.52    49.5s
    hm1_norm_ρdiff=2.5007576697315688e-5 hm1_norm_Δρ=9.181674930239195e-6  error_V_h1=0.09440684968179071  α = 0.00121
 107   -21.48170305569      -10.91       -4.52    49.6s
    hm1_norm_ρdiff=2.017615310670882e-5 hm1_norm_Δρ=8.827513408022754e-6  error_V_h1=0.09413475227153853  α = 0.0015
 108   -21.48170305569      -12.09       -4.48    49.5s
    hm1_norm_ρdiff=1.61922322558793e-5 hm1_norm_Δρ=1.1559559169842056e-5  error_V_h1=0.09389689409758716  α = 0.00113
 109   -21.48170305569      -11.37       -4.68    45.1s
    hm1_norm_ρdiff=2.1667228681155776e-5 hm1_norm_Δρ=5.4109420801487605e-6  error_V_h1=0.09371120748086507  α = 0.00349
 110   -21.48170305570      -11.29       -4.74    49.5s
    hm1_norm_ρdiff=1.9554332506376283e-5 hm1_norm_Δρ=5.53960602313567e-6  error_V_h1=0.09379903563459634  α = 0.00149
 111   -21.48170305570      -11.33       -4.83    45.1s
    hm1_norm_ρdiff=2.0725637259298772e-5 hm1_norm_Δρ=3.092186751929522e-6  error_V_h1=0.09418801903850199  α = 0.00373
 112   -21.48170305571      -11.12       -4.27    53.9s
    hm1_norm_ρdiff=2.1150615055874682e-5 hm1_norm_Δρ=1.565378766205795e-5  error_V_h1=0.0944023082863636  α = 0.000542
 113   -21.48170305572      -11.22       -5.15    45.2s
    hm1_norm_ρdiff=2.02636041019891e-5 hm1_norm_Δρ=1.490064874446254e-6  error_V_h1=0.09440464711258713  α = 0.00444
 114   -21.48170305572      -11.27       -5.05    45.0s
    hm1_norm_ρdiff=1.9680086275519235e-5 hm1_norm_Δρ=2.4020899972979916e-6  error_V_h1=0.09453173980899034  α = 0.00393
 115   -21.48170305573      -11.61       -4.29    49.9s
    hm1_norm_ρdiff=2.7518302674993152e-5 hm1_norm_Δρ=1.2988586771158932e-5  error_V_h1=0.09465304985550875  α = 0.00117
 116   -21.48170305573      -11.10       -4.57    45.0s
    hm1_norm_ρdiff=2.120846413937727e-5 hm1_norm_Δρ=5.248619218513307e-6  error_V_h1=0.09524078788914626  α = 0.0036
 117   -21.48170305574      -11.39       -4.50    54.4s
    hm1_norm_ρdiff=1.9096192550513025e-5 hm1_norm_Δρ=1.0037227991405739e-5  error_V_h1=0.09513508084993483  α = 0.000569
 118   -21.48170305574      -11.43       -4.92    49.6s
    hm1_norm_ρdiff=2.144495456947317e-5 hm1_norm_Δρ=3.4137381326838295e-6  error_V_h1=0.09527702106053018  α = 0.00161
 119   -21.48170305575      -11.45       -4.57    54.2s
    hm1_norm_ρdiff=2.753773668562631e-5 hm1_norm_Δρ=1.0091578070595319e-5  error_V_h1=0.09535281808425113  α = 0.000544
 120   -21.48170305575      -11.71       -4.66    45.1s
    hm1_norm_ρdiff=2.0269573464617642e-5 hm1_norm_Δρ=5.5814006065036605e-6  error_V_h1=0.09556585651684336  α = 0.00338
 121   -21.48170305575      -12.13       -5.48    36.0s
    hm1_norm_ρdiff=2.030104169576296e-5 hm1_norm_Δρ=6.634272191814636e-7  error_V_h1=0.09637884087564547  α = 0.022
 122   -21.48170305575      -11.52       -4.75    49.5s
    hm1_norm_ρdiff=1.99579794412858e-5 hm1_norm_Δρ=5.333021377734478e-6  error_V_h1=0.09643150284940523  α = 0.00145
 123   -21.48170305575      -12.33       -5.17    40.6s
    hm1_norm_ρdiff=2.054280421456757e-5 hm1_norm_Δρ=1.6346588364187447e-6  error_V_h1=0.0965974515036686  α = 0.00923
 124   -21.48170305576      -11.29       -5.05    45.2s
    hm1_norm_ρdiff=2.1069449537301387e-5 hm1_norm_Δρ=2.0051275005033518e-6  error_V_h1=0.09668872838784234  α = 0.00404
 125   -21.48170305576      -11.84       -4.50    49.7s
    hm1_norm_ρdiff=2.1287026517774824e-5 hm1_norm_Δρ=7.4489315337588025e-6  error_V_h1=0.09732661325619024  α = 0.00142
 126   -21.48170305577      -10.86       -4.14    54.4s
    hm1_norm_ρdiff=2.317081045945734e-5 hm1_norm_Δρ=1.7963546331924417e-5  error_V_h1=0.09731148533610864  α = 0.000578
 127   -21.48170305578      -10.89       -4.83    45.0s
    hm1_norm_ρdiff=2.0055516795301543e-5 hm1_norm_Δρ=3.1260407208184584e-6  error_V_h1=0.09717507586328078  α = 0.00413
 128   -21.48170305579      -11.64       -4.84    49.7s
    hm1_norm_ρdiff=2.2524865353104298e-5 hm1_norm_Δρ=4.325185848713286e-6  error_V_h1=0.09725342968315073  α = 0.00145
 129   -21.48170305579      -11.45       -4.67    49.7s
    hm1_norm_ρdiff=1.984981006915565e-5 hm1_norm_Δρ=5.912257603710713e-6  error_V_h1=0.09714393416405481  α = 0.00145
 130   -21.48170305579      -12.03       -4.90    49.6s
    hm1_norm_ρdiff=1.8122516060571843e-5 hm1_norm_Δρ=4.543794263979988e-6  error_V_h1=0.09713675585557369  α = 0.00133
 131   -21.48170305579      -11.56       -4.62    45.1s
    hm1_norm_ρdiff=2.2364124068691665e-5 hm1_norm_Δρ=6.301442884307785e-6  error_V_h1=0.09710838955424361  α = 0.00339
 132   -21.48170305580      -11.09       -4.91    45.3s
    hm1_norm_ρdiff=2.057047837891717e-5 hm1_norm_Δρ=3.1652830712962143e-6  error_V_h1=0.09684050575652933  α = 0.00393
 133   -21.48170305581      -11.43       -5.24    44.9s
    hm1_norm_ρdiff=2.0591058899560647e-5 hm1_norm_Δρ=1.4716703677221388e-6  error_V_h1=0.0968978976974937  α = 0.00418
 134   -21.48170305582      -10.96       -4.59    49.6s
    hm1_norm_ρdiff=1.975602923724131e-5 hm1_norm_Δρ=6.503859416309085e-6  error_V_h1=0.0967852920289698  α = 0.0016
 135   -21.48170305582      -11.70       -4.53    49.4s
    hm1_norm_ρdiff=1.7722658572893862e-5 hm1_norm_Δρ=7.745880798210045e-6  error_V_h1=0.09665886865596544  α = 0.00118
 136   -21.48170305582      -11.33       -4.79    49.4s
    hm1_norm_ρdiff=2.0151247923037542e-5 hm1_norm_Δρ=3.6178429638466344e-6  error_V_h1=0.09636860081998495  α = 0.00165
 137   -21.48170305583      -11.82       -4.83    49.6s
    hm1_norm_ρdiff=1.995170424017802e-5 hm1_norm_Δρ=3.5473625280362582e-6  error_V_h1=0.09642062075598817  α = 0.00143
 138   -21.48170305583      -11.71       -5.28    40.6s
    hm1_norm_ρdiff=2.0391180773911477e-5 hm1_norm_Δρ=1.0909526466095096e-6  error_V_h1=0.09633916892205617  α = 0.00942
 139   -21.48170305583      -11.89       -4.78    54.3s
    hm1_norm_ρdiff=1.8553354946614066e-5 hm1_norm_Δρ=5.8188496525532855e-6  error_V_h1=0.09631599343146165  α = 0.000558
 140   -21.48170305583      -11.67       -4.93    49.7s
    hm1_norm_ρdiff=2.1208729756498988e-5 hm1_norm_Δρ=3.2170429082886024e-6  error_V_h1=0.09633165695952647  α = 0.00155
 141   -21.48170305583      -12.25       -5.04    49.7s
    hm1_norm_ρdiff=2.2197467690063328e-5 hm1_norm_Δρ=3.4303376358747693e-6  error_V_h1=0.09632624423375186  α = 0.00128
 142   -21.48170305585      -10.82       -4.54    49.5s
    hm1_norm_ρdiff=2.0281824359466914e-5 hm1_norm_Δρ=7.805906752772091e-6  error_V_h1=0.09635274065667693  α = 0.00156
 143   -21.48170305585      -11.43       -4.97    44.9s
    hm1_norm_ρdiff=2.0230705186684045e-5 hm1_norm_Δρ=2.4295913973025305e-6  error_V_h1=0.09636877376668086  α = 0.00384
 144   -21.48170305585      -11.97       -5.06    49.8s
    hm1_norm_ρdiff=1.9731547555887253e-5 hm1_norm_Δρ=2.204011584283838e-6  error_V_h1=0.0963346719413804  α = 0.00155
 145   -21.48170305585      -11.76       -5.09    49.5s
    hm1_norm_ρdiff=2.0817087889101352e-5 hm1_norm_Δρ=2.220744436635716e-6  error_V_h1=0.09632413423082627  α = 0.00163
 146   -21.48170305585      -11.73       -4.54    54.1s
    hm1_norm_ρdiff=2.5884883975143144e-5 hm1_norm_Δρ=8.749830691185608e-6  error_V_h1=0.09636193506507214  α = 0.000506
 147   -21.48170305586      -11.52       -5.61    40.6s
    hm1_norm_ρdiff=2.0301396476469224e-5 hm1_norm_Δρ=5.409574728133843e-7  error_V_h1=0.0963813909208034  α = 0.0105
 148   -21.48170305586      -11.58       -5.12    44.8s
    hm1_norm_ρdiff=2.0275536120980253e-5 hm1_norm_Δρ=1.460560897183476e-6  error_V_h1=0.09612114713422293  α = 0.00411
 149   -21.48170305587      -11.26       -5.06    44.9s
    hm1_norm_ρdiff=2.0148894734389207e-5 hm1_norm_Δρ=1.8970742443660611e-6  error_V_h1=0.09586716103864198  α = 0.0042
 150   -21.48170305587      -12.52       -5.06    49.3s
    hm1_norm_ρdiff=2.1759258177406807e-5 hm1_norm_Δρ=2.992334222809035e-6  error_V_h1=0.0958580526997575  α = 0.00138
 151   -21.48170305587      -11.98       -5.10    44.9s
    hm1_norm_ρdiff=2.0078495782841447e-5 hm1_norm_Δρ=1.8729421922364216e-6  error_V_h1=0.09579769595087187  α = 0.00382
 152   -21.48170305587      -11.48       -4.56    53.9s
    hm1_norm_ρdiff=1.7924868625971935e-5 hm1_norm_Δρ=9.866509006638007e-6  error_V_h1=0.09573662072421554  α = 0.00058
 153   -21.48170305587      -12.07       -5.04    44.9s
    hm1_norm_ρdiff=2.1263234089532077e-5 hm1_norm_Δρ=2.480190497301706e-6  error_V_h1=0.09565999942040374  α = 0.00357
 154   -21.48170305587      -11.55       -4.98    49.6s
    hm1_norm_ρdiff=2.0793614164594028e-5 hm1_norm_Δρ=2.6654869475982313e-6  error_V_h1=0.09562160883629621  α = 0.00154
 155   -21.48170305588      -11.88       -4.65    53.9s
    hm1_norm_ρdiff=2.0182707785092902e-5 hm1_norm_Δρ=5.4579122641255585e-6  error_V_h1=0.09555044036145009  α = 0.000597
 156   -21.48170305588      -12.35       -5.31    44.8s
    hm1_norm_ρdiff=2.0169728495689723e-5 hm1_norm_Δρ=1.2591817549485378e-6  error_V_h1=0.09551185316721936  α = 0.00407
 157   -21.48170305588      -11.80       -4.43    54.0s
    hm1_norm_ρdiff=1.7043938113804225e-5 hm1_norm_Δρ=1.1513340974524297e-5  error_V_h1=0.0954248298536764  α = 0.000502
 158   -21.48170305588      -11.48       -5.31    45.0s
    hm1_norm_ρdiff=2.0591394361369484e-5 hm1_norm_Δρ=1.2286480080968595e-6  error_V_h1=0.09534299415099476  α = 0.00366
 159   -21.48170305588      -13.03       -4.91    44.9s
    hm1_norm_ρdiff=2.0569148854241578e-5 hm1_norm_Δρ=2.7246938998683523e-6  error_V_h1=0.0955841390198138  α = 0.00352
 160   -21.48170305588      -11.40       -5.18    44.8s
    hm1_norm_ρdiff=2.0598934598528663e-5 hm1_norm_Δρ=1.570541433949558e-6  error_V_h1=0.0956302642701405  α = 0.00414
 161   -21.48170305589      -13.17       -4.92    49.6s
    hm1_norm_ρdiff=1.9190962433023794e-5 hm1_norm_Δρ=4.035508413831901e-6  error_V_h1=0.09563539084785842  α = 0.00124
 162   -21.48170305589      -11.26       -4.69    49.6s
    hm1_norm_ρdiff=2.1638252459074894e-5 hm1_norm_Δρ=4.642242515644797e-6  error_V_h1=0.09563363056428784  α = 0.00163
 163   -21.48170305589      -12.16       -4.91    54.2s
    hm1_norm_ρdiff=1.8744051270657396e-5 hm1_norm_Δρ=4.313318057281107e-6  error_V_h1=0.0955942013945848  α = 0.000587
 164   -21.48170305590      -11.39       -4.68    49.5s
    hm1_norm_ρdiff=1.809282313897012e-5 hm1_norm_Δρ=6.163439785403396e-6  error_V_h1=0.09567429552872322  α = 0.00133
 165   -21.48170305590      -11.74       -5.33    44.9s
    hm1_norm_ρdiff=2.027749226107128e-5 hm1_norm_Δρ=1.1259265874732226e-6  error_V_h1=0.09563877453019459  α = 0.0042
 166   -21.48170305590      -11.79       -5.28    45.0s
    hm1_norm_ρdiff=2.0566224784881046e-5 hm1_norm_Δρ=1.2597118541840253e-6  error_V_h1=0.09551940838418276  α = 0.00386
 167   -21.48170305590      -11.84       -4.98    49.6s
    hm1_norm_ρdiff=2.121479657069754e-5 hm1_norm_Δρ=2.9095986397704556e-6  error_V_h1=0.09552122862344772  α = 0.00143
 168   -21.48170305590      -12.11       -4.35    58.7s
    hm1_norm_ρdiff=2.0990432579090685e-5 hm1_norm_Δρ=1.2085322609624399e-5  error_V_h1=0.0954716090492325  α = 0.000204
 169   -21.48170305590      -12.05       -4.77    49.4s
    hm1_norm_ρdiff=1.950513276663896e-5 hm1_norm_Δρ=4.455794801788303e-6  error_V_h1=0.0955133111672794  α = 0.00135
 170   -21.48170305590      -12.06       -5.10    45.0s
    hm1_norm_ρdiff=2.024702729724424e-5 hm1_norm_Δρ=2.1287355963781464e-6  error_V_h1=0.09542429434119068  α = 0.00349
 171   -21.48170305590      -12.10       -5.06    45.0s
    hm1_norm_ρdiff=1.9889474888297694e-5 hm1_norm_Δρ=2.038518504814088e-6  error_V_h1=0.09543527086195633  α = 0.00335
 172   -21.48170305591      -11.65       -4.56    54.1s
    hm1_norm_ρdiff=2.5972574440548763e-5 hm1_norm_Δρ=9.675732314362974e-6  error_V_h1=0.09542734877086638  α = 0.000535
 173   -21.48170305591      -12.37       -5.63    40.3s
    hm1_norm_ρdiff=2.023323438770089e-5 hm1_norm_Δρ=5.291309664216091e-7  error_V_h1=0.09557508476236018  α = 0.00926
 174   -21.48170305591      -12.93       -5.17    49.2s
    hm1_norm_ρdiff=2.0142019762887407e-5 hm1_norm_Δρ=2.14237876025749e-6  error_V_h1=0.09553466613384407  α = 0.00135
 175   -21.48170305591      -11.80       -5.85    40.1s
    hm1_norm_ρdiff=2.0470418686570394e-5 hm1_norm_Δρ=3.9515634159566577e-7  error_V_h1=0.09563510059441284  α = 0.00758
 176   -21.48170305591      -11.98       -4.57    53.8s
    hm1_norm_ρdiff=2.113965363169837e-5 hm1_norm_Δρ=6.287282616854389e-6  error_V_h1=0.09571447547308669  α = 0.000475
 177   -21.48170305591      -12.00       -5.06    44.9s
    hm1_norm_ρdiff=1.971754438752941e-5 hm1_norm_Δρ=2.1135924758528808e-6  error_V_h1=0.09593023185301527  α = 0.00344
 178   -21.48170305591      -11.78       -4.64    54.3s
    hm1_norm_ρdiff=2.064159329502551e-5 hm1_norm_Δρ=6.221125923580045e-6  error_V_h1=0.0959540696596268  α = 0.000607
 179   -21.48170305591      -11.83       -5.53    45.1s
    hm1_norm_ρdiff=2.0397236313387107e-5 hm1_norm_Δρ=7.925336554493514e-7  error_V_h1=0.0959760006959051  α = 0.00367
 180   -21.48170305592      -11.66       -4.91    49.5s
    hm1_norm_ρdiff=2.065361435800655e-5 hm1_norm_Δρ=2.309211036052458e-6  error_V_h1=0.09605051016854119  α = 0.00159
 181   -21.48170305592      -11.87       -4.68    49.6s
    hm1_norm_ρdiff=2.2297358136831026e-5 hm1_norm_Δρ=5.370028197365965e-6  error_V_h1=0.09625263642231993  α = 0.00137
 182   -21.48170305592      -12.25       -5.47    45.1s
    hm1_norm_ρdiff=2.0240648079177962e-5 hm1_norm_Δρ=9.297997623397135e-7  error_V_h1=0.09620210031678421  α = 0.00397
 183   -21.48170305592      -12.74       -5.38    49.6s
    hm1_norm_ρdiff=1.9523994249138192e-5 hm1_norm_Δρ=1.3578281920054707e-6  error_V_h1=0.09619927242530533  α = 0.00139
 184   -21.48170305592      -12.25       -5.16    49.6s
    hm1_norm_ρdiff=2.048118195803475e-5 hm1_norm_Δρ=1.6973485628806314e-6  error_V_h1=0.09614690068588046  α = 0.00158
 185   -21.48170305592      -12.08       -5.17    49.6s
    hm1_norm_ρdiff=2.029918976706825e-5 hm1_norm_Δρ=2.1464541757188654e-6  error_V_h1=0.09616158664396429  α = 0.00143
 186   -21.48170305592      -12.11       -4.49    54.2s
    hm1_norm_ρdiff=1.5095009191665922e-5 hm1_norm_Δρ=1.0947364692780768e-5  error_V_h1=0.09607214649301693  α = 0.000482
 187   -21.48170305592      -12.50       -5.54    40.5s
    hm1_norm_ρdiff=2.0179946743884398e-5 hm1_norm_Δρ=5.946370659661403e-7  error_V_h1=0.0959029848668431  α = 0.00912
 188   -21.48170305592      -12.40       -5.23    49.6s
    hm1_norm_ρdiff=2.0540002297602663e-5 hm1_norm_Δρ=1.3897859431424664e-6  error_V_h1=0.0958345567103426  α = 0.00156
 189   -21.48170305592      -12.45       -5.43    49.6s
    hm1_norm_ρdiff=2.0486768093260764e-5 hm1_norm_Δρ=1.0551639013985232e-6  error_V_h1=0.09582084043669827  α = 0.00162
 190   -21.48170305592      -12.79       -5.58    45.0s
    hm1_norm_ρdiff=2.008286184608121e-5 hm1_norm_Δρ=6.648048429525078e-7  error_V_h1=0.09579844833195583  α = 0.00364
 191   -21.48170305592      -12.22       -5.56    45.1s
    hm1_norm_ρdiff=2.0391069921145054e-5 hm1_norm_Δρ=6.404892709690247e-7  error_V_h1=0.09576560144093774  α = 0.00377
 192   -21.48170305592      -12.56       -5.25    45.1s
    hm1_norm_ρdiff=1.984409707187985e-5 hm1_norm_Δρ=1.5870553008964477e-6  error_V_h1=0.0956558353039453  α = 0.00337
 193   -21.48170305592      -12.39       -5.42    45.0s
    hm1_norm_ρdiff=2.011259848731372e-5 hm1_norm_Δρ=1.0014598560448791e-6  error_V_h1=0.09566516651885278  α = 0.00361
 194   -21.48170305592      -12.84       -5.21    54.2s
    hm1_norm_ρdiff=2.144386795442552e-5 hm1_norm_Δρ=2.2674993643201574e-6  error_V_h1=0.09566390214255516  α = 0.000533
 195   -21.48170305592      -14.15       -5.55    45.0s
    hm1_norm_ρdiff=2.006049825421733e-5 hm1_norm_Δρ=7.154793949158446e-7  error_V_h1=0.09568807649148672  α = 0.00342
 196   -21.48170305592      -12.67       -5.82    45.1s
    hm1_norm_ρdiff=2.0229538484181777e-5 hm1_norm_Δρ=4.182633904884244e-7  error_V_h1=0.09567043187967783  α = 0.00401
 197   -21.48170305592      -12.65       -5.00    54.2s
    hm1_norm_ρdiff=2.19431299045913e-5 hm1_norm_Δρ=2.859402709678375e-6  error_V_h1=0.09570891405120241  α = 0.000575
 198   -21.48170305592      -12.17       -5.16    45.2s
    hm1_norm_ρdiff=2.0368911356692056e-5 hm1_norm_Δρ=1.5033075982851444e-6  error_V_h1=0.0957510447182541  α = 0.00362
 199   -21.48170305592      -12.09       -5.80    40.6s
    hm1_norm_ρdiff=2.028148453579139e-5 hm1_norm_Δρ=3.19440210601468e-7  error_V_h1=0.09589032474828835  α = 0.0101
 200   -21.48170305592      -12.69       -5.60    45.2s
    hm1_norm_ρdiff=2.0289856367250724e-5 hm1_norm_Δρ=6.682504609027502e-7  error_V_h1=0.09591998361493731  α = 0.00372
 201   -21.48170305592      -13.13       -5.50    45.0s
    hm1_norm_ρdiff=2.0418639120932667e-5 hm1_norm_Δρ=8.382058089996976e-7  error_V_h1=0.09593540663999707  α = 0.00362
 202   -21.48170305592      -13.45       -5.25    49.6s
    hm1_norm_ρdiff=1.971844681040443e-5 hm1_norm_Δρ=1.515879914427787e-6  error_V_h1=0.09595785554485031  α = 0.00133
 203   -21.48170305593      -12.11       -5.34    49.5s
    hm1_norm_ρdiff=2.0787722449654085e-5 hm1_norm_Δρ=1.4660570557768004e-6  error_V_h1=0.09598338248691249  α = 0.00161
 204   -21.48170305593      -12.59       -5.29    49.7s
    hm1_norm_ρdiff=2.0520862875793278e-5 hm1_norm_Δρ=1.5111369472034843e-6  error_V_h1=0.09596827408275323  α = 0.00141
 205   -21.48170305593      -13.03       -5.26    54.2s
    hm1_norm_ρdiff=1.9321665148201478e-5 hm1_norm_Δρ=1.8845673211556434e-6  error_V_h1=0.09597227638785531  α = 0.000551
 206   -21.48170305593      -12.63       -5.34    49.7s
    hm1_norm_ρdiff=2.0519871144891078e-5 hm1_norm_Δρ=1.1840111130440442e-6  error_V_h1=0.09595432850882955  α = 0.00151
 207   -21.48170305593      -12.94       -5.30    54.2s
    hm1_norm_ρdiff=2.0313609640827133e-5 hm1_norm_Δρ=1.4807744751752472e-6  error_V_h1=0.09596085162653883  α = 0.000574
 208   -21.48170305593      -12.71       -5.00    54.4s
    hm1_norm_ρdiff=1.9200682171566074e-5 hm1_norm_Δρ=2.7338993768637733e-6  error_V_h1=0.09594155098330884  α = 0.000589
 209   -21.48170305593      -12.14       -5.22    49.6s
    hm1_norm_ρdiff=2.017863888040637e-5 hm1_norm_Δρ=1.4403329711162928e-6  error_V_h1=0.09592087463251647  α = 0.00163
 210   -21.48170305593      -12.53       -5.75    45.2s
    hm1_norm_ρdiff=2.013017437620316e-5 hm1_norm_Δρ=3.453904457111141e-7  error_V_h1=0.0958609110429692  α = 0.00438
 211   -21.48170305593      -12.56       -5.22    49.9s
    hm1_norm_ρdiff=1.9981526463181972e-5 hm1_norm_Δρ=1.790419005307134e-6  error_V_h1=0.09583381495553342  α = 0.00134
 212   -21.48170305593      -12.46       -5.34    49.6s
    hm1_norm_ρdiff=1.981470483085434e-5 hm1_norm_Δρ=1.2417022607580784e-6  error_V_h1=0.09581805295042635  α = 0.0015
 213   -21.48170305593      -14.45       -5.38    49.6s
    hm1_norm_ρdiff=2.052865990698465e-5 hm1_norm_Δρ=9.710426624733003e-7  error_V_h1=0.09580703224291734  α = 0.00131
 214   -21.48170305593      -13.67       -6.22    40.6s
    hm1_norm_ρdiff=2.0292292539991903e-5 hm1_norm_Δρ=1.6520993017362168e-7  error_V_h1=0.09583755015496694  α = 0.00912
 215   -21.48170305593      -13.02       -5.31    49.6s
    hm1_norm_ρdiff=1.9932904915450327e-5 hm1_norm_Δρ=1.5143843348898915e-6  error_V_h1=0.09585811682188135  α = 0.00125
 216   -21.48170305593      -12.60       -5.90    40.6s
    hm1_norm_ρdiff=2.0295551183726144e-5 hm1_norm_Δρ=2.711808052361577e-7  error_V_h1=0.09589341338945326  α = 0.00928
 217   -21.48170305593      -13.17       -5.08    54.1s
    hm1_norm_ρdiff=1.9353276643461878e-5 hm1_norm_Δρ=2.4097856810424718e-6  error_V_h1=0.0959162568558875  α = 0.000511
 218   -21.48170305593      -13.03       -5.76    49.7s
    hm1_norm_ρdiff=2.0318606554865692e-5 hm1_norm_Δρ=5.299133990386726e-7  error_V_h1=0.09592781469408695  α = 0.00162
 219   -21.48170305593      -12.86       -5.62    45.2s
    hm1_norm_ρdiff=2.038558111658633e-5 hm1_norm_Δρ=5.486799058648179e-7  error_V_h1=0.09595965164785054  α = 0.0038
 220   -21.48170305593      -12.96       -5.67    49.7s
    hm1_norm_ρdiff=2.0245940933615196e-5 hm1_norm_Δρ=4.7074910134395247e-7  error_V_h1=0.09597083039175093  α = 0.0014
 221   -21.48170305593      -13.22       -6.17    40.5s
    hm1_norm_ρdiff=2.025100955679722e-5 hm1_norm_Δρ=1.6800078885423624e-7  error_V_h1=0.09597645453444036  α = 0.00963
 222   -21.48170305593      -13.09       -5.59    49.5s
    hm1_norm_ρdiff=2.0254280623849322e-5 hm1_norm_Δρ=5.439335574218368e-7  error_V_h1=0.09597236545806519  α = 0.00161
 223   -21.48170305593      -12.71       -5.55    49.4s
    hm1_norm_ρdiff=2.020355095207788e-5 hm1_norm_Δρ=7.847319778707678e-7  error_V_h1=0.09596004745754694  α = 0.00154
 224   -21.48170305593      -12.97       -5.11    54.0s
    hm1_norm_ρdiff=1.970001647181429e-5 hm1_norm_Δρ=2.242560901459005e-6  error_V_h1=0.09596461253065612  α = 0.000609
 225   -21.48170305593      -12.48       -5.35    49.6s
    hm1_norm_ρdiff=1.950315729411437e-5 hm1_norm_Δρ=1.2530756278173564e-6  error_V_h1=0.09592198470250686  α = 0.0015
 226   -21.48170305593      -13.13       -5.60    44.9s
    hm1_norm_ρdiff=2.04256464207561e-5 hm1_norm_Δρ=6.385909295223188e-7  error_V_h1=0.09590935401825787  α = 0.00355
 227   -21.48170305593      -12.33       -4.81    54.0s
    hm1_norm_ρdiff=1.977341972684112e-5 hm1_norm_Δρ=3.885181120585806e-6  error_V_h1=0.09592044585689764  α = 0.000577
 228   -21.48170305593      -12.40       -5.74    45.1s
    hm1_norm_ρdiff=2.025192044011282e-5 hm1_norm_Δρ=3.9001631926622694e-7  error_V_h1=0.09589745197683257  α = 0.00423
 229   -21.48170305593      -13.07       -5.33    54.3s
    hm1_norm_ρdiff=1.98647049044054e-5 hm1_norm_Δρ=1.5089922778477249e-6  error_V_h1=0.09590050690863298  α = 0.000567
 230   -21.48170305593      -12.70       -5.35    49.7s
    hm1_norm_ρdiff=2.0073759280598877e-5 hm1_norm_Δρ=1.093872532619769e-6  error_V_h1=0.09589217603992126  α = 0.00154
 231   -21.48170305593      -13.11       -5.89    44.9s
    hm1_norm_ρdiff=2.0151141583693165e-5 hm1_norm_Δρ=3.977654059601997e-7  error_V_h1=0.09588158652054142  α = 0.0038
 232   -21.48170305593      -12.53       -5.38    49.8s
    hm1_norm_ρdiff=1.9758012851672474e-5 hm1_norm_Δρ=1.1140771405570266e-6  error_V_h1=0.09586868040070787  α = 0.00141
 233   -21.48170305593      -12.59       -5.64    44.9s
    hm1_norm_ρdiff=2.0380478369932135e-5 hm1_norm_Δρ=4.923753486556741e-7  error_V_h1=0.0958482762145359  α = 0.00394
 234   -21.48170305593      -13.11       -5.62    49.6s
    hm1_norm_ρdiff=2.0382875834364678e-5 hm1_norm_Δρ=7.468273319817975e-7  error_V_h1=0.09584875486928261  α = 0.00154
 235   -21.48170305593      -12.91       -5.94    45.0s
    hm1_norm_ρdiff=2.0275523018912378e-5 hm1_norm_Δρ=2.797258892645167e-7  error_V_h1=0.09583403638101484  α = 0.00406
 236   -21.48170305593      -14.45       -5.59    49.6s
    hm1_norm_ρdiff=1.989339665539011e-5 hm1_norm_Δρ=6.821239398130034e-7  error_V_h1=0.09580527179907199  α = 0.00148
 237   -21.48170305593      -13.11       -5.27    49.3s
    hm1_norm_ρdiff=1.9844723588874496e-5 hm1_norm_Δρ=1.2840159786341141e-6  error_V_h1=0.09581729307848173  α = 0.00133
 238   -21.48170305593      -13.55       -5.78    49.5s
    hm1_norm_ρdiff=2.0411219698729517e-5 hm1_norm_Δρ=4.3629954660543057e-7  error_V_h1=0.0958149777401789  α = 0.00136
 239   -21.48170305593      -14.45       -5.99    54.0s
    hm1_norm_ρdiff=2.0286972977983794e-5 hm1_norm_Δρ=2.4866194938111097e-7  error_V_h1=0.09581380757047261  α = 0.000335
    Stopping to avoid numerical instabilities.
 240   -21.48170305593      -13.19       -6.21    44.9s
    hm1_norm_ρdiff=2.0186851381716015e-5 hm1_norm_Δρ=1.535415539006362e-7  error_V_h1=0.09579646031683914  α = 0.00441

#-- |ρε - ρref| = 2.0203450227191296e-5 vs. 3.162277660168379e-9 = δ*ε  error_V_h1=0.09578642007590119


# --- ε=1.7782794100389227e-7

n     Energy            log10(ΔE)   log10(Δρ)   Δtime
---   ---------------   ---------   ---------   ------
  1   -21.48167379447                   -0.89    68.9s
    hm1_norm_ρdiff=0.08211753345165972 hm1_norm_Δρ=0.08211116470440763  error_V_h1=2.45146688983375  α = 0.000151
  2   -21.48167526468       -5.83       -1.79    53.5s
    hm1_norm_ρdiff=0.006857669440853077 hm1_norm_Δρ=0.006854519068396864  error_V_h1=2.1682674846567536  α = 0.000507
  3   -21.48167567011       -6.39       -2.08    53.8s
    hm1_norm_ρdiff=0.0032462114099739213 hm1_norm_Δρ=0.003244450334942327  error_V_h1=2.08397326593448  α = 0.000524
  4   -21.48167604754       -6.42       -2.21    53.8s
    hm1_norm_ρdiff=0.0022035464033521982 hm1_norm_Δρ=0.0022018500090485965  error_V_h1=2.002596549941015  α = 0.000566
  5   -21.48167625669       -6.68       -2.81    44.8s
    hm1_norm_ρdiff=0.0003927282358711057 hm1_norm_Δρ=0.00039204095494405696  error_V_h1=1.9578565298724053  α = 0.0039
  6   -21.48167630237       -7.34       -2.98    44.7s
    hm1_norm_ρdiff=0.0003030770800944227 hm1_norm_Δρ=0.0003029814537769252  error_V_h1=1.9488711710133344  α = 0.00357
  7   -21.48167634810       -7.34       -2.81    49.2s
    hm1_norm_ρdiff=0.00042751670185690806 hm1_norm_Δρ=0.0004273637507021715  error_V_h1=1.9390406069425583  α = 0.00147
  8   -21.48167644101       -7.03       -3.20    45.1s
    hm1_norm_ρdiff=0.0001423038315801407 hm1_norm_Δρ=0.00014221673322805916  error_V_h1=1.9186956333943037  α = 0.00441
  9   -21.48167654559       -6.98       -3.17    44.9s
    hm1_norm_ρdiff=0.00015705556279541346 hm1_norm_Δρ=0.000157612904251727  error_V_h1=1.895380579409277  α = 0.00439
 10   -21.48167666613       -6.92       -3.19    44.9s
    hm1_norm_ρdiff=0.00016205773828358806 hm1_norm_Δρ=0.00016295548069623648  error_V_h1=1.8678562554256277  α = 0.00439
 11   -21.48167683496       -6.77       -3.12    40.5s
    hm1_norm_ρdiff=0.00016795589946333477 hm1_norm_Δρ=0.00017043925776826234  error_V_h1=1.8286396533427551  α = 0.00969
 12   -21.48167946076       -5.58       -1.10    58.5s
    hm1_norm_ρdiff=0.0364275355808642 hm1_norm_Δρ=0.036439286091177386  error_V_h1=0.9890451709025128  α = 0.000154
 13   -21.48167953944       -7.10       -2.27    54.0s
    hm1_norm_ρdiff=0.0022387380825006145 hm1_norm_Δρ=0.0022431297959845577  error_V_h1=0.9516509472141697  α = 0.00047
 14   -21.48167954525       -8.24       -2.59    54.2s
    hm1_norm_ρdiff=0.0009906880777482486 hm1_norm_Δρ=0.0009929599086767316  error_V_h1=0.948520142285099  α = 0.000445
 15   -21.48167957213       -7.57       -3.98    36.1s
    hm1_norm_ρdiff=2.8192831539062298e-5 hm1_norm_Δρ=2.278763800231368e-5  error_V_h1=0.9398762038713098  α = 0.0228
 16   -21.48167959744       -7.60       -2.93    44.9s
    hm1_norm_ρdiff=0.0002785921909230224 hm1_norm_Δρ=0.00027947912876132757  error_V_h1=0.928191760421634  α = 0.00345
 17   -21.48167965105       -7.27       -2.82    49.6s
    hm1_norm_ρdiff=0.00041962847816716733 hm1_norm_Δρ=0.00041987417590190875  error_V_h1=0.9001570122016794  α = 0.00149
 18   -21.48167965975       -8.06       -3.04    49.4s
    hm1_norm_ρdiff=0.00025468776890965575 hm1_norm_Δρ=0.00025448661822995334  error_V_h1=0.8949199185858129  α = 0.00137
 19   -21.48167969996       -7.40       -3.74    40.4s
    hm1_norm_ρdiff=4.462267103561514e-5 hm1_norm_Δρ=4.0659806145137615e-5  error_V_h1=0.8758417013335147  α = 0.0107
 20   -21.48167979235       -7.03       -3.14    45.0s
    hm1_norm_ρdiff=0.00015407748350583722 hm1_norm_Δρ=0.00014995107338608188  error_V_h1=0.8289835455795936  α = 0.00439
 21   -21.48167983627       -7.36       -3.08    44.6s
    hm1_norm_ρdiff=0.00020739096759480092 hm1_norm_Δρ=0.00020423739706530874  error_V_h1=0.8070843395763937  α = 0.00377
 22   -21.48167987240       -7.44       -2.81    44.6s
    hm1_norm_ρdiff=0.00032751817075853026 hm1_norm_Δρ=0.000325413984894933  error_V_h1=0.7834428627585395  α = 0.00346
 23   -21.48168033145       -6.34       -1.43    58.1s
    hm1_norm_ρdiff=0.011979975339649894 hm1_norm_Δρ=0.011971738292577585  error_V_h1=0.44449796818575565  α = 0.000167
 24   -21.48168035327       -7.66       -2.63    53.7s
    hm1_norm_ρdiff=0.0009656672116361386 hm1_norm_Δρ=0.0009615186455470723  error_V_h1=0.42256721380884776  α = 0.000489
 25   -21.48168036032       -8.15       -2.81    53.8s
    hm1_norm_ρdiff=0.0005866491518230998 hm1_norm_Δρ=0.000584471806087217  error_V_h1=0.41552297488718326  α = 0.000485
 26   -21.48168037877       -7.73       -3.39    44.6s
    hm1_norm_ρdiff=8.830197710827128e-5 hm1_norm_Δρ=8.959071776102793e-5  error_V_h1=0.39436874246552084  α = 0.00412
 27   -21.48168040533       -7.58       -2.84    48.9s
    hm1_norm_ρdiff=0.00043118226025414723 hm1_norm_Δρ=0.0004296479433501629  error_V_h1=0.36933722867851543  α = 0.00136
 28   -21.48168041992       -7.84       -3.07    49.2s
    hm1_norm_ρdiff=0.00019458214381306053 hm1_norm_Δρ=0.00019484465322582093  error_V_h1=0.34986336642469795  α = 0.00154
 29   -21.48168042110       -8.93       -3.16    49.2s
    hm1_norm_ρdiff=0.00021798165193300502 hm1_norm_Δρ=0.0002183392648505673  error_V_h1=0.3471698378285128  α = 0.00118
 30   -21.48168042135       -9.60       -3.75    44.7s
    hm1_norm_ρdiff=4.2298035210430024e-5 hm1_norm_Δρ=4.2466846642570575e-5  error_V_h1=0.34462342914317656  α = 0.00342
 31   -21.48168042182       -9.33       -3.90    44.8s
    hm1_norm_ρdiff=2.804661217675074e-5 hm1_norm_Δρ=2.9269770829660898e-5  error_V_h1=0.3426113470318152  α = 0.00355
 32   -21.48168042661       -8.32       -2.87    49.1s
    hm1_norm_ρdiff=0.0003250312689778168 hm1_norm_Δρ=0.00032860245889523  error_V_h1=0.3244620556002203  α = 0.00121
 33   -21.48168046137       -7.46       -2.76    49.0s
    hm1_norm_ρdiff=0.0004001916870951306 hm1_norm_Δρ=0.0004030168929133161  error_V_h1=0.2744456112638505  α = 0.00142
 34   -21.48168050161       -7.40       -1.98    58.0s
    hm1_norm_ρdiff=0.0032833263143317443 hm1_norm_Δρ=0.003291644954690349  error_V_h1=0.21405773388618768  α = 0.000168
 35   -21.48168051153       -8.00       -2.94    53.7s
    hm1_norm_ρdiff=0.00040150269287066084 hm1_norm_Δρ=0.00040538007294481723  error_V_h1=0.19512885344770584  α = 0.000551
 36   -21.48168051818       -8.18       -2.90    54.1s
    hm1_norm_ρdiff=0.00038882276996133556 hm1_norm_Δρ=0.00038980540987623756  error_V_h1=0.18228601581028617  α = 0.000528
 37   -21.48168052456       -8.19       -3.14    49.2s
    hm1_norm_ρdiff=0.00018970107620259522 hm1_norm_Δρ=0.00018630447634371245  error_V_h1=0.1747420060775258  α = 0.00138
 38   -21.48168052896       -8.36       -3.08    49.4s
    hm1_norm_ρdiff=0.00025918567002604375 hm1_norm_Δρ=0.0002607495199787137  error_V_h1=0.1576513082419132  α = 0.00126
 39   -21.48168053059       -8.79       -3.66    49.4s
    hm1_norm_ρdiff=5.326457001821377e-5 hm1_norm_Δρ=5.112469716376306e-5  error_V_h1=0.1541241362291444  α = 0.00163
 40   -21.48168053398       -8.47       -3.18    54.0s
    hm1_norm_ρdiff=0.00021821074386942253 hm1_norm_Δρ=0.00021732200035225142  error_V_h1=0.14517143653560158  α = 0.000564
 41   -21.48168053525       -8.90       -3.64    49.2s
    hm1_norm_ρdiff=5.754414581919956e-5 hm1_norm_Δρ=5.492389798963263e-5  error_V_h1=0.14334488958504474  α = 0.00156
 42   -21.48168053563       -9.43       -3.60    49.4s
    hm1_norm_ρdiff=6.567133661991517e-5 hm1_norm_Δρ=6.15885817017934e-5  error_V_h1=0.14437901383963408  α = 0.0013
 43   -21.48168054167       -8.22       -2.96    53.8s
    hm1_norm_ρdiff=0.00028111347303617126 hm1_norm_Δρ=0.0002773783859152579  error_V_h1=0.1304967373194763  α = 0.000564
 44   -21.48168054499       -8.48       -3.16    49.4s
    hm1_norm_ρdiff=0.00017549976281043225 hm1_norm_Δρ=0.00017234806400162676  error_V_h1=0.11843910472095781  α = 0.00132
 45   -21.48168054805       -8.51       -2.54    58.5s
    hm1_norm_ρdiff=0.0009381299479487743 hm1_norm_Δρ=0.0009299896248545351  error_V_h1=0.10100116869361075  α = 0.000168
 46   -21.48168054811      -10.20       -4.01    54.0s
    hm1_norm_ρdiff=3.96486631567467e-5 hm1_norm_Δρ=3.40363199098386e-5  error_V_h1=0.100609412052357  α = 0.000556
 47   -21.48168054831       -9.71       -3.49    53.6s
    hm1_norm_ρdiff=0.00010300032857712037 hm1_norm_Δρ=0.00010133578396389679  error_V_h1=0.0992586005849976  α = 0.000475
 48   -21.48168054950       -8.93       -3.44    49.3s
    hm1_norm_ρdiff=9.095598323452146e-5 hm1_norm_Δρ=9.366501028509888e-5  error_V_h1=0.08895009792651073  α = 0.00134
 49   -21.48168055121       -8.77       -3.20    49.4s
    hm1_norm_ρdiff=0.00019776888217356415 hm1_norm_Δρ=0.0001959586322004568  error_V_h1=0.08511739552484315  α = 0.00123
 50   -21.48168055208       -9.06       -4.87    31.3s
    hm1_norm_ρdiff=1.1459845955654003e-5 hm1_norm_Δρ=2.15360907136417e-6  error_V_h1=0.09229765907176407  α = 0.0466
 51   -21.48168055266       -9.24       -4.11    44.9s
    hm1_norm_ρdiff=1.89446596210296e-5 hm1_norm_Δρ=1.4977565332423731e-5  error_V_h1=0.09477361618922034  α = 0.00413
 52   -21.48168055277       -9.94       -4.05    49.2s
    hm1_norm_ρdiff=2.9724940940186687e-5 hm1_norm_Δρ=2.801911985696551e-5  error_V_h1=0.09492039386413156  α = 0.00135
 53   -21.48168055288       -9.96       -3.67    49.5s
    hm1_norm_ρdiff=4.763247344341788e-5 hm1_norm_Δρ=4.995123464290375e-5  error_V_h1=0.09195772814763549  α = 0.00122
 54   -21.48168055290      -10.72       -4.37    44.9s
    hm1_norm_ρdiff=1.73609654770332e-5 hm1_norm_Δρ=1.0101896758149892e-5  error_V_h1=0.09455290027871684  α = 0.00335
 55   -21.48168055371       -9.09       -3.38    49.4s
    hm1_norm_ρdiff=0.00010157226195197336 hm1_norm_Δρ=0.00010400016417902122  error_V_h1=0.09250549498645533  α = 0.00128
 56   -21.48168055398       -9.58       -3.12    58.5s
    hm1_norm_ρdiff=0.0002514211609095669 hm1_norm_Δρ=0.0002592172410714096  error_V_h1=0.09288459028452259  α = 0.000169
 57   -21.48168055421       -9.63       -4.58    40.3s
    hm1_norm_ρdiff=1.319533839338584e-5 hm1_norm_Δρ=5.206754158553459e-6  error_V_h1=0.09369771863898746  α = 0.00986
 58   -21.48168055435       -9.87       -3.73    53.9s
    hm1_norm_ρdiff=5.821771141239752e-5 hm1_norm_Δρ=5.69290563269856e-5  error_V_h1=0.09414549856402832  α = 0.000524
 59   -21.48168055480       -9.35       -3.64    49.3s
    hm1_norm_ρdiff=5.513345288640823e-5 hm1_norm_Δρ=5.160464309394979e-5  error_V_h1=0.09647326193967977  α = 0.00137
 60   -21.48168055536       -9.25       -3.38    49.4s
    hm1_norm_ρdiff=0.0001263323551829562 hm1_norm_Δρ=0.0001266268696877257  error_V_h1=0.08764459958676794  α = 0.00122
 61   -21.48168055544      -10.10       -3.92    48.9s
    hm1_norm_ρdiff=3.2242099177830927e-5 hm1_norm_Δρ=3.5530624339698986e-5  error_V_h1=0.08715021065991414  α = 0.00126
 62   -21.48168055572       -9.56       -4.32    44.8s
    hm1_norm_ρdiff=1.4945420981296042e-5 hm1_norm_Δρ=8.278031922665047e-6  error_V_h1=0.08340220586524254  α = 0.00434
 63   -21.48168055580      -10.07       -4.34    49.2s
    hm1_norm_ρdiff=1.7468594461475585e-5 hm1_norm_Δρ=1.2881681271059361e-5  error_V_h1=0.08236886625853569  α = 0.00159
 64   -21.48168055590      -10.00       -3.77    49.1s
    hm1_norm_ρdiff=4.5474956404120104e-5 hm1_norm_Δρ=4.084719646230634e-5  error_V_h1=0.0831992569077917  α = 0.00126
 65   -21.48168055595      -10.38       -3.84    49.3s
    hm1_norm_ρdiff=3.1113854553121955e-5 hm1_norm_Δρ=3.2774100067981857e-5  error_V_h1=0.07943089969862255  α = 0.00117
 66   -21.48168055625       -9.52       -3.56    49.1s
    hm1_norm_ρdiff=7.146346936787146e-5 hm1_norm_Δρ=6.777627192630532e-5  error_V_h1=0.07457004937174916  α = 0.00126
 67   -21.48168055626      -10.82       -3.84    58.3s
    hm1_norm_ρdiff=5.8284565643900615e-5 hm1_norm_Δρ=4.993093836107139e-5  error_V_h1=0.07408340570520533  α = 0.000178
 68   -21.48168055635      -10.07       -4.29    49.2s
    hm1_norm_ρdiff=1.5625225878065205e-5 hm1_norm_Δρ=1.224144431084637e-5  error_V_h1=0.07303288297687315  α = 0.00161
 69   -21.48168055637      -10.60       -4.17    53.6s
    hm1_norm_ρdiff=2.1976874679781154e-5 hm1_norm_Δρ=1.9152416549203268e-5  error_V_h1=0.07230177119771906  α = 0.000559
 70   -21.48168055645      -10.12       -3.76    49.1s
    hm1_norm_ρdiff=3.6382185985795204e-5 hm1_norm_Δρ=3.724771277070119e-5  error_V_h1=0.0682200731743978  α = 0.00122
 71   -21.48168055736       -9.04       -3.46    53.8s
    hm1_norm_ρdiff=0.00010450159842466023 hm1_norm_Δρ=0.00010330927159914889  error_V_h1=0.0657839332882793  α = 0.000573
 72   -21.48168055737      -10.87       -3.95    49.5s
    hm1_norm_ρdiff=4.0254031306099224e-5 hm1_norm_Δρ=3.391141065199297e-5  error_V_h1=0.06503940287195215  α = 0.00116
 73   -21.48168055741      -10.49       -4.55    49.7s
    hm1_norm_ρdiff=1.2474254682586418e-5 hm1_norm_Δρ=7.0814565123989615e-6  error_V_h1=0.06426308328883625  α = 0.00163
 74   -21.48168055742      -10.72       -5.08    40.6s
    hm1_norm_ρdiff=1.1658864496993449e-5 hm1_norm_Δρ=1.906759210097486e-6  error_V_h1=0.06383425639379112  α = 0.00967
 75   -21.48168055747      -10.34       -3.86    49.7s
    hm1_norm_ρdiff=3.47007298338448e-5 hm1_norm_Δρ=3.598803991435274e-5  error_V_h1=0.06139542480761295  α = 0.0012
 76   -21.48168055755      -10.12       -3.84    53.9s
    hm1_norm_ρdiff=3.9881995116363064e-5 hm1_norm_Δρ=3.460152019748068e-5  error_V_h1=0.06280162934450921  α = 0.000546
 77   -21.48168055769       -9.85       -3.73    49.7s
    hm1_norm_ρdiff=4.375980558451108e-5 hm1_norm_Δρ=4.517690933267137e-5  error_V_h1=0.0649487006822312  α = 0.00126
 78   -21.48168055769      -11.40       -4.68    54.1s
    hm1_norm_ρdiff=8.464126828296523e-6 hm1_norm_Δρ=7.119890985377963e-6  error_V_h1=0.06520281687380484  α = 0.00054
 79   -21.48168055776      -10.17       -4.67    40.5s
    hm1_norm_ρdiff=1.2374104075001005e-5 hm1_norm_Δρ=3.6733156531033155e-6  error_V_h1=0.0701432301334721  α = 0.0094
 80   -21.48168055780      -10.37       -4.30    49.7s
    hm1_norm_ρdiff=1.737179069213216e-5 hm1_norm_Δρ=1.1961653353831455e-5  error_V_h1=0.07200835892638596  α = 0.00151
 81   -21.48168055782      -10.80       -3.73    49.7s
    hm1_norm_ρdiff=4.840896075801233e-5 hm1_norm_Δρ=4.441949129797317e-5  error_V_h1=0.07625404512285743  α = 0.00112
 82   -21.48168055785      -10.58       -4.17    49.6s
    hm1_norm_ρdiff=2.21079802492527e-5 hm1_norm_Δρ=1.798189702904594e-5  error_V_h1=0.07848386374010347  α = 0.00139
 83   -21.48168055787      -10.66       -4.07    49.1s
    hm1_norm_ρdiff=2.4189093687252687e-5 hm1_norm_Δρ=2.7170296758358717e-5  error_V_h1=0.0788279514341257  α = 0.00121
 84   -21.48168055793      -10.21       -4.55    44.9s
    hm1_norm_ρdiff=1.3951198900404303e-5 hm1_norm_Δρ=5.480443021556796e-6  error_V_h1=0.08080451529318135  α = 0.00403
 85   -21.48168055794      -11.21       -4.61    45.2s
    hm1_norm_ρdiff=1.2439866854636441e-5 hm1_norm_Δρ=6.123813694606485e-6  error_V_h1=0.08099991695723628  α = 0.00369
 86   -21.48168055799      -10.28       -3.95    49.4s
    hm1_norm_ρdiff=3.201291872623955e-5 hm1_norm_Δρ=2.7079605534139496e-5  error_V_h1=0.0817623715942508  α = 0.00127
 87   -21.48168055802      -10.49       -4.09    53.8s
    hm1_norm_ρdiff=1.9872208967717945e-5 hm1_norm_Δρ=1.9986342899436203e-5  error_V_h1=0.08114090044346194  α = 0.000574
 88   -21.48168055807      -10.33       -3.94    49.2s
    hm1_norm_ρdiff=3.261907295890805e-5 hm1_norm_Δρ=2.817968154525086e-5  error_V_h1=0.07910285609970907  α = 0.00121
 89   -21.48168055807      -11.40       -3.76    58.3s
    hm1_norm_ρdiff=5.064897078937649e-5 hm1_norm_Δρ=5.696118416194691e-5  error_V_h1=0.07986840126629312  α = 0.000176
 90   -21.48168055815      -10.13       -4.09    49.6s
    hm1_norm_ρdiff=1.871827815040198e-5 hm1_norm_Δρ=1.6660812971180545e-5  error_V_h1=0.07790933241905644  α = 0.00138
 91   -21.48168055816      -10.82       -4.77    44.9s
    hm1_norm_ρdiff=1.1974972564109038e-5 hm1_norm_Δρ=3.953627948687521e-6  error_V_h1=0.0763136504194625  α = 0.00366
 92   -21.48168055826      -10.00       -3.58    53.7s
    hm1_norm_ρdiff=8.310649637178253e-5 hm1_norm_Δρ=8.382538320762755e-5  error_V_h1=0.07550142818336697  α = 0.000465
 93   -21.48168055829      -10.50       -4.03    49.4s
    hm1_norm_ρdiff=1.965478676356348e-5 hm1_norm_Δρ=2.0270711668766494e-5  error_V_h1=0.07118015725969747  α = 0.00132
 94   -21.48168055834      -10.32       -4.10    54.1s
    hm1_norm_ρdiff=3.597353744594087e-5 hm1_norm_Δρ=2.922288875997508e-5  error_V_h1=0.07071588404666294  α = 0.000543
 95   -21.48168055836      -10.78       -4.36    50.8s
    hm1_norm_ρdiff=1.360816729934551e-5 hm1_norm_Δρ=1.029963612514444e-5  error_V_h1=0.06970371176965647  α = 0.00138
 96   -21.48168055839      -10.50       -4.42    49.9s
    hm1_norm_ρdiff=1.8163923428607406e-5 hm1_norm_Δρ=1.1879393283659795e-5  error_V_h1=0.06997600062775798  α = 0.00139
 97   -21.48168055840      -10.82       -4.07    49.5s
    hm1_norm_ρdiff=2.132581007819461e-5 hm1_norm_Δρ=2.193433504593548e-5  error_V_h1=0.06851324160830251  α = 0.00122
 98   -21.48168055842      -10.82       -4.71    49.6s
    hm1_norm_ρdiff=1.3489564409825802e-5 hm1_norm_Δρ=5.028865324275827e-6  error_V_h1=0.06840638049993378  α = 0.00154
 99   -21.48168055844      -10.61       -3.98    49.9s
    hm1_norm_ρdiff=2.4843009875899783e-5 hm1_norm_Δρ=2.509774616658271e-5  error_V_h1=0.06954185310186445  α = 0.0012
 100   -21.48168055844      -11.69       -4.06    58.0s
    hm1_norm_ρdiff=3.457324348145878e-5 hm1_norm_Δρ=2.698565104125236e-5  error_V_h1=0.0689648187903357  α = 0.000185
 101   -21.48168055846      -10.96       -4.42    49.8s
    hm1_norm_ρdiff=1.5671968221763957e-5 hm1_norm_Δρ=8.957819769021685e-6  error_V_h1=0.06954245592515494  α = 0.00126
 102   -21.48168055847      -10.71       -4.59    49.6s
    hm1_norm_ρdiff=1.3556104929670244e-5 hm1_norm_Δρ=6.833745955658194e-6  error_V_h1=0.07033277099865921  α = 0.00152
 103   -21.48168055851      -10.44       -3.80    54.6s
    hm1_norm_ρdiff=5.254099952330189e-5 hm1_norm_Δρ=5.0225946595005445e-5  error_V_h1=0.06955550941687967  α = 0.000464
 104   -21.48168055852      -11.02       -4.16    49.6s
    hm1_norm_ρdiff=2.2823450377780875e-5 hm1_norm_Δρ=1.6061117692362652e-5  error_V_h1=0.07224759150336015  α = 0.00125
 105   -21.48168055853      -11.18       -4.91    45.2s
    hm1_norm_ρdiff=1.0638351219403762e-5 hm1_norm_Δρ=3.3302820718513786e-6  error_V_h1=0.07242556411527996  α = 0.00374
 106   -21.48168055856      -10.49       -4.36    49.6s
    hm1_norm_ρdiff=1.7357707347584047e-5 hm1_norm_Δρ=9.113903796662313e-6  error_V_h1=0.07287310513506573  α = 0.0015
 107   -21.48168055858      -10.71       -4.24    49.5s
    hm1_norm_ρdiff=1.594784945159995e-5 hm1_norm_Δρ=1.2480057329084638e-5  error_V_h1=0.0722412095612993  α = 0.00137
 108   -21.48168055859      -11.00       -4.17    49.9s
    hm1_norm_ρdiff=2.5809259992975076e-5 hm1_norm_Δρ=1.9562578274226776e-5  error_V_h1=0.07301331980744911  α = 0.0012
 109   -21.48168055859      -11.28       -4.52    49.7s
    hm1_norm_ρdiff=1.3064639658425654e-5 hm1_norm_Δρ=7.693626550846527e-6  error_V_h1=0.07302887171994293  α = 0.00142
 110   -21.48168055862      -10.66       -4.10    49.8s
    hm1_norm_ρdiff=2.5843861764966166e-5 hm1_norm_Δρ=1.996777595777499e-5  error_V_h1=0.0715189830651279  α = 0.00125
 111   -21.48168055862      -11.23       -4.05    58.7s
    hm1_norm_ρdiff=2.5184874448570467e-5 hm1_norm_Δρ=2.8596325768388538e-5  error_V_h1=0.07201499758879777  α = 0.000191
 112   -21.48168055863      -11.30       -4.27    49.8s
    hm1_norm_ρdiff=1.6168580912483083e-5 hm1_norm_Δρ=1.3311618678803938e-5  error_V_h1=0.07188601970701548  α = 0.00123
 113   -21.48168055863      -11.56       -4.57    45.2s
    hm1_norm_ρdiff=1.2545157065737448e-5 hm1_norm_Δρ=5.8714799446672135e-6  error_V_h1=0.07066294691671263  α = 0.00338
 114   -21.48168055865      -10.63       -3.94    54.3s
    hm1_norm_ρdiff=3.548411169034132e-5 hm1_norm_Δρ=3.4153201011405556e-5  error_V_h1=0.07132961849882155  α = 0.000493
 115   -21.48168055869      -10.47       -4.01    54.2s
    hm1_norm_ρdiff=2.039951125626999e-5 hm1_norm_Δρ=2.1778820270252476e-5  error_V_h1=0.0696195166822846  α = 0.00056
 116   -21.48168055869      -11.51       -4.36    49.6s
    hm1_norm_ρdiff=1.8922333814190224e-5 hm1_norm_Δρ=1.1585321796499365e-5  error_V_h1=0.06967493436238821  α = 0.0012
 117   -21.48168055870      -11.02       -4.46    49.6s
    hm1_norm_ρdiff=1.0551190498492077e-5 hm1_norm_Δρ=7.250958264087214e-6  error_V_h1=0.06949637912877071  α = 0.0014
 118   -21.48168055872      -10.80       -4.31    49.8s
    hm1_norm_ρdiff=1.9875188533986307e-5 hm1_norm_Δρ=1.3621351323498734e-5  error_V_h1=0.07033442634468713  α = 0.00119
 119   -21.48168055875      -10.50       -4.15    54.6s
    hm1_norm_ρdiff=1.9532148862195972e-5 hm1_norm_Δρ=2.0908944029381367e-5  error_V_h1=0.06978861750207471  α = 0.000558
 120   -21.48168055876      -11.10       -4.56    49.8s
    hm1_norm_ρdiff=1.4703399563382766e-5 hm1_norm_Δρ=7.524269940859611e-6  error_V_h1=0.06978579128172781  α = 0.00136
 121   -21.48168055879      -10.48       -4.11    54.4s
    hm1_norm_ρdiff=2.0505688240221234e-5 hm1_norm_Δρ=2.0221314345943954e-5  error_V_h1=0.07023021460463835  α = 0.000573
 122   -21.48168055879      -11.22       -5.11    45.2s
    hm1_norm_ρdiff=1.0983982925774674e-5 hm1_norm_Δρ=2.1442357450405976e-6  error_V_h1=0.07075841916423345  α = 0.00386
 123   -21.48168055881      -10.88       -4.08    54.4s
    hm1_norm_ρdiff=2.5585962162492152e-5 hm1_norm_Δρ=2.0102535495872984e-5  error_V_h1=0.0701395036853224  α = 0.000509
 124   -21.48168055884      -10.55       -4.29    50.5s
    hm1_norm_ρdiff=1.738310232172149e-5 hm1_norm_Δρ=1.1986822177473315e-5  error_V_h1=0.07127587438904814  α = 0.00143
 125   -21.48168055884      -11.34       -4.38    54.3s
    hm1_norm_ρdiff=1.6553128544042597e-5 hm1_norm_Δρ=1.280439824932147e-5  error_V_h1=0.07097954714647027  α = 0.000492
 126   -21.48168055884      -11.81       -4.86    49.7s
    hm1_norm_ρdiff=1.3438692564034917e-5 hm1_norm_Δρ=3.7178448615713002e-6  error_V_h1=0.07137908348650648  α = 0.00139
 127   -21.48168055885      -10.98       -4.37    54.4s
    hm1_norm_ρdiff=1.2768544706249904e-5 hm1_norm_Δρ=1.1409431573805732e-5  error_V_h1=0.07124304893389284  α = 0.000566
 128   -21.48168055886      -11.67       -4.97    45.0s
    hm1_norm_ρdiff=1.2663367385637404e-5 hm1_norm_Δρ=2.46003078892314e-6  error_V_h1=0.07129071856754854  α = 0.00364
 129   -21.48168055887      -10.79       -3.92    54.4s
    hm1_norm_ρdiff=2.8361715746994464e-5 hm1_norm_Δρ=2.9176314533369554e-5  error_V_h1=0.07074651772971628  α = 0.000475
 130   -21.48168055888      -11.17       -5.09    45.3s
    hm1_norm_ρdiff=1.1179375567454758e-5 hm1_norm_Δρ=1.895153613020815e-6  error_V_h1=0.07054865107348413  α = 0.00413
 131   -21.48168055889      -11.08       -4.67    50.1s
    hm1_norm_ρdiff=1.1940429613316309e-5 hm1_norm_Δρ=5.756356585315883e-6  error_V_h1=0.07011717937381791  α = 0.00149
 132   -21.48168055889      -11.92       -4.67    49.8s
    hm1_norm_ρdiff=1.5174088799833928e-5 hm1_norm_Δρ=6.337092862993793e-6  error_V_h1=0.06991681184385923  α = 0.00118
 133   -21.48168055889      -11.28       -5.02    45.3s
    hm1_norm_ρdiff=1.197750588371218e-5 hm1_norm_Δρ=2.3566568534414277e-6  error_V_h1=0.06954319301449292  α = 0.00383
 134   -21.48168055889      -11.76       -4.22    54.3s
    hm1_norm_ρdiff=1.6512864523795482e-5 hm1_norm_Δρ=1.3950648908300515e-5  error_V_h1=0.06997138593185252  α = 0.000514
 135   -21.48168055890      -12.24       -4.73    45.1s
    hm1_norm_ρdiff=1.247142441946848e-5 hm1_norm_Δρ=3.8643822367922055e-6  error_V_h1=0.06862431446367989  α = 0.0034
 136   -21.48168055890      -11.80       -4.57    54.5s
    hm1_norm_ρdiff=1.4626571239177319e-5 hm1_norm_Δρ=7.688987683549986e-6  error_V_h1=0.06881108746482278  α = 0.000525
 137   -21.48168055890      -11.11       -4.22    54.5s
    hm1_norm_ρdiff=1.5247878023978546e-5 hm1_norm_Δρ=1.5955491427703417e-5  error_V_h1=0.06805226940770605  α = 0.000516
 138   -21.48168055891      -12.37       -5.05    45.1s
    hm1_norm_ρdiff=1.1140379905456056e-5 hm1_norm_Δρ=2.592856608945358e-6  error_V_h1=0.06774379999376062  α = 0.0034
 139   -21.48168055892      -10.95       -4.30    54.2s
    hm1_norm_ρdiff=1.3026134538717354e-5 hm1_norm_Δρ=1.4240715376968937e-5  error_V_h1=0.0676444861773499  α = 0.000539
 140   -21.48168055892      -11.79       -4.37    49.7s
    hm1_norm_ρdiff=1.7365937018928188e-5 hm1_norm_Δρ=9.409739592471217e-6  error_V_h1=0.06764885721503776  α = 0.00119
 141   -21.48168055892      -11.40       -4.59    54.5s
    hm1_norm_ρdiff=1.449415173115571e-5 hm1_norm_Δρ=6.5195425257892916e-6  error_V_h1=0.06746318561141107  α = 0.000557
 142   -21.48168055892      -12.44       -5.02    45.5s
    hm1_norm_ρdiff=1.2393386963926532e-5 hm1_norm_Δρ=2.3919082564891385e-6  error_V_h1=0.06757105982936752  α = 0.00361
 143   -21.48168055893      -11.44       -4.07    54.1s
    hm1_norm_ρdiff=2.486288897267592e-5 hm1_norm_Δρ=2.6684728342641407e-5  error_V_h1=0.06750247925580338  α = 0.000445
 144   -21.48168055893      -11.18       -4.63    49.9s
    hm1_norm_ρdiff=1.182321320625473e-5 hm1_norm_Δρ=6.427902402390373e-6  error_V_h1=0.0676642967038715  α = 0.00134
 145   -21.48168055894      -11.53       -4.82    49.6s
    hm1_norm_ρdiff=1.2275142435304923e-5 hm1_norm_Δρ=3.7107441717304996e-6  error_V_h1=0.0673178106344112  α = 0.00137
 146   -21.48168055895      -11.01       -4.44    49.9s
    hm1_norm_ρdiff=1.3180283804295563e-5 hm1_norm_Δρ=8.100573832634052e-6  error_V_h1=0.06822351908937348  α = 0.00137
 147   -21.48168055895      -11.80       -4.84    54.3s
    hm1_norm_ρdiff=1.1157599463131966e-5 hm1_norm_Δρ=3.82955877119286e-6  error_V_h1=0.06808485687319482  α = 0.000594
 148   -21.48168055895      -12.07       -4.73    50.2s
    hm1_norm_ρdiff=1.309850720012332e-5 hm1_norm_Δρ=4.2624486365211276e-6  error_V_h1=0.06844472413079483  α = 0.00126
 149   -21.48168055895      -11.19       -4.48    54.3s
    hm1_norm_ρdiff=1.548063833392585e-5 hm1_norm_Δρ=1.0058995840194375e-5  error_V_h1=0.06845341538455799  α = 0.000541
 150   -21.48168055896      -11.58       -5.43    44.7s
    hm1_norm_ρdiff=1.1893212643155076e-5 hm1_norm_Δρ=9.996609466764976e-7  error_V_h1=0.06834175291953726  α = 0.00409
 151   -21.48168055896      -11.20       -4.14    54.2s
    hm1_norm_ρdiff=1.9721571161196192e-5 hm1_norm_Δρ=2.2384465162857066e-5  error_V_h1=0.06808356655858992  α = 0.000438
 152   -21.48168055897      -11.60       -5.15    49.7s
    hm1_norm_ρdiff=1.1545501714462676e-5 hm1_norm_Δρ=2.0047496551959313e-6  error_V_h1=0.06799230740077504  α = 0.00164
 153   -21.48168055897      -11.34       -4.69    49.8s
    hm1_norm_ρdiff=1.0423756822285682e-5 hm1_norm_Δρ=5.415512447175142e-6  error_V_h1=0.06773061977467149  α = 0.00138
 154   -21.48168055898      -11.21       -4.21    54.3s
    hm1_norm_ρdiff=2.4641380326075995e-5 hm1_norm_Δρ=1.8567002878717068e-5  error_V_h1=0.06771085402892293  α = 0.000476
 155   -21.48168055898      -11.76       -4.82    49.9s
    hm1_norm_ρdiff=1.3048104016336276e-5 hm1_norm_Δρ=4.212262104804978e-6  error_V_h1=0.0676584359618089  α = 0.00128
 156   -21.48168055898      -11.70       -5.13    49.8s
    hm1_norm_ρdiff=1.1383046318837438e-5 hm1_norm_Δρ=1.622064859454152e-6  error_V_h1=0.06783688186818852  α = 0.00164
 157   -21.48168055898      -11.63       -4.58    49.4s
    hm1_norm_ρdiff=1.4055810778131964e-5 hm1_norm_Δρ=6.210602048392198e-6  error_V_h1=0.06729920808616363  α = 0.00127
 158   -21.48168055898      -12.87       -5.00    49.1s
    hm1_norm_ρdiff=1.1030273799209965e-5 hm1_norm_Δρ=2.527129152759657e-6  error_V_h1=0.06714341712306744  α = 0.00135
 159   -21.48168055898      -11.67       -4.75    50.0s
    hm1_norm_ρdiff=1.1975982254710665e-5 hm1_norm_Δρ=3.9425187701975264e-6  error_V_h1=0.06690119347868842  α = 0.00143
 160   -21.48168055899      -11.44       -4.88    49.6s
    hm1_norm_ρdiff=1.2459039642179793e-5 hm1_norm_Δρ=2.6343645751672505e-6  error_V_h1=0.06714667412471922  α = 0.00158
 161   -21.48168055899      -11.50       -4.95    49.4s
    hm1_norm_ρdiff=1.0922386935083176e-5 hm1_norm_Δρ=2.7368756481994485e-6  error_V_h1=0.06736949592789512  α = 0.00157
 162   -21.48168055899      -12.02       -4.37    54.3s
    hm1_norm_ρdiff=2.3777664502032985e-5 hm1_norm_Δρ=1.5044745771975845e-5  error_V_h1=0.06748797064160443  α = 0.000414
 163   -21.48168055899      -11.96       -4.78    49.9s
    hm1_norm_ρdiff=1.2646141696960679e-5 hm1_norm_Δρ=4.079584045071257e-6  error_V_h1=0.06771455574612417  α = 0.00142
 164   -21.48168055900      -11.77       -5.07    50.1s
    hm1_norm_ρdiff=1.2542770393187562e-5 hm1_norm_Δρ=2.1160989991978405e-6  error_V_h1=0.06783777309536825  α = 0.00134
 165   -21.48168055900      -12.25       -4.11    53.7s
    hm1_norm_ρdiff=2.105497146214006e-5 hm1_norm_Δρ=1.9579753020726977e-5  error_V_h1=0.06807248988576298  α = 0.000491
 166   -21.48168055900      -11.17       -4.44    53.9s
    hm1_norm_ρdiff=1.3731928374039863e-5 hm1_norm_Δρ=8.91908163260828e-6  error_V_h1=0.06814321371568381  α = 0.000596
 167   -21.48168055900      -11.74       -5.16    49.8s
    hm1_norm_ρdiff=1.1809529923365726e-5 hm1_norm_Δρ=1.8174565645214548e-6  error_V_h1=0.06817157733168645  α = 0.00149
 168   -21.48168055901      -11.28       -4.41    54.2s
    hm1_norm_ρdiff=1.3861622554583553e-5 hm1_norm_Δρ=9.889782112182159e-6  error_V_h1=0.0686020703411983  α = 0.000551
 169   -21.48168055901      -11.72       -4.55    54.4s
    hm1_norm_ρdiff=1.5238213821456587e-5 hm1_norm_Δρ=7.5310765878239035e-6  error_V_h1=0.0686900146015175  α = 0.000524
 170   -21.48168055901      -12.03       -5.06    45.1s
    hm1_norm_ρdiff=1.1677904070524729e-5 hm1_norm_Δρ=1.9252810281750527e-6  error_V_h1=0.06861425149814776  α = 0.00358
 171   -21.48168055901      -12.02       -4.69    49.7s
    hm1_norm_ρdiff=1.1102184511353888e-5 hm1_norm_Δρ=4.657487294616471e-6  error_V_h1=0.06834601511897902  α = 0.00125
 172   -21.48168055902      -11.68       -5.04    49.6s
    hm1_norm_ρdiff=1.2330106436043805e-5 hm1_norm_Δρ=2.1613630555696264e-6  error_V_h1=0.06825681408812784  α = 0.00158
 173   -21.48168055902      -11.13       -4.03    58.4s
    hm1_norm_ρdiff=2.9660040334832283e-5 hm1_norm_Δρ=3.420508894708748e-5  error_V_h1=0.06820692869324846  α = 0.000189
 174   -21.48168055902      -11.71       -4.86    49.2s
    hm1_norm_ρdiff=1.1590363907530189e-5 hm1_norm_Δρ=3.6200127588865407e-6  error_V_h1=0.06813722923541783  α = 0.00137
 175   -21.48168055903      -11.59       -4.50    54.1s
    hm1_norm_ρdiff=9.578181620815654e-6 hm1_norm_Δρ=9.477133539387094e-6  error_V_h1=0.06795354261903193  α = 0.000478
 176   -21.48168055903      -11.59       -4.62    49.2s
    hm1_norm_ρdiff=1.2645604694498858e-5 hm1_norm_Δρ=5.5462334129607946e-6  error_V_h1=0.06780383369705646  α = 0.00132
 177   -21.48168055903      -11.73       -5.45    45.0s
    hm1_norm_ρdiff=1.1608596403290543e-5 hm1_norm_Δρ=8.873129397194181e-7  error_V_h1=0.06789621912903723  α = 0.004
 178   -21.48168055903      -11.70       -5.28    45.3s
    hm1_norm_ρdiff=1.1500969299782095e-5 hm1_norm_Δρ=1.1978527360759529e-6  error_V_h1=0.06789973086109002  α = 0.00391
 179   -21.48168055904      -11.76       -4.91    50.0s
    hm1_norm_ρdiff=1.3019545280187741e-5 hm1_norm_Δρ=3.103253540485226e-6  error_V_h1=0.0678186892199575  α = 0.00125
 180   -21.48168055904      -13.41       -4.51    54.5s
    hm1_norm_ρdiff=1.4250278513004262e-5 hm1_norm_Δρ=9.817109149681017e-6  error_V_h1=0.06786958912292466  α = 0.000439
 181   -21.48168055904      -11.92       -4.60    49.5s
    hm1_norm_ρdiff=1.2661577687489641e-5 hm1_norm_Δρ=5.7390434145207454e-6  error_V_h1=0.06813026126752031  α = 0.00126
 182   -21.48168055904      -13.11       -4.71    49.6s
    hm1_norm_ρdiff=1.3948914477942533e-5 hm1_norm_Δρ=5.1456714709215225e-6  error_V_h1=0.06833270632016206  α = 0.00118
 183   -21.48168055904      -12.45       -5.43    45.2s
    hm1_norm_ρdiff=1.1213489691462279e-5 hm1_norm_Δρ=9.019165227094856e-7  error_V_h1=0.06834510878477741  α = 0.00382
 184   -21.48168055904      -13.60       -4.93    58.8s
    hm1_norm_ρdiff=1.1306450180803168e-5 hm1_norm_Δρ=3.218387644305533e-6  error_V_h1=0.06834438706472495  α = 0.000166
 185   -21.48168055904      -11.80       -4.76    54.2s
    hm1_norm_ρdiff=1.4241181478226186e-5 hm1_norm_Δρ=4.783660368413942e-6  error_V_h1=0.06831737944475044  α = 0.000532
 186   -21.48168055904      -12.76       -4.49    59.2s
    hm1_norm_ρdiff=1.0385542448586014e-5 hm1_norm_Δρ=8.081266889895571e-6  error_V_h1=0.06826834110651836  α = 0.000215
 187   -21.48168055904      -11.76       -4.97    50.4s
    hm1_norm_ρdiff=1.2162369150793277e-5 hm1_norm_Δρ=2.728824182582281e-6  error_V_h1=0.06830410730024644  α = 0.0015
 188   -21.48168055904      -11.89       -5.22    49.6s
    hm1_norm_ρdiff=1.109903576737449e-5 hm1_norm_Δρ=1.4626271472166787e-6  error_V_h1=0.06827921575941068  α = 0.00159
 189   -21.48168055904      -12.05       -5.09    49.2s
    hm1_norm_ρdiff=1.1596417228133358e-5 hm1_norm_Δρ=1.911930630977209e-6  error_V_h1=0.06828729862383913  α = 0.0015
 190   -21.48168055904      -11.97       -4.20    54.3s
    hm1_norm_ρdiff=1.5308128161930555e-5 hm1_norm_Δρ=1.8223182616787162e-5  error_V_h1=0.06841045092110258  α = 0.000387
 191   -21.48168055904      -12.14       -4.49    54.5s
    hm1_norm_ρdiff=1.5088123003343998e-5 hm1_norm_Δρ=1.0028808580817282e-5  error_V_h1=0.06841740290185622  α = 0.000442
 192   -21.48168055905      -11.75       -4.72    49.8s
    hm1_norm_ρdiff=1.2348870374922945e-5 hm1_norm_Δρ=4.3393703850480386e-6  error_V_h1=0.06824248392342003  α = 0.00132
 193   -21.48168055905      -11.57       -4.54    54.0s
    hm1_norm_ρdiff=1.145078733680905e-5 hm1_norm_Δρ=7.987999620194632e-6  error_V_h1=0.06812885660469944  α = 0.000525
 194   -21.48168055905      -12.15       -5.05    49.7s
    hm1_norm_ρdiff=1.2034085602442463e-5 hm1_norm_Δρ=2.291139806740297e-6  error_V_h1=0.06812812491117122  α = 0.00136
 195   -21.48168055905      -12.51       -5.68    45.4s
    hm1_norm_ρdiff=1.1432322828165938e-5 hm1_norm_Δρ=5.141544536289929e-7  error_V_h1=0.0681555326537509  α = 0.00407
 196   -21.48168055905      -11.81       -5.22    49.6s
    hm1_norm_ρdiff=1.1134121401787043e-5 hm1_norm_Δρ=1.5898413821624245e-6  error_V_h1=0.06819225106152152  α = 0.00137
 197   -21.48168055905      -12.43       -4.85    49.7s
    hm1_norm_ρdiff=1.352177400903233e-5 hm1_norm_Δρ=3.289470071309827e-6  error_V_h1=0.0683390052457337  α = 0.00122
 198   -21.48168055905      -11.74       -4.97    49.9s
    hm1_norm_ρdiff=1.176138959277357e-5 hm1_norm_Δρ=2.5704860044341216e-6  error_V_h1=0.06830268881893445  α = 0.00143
 199   -21.48168055906      -11.40       -5.58    40.5s
    hm1_norm_ρdiff=1.1635938435447878e-5 hm1_norm_Δρ=5.938399474714278e-7  error_V_h1=0.06821226689594392  α = 0.00826
 200   -21.48168055906      -12.54       -4.94    50.0s
    hm1_norm_ρdiff=1.2143636941615736e-5 hm1_norm_Δρ=2.663043491003173e-6  error_V_h1=0.0681729651980031  α = 0.00134
 201   -21.48168055906      -12.35       -5.08    54.4s
    hm1_norm_ρdiff=1.2742730616978609e-5 hm1_norm_Δρ=2.2561896557317e-6  error_V_h1=0.06815665544352022  α = 0.000513
 202   -21.48168055906      -13.02       -4.86    54.3s
    hm1_norm_ρdiff=1.2665864870940276e-5 hm1_norm_Δρ=3.493537852251935e-6  error_V_h1=0.0681302284725011  α = 0.00041
 203   -21.48168055906      -12.62       -4.50    59.0s
    hm1_norm_ρdiff=1.4831458264685506e-5 hm1_norm_Δρ=6.747565162979045e-6  error_V_h1=0.06813045229733446  α = 0.000158
 204   -21.48168055906      -12.31       -5.01    54.2s
    hm1_norm_ρdiff=1.089297287696136e-5 hm1_norm_Δρ=3.5063603907242446e-6  error_V_h1=0.0681150221838847  α = 0.000515
 205   -21.48168055906      -12.55       -5.65    50.2s
    hm1_norm_ρdiff=1.1620083028325775e-5 hm1_norm_Δρ=5.906659010104494e-7  error_V_h1=0.06812731924342807  α = 0.00146
 206   -21.48168055906      -12.22       -5.05    49.7s
    hm1_norm_ρdiff=1.1455955517936412e-5 hm1_norm_Δρ=1.987080510435821e-6  error_V_h1=0.06807901392186955  α = 0.00145
 207   -21.48168055906      -13.50       -5.37    45.3s
    hm1_norm_ρdiff=1.1292897540456399e-5 hm1_norm_Δρ=1.007460461277445e-6  error_V_h1=0.06816752980098152  α = 0.00335
 208   -21.48168055906      -12.07       -4.29    59.6s
    hm1_norm_ρdiff=1.3771004954976807e-5 hm1_norm_Δρ=1.0115170883527032e-5  error_V_h1=0.06805949125905623  α = 0.00017
 209   -21.48168055906      -11.62       -5.12    49.7s
    hm1_norm_ρdiff=1.1275227002285062e-5 hm1_norm_Δρ=1.6945211514598512e-6  error_V_h1=0.06800266530860824  α = 0.0016
 210   -21.48168055907      -11.51       -4.21    58.8s
    hm1_norm_ρdiff=1.6805179759614646e-5 hm1_norm_Δρ=1.9435069027577206e-5  error_V_h1=0.06797962392402693  α = 0.000191
 211   -21.48168055907      -11.95       -5.19    49.8s
    hm1_norm_ρdiff=1.0804319534833804e-5 hm1_norm_Δρ=1.7822497946242013e-6  error_V_h1=0.06798503951902406  α = 0.00139
 212   -21.48168055907      -13.75       -4.95    54.6s
    hm1_norm_ρdiff=1.1222539901986901e-5 hm1_norm_Δρ=2.3057453259076947e-6  error_V_h1=0.06798611357452107  α = 0.000504
 213   -21.48168055907      -12.16       -4.74    54.4s
    hm1_norm_ρdiff=1.097093588682624e-5 hm1_norm_Δρ=5.664593469430301e-6  error_V_h1=0.06800805351413067  α = 0.000471
 214   -21.48168055907      -12.15       -5.33    49.6s
    hm1_norm_ρdiff=1.1522028972877468e-5 hm1_norm_Δρ=9.941053257486364e-7  error_V_h1=0.06804095602627819  α = 0.00168
 215   -21.48168055907      -12.44       -5.45    45.6s
    hm1_norm_ρdiff=1.1127106369432224e-5 hm1_norm_Δρ=8.870999784004989e-7  error_V_h1=0.06808740887449884  α = 0.0034
 216   -21.48168055907      -11.77       -5.45    44.7s
    hm1_norm_ρdiff=1.1968378875081099e-5 hm1_norm_Δρ=8.274518308500799e-7  error_V_h1=0.06816894158154868  α = 0.00313
 217   -21.48168055907      -12.22       -4.90    54.7s
    hm1_norm_ρdiff=1.1049731425175112e-5 hm1_norm_Δρ=3.380171536527794e-6  error_V_h1=0.06819183718726825  α = 0.000539
 218   -21.48168055907      -11.72       -4.97    50.0s
    hm1_norm_ρdiff=1.2152528235695572e-5 hm1_norm_Δρ=2.4999841351746094e-6  error_V_h1=0.06814729445921414  α = 0.0015
 219   -21.48168055907      -12.66       -5.20    49.7s
    hm1_norm_ρdiff=1.1413433225501275e-5 hm1_norm_Δρ=1.5586100421563714e-6  error_V_h1=0.06816255046961417  α = 0.00131
 220   -21.48168055907      -12.70       -5.56    49.6s
    hm1_norm_ρdiff=1.1481168596620698e-5 hm1_norm_Δρ=8.229607431779698e-7  error_V_h1=0.06818372005587324  α = 0.00153
 221   -21.48168055907      -13.85       -4.38    63.1s
    hm1_norm_ρdiff=1.384497904650892e-5 hm1_norm_Δρ=7.581264624114481e-6  error_V_h1=0.06819389257857636  α = 5.01e-5
 222   -21.48168055907      -12.65       -5.08    54.2s
    hm1_norm_ρdiff=1.2790990217413757e-5 hm1_norm_Δρ=2.611424262055586e-6  error_V_h1=0.06822936116178308  α = 0.000544
 223   -21.48168055908      -12.14       -5.26    49.7s
    hm1_norm_ρdiff=1.128025775144732e-5 hm1_norm_Δρ=1.3377372145560018e-6  error_V_h1=0.06826676638109036  α = 0.00144
 224   -21.48168055908      -13.60       -4.56    58.7s
    hm1_norm_ρdiff=1.2661385799098608e-5 hm1_norm_Δρ=4.8624569527419045e-6  error_V_h1=0.068310047968895  α = 0.000196
 225   -21.48168055908      -12.06       -5.67    45.3s
    hm1_norm_ρdiff=1.1334491721903065e-5 hm1_norm_Δρ=4.413675059188069e-7  error_V_h1=0.06841547950375168  α = 0.0041
 226   -21.48168055908      -12.25       -5.07    54.3s
    hm1_norm_ρdiff=1.2310076184660184e-5 hm1_norm_Δρ=2.4840480461447624e-6  error_V_h1=0.06842801050994428  α = 0.000575
 227   -21.48168055908      -12.40       -4.67    58.8s
    hm1_norm_ρdiff=7.76284638932299e-6 hm1_norm_Δρ=8.369063822388537e-6  error_V_h1=0.06841120512519214  α = 0.000185
 228   -21.48168055908      -12.94       -5.34    49.7s
    hm1_norm_ρdiff=1.1763038321437816e-5 hm1_norm_Δρ=1.3982422363494626e-6  error_V_h1=0.06842069791599996  α = 0.0012
 229   -21.48168055908      -12.25       -5.23    49.7s
    hm1_norm_ρdiff=1.1259407972815199e-5 hm1_norm_Δρ=1.3999729247865785e-6  error_V_h1=0.06850188731202493  α = 0.00147
 230   -21.48168055908      -12.37       -4.98    54.0s
    hm1_norm_ρdiff=1.2133293483376445e-5 hm1_norm_Δρ=2.9406411254120687e-6  error_V_h1=0.06852386407789599  α = 0.000541
 231   -21.48168055908      -12.48       -5.46    50.3s
    hm1_norm_ρdiff=1.148941972114287e-5 hm1_norm_Δρ=1.0415424332174342e-6  error_V_h1=0.06854010663005224  α = 0.00149
 232   -21.48168055908      -11.94       -5.50    45.0s
    hm1_norm_ρdiff=1.1537400219327405e-5 hm1_norm_Δρ=5.980945072540091e-7  error_V_h1=0.06865129869586684  α = 0.00336
 233   -21.48168055908      -13.02       -5.82    45.6s
    hm1_norm_ρdiff=1.1483906396168741e-5 hm1_norm_Δρ=3.6910924320617386e-7  error_V_h1=0.0687160760661443  α = 0.0039
 234   -21.48168055908      -12.87       -5.07    54.4s
    hm1_norm_ρdiff=1.0910438363858597e-5 hm1_norm_Δρ=2.270723556224847e-6  error_V_h1=0.06874398688060605  α = 0.000526
 235   -21.48168055908      -12.82       -5.82    44.9s
    hm1_norm_ρdiff=1.1450201886037602e-5 hm1_norm_Δρ=3.561455188897767e-7  error_V_h1=0.06879850798912805  α = 0.00387
    Stopping to avoid numerical instabilities.
 236   -21.48168055908      -12.97       -5.71    49.5s
    hm1_norm_ρdiff=1.140580293660017e-5 hm1_norm_Δρ=4.1603144493328197e-7  error_V_h1=0.06883101957363735  α = 0.00142

#-- |ρε - ρref| = 1.136967697645852e-5 vs. 1.7782794100389228e-9 = δ*ε  error_V_h1=0.06883224565008503


# --- ε=1.0e-7

n     Energy            log10(ΔE)   log10(Δρ)   Δtime
---   ---------------   ---------   ---------   ------
  1   -21.48166614729                   -0.89    73.5s
    hm1_norm_ρdiff=0.0820994001241319 hm1_norm_Δρ=0.08209383768511455  error_V_h1=1.6563856206281367  α = 6.05e-5
  2   -21.48166652281       -6.43       -1.79    53.7s
    hm1_norm_ρdiff=0.006860107588334267 hm1_norm_Δρ=0.006859104795739104  error_V_h1=1.4669146194565872  α = 0.000409
  3   -21.48166664016       -6.93       -2.07    54.1s
    hm1_norm_ρdiff=0.0032510681698917016 hm1_norm_Δρ=0.0032504694112105654  error_V_h1=1.4029841475769629  α = 0.000425
  4   -21.48166680547       -6.78       -2.21    54.2s
    hm1_norm_ρdiff=0.0022010714537239436 hm1_norm_Δρ=0.002200452134160791  error_V_h1=1.3073260378049805  α = 0.000472
  5   -21.48166693593       -6.88       -2.81    49.4s
    hm1_norm_ρdiff=0.0003917473266396527 hm1_norm_Δρ=0.0003910780679072523  error_V_h1=1.2270182392832554  α = 0.00159
  6   -21.48166697387       -7.42       -2.99    49.3s
    hm1_norm_ρdiff=0.00029323224726040794 hm1_norm_Δρ=0.0002929137222058101  error_V_h1=1.2032331521774873  α = 0.00144
  7   -21.48166699366       -7.70       -2.86    54.3s
    hm1_norm_ρdiff=0.0003830665716802344 hm1_norm_Δρ=0.0003827513898283895  error_V_h1=1.1905637262580555  α = 0.000568
  8   -21.48166700508       -7.94       -3.28    45.1s
    hm1_norm_ρdiff=0.00011823806360530522 hm1_norm_Δρ=0.0001180273475715974  error_V_h1=1.184521080215249  α = 0.00363
  9   -21.48166701540       -7.99       -3.34    45.3s
    hm1_norm_ρdiff=0.00010738900406709197 hm1_norm_Δρ=0.00010735404133476495  error_V_h1=1.1788383034080074  α = 0.00346
 10   -21.48166701900       -8.44       -3.44    45.1s
    hm1_norm_ρdiff=8.913617307767531e-5 hm1_norm_Δρ=8.908550382486943e-5  error_V_h1=1.1774488997414008  α = 0.00354
 11   -21.48166703874       -7.70       -3.47    44.9s
    hm1_norm_ρdiff=7.399855263460182e-5 hm1_norm_Δρ=7.403192733104967e-5  error_V_h1=1.1651968131522181  α = 0.00399
 12   -21.48166709620       -7.24       -1.96    63.4s
    hm1_norm_ρdiff=0.006769934950140354 hm1_norm_Δρ=0.006775718460409175  error_V_h1=1.125131839238816  α = 6.01e-5
 13   -21.48166767540       -6.24       -1.81    58.7s
    hm1_norm_ρdiff=0.006383835389642663 hm1_norm_Δρ=0.0063861115902797425  error_V_h1=0.5846225444434641  α = 0.000188
 14   -21.48166779282       -6.93       -2.04    59.4s
    hm1_norm_ρdiff=0.00348474921927881 hm1_norm_Δρ=0.003486064179715891  error_V_h1=0.39207474530209874  α = 0.000178
 15   -21.48166782390       -7.51       -2.50    54.5s
    hm1_norm_ρdiff=0.001147258897279415 hm1_norm_Δρ=0.001148414904525005  error_V_h1=0.3207169072579258  α = 0.000452
 16   -21.48166782672       -8.55       -3.66    50.8s
    hm1_norm_ρdiff=5.220600237008131e-5 hm1_norm_Δρ=5.231176874685107e-5  error_V_h1=0.31388970748032397  α = 0.00163
 17   -21.48166783229       -8.25       -3.14    54.4s
    hm1_norm_ρdiff=0.00020121098488004113 hm1_norm_Δρ=0.00020136677444427628  error_V_h1=0.2993657732187492  α = 0.000564
 18   -21.48166783689       -8.34       -4.17    40.3s
    hm1_norm_ρdiff=1.3702421985304564e-5 hm1_norm_Δρ=1.1553200735611108e-5  error_V_h1=0.2918758382977732  α = 0.0105
 19   -21.48166784046       -8.45       -3.12    49.9s
    hm1_norm_ρdiff=0.0002103166616001622 hm1_norm_Δρ=0.00021026648883715375  error_V_h1=0.2828591158730586  α = 0.00123
 20   -21.48166785489       -7.84       -3.20    49.8s
    hm1_norm_ρdiff=0.00013284228221610477 hm1_norm_Δρ=0.00013287921549063613  error_V_h1=0.23545493982380503  α = 0.00158
 21   -21.48166786086       -8.22       -3.22    49.6s
    hm1_norm_ρdiff=0.00014636745409925112 hm1_norm_Δρ=0.00014648225449363493  error_V_h1=0.2103749085160664  α = 0.00137
 22   -21.48166786147       -9.21       -3.66    45.1s
    hm1_norm_ρdiff=4.599679643912939e-5 hm1_norm_Δρ=4.521106054361618e-5  error_V_h1=0.205887667658699  α = 0.00339
 23   -21.48166786315       -8.77       -2.71    63.2s
    hm1_norm_ρdiff=0.0011996566327964454 hm1_norm_Δρ=0.0011939717194362819  error_V_h1=0.199395987033309  α = 6.01e-5
 24   -21.48166786326       -9.97       -3.91    54.2s
    hm1_norm_ρdiff=4.961190009559103e-5 hm1_norm_Δρ=4.69816186015546e-5  error_V_h1=0.19917386967488362  α = 0.000495
 25   -21.48166786533       -8.68       -2.91    59.1s
    hm1_norm_ρdiff=0.00046927691346087364 hm1_norm_Δρ=0.0004680603780871656  error_V_h1=0.19134337791994674  α = 0.000178
 26   -21.48166787436       -8.04       -2.74    54.2s
    hm1_norm_ρdiff=0.0006376691939080536 hm1_norm_Δρ=0.0006368801166845078  error_V_h1=0.1517888275020619  α = 0.000449
 27   -21.48166787462       -9.60       -4.08    49.5s
    hm1_norm_ρdiff=2.3495945149993634e-5 hm1_norm_Δρ=2.1598696066191782e-5  error_V_h1=0.1514723536700266  α = 0.00151
 28   -21.48166787512       -9.30       -4.37    45.3s
    hm1_norm_ρdiff=1.2743565446904887e-5 hm1_norm_Δρ=1.0900016576360224e-5  error_V_h1=0.15156938958805377  α = 0.0041
 29   -21.48166787627       -8.94       -3.75    50.0s
    hm1_norm_ρdiff=3.178893798229285e-5 hm1_norm_Δρ=3.111126851922024e-5  error_V_h1=0.15044682106942026  α = 0.00162
 30   -21.48166788032       -8.39       -3.15    54.0s
    hm1_norm_ρdiff=0.00020315172355214213 hm1_norm_Δρ=0.00020300196355617313  error_V_h1=0.12752509994919387  α = 0.000545
 31   -21.48166788113       -9.09       -3.85    50.1s
    hm1_norm_ρdiff=3.109967548157415e-5 hm1_norm_Δρ=3.0891599249899986e-5  error_V_h1=0.12364109742622409  α = 0.00159
 32   -21.48166788213       -9.00       -3.54    49.9s
    hm1_norm_ρdiff=7.83196584110529e-5 hm1_norm_Δρ=7.816769977239185e-5  error_V_h1=0.11881823568999145  α = 0.0013
 33   -21.48166788431       -8.66       -3.65    49.9s
    hm1_norm_ρdiff=4.829589183345559e-5 hm1_norm_Δρ=4.8462225842980735e-5  error_V_h1=0.10401936822016959  α = 0.0016
 34   -21.48166788435      -10.45       -3.62    63.3s
    hm1_norm_ρdiff=0.00013687154543808405 hm1_norm_Δρ=0.00014240363708129092  error_V_h1=0.10373668318431853  α = 6.32e-5
 35   -21.48166788444      -10.03       -4.02    54.0s
    hm1_norm_ρdiff=2.8512355519124506e-5 hm1_norm_Δρ=2.978223364206918e-5  error_V_h1=0.10283850454277435  α = 0.000552
 36   -21.48166788457       -9.88       -3.53    59.1s
    hm1_norm_ρdiff=9.453562131120283e-5 hm1_norm_Δρ=9.489180024777444e-5  error_V_h1=0.10174290497809091  α = 0.00019
 37   -21.48166788694       -8.63       -2.92    54.6s
    hm1_norm_ρdiff=0.0003820766583678692 hm1_norm_Δρ=0.0003823614496170504  error_V_h1=0.07764421960261168  α = 0.000435
 38   -21.48166788705       -9.97       -4.10    49.6s
    hm1_norm_ρdiff=1.9347933478562487e-5 hm1_norm_Δρ=2.042365512118596e-5  error_V_h1=0.07630890016826339  α = 0.00135
 39   -21.48166788707      -10.62       -4.18    49.5s
    hm1_norm_ρdiff=1.8597796837500068e-5 hm1_norm_Δρ=1.757498836941369e-5  error_V_h1=0.07434302953409182  α = 0.00121
 40   -21.48166788715      -10.12       -4.89    40.5s
    hm1_norm_ρdiff=6.9090502028134846e-6 hm1_norm_Δρ=2.2450059562733055e-6  error_V_h1=0.07266279374967782  α = 0.0101
 41   -21.48166788720      -10.28       -4.36    49.7s
    hm1_norm_ρdiff=1.4322499971753266e-5 hm1_norm_Δρ=1.2762591097066261e-5  error_V_h1=0.07243251982797859  α = 0.00142
 42   -21.48166788724      -10.42       -4.24    45.2s
    hm1_norm_ρdiff=1.3140933317837948e-5 hm1_norm_Δρ=1.1006669472014903e-5  error_V_h1=0.076236530927403  α = 0.00354
 43   -21.48166788764       -9.39       -3.73    49.9s
    hm1_norm_ρdiff=5.267316112905419e-5 hm1_norm_Δρ=5.2201480597845954e-5  error_V_h1=0.07387344610508306  α = 0.00128
 44   -21.48166788772      -10.10       -4.37    49.7s
    hm1_norm_ρdiff=1.1327701136810159e-5 hm1_norm_Δρ=8.722289877016027e-6  error_V_h1=0.07419826817171546  α = 0.00162
 45   -21.48166788773      -11.23       -4.16    58.7s
    hm1_norm_ρdiff=3.1071055731523544e-5 hm1_norm_Δρ=3.644840834308364e-5  error_V_h1=0.07424922798649441  α = 0.000166
 46   -21.48166788780      -10.16       -4.21    49.6s
    hm1_norm_ρdiff=1.4357350041498932e-5 hm1_norm_Δρ=1.2043553020805886e-5  error_V_h1=0.07545845811272191  α = 0.00154
 47   -21.48166788781      -10.85       -4.20    54.4s
    hm1_norm_ρdiff=2.033211902332009e-5 hm1_norm_Δρ=1.9625697654084188e-5  error_V_h1=0.07554261677398857  α = 0.000498
 48   -21.48166788839       -9.24       -3.18    54.4s
    hm1_norm_ρdiff=0.00023993841137401336 hm1_norm_Δρ=0.00024015461884804366  error_V_h1=0.0697658920505219  α = 0.000415
 49   -21.48166788859       -9.71       -3.90    54.5s
    hm1_norm_ρdiff=4.5055146482901006e-5 hm1_norm_Δρ=4.192519079604184e-5  error_V_h1=0.068103411698429  α = 0.000549
 50   -21.48166788872       -9.87       -3.86    54.2s
    hm1_norm_ρdiff=3.3803604340208676e-5 hm1_norm_Δρ=3.3646641147054694e-5  error_V_h1=0.0681074661108517  α = 0.000551
 51   -21.48166788876      -10.52       -4.52    49.9s
    hm1_norm_ρdiff=9.670660091510595e-6 hm1_norm_Δρ=8.076751403370803e-6  error_V_h1=0.0681789427903387  α = 0.00145
 52   -21.48166788877      -10.73       -4.42    49.9s
    hm1_norm_ρdiff=1.1986993592964606e-5 hm1_norm_Δρ=1.037558945546328e-5  error_V_h1=0.0678437861299806  α = 0.00132
 53   -21.48166788881      -10.47       -4.01    50.4s
    hm1_norm_ρdiff=2.326135979550692e-5 hm1_norm_Δρ=2.3024268593802502e-5  error_V_h1=0.06611353475235134  α = 0.00124
 54   -21.48166788901       -9.69       -3.91    50.2s
    hm1_norm_ρdiff=3.459684385472523e-5 hm1_norm_Δρ=3.417372503612622e-5  error_V_h1=0.06169883665933764  α = 0.0013
 55   -21.48166788905      -10.40       -4.45    49.9s
    hm1_norm_ρdiff=1.0097261206110417e-5 hm1_norm_Δρ=7.555447233711401e-6  error_V_h1=0.06069184881288834  α = 0.00155
 56   -21.48166788905      -11.72       -4.17    63.3s
    hm1_norm_ρdiff=3.8633926543389126e-5 hm1_norm_Δρ=3.301163987739788e-5  error_V_h1=0.0606120971261998  α = 6.37e-5
 57   -21.48166788906      -11.06       -4.38    50.0s
    hm1_norm_ρdiff=9.004178090109493e-6 hm1_norm_Δρ=7.474742473164569e-6  error_V_h1=0.05921687989957793  α = 0.00141
 58   -21.48166788907      -11.11       -4.06    59.0s
    hm1_norm_ρdiff=2.8156893270401532e-5 hm1_norm_Δρ=2.7070667522783983e-5  error_V_h1=0.058921510284596176  α = 0.000186
 59   -21.48166788930       -9.65       -3.30    54.5s
    hm1_norm_ρdiff=0.00018734065385527887 hm1_norm_Δρ=0.0001868886259743858  error_V_h1=0.055671573796214964  α = 0.000404
 60   -21.48166788931      -10.74       -4.73    49.8s
    hm1_norm_ρdiff=7.24400424051333e-6 hm1_norm_Δρ=4.141121995383477e-6  error_V_h1=0.05521440957791513  α = 0.00163
 61   -21.48166788933      -10.90       -5.06    44.7s
    hm1_norm_ρdiff=7.4483549264898916e-6 hm1_norm_Δρ=2.049253296115007e-6  error_V_h1=0.055821141943326776  α = 0.00422
 62   -21.48166788935      -10.62       -4.17    54.4s
    hm1_norm_ρdiff=1.4063624399184144e-5 hm1_norm_Δρ=1.3259511665682743e-5  error_V_h1=0.056454851270036764  α = 0.000547
 63   -21.48166788937      -10.78       -4.43    49.7s
    hm1_norm_ρdiff=1.22000428103492e-5 hm1_norm_Δρ=9.88082704402739e-6  error_V_h1=0.05693460847171548  α = 0.00137
 64   -21.48166788943      -10.20       -3.90    54.5s
    hm1_norm_ρdiff=3.23358729320861e-5 hm1_norm_Δρ=3.155707577872771e-5  error_V_h1=0.057690418864800426  α = 0.000521
 65   -21.48166788950      -10.15       -4.10    50.1s
    hm1_norm_ρdiff=2.3446180021453936e-5 hm1_norm_Δρ=2.2145470973072813e-5  error_V_h1=0.05829563193487872  α = 0.00129
 66   -21.48166788951      -11.15       -4.88    50.7s
    hm1_norm_ρdiff=7.2955084086208005e-6 hm1_norm_Δρ=3.021846822743342e-6  error_V_h1=0.05845510933489016  α = 0.00159
 67   -21.48166788951      -11.73       -4.03    63.8s
    hm1_norm_ρdiff=3.543466774782667e-5 hm1_norm_Δρ=4.074635734992109e-5  error_V_h1=0.05855600614826825  α = 6.32e-5
 68   -21.48166788952      -10.92       -4.38    54.2s
    hm1_norm_ρdiff=1.1207689965777584e-5 hm1_norm_Δρ=7.972944126375522e-6  error_V_h1=0.05892474337513122  α = 0.000538
 69   -21.48166788953      -11.30       -4.12    59.1s
    hm1_norm_ρdiff=2.283531842690549e-5 hm1_norm_Δρ=2.227747397172203e-5  error_V_h1=0.059113163509519125  α = 0.000193
 70   -21.48166788967       -9.85       -3.38    53.9s
    hm1_norm_ρdiff=0.00015695394359349244 hm1_norm_Δρ=0.00015736460822873572  error_V_h1=0.05761113537981092  α = 0.000403
 71   -21.48166788968      -10.77       -4.77    45.8s
    hm1_norm_ρdiff=8.114947263538975e-6 hm1_norm_Δρ=3.975768727293857e-6  error_V_h1=0.05802448056028213  α = 0.00344
 72   -21.48166788969      -11.19       -4.53    50.6s
    hm1_norm_ρdiff=7.484644813497213e-6 hm1_norm_Δρ=7.268990786537065e-6  error_V_h1=0.05757020925801075  α = 0.00125
 73   -21.48166788970      -11.05       -4.45    50.8s
    hm1_norm_ρdiff=1.0625039899552357e-5 hm1_norm_Δρ=7.493775959543787e-6  error_V_h1=0.0571105926377443  α = 0.00124
 74   -21.48166788972      -10.69       -4.46    49.9s
    hm1_norm_ρdiff=1.1061205434822162e-5 hm1_norm_Δρ=9.429194797578801e-6  error_V_h1=0.056733844382280484  α = 0.00131
 75   -21.48166788974      -10.77       -4.37    55.0s
    hm1_norm_ρdiff=1.3408839256960922e-5 hm1_norm_Δρ=1.1663065241696528e-5  error_V_h1=0.05632429365017692  α = 0.00053
 76   -21.48166788978      -10.34       -4.31    50.2s
    hm1_norm_ρdiff=1.6045039008332046e-5 hm1_norm_Δρ=1.4894118781935446e-5  error_V_h1=0.05548451797915938  α = 0.0013
 77   -21.48166788981      -10.58       -4.76    45.5s
    hm1_norm_ρdiff=7.476314431212469e-6 hm1_norm_Δρ=3.6898989682889205e-6  error_V_h1=0.05566835149806955  α = 0.00351
 78   -21.48166788981      -11.57       -4.45    59.0s
    hm1_norm_ρdiff=1.0949199354792839e-5 hm1_norm_Δρ=1.5659053160231195e-5  error_V_h1=0.05571210276377234  α = 0.000124
 79   -21.48166788983      -10.71       -4.45    50.3s
    hm1_norm_ρdiff=1.1925011259135487e-5 hm1_norm_Δρ=8.25355258225408e-6  error_V_h1=0.05633477589346041  α = 0.00116
 80   -21.48166788984      -11.07       -4.54    54.7s
    hm1_norm_ρdiff=1.0703054225537537e-5 hm1_norm_Δρ=8.675628067547246e-6  error_V_h1=0.056400899534614336  α = 0.000404
 81   -21.48166788990      -10.24       -3.46    54.9s
    hm1_norm_ρdiff=0.0001269901609030317 hm1_norm_Δρ=0.00012633998751348572  error_V_h1=0.054906048480633914  α = 0.000398
 82   -21.48166788991      -10.94       -4.65    49.9s
    hm1_norm_ρdiff=7.726941745918758e-6 hm1_norm_Δρ=5.352892247021505e-6  error_V_h1=0.05500431150009432  α = 0.00154
 83   -21.48166788992      -11.09       -4.42    54.4s
    hm1_norm_ρdiff=1.3483280831226881e-5 hm1_norm_Δρ=9.511846861639243e-6  error_V_h1=0.05517620079299853  α = 0.000548
 84   -21.48166788992      -11.47       -4.37    54.9s
    hm1_norm_ρdiff=1.0918473387941818e-5 hm1_norm_Δρ=9.71507936882798e-6  error_V_h1=0.05545073445713322  α = 0.000516
 85   -21.48166788993      -11.28       -4.63    50.8s
    hm1_norm_ρdiff=9.438428266471088e-6 hm1_norm_Δρ=6.498728570340679e-6  error_V_h1=0.055568176437537156  α = 0.00129
 86   -21.48166788993      -11.66       -5.22    50.7s
    hm1_norm_ρdiff=6.673603123094383e-6 hm1_norm_Δρ=1.353744716278276e-6  error_V_h1=0.05565512457016443  α = 0.00132
 87   -21.48166788993      -11.88       -4.37    50.4s
    hm1_norm_ρdiff=1.4353006425640386e-5 hm1_norm_Δρ=1.2274095728190584e-5  error_V_h1=0.05596770427882263  α = 0.00126
 88   -21.48166788994      -11.05       -4.55    50.3s
    hm1_norm_ρdiff=8.920801627900096e-6 hm1_norm_Δρ=5.923251929780732e-6  error_V_h1=0.05588446477523647  α = 0.00151
 89   -21.48166788994      -11.94       -3.85    63.8s
    hm1_norm_ρdiff=4.988650476814049e-5 hm1_norm_Δρ=5.4867518611556384e-5  error_V_h1=0.05604023422288528  α = 6.35e-5
 90   -21.48166788996      -10.70       -4.27    54.4s
    hm1_norm_ρdiff=1.3501663183464311e-5 hm1_norm_Δρ=1.4140183311720916e-5  error_V_h1=0.055530776610067854  α = 0.000405
 91   -21.48166788996      -11.65       -4.39    58.7s
    hm1_norm_ρdiff=1.351880583414198e-5 hm1_norm_Δρ=1.1429589297761911e-5  error_V_h1=0.055634422761868536  α = 0.000189
 92   -21.48166789018       -9.65       -3.49    59.2s
    hm1_norm_ρdiff=0.00011366755744066345 hm1_norm_Δρ=0.0001142934527760341  error_V_h1=0.052757825304013614  α = 0.000194
 93   -21.48166789020      -10.77       -4.28    55.0s
    hm1_norm_ρdiff=1.6150623475596407e-5 hm1_norm_Δρ=1.3680900705382358e-5  error_V_h1=0.05278034738089624  α = 0.000528
 94   -21.48166789020      -11.88       -4.78    45.8s
    hm1_norm_ρdiff=7.804178464739272e-6 hm1_norm_Δρ=3.4115889098932233e-6  error_V_h1=0.052812374159419924  α = 0.00338
 95   -21.48166789021      -11.27       -4.52    55.2s
    hm1_norm_ρdiff=1.2440416473863581e-5 hm1_norm_Δρ=8.928548702527982e-6  error_V_h1=0.052668158820962485  α = 0.000521
 96   -21.48166789021      -11.22       -4.47    50.4s
    hm1_norm_ρdiff=8.678203536744903e-6 hm1_norm_Δρ=7.724432774061587e-6  error_V_h1=0.05210377205412789  α = 0.00125
 97   -21.48166789022      -11.17       -5.06    45.1s
    hm1_norm_ρdiff=6.697374607524491e-6 hm1_norm_Δρ=1.8087454672973353e-6  error_V_h1=0.05222048796361186  α = 0.00399
 98   -21.48166789025      -10.53       -4.30    54.7s
    hm1_norm_ρdiff=1.6549823493647964e-5 hm1_norm_Δρ=1.4996202452734009e-5  error_V_h1=0.052055603518779026  α = 0.000552
 99   -21.48166789026      -11.25       -4.85    49.8s
    hm1_norm_ρdiff=7.1902649376097856e-6 hm1_norm_Δρ=3.3818077085730017e-6  error_V_h1=0.05212501600942791  α = 0.0015
 100   -21.48166789026      -12.35       -4.30    63.9s
    hm1_norm_ρdiff=1.3488598787603457e-5 hm1_norm_Δρ=1.774023872222171e-5  error_V_h1=0.05216998390311258  α = 6.48e-5
 101   -21.48166789026      -11.18       -4.32    54.3s
    hm1_norm_ρdiff=1.3023293255794301e-5 hm1_norm_Δρ=1.3660766493784541e-5  error_V_h1=0.0519408581716988  α = 0.000461
 102   -21.48166789027      -11.63       -4.44    54.3s
    hm1_norm_ρdiff=1.2430133850511632e-5 hm1_norm_Δρ=9.34166431305993e-6  error_V_h1=0.05218203134213396  α = 0.000485
 103   -21.48166789027      -11.64       -4.30    54.9s
    hm1_norm_ρdiff=1.7671729528635985e-5 hm1_norm_Δρ=1.7316590116571133e-5  error_V_h1=0.052347705328987054  α = 0.000432
 104   -21.48166789027      -11.41       -4.62    50.0s
    hm1_norm_ρdiff=8.048383368976987e-6 hm1_norm_Δρ=5.7340973391296135e-6  error_V_h1=0.05239769945283215  α = 0.00127
 105   -21.48166789030      -10.57       -4.56    49.7s
    hm1_norm_ρdiff=8.960239664564291e-6 hm1_norm_Δρ=5.709271374579043e-6  error_V_h1=0.05257149744301021  α = 0.00153
 106   -21.48166789031      -11.10       -4.89    49.4s
    hm1_norm_ρdiff=6.495762057745594e-6 hm1_norm_Δρ=3.140815729907486e-6  error_V_h1=0.05241358136583263  α = 0.00158
 107   -21.48166789031      -11.14       -4.46    50.2s
    hm1_norm_ρdiff=1.2632180951556723e-5 hm1_norm_Δρ=8.818594637740875e-6  error_V_h1=0.052880770871657386  α = 0.00122
 108   -21.48166789032      -11.18       -4.58    49.9s
    hm1_norm_ρdiff=7.903827509307107e-6 hm1_norm_Δρ=5.635494625856344e-6  error_V_h1=0.05287598484203407  α = 0.00135
 109   -21.48166789032      -11.71       -4.89    50.2s
    hm1_norm_ρdiff=8.084548738776448e-6 hm1_norm_Δρ=3.691062261241671e-6  error_V_h1=0.052858906858918725  α = 0.0013
 110   -21.48166789034      -10.90       -4.66    49.5s
    hm1_norm_ρdiff=7.392167327877631e-6 hm1_norm_Δρ=3.895401189495431e-6  error_V_h1=0.05266088203239899  α = 0.0016
 111   -21.48166789034      -11.66       -4.57    54.5s
    hm1_norm_ρdiff=5.963328686873568e-6 hm1_norm_Δρ=7.760830317202633e-6  error_V_h1=0.052779211373327986  α = 0.000436
 112   -21.48166789034      -11.66       -4.23    60.0s
    hm1_norm_ρdiff=1.9954673213967058e-5 hm1_norm_Δρ=1.6071396854807367e-5  error_V_h1=0.05276371880216498  α = 0.00017
 113   -21.48166789034      -12.06       -4.59    54.8s
    hm1_norm_ρdiff=8.009396576317964e-6 hm1_norm_Δρ=6.8570122653057404e-6  error_V_h1=0.05261266742752811  α = 0.000459
 114   -21.48166789034      -11.84       -4.40    55.2s
    hm1_norm_ρdiff=1.5033995953405766e-5 hm1_norm_Δρ=1.2795788484490278e-5  error_V_h1=0.05243027992478065  α = 0.000431
 115   -21.48166789035      -11.46       -4.57    54.7s
    hm1_norm_ρdiff=1.0328241425573889e-5 hm1_norm_Δρ=7.617934603999127e-6  error_V_h1=0.05230700569325942  α = 0.000506
 116   -21.48166789035      -11.53       -4.90    49.8s
    hm1_norm_ρdiff=6.622520061363757e-6 hm1_norm_Δρ=2.5972698290072915e-6  error_V_h1=0.05207692132466604  α = 0.00143
 117   -21.48166789035      -11.43       -5.06    50.2s
    hm1_norm_ρdiff=7.1620260368027935e-6 hm1_norm_Δρ=2.0460443628372863e-6  error_V_h1=0.052009921444988914  α = 0.00157
 118   -21.48166789036      -10.96       -4.42    54.8s
    hm1_norm_ρdiff=1.0147131005735092e-5 hm1_norm_Δρ=1.087568692323253e-5  error_V_h1=0.05153527885052257  α = 0.000534
 119   -21.48166789037      -11.32       -4.66    55.1s
    hm1_norm_ρdiff=8.965424086697496e-6 hm1_norm_Δρ=5.547802199553776e-6  error_V_h1=0.051398342045967334  α = 0.000571
 120   -21.48166789037      -11.88       -4.56    54.9s
    hm1_norm_ρdiff=9.057409918305202e-6 hm1_norm_Δρ=8.107142069260726e-6  error_V_h1=0.05132380838784089  α = 0.000446
 121   -21.48166789037      -11.89       -5.20    45.9s
    hm1_norm_ρdiff=6.646693872976027e-6 hm1_norm_Δρ=1.2567489510045913e-6  error_V_h1=0.051214591544620186  α = 0.00356
 122   -21.48166789037      -12.21       -4.70    54.8s
    hm1_norm_ρdiff=1.0703293111772061e-5 hm1_norm_Δρ=5.665800186975379e-6  error_V_h1=0.05111826605923086  α = 0.000417
 123   -21.48166789037      -12.18       -4.56    59.3s
    hm1_norm_ρdiff=6.7059903541617056e-6 hm1_norm_Δρ=6.751733499823342e-6  error_V_h1=0.05110504663968888  α = 0.000192
 124   -21.48166789037      -11.97       -4.68    54.9s
    hm1_norm_ρdiff=1.0124456335210762e-5 hm1_norm_Δρ=5.9804726865080935e-6  error_V_h1=0.05117624925081391  α = 0.000461
 125   -21.48166789037      -11.75       -4.56    54.5s
    hm1_norm_ρdiff=1.006963733149048e-5 hm1_norm_Δρ=8.449154411393473e-6  error_V_h1=0.051254958092791784  α = 0.000468
 126   -21.48166789038      -12.02       -4.86    50.1s
    hm1_norm_ρdiff=7.287804978784208e-6 hm1_norm_Δρ=3.467811100530883e-6  error_V_h1=0.05118192459271129  α = 0.00125
 127   -21.48166789038      -11.89       -4.80    54.7s
    hm1_norm_ρdiff=8.139136092519632e-6 hm1_norm_Δρ=4.058249023587088e-6  error_V_h1=0.051186656910687085  α = 0.000519
 128   -21.48166789038      -11.63       -5.01    49.5s
    hm1_norm_ρdiff=6.530508632299358e-6 hm1_norm_Δρ=2.1691117175217873e-6  error_V_h1=0.05120017964532442  α = 0.00151
 129   -21.48166789038      -11.89       -5.03    50.2s
    hm1_norm_ρdiff=8.155637560523655e-6 hm1_norm_Δρ=2.6329803718642325e-6  error_V_h1=0.05137352476880264  α = 0.00132
 130   -21.48166789038      -11.67       -4.90    50.6s
    hm1_norm_ρdiff=6.955098108170641e-6 hm1_norm_Δρ=2.6906822082863007e-6  error_V_h1=0.0515101209507611  α = 0.00143
 131   -21.48166789038      -11.91       -4.52    54.8s
    hm1_norm_ρdiff=1.2030765068587256e-5 hm1_norm_Δρ=8.231989999612678e-6  error_V_h1=0.051648138276626045  α = 0.000482
 132   -21.48166789038      -12.74       -4.72    50.1s
    hm1_norm_ρdiff=7.923465945823906e-6 hm1_norm_Δρ=4.645323778273447e-6  error_V_h1=0.05182959221334016  α = 0.00123
 133   -21.48166789038      -12.25       -4.34    59.2s
    hm1_norm_ρdiff=1.053145024532355e-5 hm1_norm_Δρ=1.1969301181783349e-5  error_V_h1=0.05189851428126763  α = 0.000176
 134   -21.48166789039      -12.13       -4.17    59.7s
    hm1_norm_ρdiff=1.6415374619135515e-5 hm1_norm_Δρ=1.764836993089311e-5  error_V_h1=0.05196441446742387  α = 0.000173
 135   -21.48166789039      -11.71       -4.44    60.5s
    hm1_norm_ρdiff=1.041366795305717e-5 hm1_norm_Δρ=1.0616806013356266e-5  error_V_h1=0.05192318779064802  α = 0.000192
 136   -21.48166789039      -11.88       -4.91    55.0s
    hm1_norm_ρdiff=7.761693773858504e-6 hm1_norm_Δρ=3.7837335115138597e-6  error_V_h1=0.05187182329671029  α = 0.000546
 137   -21.48166789039      -11.47       -4.71    55.0s
    hm1_norm_ρdiff=8.487549675578136e-6 hm1_norm_Δρ=5.199850733891597e-6  error_V_h1=0.05187137555662186  α = 0.000554
 138   -21.48166789039      -11.96       -4.43    54.7s
    hm1_norm_ρdiff=1.0407101289583677e-5 hm1_norm_Δρ=8.831397032817158e-6  error_V_h1=0.05191257348780643  α = 0.000452
 139   -21.48166789040      -11.51       -5.32    45.0s
    hm1_norm_ρdiff=6.765836123969348e-6 hm1_norm_Δρ=9.938084621313165e-7  error_V_h1=0.051988717286302125  α = 0.00391
 140   -21.48166789040      -11.68       -4.40    54.7s
    hm1_norm_ρdiff=1.0121838763625983e-5 hm1_norm_Δρ=1.2195352502367262e-5  error_V_h1=0.05184646870025411  α = 0.000423
 141   -21.48166789040      -11.40       -4.65    54.6s
    hm1_norm_ρdiff=8.541743923786457e-6 hm1_norm_Δρ=5.43400475989197e-6  error_V_h1=0.05177439754243027  α = 0.000568
 142   -21.48166789040      -11.83       -4.63    54.6s
    hm1_norm_ρdiff=7.431282369466083e-6 hm1_norm_Δρ=6.576526616899962e-6  error_V_h1=0.051671466451469576  α = 0.000478
 143   -21.48166789041      -11.30       -4.56    55.0s
    hm1_norm_ρdiff=9.688337615775937e-6 hm1_norm_Δρ=7.405501535078696e-6  error_V_h1=0.051545825147946756  α = 0.00053
 144   -21.48166789041      -12.57       -4.83    54.7s
    hm1_norm_ρdiff=9.203176178465794e-6 hm1_norm_Δρ=4.050780131038038e-6  error_V_h1=0.05151512792501046  α = 0.000411
 145   -21.48166789041      -12.76       -4.70    54.3s
    hm1_norm_ρdiff=9.787494633900143e-6 hm1_norm_Δρ=5.793637719176285e-6  error_V_h1=0.05145949844263722  α = 0.000409
 146   -21.48166789041      -12.36       -4.71    55.0s
    hm1_norm_ρdiff=7.440375933046953e-6 hm1_norm_Δρ=4.946558826896351e-6  error_V_h1=0.05145787214205521  α = 0.000437
 147   -21.48166789041      -11.64       -5.40    45.1s
    hm1_norm_ρdiff=6.729878728025573e-6 hm1_norm_Δρ=8.383361859002829e-7  error_V_h1=0.051272154586599616  α = 0.00386
 148   -21.48166789041      -11.81       -4.83    50.1s
    hm1_norm_ρdiff=7.742594968661859e-6 hm1_norm_Δρ=3.3381904439311944e-6  error_V_h1=0.051062345087668964  α = 0.00124
 149   -21.48166789041      -12.32       -4.80    49.5s
    hm1_norm_ρdiff=7.528355361078026e-6 hm1_norm_Δρ=3.445364729875507e-6  error_V_h1=0.05083346675869708  α = 0.00125
 150   -21.48166789041      -12.30       -4.55    54.5s
    hm1_norm_ρdiff=8.00730822413486e-6 hm1_norm_Δρ=6.278728561428773e-6  error_V_h1=0.05064549770712261  α = 0.000479
 151   -21.48166789042      -12.09       -4.57    54.3s
    hm1_norm_ρdiff=1.2397456686332114e-5 hm1_norm_Δρ=7.747478392009048e-6  error_V_h1=0.05067600052666609  α = 0.00043
 152   -21.48166789042      -12.27       -5.06    50.6s
    hm1_norm_ρdiff=6.462907962559791e-6 hm1_norm_Δρ=2.182681550328061e-6  error_V_h1=0.05048916113904813  α = 0.00136
 153   -21.48166789042      -13.00       -5.00    54.9s
    hm1_norm_ρdiff=8.087328906923626e-6 hm1_norm_Δρ=2.880975957956955e-6  error_V_h1=0.05047597648623867  α = 0.000524
 154   -21.48166789042      -12.29       -5.25    49.5s
    hm1_norm_ρdiff=6.8584086170849435e-6 hm1_norm_Δρ=1.1061044709943184e-6  error_V_h1=0.05034041548079336  α = 0.00109
 155   -21.48166789042      -12.22       -4.18    58.8s
    hm1_norm_ρdiff=1.7735243833695567e-5 hm1_norm_Δρ=1.9098765585679863e-5  error_V_h1=0.050201163449822735  α = 0.000172
 156   -21.48166789042      -11.77       -4.19    59.5s
    hm1_norm_ρdiff=1.6704606497682193e-5 hm1_norm_Δρ=1.559164067779082e-5  error_V_h1=0.050048794433305746  α = 0.000193
 157   -21.48166789042      -11.76       -5.07    50.3s
    hm1_norm_ρdiff=6.902785075140795e-6 hm1_norm_Δρ=1.912678170805994e-6  error_V_h1=0.04990218275028318  α = 0.00148
 158   -21.48166789042      -12.37       -4.40    54.9s
    hm1_norm_ρdiff=9.823757126141688e-6 hm1_norm_Δρ=9.549547767668893e-6  error_V_h1=0.049861881989535464  α = 0.000446
 159   -21.48166789042      -11.86       -4.31    54.8s
    hm1_norm_ρdiff=1.3187101887749318e-5 hm1_norm_Δρ=1.249978517489197e-5  error_V_h1=0.04980374382854846  α = 0.000435
 160   -21.48166789043      -11.45       -4.50    54.2s
    hm1_norm_ρdiff=9.011587750499057e-6 hm1_norm_Δρ=7.470355029845513e-6  error_V_h1=0.049889689833771816  α = 0.000497
 161   -21.48166789043      -11.95       -5.02    49.8s
    hm1_norm_ρdiff=6.498140646954479e-6 hm1_norm_Δρ=1.9906740686117897e-6  error_V_h1=0.04999995851181585  α = 0.00138
 162   -21.48166789043      -11.55       -4.26    59.1s
    hm1_norm_ρdiff=1.3022029419915675e-5 hm1_norm_Δρ=1.4186699191721333e-5  error_V_h1=0.04971733209142363  α = 0.000191
 163   -21.48166789043      -11.56       -4.97    50.0s
    hm1_norm_ρdiff=7.528749068740945e-6 hm1_norm_Δρ=2.6495120027184863e-6  error_V_h1=0.049669674716152974  α = 0.00142
 164   -21.48166789043      -11.91       -4.71    54.9s
    hm1_norm_ρdiff=7.326184071083501e-6 hm1_norm_Δρ=5.491277718270799e-6  error_V_h1=0.0496895290803871  α = 0.000484
 165   -21.48166789043      -12.73       -4.70    54.8s
    hm1_norm_ρdiff=6.215979047170145e-6 hm1_norm_Δρ=5.523368114664654e-6  error_V_h1=0.04979145336230148  α = 0.000404
 166   -21.48166789043      -12.09       -4.47    59.5s
    hm1_norm_ρdiff=1.4157379735763035e-5 hm1_norm_Δρ=9.835377662459067e-6  error_V_h1=0.04983497370765143  α = 0.000181
 167   -21.48166789044      -12.14       -4.95    55.1s
    hm1_norm_ρdiff=6.980606795385246e-6 hm1_norm_Δρ=2.7873620817719072e-6  error_V_h1=0.049829291557277264  α = 0.000546
 168   -21.48166789044      -12.07       -4.80    55.0s
    hm1_norm_ρdiff=6.626539118903635e-6 hm1_norm_Δρ=3.7272530575582508e-6  error_V_h1=0.04980034801902994  α = 0.000504
 169   -21.48166789044      -11.70       -4.57    55.0s
    hm1_norm_ρdiff=1.0491913279208779e-5 hm1_norm_Δρ=6.6471754738535855e-6  error_V_h1=0.0497581500978847  α = 0.000494
 170   -21.48166789044      -11.99       -4.45    54.3s
    hm1_norm_ρdiff=1.074649628511017e-5 hm1_norm_Δρ=8.65033706656067e-6  error_V_h1=0.049795658377253166  α = 0.000452
 171   -21.48166789044      -12.36       -4.99    55.1s
    hm1_norm_ρdiff=7.521116688284606e-6 hm1_norm_Δρ=2.631252886080895e-6  error_V_h1=0.049764447419350634  α = 0.000498
 172   -21.48166789044      -12.46       -5.12    50.6s
    hm1_norm_ρdiff=7.255990421038486e-6 hm1_norm_Δρ=1.994099712528494e-6  error_V_h1=0.0496744747269021  α = 0.00117
 173   -21.48166789044      -11.95       -5.62    45.9s
    hm1_norm_ρdiff=6.430252076494221e-6 hm1_norm_Δρ=5.690975669644037e-7  error_V_h1=0.04952277078976697  α = 0.00405
 174   -21.48166789044      -12.38       -4.99    50.2s
    hm1_norm_ρdiff=6.563720055965005e-6 hm1_norm_Δρ=2.8189592061910174e-6  error_V_h1=0.04932322754811716  α = 0.0012
 175   -21.48166789044      -12.23       -4.84    55.2s
    hm1_norm_ρdiff=8.984242122236603e-6 hm1_norm_Δρ=4.205103715631756e-6  error_V_h1=0.04927703474164098  α = 0.000477
 176   -21.48166789044      -12.64       -4.87    58.7s
    hm1_norm_ρdiff=9.624137244140445e-6 hm1_norm_Δρ=4.498475403527499e-6  error_V_h1=0.04928020153488844  α = 0.000182
 177   -21.48166789044      -12.38       -4.56    58.8s
    hm1_norm_ρdiff=7.959066976072945e-6 hm1_norm_Δρ=7.470323819105193e-6  error_V_h1=0.0492139799170521  α = 0.00019
 178   -21.48166789044      -12.74       -5.05    55.0s
    hm1_norm_ρdiff=7.192977415216023e-6 hm1_norm_Δρ=2.3479559350619246e-6  error_V_h1=0.04916606138998026  α = 0.000519
 179   -21.48166789044      -12.50       -5.53    45.5s
    hm1_norm_ρdiff=6.623082890366841e-6 hm1_norm_Δρ=6.397346717203683e-7  error_V_h1=0.04912606156118839  α = 0.00371
 180   -21.48166789044      -12.25       -4.56    58.8s
    hm1_norm_ρdiff=8.843203000581578e-6 hm1_norm_Δρ=6.57705233634457e-6  error_V_h1=0.04906815912715099  α = 0.000181
 181   -21.48166789044      -12.45       -4.56    54.6s
    hm1_norm_ρdiff=1.0287987503099644e-5 hm1_norm_Δρ=6.558900532685219e-6  error_V_h1=0.04896940380278315  α = 0.000492
 182   -21.48166789044      -12.35       -4.75    59.3s
    hm1_norm_ρdiff=7.464196386941399e-6 hm1_norm_Δρ=4.715204059945817e-6  error_V_h1=0.04895234721333798  α = 0.000194
 183   -21.48166789045      -11.80       -4.84    54.5s
    hm1_norm_ρdiff=6.199466655032627e-6 hm1_norm_Δρ=4.020556704720618e-6  error_V_h1=0.048951595559853206  α = 0.000539
 184   -21.48166789045      -11.99       -5.12    50.2s
    hm1_norm_ρdiff=6.829317886922401e-6 hm1_norm_Δρ=1.6765942566005992e-6  error_V_h1=0.049065331439879505  α = 0.00146
 185   -21.48166789045      -11.63       -4.78    54.5s
    hm1_norm_ρdiff=8.662557178339348e-6 hm1_norm_Δρ=4.652240870823474e-6  error_V_h1=0.04910554184225735  α = 0.000558
 186   -21.48166789045      -12.27       -4.90    55.2s
    hm1_norm_ρdiff=5.906009368193411e-6 hm1_norm_Δρ=3.8022292416331367e-6  error_V_h1=0.04912654192854025  α = 0.00048
 187   -21.48166789045      -12.93       -4.31    59.8s
    hm1_norm_ρdiff=1.3785022506021497e-5 hm1_norm_Δρ=1.6051274840958297e-5  error_V_h1=0.049071329791586654  α = 0.000149
 188   -21.48166789045      -12.45       -5.38    50.0s
    hm1_norm_ρdiff=6.811231361523622e-6 hm1_norm_Δρ=1.0339712286813283e-6  error_V_h1=0.049106442590747645  α = 0.00141
 189   -21.48166789045      -12.05       -4.71    54.8s
    hm1_norm_ρdiff=7.650372164221786e-6 hm1_norm_Δρ=4.931500170489505e-6  error_V_h1=0.0491001243141178  α = 0.000482
 190   -21.48166789045      -12.14       -4.43    54.7s
    hm1_norm_ρdiff=9.659615750205647e-6 hm1_norm_Δρ=9.749617842061239e-6  error_V_h1=0.049102377341831066  α = 0.000406
 191   -21.48166789045      -11.77       -5.63    45.7s
    hm1_norm_ρdiff=6.593777872379282e-6 hm1_norm_Δρ=5.684001967412376e-7  error_V_h1=0.04916129946123869  α = 0.00399
 192   -21.48166789046      -11.60       -4.62    54.6s
    hm1_norm_ρdiff=8.402263392886044e-6 hm1_norm_Δρ=6.128850390801173e-6  error_V_h1=0.04917996325196874  α = 0.000499
 193   -21.48166789046      -12.20       -5.47    45.4s
    hm1_norm_ρdiff=6.703939515145101e-6 hm1_norm_Δρ=8.816693659932849e-7  error_V_h1=0.049290565718805426  α = 0.00333
 194   -21.48166789046      -12.22       -4.86    54.8s
    hm1_norm_ρdiff=8.037154509269658e-6 hm1_norm_Δρ=3.4315705041830494e-6  error_V_h1=0.049351470030465965  α = 0.000441
 195   -21.48166789046      -12.21       -5.18    49.2s
    hm1_norm_ρdiff=6.957150580201502e-6 hm1_norm_Δρ=1.5077094356028825e-6  error_V_h1=0.04932392162369269  α = 0.00135
 196   -21.48166789046      -12.70       -5.27    54.2s
    hm1_norm_ρdiff=6.991298659574569e-6 hm1_norm_Δρ=1.177325634170737e-6  error_V_h1=0.04936391962075348  α = 0.000446
 197   -21.48166789046      -13.41       -5.08    59.1s
    hm1_norm_ρdiff=6.916573898504802e-6 hm1_norm_Δρ=2.0986642490174977e-6  error_V_h1=0.049379219305087874  α = 0.000104
 198   -21.48166789046      -13.27       -3.84    68.8s
    hm1_norm_ρdiff=2.5959143066673044e-5 hm1_norm_Δρ=2.6240560783292696e-5  error_V_h1=0.0494081931733296  α = 1.59e-5
 199   -21.48166789046      -12.11       -4.49    59.5s
    hm1_norm_ρdiff=9.19010568850148e-6 hm1_norm_Δρ=7.98748695746654e-6  error_V_h1=0.04941736979919466  α = 0.000194
 200   -21.48166789046      -12.33       -4.67    54.3s
    hm1_norm_ρdiff=9.800617518030108e-6 hm1_norm_Δρ=5.010923429106482e-6  error_V_h1=0.049499795945388975  α = 0.000483
 201   -21.48166789046      -13.85       -4.55     124s
    hm1_norm_ρdiff=8.741480053561113e-6 hm1_norm_Δρ=5.567381030242736e-6  error_V_h1=0.04949980010074972  α = 9.64e-9
 202   -21.48166789046      -12.13       -4.87    54.9s
    hm1_norm_ρdiff=6.505522363231456e-6 hm1_norm_Δρ=3.3571820936352548e-6  error_V_h1=0.04950882101487533  α = 0.000552
 203   -21.48166789046      -12.48       -4.72    59.7s
    hm1_norm_ρdiff=1.0041073589620841e-5 hm1_norm_Δρ=5.596930257895164e-6  error_V_h1=0.04953732223290956  α = 0.000168
 204   -21.48166789046      -12.00       -4.49    54.2s
    hm1_norm_ρdiff=1.0610384174027863e-5 hm1_norm_Δρ=1.1045245063775007e-5  error_V_h1=0.04949560210899736  α = 0.000391
 205   -21.48166789046      -12.03       -4.47    59.7s
    hm1_norm_ρdiff=1.082078894549568e-5 hm1_norm_Δρ=1.0035579378454914e-5  error_V_h1=0.04951277594977934  α = 0.000185
 206   -21.48166789046      -11.99       -4.45    58.9s
    hm1_norm_ρdiff=9.240650153345138e-6 hm1_norm_Δρ=7.847096268426908e-6  error_V_h1=0.049600939864522645  α = 0.000196
 207   -21.48166789046      -12.26       -5.40    50.2s
    hm1_norm_ρdiff=5.928355219892007e-6 hm1_norm_Δρ=9.689666789770597e-7  error_V_h1=0.049558223521323344  α = 0.00149
 208   -21.48166789047      -12.12       -5.17    54.4s
    hm1_norm_ρdiff=7.228666714102894e-6 hm1_norm_Δρ=2.2137490690441347e-6  error_V_h1=0.04957729405296266  α = 0.000523
 209   -21.48166789047      -12.45       -5.08    50.6s
    hm1_norm_ρdiff=7.119333205866671e-6 hm1_norm_Δρ=1.6907050744827145e-6  error_V_h1=0.04969039899533072  α = 0.00118
 210   -21.48166789047      -12.38       -5.12    50.5s
    hm1_norm_ρdiff=7.076535434844525e-6 hm1_norm_Δρ=1.659659114468959e-6  error_V_h1=0.04978382316226835  α = 0.00126
 211   -21.48166789047      -12.50       -4.73    59.7s
    hm1_norm_ρdiff=7.363511682118308e-6 hm1_norm_Δρ=5.6841331442823155e-6  error_V_h1=0.04979877740017367  α = 0.000189
 212   -21.48166789047      -12.28       -5.24    50.9s
    hm1_norm_ρdiff=6.626470632709777e-6 hm1_norm_Δρ=1.2993731038546064e-6  error_V_h1=0.04988387621763811  α = 0.00143
 213   -21.48166789047      -11.60       -5.44    45.8s
    hm1_norm_ρdiff=6.375064683836603e-6 hm1_norm_Δρ=6.257574236514852e-7  error_V_h1=0.049914169705862876  α = 0.00415
 214   -21.48166789047      -12.46       -4.86    54.6s
    hm1_norm_ρdiff=5.623017487136712e-6 hm1_norm_Δρ=4.162630095171262e-6  error_V_h1=0.049920518786364464  α = 0.000432
 215   -21.48166789047      -12.02       -4.63    59.2s
    hm1_norm_ρdiff=1.1146147733559311e-5 hm1_norm_Δρ=7.341960678500987e-6  error_V_h1=0.04990522263321532  α = 0.000198
 216   -21.48166789047      -12.52       -5.01    50.3s
    hm1_norm_ρdiff=6.4235420338923025e-6 hm1_norm_Δρ=2.2568526236727586e-6  error_V_h1=0.049927072989669745  α = 0.00112
 217   -21.48166789047      -12.70       -5.02    54.6s
    hm1_norm_ρdiff=6.71387537771596e-6 hm1_norm_Δρ=2.0967713899640525e-6  error_V_h1=0.04992508419445588  α = 0.00051
 218   -21.48166789047      -12.60       -5.03    54.5s
    hm1_norm_ρdiff=6.690997406573611e-6 hm1_norm_Δρ=1.9750203809911954e-6  error_V_h1=0.05001402932695763  α = 0.000474
 219   -21.48166789047      -12.55       -5.26    54.6s
    hm1_norm_ρdiff=7.71645471051534e-6 hm1_norm_Δρ=1.7504448481881024e-6  error_V_h1=0.05006774541036579  α = 0.000407
 220   -21.48166789047      -13.09       -4.49    54.8s
    hm1_norm_ρdiff=9.250160139096748e-6 hm1_norm_Δρ=6.264059009133808e-6  error_V_h1=0.05013748604547122  α = 0.000431
 221   -21.48166789047      -12.51       -5.08    49.4s
    hm1_norm_ρdiff=6.305268212286307e-6 hm1_norm_Δρ=2.184038962486081e-6  error_V_h1=0.05020560423633305  α = 0.00123
 222   -21.48166789047      -12.60       -5.08    54.9s
    hm1_norm_ρdiff=7.441003017585238e-6 hm1_norm_Δρ=2.2361677774499183e-6  error_V_h1=0.05023761080132085  α = 0.00051
 223   -21.48166789047      -12.14       -4.95    55.1s
    hm1_norm_ρdiff=7.5472331479171076e-6 hm1_norm_Δρ=2.6293967794342467e-6  error_V_h1=0.05030113894783629  α = 0.000508
 224   -21.48166789047      -12.73       -5.71    50.1s
    hm1_norm_ρdiff=6.483445188000271e-6 hm1_norm_Δρ=4.894402385425646e-7  error_V_h1=0.05032746126953748  α = 0.00135
 225   -21.48166789047      -13.85       -4.96    59.2s
    hm1_norm_ρdiff=6.234212477891571e-6 hm1_norm_Δρ=2.950403560300222e-6  error_V_h1=0.05036620913078962  α = 0.000192
 226   -21.48166789047      -13.00       -4.90    59.6s
    hm1_norm_ρdiff=7.617177288997593e-6 hm1_norm_Δρ=3.244001783921208e-6  error_V_h1=0.05039908206962131  α = 0.000175
 227   -21.48166789047      -12.56       -5.17    54.7s
    hm1_norm_ρdiff=6.640737027266709e-6 hm1_norm_Δρ=1.5120304681624244e-6  error_V_h1=0.050368985917071445  α = 0.000469
 228   -21.48166789047      -12.76       -4.99    54.9s
    hm1_norm_ρdiff=7.786670083540184e-6 hm1_norm_Δρ=2.6667117785700193e-6  error_V_h1=0.05042136776393148  α = 0.00048
 229   -21.48166789047      -12.21       -5.28    49.7s
    hm1_norm_ρdiff=6.6274271917893715e-6 hm1_norm_Δρ=1.0132366738386467e-6  error_V_h1=0.050486869085161395  α = 0.00153
 230   -21.48166789047      -12.84       -4.28    59.0s
    hm1_norm_ρdiff=1.3359234331039907e-5 hm1_norm_Δρ=1.669406657688993e-5  error_V_h1=0.05050467551219592  α = 0.000151
 231   -21.48166789048      -12.23       -5.28    50.6s
    hm1_norm_ρdiff=6.57793183225919e-6 hm1_norm_Δρ=1.1146481919672476e-6  error_V_h1=0.05059312037008097  α = 0.00144
 232   -21.48166789048      -12.27       -5.07    50.7s
    hm1_norm_ρdiff=6.605537245200095e-6 hm1_norm_Δρ=1.9636633268433192e-6  error_V_h1=0.050510968735428804  α = 0.00114
 233   -21.48166789048      -12.69       -5.36    50.9s
    hm1_norm_ρdiff=6.057391311968956e-6 hm1_norm_Δρ=9.896810970219788e-7  error_V_h1=0.05045060579657948  α = 0.00135
 234   -21.48166789048      -12.73       -4.97    54.7s
    hm1_norm_ρdiff=6.27937535485587e-6 hm1_norm_Δρ=2.516218941964036e-6  error_V_h1=0.05040728277845578  α = 0.000482
 235   -21.48166789048      -12.22       -5.69    45.6s
    hm1_norm_ρdiff=6.429908664699129e-6 hm1_norm_Δρ=4.3337183081559976e-7  error_V_h1=0.050506710215729805  α = 0.00393
 236   -21.48166789048      -13.05       -4.65    58.6s
    hm1_norm_ρdiff=8.448358394207503e-6 hm1_norm_Δρ=4.259804318173686e-6  error_V_h1=0.05047545998962451  α = 0.000192
 237   -21.48166789048      -12.70       -5.35    54.4s
    hm1_norm_ρdiff=6.461264987133996e-6 hm1_norm_Δρ=1.2221876921826825e-6  error_V_h1=0.05049524669433593  α = 0.000523
    Stopping to avoid numerical instabilities.
 238   -21.48166789048      -12.38       -5.63    44.8s
    hm1_norm_ρdiff=6.570309891390776e-6 hm1_norm_Δρ=5.318610858356758e-7  error_V_h1=0.05057480980655701  α = 0.00303

#-- |ρε - ρref| = 6.398772832011383e-6 vs. 1.0e-9 = δ*ε  error_V_h1=0.050608673183378465


# --- ε=5.6234132519034905e-8

n     Energy            log10(ΔE)   log10(Δρ)   Δtime
---   ---------------   ---------   ---------   ------
  1   -21.48165839941                   -0.89    74.1s
    hm1_norm_ρdiff=0.08215845820853644 hm1_norm_Δρ=0.08215655085050805  error_V_h1=2.5812944826277153  α = 4.92e-5
  2   -21.48165884647       -6.35       -1.79    59.3s
    hm1_norm_ρdiff=0.006865647508065645 hm1_norm_Δρ=0.006864692853311742  error_V_h1=2.3238473356899108  α = 0.000166
  3   -21.48165897050       -6.91       -2.07    58.6s
    hm1_norm_ρdiff=0.0032570137590708474 hm1_norm_Δρ=0.003256474879355953  error_V_h1=2.2473824833662794  α = 0.000172
  4   -21.48165909002       -6.92       -2.21    59.1s
    hm1_norm_ρdiff=0.0022075721647521803 hm1_norm_Δρ=0.002207049931180349  error_V_h1=2.171228312201181  α = 0.000188
  5   -21.48165914447       -7.26       -2.81    50.0s
    hm1_norm_ρdiff=0.0003941509310616454 hm1_norm_Δρ=0.00039395474170097973  error_V_h1=2.1362700448512433  α = 0.00132
  6   -21.48165915053       -8.22       -2.98    50.0s
    hm1_norm_ρdiff=0.0002988408518851733 hm1_norm_Δρ=0.00029879889486716926  error_V_h1=2.1327213254083723  α = 0.00117
  7   -21.48165916039       -8.01       -2.84    54.3s
    hm1_norm_ρdiff=0.0003982663802297009 hm1_norm_Δρ=0.0003981767417256443  error_V_h1=2.1263907687857007  α = 0.00048
  8   -21.48165917594       -7.81       -3.25    50.1s
    hm1_norm_ρdiff=0.00012554577890746133 hm1_norm_Δρ=0.0001254457074903565  error_V_h1=2.116410380625833  α = 0.00153
  9   -21.48165919052       -7.84       -3.28    49.8s
    hm1_norm_ρdiff=0.00012096038218819158 hm1_norm_Δρ=0.00012098585090946913  error_V_h1=2.1070127685845255  α = 0.00148
 10   -21.48165920198       -7.94       -3.36    49.5s
    hm1_norm_ρdiff=0.00010797852489812883 hm1_norm_Δρ=0.00010802988414621969  error_V_h1=2.0996495395792545  α = 0.00151
 11   -21.48165922489       -7.64       -3.35    49.7s
    hm1_norm_ρdiff=9.761303054627944e-5 hm1_norm_Δρ=9.775186265430368e-5  error_V_h1=2.0845634791280117  α = 0.00164
 12   -21.48166017148       -6.02       -1.12    62.9s
    hm1_norm_ρdiff=0.04463986909885165 hm1_norm_Δρ=0.044643910654404394  error_V_h1=1.2890641185188436  α = 4.89e-5
 13   -21.48166020329       -7.50       -2.19    59.3s
    hm1_norm_ρdiff=0.0026941546632643946 hm1_norm_Δρ=0.0026955871159915954  error_V_h1=1.2533955980836953  α = 0.000153
 14   -21.48166020530       -8.70       -2.49    59.3s
    hm1_norm_ρdiff=0.0012539263110006638 hm1_norm_Δρ=0.001254697267737225  error_V_h1=1.2510228425595875  α = 0.000144
 15   -21.48166020612       -9.08       -3.47    54.1s
    hm1_norm_ρdiff=0.00011248123592721069 hm1_norm_Δρ=0.00011289495048642394  error_V_h1=1.2501387191706768  α = 0.000473
 16   -21.48166023645       -7.52       -2.86    53.7s
    hm1_norm_ρdiff=0.0003448432922841001 hm1_norm_Δρ=0.0003450742370442754  error_V_h1=1.2153683986650996  α = 0.000569
 17   -21.48166025268       -7.79       -2.73    54.5s
    hm1_norm_ρdiff=0.0005335391871729503 hm1_norm_Δρ=0.0005337550434863051  error_V_h1=1.1960567739790722  α = 0.000465
 18   -21.48166025432       -8.79       -3.04    54.7s
    hm1_norm_ρdiff=0.0002478478721964616 hm1_norm_Δρ=0.00024797104692061186  error_V_h1=1.1939994630936817  α = 0.000441
 19   -21.48166025628       -8.71       -3.53    50.2s
    hm1_norm_ρdiff=6.365957755053731e-5 hm1_norm_Δρ=6.357879238827032e-5  error_V_h1=1.191586330108891  α = 0.00143
 20   -21.48166025942       -8.50       -3.45    50.3s
    hm1_norm_ρdiff=8.030059967756332e-5 hm1_norm_Δρ=8.003325369263715e-5  error_V_h1=1.187758075123153  α = 0.00133
 21   -21.48166026193       -8.60       -3.51    50.1s
    hm1_norm_ρdiff=7.544629167390312e-5 hm1_norm_Δρ=7.512623467398498e-5  error_V_h1=1.1846894150676648  α = 0.00136
 22   -21.48166027165       -8.01       -4.10    36.7s
    hm1_norm_ρdiff=1.6190738946398695e-5 hm1_norm_Δρ=1.5124528790860255e-5  error_V_h1=1.17617440928562  α = 0.0219
 23   -21.48166057630       -6.52       -1.33    63.0s
    hm1_norm_ρdiff=0.025321996538002527 hm1_norm_Δρ=0.025319263892312486  error_V_h1=0.7211087648940114  α = 4.93e-5
 24   -21.48166058539       -8.04       -2.48    58.1s
    hm1_norm_ρdiff=0.0013853554679856997 hm1_norm_Δρ=0.0013840724944492785  error_V_h1=0.7033596689190696  α = 0.000155
 25   -21.48166058710       -8.77       -2.64    59.0s
    hm1_norm_ρdiff=0.0008632317344470366 hm1_norm_Δρ=0.0008625805140856463  error_V_h1=0.7000244843452504  α = 0.000147
 26   -21.48166058794       -9.08       -3.25    55.2s
    hm1_norm_ρdiff=0.0001805510488459078 hm1_norm_Δρ=0.00018015276299180019  error_V_h1=0.6986952403970323  α = 0.00042
 27   -21.48166058906       -8.95       -3.62    50.5s
    hm1_norm_ρdiff=5.688493048816319e-5 hm1_norm_Δρ=5.720188705947325e-5  error_V_h1=0.6969517034468805  α = 0.00127
 28   -21.48166059192       -8.54       -3.07    54.4s
    hm1_norm_ρdiff=0.00027271658634151527 hm1_norm_Δρ=0.00027267541134043453  error_V_h1=0.6913382790348268  α = 0.000447
 29   -21.48166059273       -9.09       -3.22    54.4s
    hm1_norm_ρdiff=0.00016624947659107592 hm1_norm_Δρ=0.00016613319482637677  error_V_h1=0.689865244530444  α = 0.000445
 30   -21.48166059358       -9.07       -3.61    50.3s
    hm1_norm_ρdiff=5.271341019245074e-5 hm1_norm_Δρ=5.242337683409241e-5  error_V_h1=0.6884998390324631  α = 0.00135
 31   -21.48166059510       -8.82       -3.53    54.6s
    hm1_norm_ρdiff=7.08573126846267e-5 hm1_norm_Δρ=7.092855081590654e-5  error_V_h1=0.6855101504948143  α = 0.000574
 32   -21.48166059629       -8.92       -3.56    55.0s
    hm1_norm_ρdiff=7.152060626745435e-5 hm1_norm_Δρ=7.16839953797704e-5  error_V_h1=0.6831974228444392  α = 0.000561
 33   -21.48166060696       -7.97       -2.95    55.1s
    hm1_norm_ρdiff=0.00025857538706985987 hm1_norm_Δρ=0.0002590116254148136  error_V_h1=0.659338907419666  α = 0.000536
 34   -21.48166070382       -7.01       -1.60    63.8s
    hm1_norm_ρdiff=0.014104168213769691 hm1_norm_Δρ=0.014107562657665147  error_V_h1=0.40013454782777585  α = 4.92e-5
 35   -21.48166070616       -8.63       -2.77    59.4s
    hm1_norm_ρdiff=0.0007060153888342059 hm1_norm_Δρ=0.0007074513761430854  error_V_h1=0.3914736626468865  α = 0.000155
 36   -21.48166070693       -9.12       -2.81    59.6s
    hm1_norm_ρdiff=0.000580955256731536 hm1_norm_Δρ=0.0005817263328955242  error_V_h1=0.3884405529066435  α = 0.000145
 37   -21.48166070794       -8.99       -3.22    59.2s
    hm1_norm_ρdiff=0.00018981305723746937 hm1_norm_Δρ=0.00019014186433481193  error_V_h1=0.3843299112536917  α = 0.000191
 38   -21.48166070846       -9.28       -3.59    50.3s
    hm1_norm_ρdiff=6.0968615945780575e-5 hm1_norm_Δρ=6.049244217880939e-5  error_V_h1=0.3812532651478485  α = 0.00118
 39   -21.48166070938       -9.03       -3.29    54.9s
    hm1_norm_ρdiff=0.00016380288059506836 hm1_norm_Δρ=0.00016383210361335448  error_V_h1=0.37750122116144064  α = 0.000445
 40   -21.48166070972       -9.47       -3.36    55.2s
    hm1_norm_ρdiff=0.00012191396808835718 hm1_norm_Δρ=0.00012201012099890875  error_V_h1=0.3758650893278974  α = 0.000436
 41   -21.48166071011       -9.41       -3.72    50.4s
    hm1_norm_ρdiff=4.1493851510872735e-5 hm1_norm_Δρ=4.16112773075815e-5  error_V_h1=0.373535933779673  α = 0.0013
 42   -21.48166071027       -9.80       -4.34    45.0s
    hm1_norm_ρdiff=1.0020305136547096e-5 hm1_norm_Δρ=9.324937477360653e-6  error_V_h1=0.37323007215570314  α = 0.00363
 43   -21.48166071086       -9.22       -4.08    49.7s
    hm1_norm_ρdiff=1.7185987432505715e-5 hm1_norm_Δρ=1.6693928326808797e-5  error_V_h1=0.37101934954074905  α = 0.00157
 44   -21.48166071133       -9.33       -3.77    54.2s
    hm1_norm_ρdiff=4.7709598930938035e-5 hm1_norm_Δρ=4.7041427468877663e-5  error_V_h1=0.36949777601853606  α = 0.000559
 45   -21.48166074146       -7.52       -1.86    64.2s
    hm1_norm_ρdiff=0.007903583064774348 hm1_norm_Δρ=0.007900610874125592  error_V_h1=0.22698983431616454  α = 4.93e-5
 46   -21.48166074211       -9.18       -3.06    59.4s
    hm1_norm_ρdiff=0.0003607646962563453 hm1_norm_Δρ=0.000359297040945132  error_V_h1=0.22324807101527985  α = 0.000156
 47   -21.48166074251       -9.41       -2.98    59.7s
    hm1_norm_ρdiff=0.0003880488836300199 hm1_norm_Δρ=0.0003872823049364055  error_V_h1=0.2212943605011582  α = 0.000146
 48   -21.48166074284       -9.48       -4.06    51.2s
    hm1_norm_ρdiff=2.0354304267924243e-5 hm1_norm_Δρ=1.9993290231436587e-5  error_V_h1=0.21994568106949278  α = 0.00143
 49   -21.48166074322       -9.42       -3.56    55.1s
    hm1_norm_ρdiff=9.022324898330384e-5 hm1_norm_Δρ=9.073705157604307e-5  error_V_h1=0.2175362138007611  α = 0.000446
 50   -21.48166074366       -9.35       -3.45    54.5s
    hm1_norm_ρdiff=0.00011336714933849466 hm1_norm_Δρ=0.00011329594577078405  error_V_h1=0.21529704736194177  α = 0.000441
 51   -21.48166074382       -9.79       -3.48    54.4s
    hm1_norm_ρdiff=9.334228218337831e-5 hm1_norm_Δρ=9.31726597272541e-5  error_V_h1=0.21485133303095824  α = 0.000423
 52   -21.48166074399       -9.77       -3.79    50.3s
    hm1_norm_ρdiff=3.4915751461375886e-5 hm1_norm_Δρ=3.450778243462999e-5  error_V_h1=0.21501694488485787  α = 0.00126
 53   -21.48166074410       -9.97       -4.07    50.5s
    hm1_norm_ρdiff=1.8714991373085723e-5 hm1_norm_Δρ=1.8410648480170415e-5  error_V_h1=0.21419347514572437  α = 0.0013
 54   -21.48166074411      -11.34       -4.54    50.5s
    hm1_norm_ρdiff=9.697899981658175e-6 hm1_norm_Δρ=9.131176416230688e-6  error_V_h1=0.214183560263304  α = 0.00133
 55   -21.48166074418      -10.16       -4.48    45.9s
    hm1_norm_ρdiff=7.923512134115447e-6 hm1_norm_Δρ=7.824907274847291e-6  error_V_h1=0.2145549365721869  α = 0.00363
 56   -21.48166075365       -8.02       -2.10    63.7s
    hm1_norm_ρdiff=0.004320656793019902 hm1_norm_Δρ=0.004323775695160265  error_V_h1=0.13581810683285012  α = 4.95e-5
 57   -21.48166075384       -9.74       -3.36    60.4s
    hm1_norm_ρdiff=0.00017932706374978948 hm1_norm_Δρ=0.00018082285186641847  error_V_h1=0.13376787849529148  α = 0.000158
 58   -21.48166075403       -9.72       -3.14    58.6s
    hm1_norm_ρdiff=0.0002694982285041763 hm1_norm_Δρ=0.00027027140563309546  error_V_h1=0.1314510665979979  α = 0.000145
 59   -21.48166075422       -9.72       -4.10    49.7s
    hm1_norm_ρdiff=1.773363446912837e-5 hm1_norm_Δρ=1.727256860353692e-5  error_V_h1=0.13037566602834874  α = 0.00137
 60   -21.48166075430      -10.08       -3.66    54.9s
    hm1_norm_ρdiff=7.117116368238766e-5 hm1_norm_Δρ=7.046099004326895e-5  error_V_h1=0.12997858977756357  α = 0.000405
 61   -21.48166075447       -9.78       -3.66    54.9s
    hm1_norm_ρdiff=7.101970986569402e-5 hm1_norm_Δρ=7.094271826740481e-5  error_V_h1=0.12790079700559923  α = 0.000438
 62   -21.48166075456      -10.04       -3.57    54.8s
    hm1_norm_ρdiff=7.581494612167955e-5 hm1_norm_Δρ=7.584993397685802e-5  error_V_h1=0.12653630159116835  α = 0.000416
 63   -21.48166075462      -10.21       -3.88    50.2s
    hm1_norm_ρdiff=3.0293352633668037e-5 hm1_norm_Δρ=3.0331117436559302e-5  error_V_h1=0.12553556790367482  α = 0.00119
 64   -21.48166075471      -10.06       -4.45    51.0s
    hm1_norm_ρdiff=8.834621849842404e-6 hm1_norm_Δρ=7.903818370612322e-6  error_V_h1=0.1244124637544194  α = 0.00156
 65   -21.48166075476      -10.33       -4.17    54.9s
    hm1_norm_ρdiff=1.9390866429509094e-5 hm1_norm_Δρ=1.8970645892387e-5  error_V_h1=0.12386623663563341  α = 0.000529
 66   -21.48166075487       -9.95       -3.78    54.6s
    hm1_norm_ρdiff=3.951829081439813e-5 hm1_norm_Δρ=3.870005830835592e-5  error_V_h1=0.1219671076331236  α = 0.000489
 67   -21.48166075770       -8.55       -2.36    64.1s
    hm1_norm_ρdiff=0.0023751917441327637 hm1_norm_Δρ=0.002372237515622223  error_V_h1=0.08400176743408734  α = 4.96e-5
 68   -21.48166075773      -10.43       -3.67    59.4s
    hm1_norm_ρdiff=9.09783678546529e-5 hm1_norm_Δρ=8.93679008636003e-5  error_V_h1=0.08347910875517338  α = 0.000156
 69   -21.48166075781      -10.10       -3.32    58.9s
    hm1_norm_ρdiff=0.00018005316148085978 hm1_norm_Δρ=0.000179237703436947  error_V_h1=0.08237058466115958  α = 0.000144
 70   -21.48166075786      -10.34       -4.31    50.0s
    hm1_norm_ρdiff=1.1706320528778574e-5 hm1_norm_Δρ=1.1235527149545896e-5  error_V_h1=0.08142486120731779  α = 0.0013
 71   -21.48166075790      -10.36       -3.74    55.2s
    hm1_norm_ρdiff=5.8949545593952444e-5 hm1_norm_Δρ=5.950477260576301e-5  error_V_h1=0.08053307512806189  α = 0.000401
 72   -21.48166075796      -10.24       -3.87    55.0s
    hm1_norm_ρdiff=4.4160912680027614e-5 hm1_norm_Δρ=4.4037569490333714e-5  error_V_h1=0.07975654138896386  α = 0.000435
 73   -21.48166075801      -10.29       -3.68    54.7s
    hm1_norm_ρdiff=6.025359651800229e-5 hm1_norm_Δρ=6.007461026477816e-5  error_V_h1=0.07908373372980088  α = 0.000412
 74   -21.48166075818       -9.76       -3.89    54.6s
    hm1_norm_ρdiff=3.246411792155307e-5 hm1_norm_Δρ=3.210005906188613e-5  error_V_h1=0.07598204761753023  α = 0.000545
 75   -21.48166075823      -10.34       -4.44    50.3s
    hm1_norm_ρdiff=9.02070345225565e-6 hm1_norm_Δρ=8.024386879329977e-6  error_V_h1=0.07581216068173531  α = 0.00143
 76   -21.48166075824      -10.97       -4.62    50.2s
    hm1_norm_ρdiff=6.443632800016038e-6 hm1_norm_Δρ=5.484633402988209e-6  error_V_h1=0.07608574732504982  α = 0.00137
 77   -21.48166075826      -10.66       -4.14    54.5s
    hm1_norm_ρdiff=1.5937019778454065e-5 hm1_norm_Δρ=1.6189352868868264e-5  error_V_h1=0.0761314596317921  α = 0.000496
 78   -21.48166075913       -9.06       -2.61    63.9s
    hm1_norm_ρdiff=0.0013031073011919182 hm1_norm_Δρ=0.0013060841128937468  error_V_h1=0.056846919690302915  α = 4.96e-5
 79   -21.48166075914      -10.94       -3.95    59.7s
    hm1_norm_ρdiff=4.552987559273586e-5 hm1_norm_Δρ=4.7004166507925285e-5  error_V_h1=0.05653150300260093  α = 0.000157
 80   -21.48166075917      -10.45       -3.48    59.7s
    hm1_norm_ρdiff=0.00012549617682805218 hm1_norm_Δρ=0.00012622246282230034  error_V_h1=0.0556675459679515  α = 0.000142
 81   -21.48166075919      -10.70       -4.45    50.1s
    hm1_norm_ρdiff=9.305220999575771e-6 hm1_norm_Δρ=8.415052665272972e-6  error_V_h1=0.05564562623725498  α = 0.00125
 82   -21.48166075922      -10.48       -3.82    54.8s
    hm1_norm_ρdiff=5.0152569293552624e-5 hm1_norm_Δρ=4.9333609657539706e-5  error_V_h1=0.05520647925173783  α = 0.000404
 83   -21.48166075925      -10.61       -4.07    54.8s
    hm1_norm_ρdiff=2.7759808890214335e-5 hm1_norm_Δρ=2.7510621535259867e-5  error_V_h1=0.054477181487169256  α = 0.000438
 84   -21.48166075928      -10.47       -3.78    54.1s
    hm1_norm_ρdiff=4.725393085142468e-5 hm1_norm_Δρ=4.7219956432030454e-5  error_V_h1=0.05338400508276279  α = 0.000413
 85   -21.48166075929      -11.36       -4.68    49.4s
    hm1_norm_ρdiff=6.03251042049674e-6 hm1_norm_Δρ=5.0529273926973036e-6  error_V_h1=0.05355341946928868  α = 0.00123
 86   -21.48166075931      -10.63       -4.63    50.4s
    hm1_norm_ρdiff=6.155301749564321e-6 hm1_norm_Δρ=5.1422360703152126e-6  error_V_h1=0.053042049058199106  α = 0.00145
 87   -21.48166075932      -11.29       -4.55    50.3s
    hm1_norm_ρdiff=8.029232192574926e-6 hm1_norm_Δρ=6.931245387927234e-6  error_V_h1=0.05293585855672738  α = 0.00121
 88   -21.48166075933      -10.91       -4.49    54.8s
    hm1_norm_ρdiff=8.804149601050681e-6 hm1_norm_Δρ=7.370264967466925e-6  error_V_h1=0.052618370924570695  α = 0.000535
 89   -21.48166075958       -9.61       -2.88    64.0s
    hm1_norm_ρdiff=0.0007001973760865283 hm1_norm_Δρ=0.0006973030697110006  error_V_h1=0.04539724619697749  α = 4.98e-5
 90   -21.48166075958      -11.31       -4.23    59.5s
    hm1_norm_ρdiff=2.6398902375485333e-5 hm1_norm_Δρ=2.459293592729555e-5  error_V_h1=0.0453246630567407  α = 0.000164
 91   -21.48166075960      -10.73       -3.65    59.6s
    hm1_norm_ρdiff=8.733781673760191e-5 hm1_norm_Δρ=8.647854779093469e-5  error_V_h1=0.0448603332523747  α = 0.000143
 92   -21.48166075962      -10.65       -4.41    55.2s
    hm1_norm_ρdiff=1.0363068859900497e-5 hm1_norm_Δρ=1.0028089751509404e-5  error_V_h1=0.04424733946791883  α = 0.000559
 93   -21.48166075964      -10.65       -3.90    54.0s
    hm1_norm_ρdiff=3.9745190273945735e-5 hm1_norm_Δρ=4.033532009911718e-5  error_V_h1=0.043453013366874356  α = 0.000406
 94   -21.48166075966      -10.95       -4.26    54.7s
    hm1_norm_ρdiff=1.765282500928549e-5 hm1_norm_Δρ=1.7298480238227094e-5  error_V_h1=0.043270411660359824  α = 0.000448
 95   -21.48166075968      -10.67       -3.88    55.5s
    hm1_norm_ρdiff=3.7206762471970784e-5 hm1_norm_Δρ=3.693500349984655e-5  error_V_h1=0.04262368489596446  α = 0.000413
 96   -21.48166075969      -10.96       -4.48    54.3s
    hm1_norm_ρdiff=9.08117743000903e-6 hm1_norm_Δρ=8.071537506484508e-6  error_V_h1=0.04235113949698877  α = 0.000546
 97   -21.48166075970      -11.09       -4.81    49.9s
    hm1_norm_ρdiff=4.976016375096678e-6 hm1_norm_Δρ=3.337006748946731e-6  error_V_h1=0.04240658228096184  α = 0.00144
 98   -21.48166075971      -10.89       -4.50    54.0s
    hm1_norm_ρdiff=8.727208018617308e-6 hm1_norm_Δρ=8.249138062439562e-6  error_V_h1=0.042044154534622485  α = 0.000552
 99   -21.48166075972      -10.87       -5.30    45.4s
    hm1_norm_ρdiff=3.86827965265547e-6 hm1_norm_Δρ=9.38297301871586e-7  error_V_h1=0.04256706257243389  α = 0.00418
 100   -21.48166075980      -10.10       -3.10    63.9s
    hm1_norm_ρdiff=0.0004021511515683156 hm1_norm_Δρ=0.00040501400522357725  error_V_h1=0.04054423225238268  α = 4.98e-5
 101   -21.48166075981      -11.27       -4.44    54.7s
    hm1_norm_ρdiff=1.0500313760868433e-5 hm1_norm_Δρ=1.1540574849721567e-5  error_V_h1=0.04101115998686337  α = 0.000461
 102   -21.48166075983      -10.76       -3.63    59.3s
    hm1_norm_ρdiff=7.48110641352708e-5 hm1_norm_Δρ=7.541522647876159e-5  error_V_h1=0.04159197135388254  α = 0.000148
 103   -21.48166075985      -10.71       -4.36    51.3s
    hm1_norm_ρdiff=8.779698558572387e-6 hm1_norm_Δρ=7.1761363182663635e-6  error_V_h1=0.04406814001597164  α = 0.00126
 104   -21.48166075986      -10.77       -3.93    55.2s
    hm1_norm_ρdiff=3.81967439208408e-5 hm1_norm_Δρ=3.7259731677351306e-5  error_V_h1=0.044539837850053804  α = 0.000407
 105   -21.48166075987      -11.31       -4.55    55.3s
    hm1_norm_ρdiff=9.087306937216757e-6 hm1_norm_Δρ=8.341816246563899e-6  error_V_h1=0.044366877414402116  α = 0.000479
 106   -21.48166075988      -10.85       -3.96    54.7s
    hm1_norm_ρdiff=2.9849972161783392e-5 hm1_norm_Δρ=2.976198911778616e-5  error_V_h1=0.04407841792331687  α = 0.000412
 107   -21.48166075989      -11.16       -4.99    50.2s
    hm1_norm_ρdiff=4.0826335515458305e-6 hm1_norm_Δρ=2.11198026258881e-6  error_V_h1=0.04430717425026216  α = 0.00155
 108   -21.48166075990      -11.12       -4.71    49.8s
    hm1_norm_ρdiff=5.5361763376464755e-6 hm1_norm_Δρ=3.997380265501805e-6  error_V_h1=0.04481038531555969  α = 0.0013
 109   -21.48166075990      -11.49       -5.05    50.0s
    hm1_norm_ρdiff=4.617106126514524e-6 hm1_norm_Δρ=2.4408929050366268e-6  error_V_h1=0.045055062333027536  α = 0.00134
    Stopping to avoid numerical instabilities.
 110   -21.48166075990      -11.23       -5.12    49.8s
    hm1_norm_ρdiff=3.865101113247163e-6 hm1_norm_Δρ=1.6789683101286679e-6  error_V_h1=0.04517710357618367  α = 0.0015

#-- |ρε - ρref| = 3.595384007816767e-6 vs. 5.623413251903491e-10 = δ*ε  error_V_h1=0.04418248087237248


# --- ε=3.162277660168379e-8

n     Energy            log10(ΔE)   log10(Δρ)   Δtime
---   ---------------   ---------   ---------   ------
  1   -21.48165617579                   -0.89    78.0s
    hm1_norm_ρdiff=0.08187941071173319 hm1_norm_Δρ=0.08187769739097239  error_V_h1=1.6939876293239886  α = 1.97e-5
  2   -21.48165626660       -7.04       -1.79    58.5s
    hm1_norm_ρdiff=0.006870998156466994 hm1_norm_Δρ=0.0068707092820080515  error_V_h1=1.553820047164614  α = 0.000133
  3   -21.48165629649       -7.52       -2.08    58.6s
    hm1_norm_ρdiff=0.0032229011942516575 hm1_norm_Δρ=0.0032227292973128242  error_V_h1=1.504951330432529  α = 0.000139
  4   -21.48165634547       -7.31       -2.21    58.8s
    hm1_norm_ρdiff=0.002206560910399941 hm1_norm_Δρ=0.0022063719439354285  error_V_h1=1.4210956958770369  α = 0.000154
  5   -21.48165638735       -7.38       -2.81    54.4s
    hm1_norm_ρdiff=0.00039168240720845215 hm1_norm_Δρ=0.00039148312890227685  error_V_h1=1.3453638140588238  α = 0.000534
  6   -21.48165639987       -7.90       -3.00    54.4s
    hm1_norm_ρdiff=0.00028196912846619696 hm1_norm_Δρ=0.00028187182182125064  error_V_h1=1.322045784584524  α = 0.00049
  7   -21.48165640541       -8.26       -2.87    58.7s
    hm1_norm_ρdiff=0.00037902782371789195 hm1_norm_Δρ=0.000378943992893142  error_V_h1=1.3115829864442285  α = 0.000187
  8   -21.48165640628       -9.06       -3.26    49.3s
    hm1_norm_ρdiff=0.0001228628751938823 hm1_norm_Δρ=0.00012281837180240358  error_V_h1=1.3103973994246265  α = 0.00119
  9   -21.48165641144       -8.29       -3.35    54.1s
    hm1_norm_ρdiff=0.00010333161064265362 hm1_norm_Δρ=0.00010327456328020801  error_V_h1=1.3006436054267694  α = 0.000558
 10   -21.48165641393       -8.60       -3.48    54.4s
    hm1_norm_ρdiff=8.112118569009825e-5 hm1_norm_Δρ=8.105976063029461e-5  error_V_h1=1.2959763606074421  α = 0.000559
 11   -21.48165641724       -8.48       -3.55    50.3s
    hm1_norm_ρdiff=6.220649751615175e-5 hm1_norm_Δρ=6.220843165303009e-5  error_V_h1=1.2899301782897885  α = 0.00131
 12   -21.48165645265       -7.45       -1.81    68.6s
    hm1_norm_ρdiff=0.009556501855241819 hm1_norm_Δρ=0.009558341169685711  error_V_h1=1.2188422225360842  α = 1.96e-5
 13   -21.48165666987       -6.66       -1.78    63.5s
    hm1_norm_ρdiff=0.006963550745655693 hm1_norm_Δρ=0.006964281959892233  error_V_h1=0.6259169191820734  α = 6.14e-5
 14   -21.48165671273       -7.37       -2.01    63.7s
    hm1_norm_ρdiff=0.0037850366011500888 hm1_norm_Δρ=0.0037854571940424304  error_V_h1=0.4192465117200202  α = 5.82e-5
 15   -21.48165672410       -7.94       -2.44    58.7s
    hm1_norm_ρdiff=0.0013014780140100193 hm1_norm_Δρ=0.0013018672526241574  error_V_h1=0.3436828382880349  α = 0.000147
 16   -21.48165672553       -8.84       -3.47    54.4s
    hm1_norm_ρdiff=8.176866110934379e-5 hm1_norm_Δρ=8.193182380000183e-5  error_V_h1=0.3330985139453288  α = 0.000516
 17   -21.48165672746       -8.72       -3.15    58.9s
    hm1_norm_ρdiff=0.00019221547822255455 hm1_norm_Δρ=0.00019230254751033006  error_V_h1=0.31822542712102814  α = 0.00019
 18   -21.48165672769       -9.64       -3.75    54.8s
    hm1_norm_ρdiff=4.517758458424095e-5 hm1_norm_Δρ=4.516790379692033e-5  error_V_h1=0.31660863341963036  α = 0.000476
 19   -21.48165673421       -8.19       -3.02    54.2s
    hm1_norm_ρdiff=0.0002052791074813212 hm1_norm_Δρ=0.00020534301176904267  error_V_h1=0.26018780487350507  α = 0.000494
 20   -21.48165673459       -9.42       -4.17    49.5s
    hm1_norm_ρdiff=1.4744142874747403e-5 hm1_norm_Δρ=1.4571020478710799e-5  error_V_h1=0.25711694391301043  α = 0.00151
 21   -21.48165673488       -9.53       -3.82    49.7s
    hm1_norm_ρdiff=2.9788481948145966e-5 hm1_norm_Δρ=2.9663358240883674e-5  error_V_h1=0.25567311162815587  α = 0.00124
 22   -21.48165673572       -9.08       -3.65    54.5s
    hm1_norm_ρdiff=5.94528499695696e-5 hm1_norm_Δρ=5.931205405729381e-5  error_V_h1=0.24750515434124468  α = 0.00052
 23   -21.48165673709       -8.86       -2.51    68.3s
    hm1_norm_ρdiff=0.001907542830003876 hm1_norm_Δρ=0.001905746190319004  error_V_h1=0.2332436592634542  α = 1.96e-5
 24   -21.48165673759       -9.30       -3.12    63.9s
    hm1_norm_ρdiff=0.00031122650932154073 hm1_norm_Δρ=0.0003104610596287017  error_V_h1=0.2278478354788954  α = 6.28e-5
 25   -21.48165673893       -8.87       -2.76    63.7s
    hm1_norm_ρdiff=0.0006643921490134622 hm1_norm_Δρ=0.0006639909069999167  error_V_h1=0.21273875352968868  α = 5.84e-5
 26   -21.48165674311       -8.38       -2.65    58.6s
    hm1_norm_ρdiff=0.0007925791024774343 hm1_norm_Δρ=0.0007923116468835903  error_V_h1=0.15682145304240724  α = 0.000147
 27   -21.48165674330       -9.71       -3.96    54.8s
    hm1_norm_ρdiff=2.5263509157639514e-5 hm1_norm_Δρ=2.50290850235224e-5  error_V_h1=0.15402864454451978  α = 0.000545
 28   -21.48165674346       -9.80       -4.43    45.2s
    hm1_norm_ρdiff=6.992043228821928e-6 hm1_norm_Δρ=6.87439918696215e-6  error_V_h1=0.15263579387868606  α = 0.00358
 29   -21.48165674364       -9.73       -4.01    54.1s
    hm1_norm_ρdiff=2.059816117735258e-5 hm1_norm_Δρ=2.0434650981711554e-5  error_V_h1=0.14974384663961898  α = 0.000569
 30   -21.48165674422       -9.24       -3.39    59.2s
    hm1_norm_ρdiff=0.0001065415332471288 hm1_norm_Δρ=0.00010647154596497705  error_V_h1=0.1401930359858439  α = 0.000191
 31   -21.48165674457       -9.45       -3.61    54.5s
    hm1_norm_ρdiff=5.187858335780342e-5 hm1_norm_Δρ=5.182664925009695e-5  error_V_h1=0.13291555450645823  α = 0.000481
 32   -21.48165674479       -9.64       -3.66    54.3s
    hm1_norm_ρdiff=5.104016662923772e-5 hm1_norm_Δρ=5.107806776633955e-5  error_V_h1=0.12833504306367113  α = 0.000461
 33   -21.48165674487      -10.15       -4.23    54.4s
    hm1_norm_ρdiff=1.5299131344921996e-5 hm1_norm_Δρ=1.531182512122414e-5  error_V_h1=0.12691271097099932  α = 0.000541
 34   -21.48165674490      -10.42       -3.30    68.5s
    hm1_norm_ρdiff=0.00030277934813599186 hm1_norm_Δρ=0.0003045560672831663  error_V_h1=0.12614749013641746  α = 1.99e-5
 35   -21.48165674497      -10.17       -4.24    50.1s
    hm1_norm_ρdiff=1.1640451216921063e-5 hm1_norm_Δρ=1.1308086211975619e-5  error_V_h1=0.12467377223524788  α = 0.00129
 36   -21.48165674501      -10.39       -3.54    63.8s
    hm1_norm_ρdiff=0.00010888554597441578 hm1_norm_Δρ=0.00010914673717696415  error_V_h1=0.12384216133157562  α = 5.95e-5
 37   -21.48165674648       -8.83       -2.87    59.2s
    hm1_norm_ρdiff=0.0004795908537002931 hm1_norm_Δρ=0.0004798719795818515  error_V_h1=0.08826698617965914  α = 0.000146
 38   -21.48165674650      -10.82       -3.78    59.2s
    hm1_norm_ρdiff=6.381095012241159e-5 hm1_norm_Δρ=6.464956744152465e-5  error_V_h1=0.08770544506224999  α = 0.000137
 39   -21.48165674660       -9.98       -3.98    54.5s
    hm1_norm_ρdiff=2.2358534011121518e-5 hm1_norm_Δρ=2.217548794312306e-5  error_V_h1=0.08388804225503406  α = 0.000512
 40   -21.48165674666      -10.22       -4.25    54.9s
    hm1_norm_ρdiff=1.2075893488336217e-5 hm1_norm_Δρ=1.1807520994033108e-5  error_V_h1=0.08194778027517274  α = 0.000568
 41   -21.48165674667      -10.99       -4.33    59.2s
    hm1_norm_ρdiff=1.5063184465936502e-5 hm1_norm_Δρ=1.4869371820799884e-5  error_V_h1=0.08164836919797845  α = 0.00019
 42   -21.48165674671      -10.38       -4.05    54.4s
    hm1_norm_ρdiff=2.019884872726662e-5 hm1_norm_Δρ=2.0131903830400128e-5  error_V_h1=0.08084431909521693  α = 0.000468
 43   -21.48165674677      -10.21       -3.94    54.9s
    hm1_norm_ρdiff=2.8150809070673955e-5 hm1_norm_Δρ=2.7970885468575237e-5  error_V_h1=0.07931458542866301  α = 0.000461
 44   -21.48165674678      -10.99       -4.40    49.6s
    hm1_norm_ρdiff=7.907342726417408e-6 hm1_norm_Δρ=7.639785085449495e-6  error_V_h1=0.07933001373723869  α = 0.00122
 45   -21.48165674679      -11.92       -4.25    63.8s
    hm1_norm_ρdiff=3.1922969572765056e-5 hm1_norm_Δρ=3.0186358235537282e-5  error_V_h1=0.07930383580775352  α = 5.34e-5
 46   -21.48165674682      -10.42       -4.04    54.6s
    hm1_norm_ρdiff=2.0462241724115437e-5 hm1_norm_Δρ=2.0745740864098364e-5  error_V_h1=0.07837807379228559  α = 0.000465
 47   -21.48165674683      -11.64       -4.39    54.9s
    hm1_norm_ρdiff=1.254107130321516e-5 hm1_norm_Δρ=1.215525484519101e-5  error_V_h1=0.07850655200065645  α = 0.000409
 48   -21.48165674702       -9.72       -2.99    59.2s
    hm1_norm_ρdiff=0.000354002064872295 hm1_norm_Δρ=0.00035387617708329305  error_V_h1=0.07387914124724071  α = 0.000132
 49   -21.48165674706      -10.39       -3.73    54.6s
    hm1_norm_ρdiff=4.902953200290662e-5 hm1_norm_Δρ=4.8519847194005054e-5  error_V_h1=0.07235668752458793  α = 0.000404
 50   -21.48165674706      -11.26       -4.17    59.0s
    hm1_norm_ρdiff=2.565458913286742e-5 hm1_norm_Δρ=2.479507358827389e-5  error_V_h1=0.07233540663366818  α = 0.000149
 51   -21.48165674708      -10.86       -4.48    54.4s
    hm1_norm_ρdiff=7.5557631932980145e-6 hm1_norm_Δρ=7.3849230200184055e-6  error_V_h1=0.07223603499746097  α = 0.000521
 52   -21.48165674709      -11.02       -4.60    55.0s
    hm1_norm_ρdiff=6.6636590857724965e-6 hm1_norm_Δρ=6.175343625477441e-6  error_V_h1=0.07222433037726639  α = 0.000513
 53   -21.48165674710      -10.86       -4.16    54.7s
    hm1_norm_ρdiff=1.5894845235648776e-5 hm1_norm_Δρ=1.5702018127422313e-5  error_V_h1=0.07202028694861061  α = 0.000432
 54   -21.48165674712      -10.59       -4.12    54.2s
    hm1_norm_ρdiff=1.8332535022934495e-5 hm1_norm_Δρ=1.8337854693234722e-5  error_V_h1=0.07132583103303118  α = 0.000455
 55   -21.48165674717      -10.32       -4.19    54.6s
    hm1_norm_ρdiff=1.3228649090973795e-5 hm1_norm_Δρ=1.3049812694940936e-5  error_V_h1=0.06988478168277139  α = 0.000532
 56   -21.48165674717      -11.88       -4.04    68.2s
    hm1_norm_ρdiff=4.9161945886729056e-5 hm1_norm_Δρ=5.084917153325623e-5  error_V_h1=0.06984509466415904  α = 2.06e-5
 57   -21.48165674719      -10.81       -4.23    54.6s
    hm1_norm_ρdiff=1.4904410628496778e-5 hm1_norm_Δρ=1.4358922888290744e-5  error_V_h1=0.06940961696899671  α = 0.00045
 58   -21.48165674719      -11.94       -3.96    58.9s
    hm1_norm_ρdiff=3.320770505787348e-5 hm1_norm_Δρ=3.3386214612961214e-5  error_V_h1=0.06921418997113007  α = 0.000133
 59   -21.48165674778       -9.23       -3.03    63.4s
    hm1_norm_ρdiff=0.000325661483551688 hm1_norm_Δρ=0.000325809491949611  error_V_h1=0.04152406464267686  α = 6.35e-5
 60   -21.48165674787      -10.03       -3.80    59.2s
    hm1_norm_ρdiff=4.1362256794297335e-5 hm1_norm_Δρ=4.179266057105113e-5  error_V_h1=0.035155947813991915  α = 0.000192
 61   -21.48165674788      -11.74       -4.32    59.4s
    hm1_norm_ρdiff=1.6872697882406348e-5 hm1_norm_Δρ=1.7605605121478775e-5  error_V_h1=0.03488582533597721  α = 0.000145
 62   -21.48165674788      -11.14       -4.68    54.4s
    hm1_norm_ρdiff=5.583449097450939e-6 hm1_norm_Δρ=5.052162829807992e-6  error_V_h1=0.03432965122823067  α = 0.000532
 63   -21.48165674789      -11.81       -4.51    54.4s
    hm1_norm_ρdiff=7.956824863085357e-6 hm1_norm_Δρ=7.86525025237559e-6  error_V_h1=0.03408727632656646  α = 0.000408
 64   -21.48165674789      -11.47       -4.21    54.3s
    hm1_norm_ρdiff=1.422286075942355e-5 hm1_norm_Δρ=1.4155291590366931e-5  error_V_h1=0.03361776510041279  α = 0.000401
 65   -21.48165674790      -11.04       -4.31    54.3s
    hm1_norm_ρdiff=1.2382978296802985e-5 hm1_norm_Δρ=1.2098128990648183e-5  error_V_h1=0.03289405825843226  α = 0.000441
 66   -21.48165674790      -11.69       -4.79    49.6s
    hm1_norm_ρdiff=3.91646086620432e-6 hm1_norm_Δρ=3.3183657574273235e-6  error_V_h1=0.03317565251819431  α = 0.0012
 67   -21.48165674790      -12.20       -4.99    59.2s
    hm1_norm_ρdiff=7.1460024092936015e-6 hm1_norm_Δρ=5.3929018502890705e-6  error_V_h1=0.033201647967472776  α = 0.000166
 68   -21.48165674792      -10.75       -4.20    54.8s
    hm1_norm_ρdiff=1.4584163352107626e-5 hm1_norm_Δρ=1.4873699339142424e-5  error_V_h1=0.03375407784148439  α = 0.000449
 69   -21.48165674792      -11.46       -4.03    59.9s
    hm1_norm_ρdiff=2.876155026003758e-5 hm1_norm_Δρ=2.8419713943646095e-5  error_V_h1=0.0339691103716882  α = 0.000139
 70   -21.48165674792      -11.77       -4.68    50.1s
    hm1_norm_ρdiff=5.556692393364103e-6 hm1_norm_Δρ=5.286826339319105e-6  error_V_h1=0.03585321550681773  α = 0.00114
 71   -21.48165674795      -10.57       -3.80    58.9s
    hm1_norm_ρdiff=2.4406232413350026e-5 hm1_norm_Δρ=2.4412218369874676e-5  error_V_h1=0.0375000447016615  α = 0.000192
 72   -21.48165674796      -11.24       -4.36    59.3s
    hm1_norm_ρdiff=1.425118430047206e-5 hm1_norm_Δρ=1.312420439771062e-5  error_V_h1=0.03782441744798458  α = 0.000186
 73   -21.48165674796      -11.30       -4.19    59.0s
    hm1_norm_ρdiff=1.4272161977545392e-5 hm1_norm_Δρ=1.4099746926002741e-5  error_V_h1=0.038575209847920795  α = 0.00018
 74   -21.48165674797      -11.35       -4.40    59.2s
    hm1_norm_ρdiff=1.1148279456942824e-5 hm1_norm_Δρ=1.0722166208070715e-5  error_V_h1=0.03860493294003658  α = 0.000188
 75   -21.48165674797      -12.05       -4.22    54.4s
    hm1_norm_ρdiff=1.423724598879903e-5 hm1_norm_Δρ=1.4013809577973083e-5  error_V_h1=0.03924285322432634  α = 0.000393
 76   -21.48165674797      -11.31       -4.41    54.8s
    hm1_norm_ρdiff=9.8369712295799e-6 hm1_norm_Δρ=9.715596929641605e-6  error_V_h1=0.03938589203078525  α = 0.000441
 77   -21.48165674798      -11.20       -4.63    54.0s
    hm1_norm_ρdiff=5.663037298193998e-6 hm1_norm_Δρ=5.2726147996339475e-6  error_V_h1=0.03922379843081745  α = 0.000529
 78   -21.48165674798      -11.64       -3.82    68.3s
    hm1_norm_ρdiff=7.76002511298792e-5 hm1_norm_Δρ=7.92245084196154e-5  error_V_h1=0.039186424001500915  α = 2.0e-5
 79   -21.48165674799      -11.07       -4.40    54.3s
    hm1_norm_ρdiff=9.950331248012448e-6 hm1_norm_Δρ=9.347191776389313e-6  error_V_h1=0.038069055943272194  α = 0.000448
 80   -21.48165674800      -11.13       -3.92    63.6s
    hm1_norm_ρdiff=3.7815991429375096e-5 hm1_norm_Δρ=3.8057754632897415e-5  error_V_h1=0.03757576406022586  α = 6.32e-5
 81   -21.48165674800      -11.11       -3.79    59.2s
    hm1_norm_ρdiff=5.128749389743912e-5 hm1_norm_Δρ=5.115636736576356e-5  error_V_h1=0.036105455599006624  α = 0.000133
 82   -21.48165674801      -11.39       -5.13    49.9s
    hm1_norm_ρdiff=2.3065196970971327e-6 hm1_norm_Δρ=1.1425879129924027e-6  error_V_h1=0.035225743743959086  α = 0.00163
    Stopping to avoid numerical instabilities.
 83   -21.48165674801      -11.26       -4.83    54.0s
    hm1_norm_ρdiff=3.3201601092359004e-6 hm1_norm_Δρ=3.497728221389561e-6  error_V_h1=0.03532219308894181  α = 0.000561

#-- |ρε - ρref| = 2.024105990814003e-6 vs. 3.162277660168379e-10 = δ*ε  error_V_h1=0.03566356199606911


# --- ε=1.7782794100389228e-8

n     Energy            log10(ΔE)   log10(Δρ)   Δtime
---   ---------------   ---------   ---------   ------
  1   -21.48165367475                   -0.89    78.0s
    hm1_norm_ρdiff=0.08217062773848773 hm1_norm_Δρ=0.08217005820884128  error_V_h1=2.7021883034766905  α = 1.6e-5
  2   -21.48165381049       -6.87       -1.79    63.2s
    hm1_norm_ρdiff=0.0068427694675149905 hm1_norm_Δρ=0.006842477068852946  error_V_h1=2.4672977839453765  α = 5.42e-5
  3   -21.48165384809       -7.42       -2.08    63.3s
    hm1_norm_ρdiff=0.0032252077636958304 hm1_norm_Δρ=0.0032250456010870713  error_V_h1=2.398205852878847  α = 5.62e-5
  4   -21.48165388535       -7.43       -2.21    63.0s
    hm1_norm_ρdiff=0.0022222258740964584 hm1_norm_Δρ=0.00222206432044744  error_V_h1=2.3277584495530954  α = 6.14e-5
  5   -21.48165389990       -7.84       -2.81    54.0s
    hm1_norm_ρdiff=0.0003950038649074301 hm1_norm_Δρ=0.0003949470934484147  error_V_h1=2.2997895938292463  α = 0.000431
  6   -21.48165390687       -8.16       -2.98    58.8s
    hm1_norm_ρdiff=0.00030651189209821266 hm1_norm_Δρ=0.00030644769837543073  error_V_h1=2.2862343125013083  α = 0.000186
  7   -21.48165390957       -8.57       -2.86    58.5s
    hm1_norm_ρdiff=0.00037849563579495706 hm1_norm_Δρ=0.00037845984324227813  error_V_h1=2.2809884757646435  α = 0.000158
  8   -21.48165391285       -8.48       -3.29    54.1s
    hm1_norm_ρdiff=0.00011436794116842615 hm1_norm_Δρ=0.00011432580559636171  error_V_h1=2.274647522621954  α = 0.000501
  9   -21.48165391570       -8.55       -3.35    54.4s
    hm1_norm_ρdiff=0.00010519861147377978 hm1_norm_Δρ=0.00010518744820690449  error_V_h1=2.2691197741605436  α = 0.000474
 10   -21.48165391725       -8.81       -3.46    54.0s
    hm1_norm_ρdiff=8.601054920545069e-5 hm1_norm_Δρ=8.599867260451347e-5  error_V_h1=2.2661260828940413  α = 0.000482
 11   -21.48165392036       -8.51       -3.50    54.4s
    hm1_norm_ρdiff=7.01267331700075e-5 hm1_norm_Δρ=7.012733096971369e-5  error_V_h1=2.260069513911937  α = 0.000485
 12   -21.48165424336       -6.49       -1.10    67.9s
    hm1_norm_ρdiff=0.04892410004214148 hm1_norm_Δρ=0.04892542488531687  error_V_h1=1.4887469650254423  α = 1.58e-5
 13   -21.48165425492       -7.94       -2.14    63.1s
    hm1_norm_ρdiff=0.0030153050728794497 hm1_norm_Δρ=0.003015769576711973  error_V_h1=1.453540861648583  α = 5.0e-5
 14   -21.48165425541       -9.30       -2.43    63.4s
    hm1_norm_ρdiff=0.0014435751972925604 hm1_norm_Δρ=0.0014438240054332181  error_V_h1=1.4519932746050526  α = 4.68e-5
 15   -21.48165425584       -9.37       -3.19    63.6s
    hm1_norm_ρdiff=0.0002243101358060444 hm1_norm_Δρ=0.00022447453404071002  error_V_h1=1.4506819466304668  α = 6.26e-5
 16   -21.48165426711       -7.95       -2.83    59.3s
    hm1_norm_ρdiff=0.0003748079418787844 hm1_norm_Δρ=0.00037491033622963186  error_V_h1=1.415471549746838  α = 0.000184
 17   -21.48165426755       -9.36       -3.89    54.5s
    hm1_norm_ρdiff=3.310622962203181e-5 hm1_norm_Δρ=3.309898004330368e-5  error_V_h1=1.4141448946362085  α = 0.000512
 18   -21.48165426814       -9.23       -2.92    58.6s
    hm1_norm_ρdiff=0.00031966168873000955 hm1_norm_Δρ=0.00031969619933670536  error_V_h1=1.4123455164246121  α = 0.00014
 19   -21.48165426877       -9.21       -3.36    53.7s
    hm1_norm_ρdiff=9.121342493461212e-5 hm1_norm_Δρ=9.122465036799296e-5  error_V_h1=1.4104487940296226  α = 0.000435
 20   -21.48165426956       -9.10       -3.42    54.0s
    hm1_norm_ρdiff=8.68399343431877e-5 hm1_norm_Δρ=8.681401037833705e-5  error_V_h1=1.4079385257612373  α = 0.000412
 21   -21.48165426980       -9.62       -3.48    53.7s
    hm1_norm_ρdiff=7.91331050149062e-5 hm1_norm_Δρ=7.91274081409702e-5  error_V_h1=1.4071635470257007  α = 0.000408
 22   -21.48165427174       -8.71       -4.25    44.7s
    hm1_norm_ρdiff=1.0425113170337274e-5 hm1_norm_Δρ=1.0286456928414045e-5  error_V_h1=1.4011885258882024  α = 0.00404
 23   -21.48165439808       -6.90       -1.28    67.2s
    hm1_norm_ρdiff=0.031401959632918225 hm1_norm_Δρ=0.03140113180014749  error_V_h1=0.9123525870663798  α = 1.58e-5
 24   -21.48165440178       -8.43       -2.39    63.1s
    hm1_norm_ρdiff=0.001702914824918977 hm1_norm_Δρ=0.001702515822113215  error_V_h1=0.8940969252251301  α = 5.02e-5
 25   -21.48165440225       -9.33       -2.55    62.7s
    hm1_norm_ρdiff=0.0010747704207752925 hm1_norm_Δρ=0.0010745668513388318  error_V_h1=0.8917960460862813  α = 4.69e-5
 26   -21.48165440239       -9.83       -3.70    58.5s
    hm1_norm_ρdiff=5.818004004091892e-5 hm1_norm_Δρ=5.803584741213354e-5  error_V_h1=0.8910950179300634  α = 0.000171
 27   -21.48165440253       -9.85       -3.68    54.0s
    hm1_norm_ρdiff=4.8064517539819044e-5 hm1_norm_Δρ=4.817118109273808e-5  error_V_h1=0.8905493789779558  α = 0.000404
 28   -21.48165440266       -9.92       -3.75    58.6s
    hm1_norm_ρdiff=5.245853534295387e-5 hm1_norm_Δρ=5.242923188246282e-5  error_V_h1=0.8899868135155335  α = 0.000182
 29   -21.48165440354       -9.05       -2.99    63.4s
    hm1_norm_ρdiff=0.00030244131203487615 hm1_norm_Δρ=0.00030241230387575665  error_V_h1=0.8855688249864307  α = 6.35e-5
 30   -21.48165440376       -9.66       -3.45    54.3s
    hm1_norm_ρdiff=7.524207487188495e-5 hm1_norm_Δρ=7.521036981631618e-5  error_V_h1=0.8845548427241793  α = 0.000425
 31   -21.48165440449       -9.14       -3.46    58.7s
    hm1_norm_ρdiff=8.284594212608947e-5 hm1_norm_Δρ=8.284806414977012e-5  error_V_h1=0.8808924838629117  α = 0.000192
 32   -21.48165440501       -9.28       -3.47    58.8s
    hm1_norm_ρdiff=9.197122928382282e-5 hm1_norm_Δρ=9.195715847690658e-5  error_V_h1=0.8783081065238403  α = 0.000183
 33   -21.48165440522       -9.68       -3.95    54.3s
    hm1_norm_ρdiff=2.386036807744011e-5 hm1_norm_Δρ=2.3904660837130653e-5  error_V_h1=0.8772070462171037  α = 0.000527
 34   -21.48165445491       -7.30       -1.48    68.2s
    hm1_norm_ρdiff=0.01945298591970995 hm1_norm_Δρ=0.019454104371566746  error_V_h1=0.5696490681986388  α = 1.58e-5
 35   -21.48165445604       -8.95       -2.64    63.5s
    hm1_norm_ρdiff=0.0009521987109869142 hm1_norm_Δρ=0.0009526649937216964  error_V_h1=0.560658898508914  α = 5.02e-5
 36   -21.48165445634       -9.52       -2.68    63.7s
    hm1_norm_ρdiff=0.0007984211018594839 hm1_norm_Δρ=0.0007986745376080232  error_V_h1=0.5582257308371459  α = 4.67e-5
 37   -21.48165445637      -10.54       -3.92    59.0s
    hm1_norm_ρdiff=3.414081623676553e-5 hm1_norm_Δρ=3.426103661619753e-5  error_V_h1=0.5579657946634997  α = 0.000157
 38   -21.48165445659       -9.66       -3.50    59.0s
    hm1_norm_ρdiff=7.814055969307664e-5 hm1_norm_Δρ=7.803479527000362e-5  error_V_h1=0.5561334342065948  α = 0.000165
 39   -21.48165445661      -10.72       -4.16    59.0s
    hm1_norm_ρdiff=2.014650365713289e-5 hm1_norm_Δρ=2.0113110435262835e-5  error_V_h1=0.5559680929001881  α = 0.000184
 40   -21.48165445680       -9.71       -4.49    50.1s
    hm1_norm_ρdiff=6.0201783980221094e-6 hm1_norm_Δρ=5.8645766266794765e-6  error_V_h1=0.5544089563434219  α = 0.00149
 41   -21.48165445723       -9.37       -3.55    58.9s
    hm1_norm_ρdiff=6.824640889764903e-5 hm1_norm_Δρ=6.823202604729115e-5  error_V_h1=0.5509127039170524  α = 0.000192
 42   -21.48165445729      -10.26       -3.55    59.1s
    hm1_norm_ρdiff=7.587003075671467e-5 hm1_norm_Δρ=7.588300911866892e-5  error_V_h1=0.5504432787513754  α = 0.000151
 43   -21.48165445743       -9.86       -4.22    54.3s
    hm1_norm_ρdiff=1.6291555896165465e-5 hm1_norm_Δρ=1.628216853680696e-5  error_V_h1=0.5493372786538289  α = 0.000538
 44   -21.48165445795       -9.28       -3.90    54.4s
    hm1_norm_ρdiff=2.5326183980796358e-5 hm1_norm_Δρ=2.5221197923190774e-5  error_V_h1=0.5451770414740985  α = 0.000526
 45   -21.48165447745       -7.71       -1.65    67.8s
    hm1_norm_ρdiff=0.012059859222255572 hm1_norm_Δρ=0.012058939484032338  error_V_h1=0.3500589303862007  α = 1.6e-5
 46   -21.48165447784       -9.40       -2.89    63.4s
    hm1_norm_ρdiff=0.0005391276299967499 hm1_norm_Δρ=0.000538673224837398  error_V_h1=0.3450433806461237  α = 5.06e-5
 47   -21.48165447804       -9.69       -2.81    63.3s
    hm1_norm_ρdiff=0.0005965730016514609 hm1_norm_Δρ=0.0005963445920303766  error_V_h1=0.3424493671064407  α = 4.67e-5
 48   -21.48165447809      -10.37       -3.82    58.7s
    hm1_norm_ρdiff=3.8854497985556143e-5 hm1_norm_Δρ=3.878188708706691e-5  error_V_h1=0.3420037197789935  α = 0.000166
 49   -21.48165447813      -10.35       -3.73    58.6s
    hm1_norm_ρdiff=4.631631567177891e-5 hm1_norm_Δρ=4.646819468560085e-5  error_V_h1=0.34153573068952436  α = 0.000156
 50   -21.48165447816      -10.50       -4.32    54.3s
    hm1_norm_ρdiff=9.636778994327762e-6 hm1_norm_Δρ=9.469294053680369e-6  error_V_h1=0.34127353263806376  α = 0.000538
 51   -21.48165447819      -10.54       -4.28    54.5s
    hm1_norm_ρdiff=1.0861441573202604e-5 hm1_norm_Δρ=1.0736743701342665e-5  error_V_h1=0.3410741689393844  α = 0.000516
 52   -21.48165447821      -10.76       -4.06    58.9s
    hm1_norm_ρdiff=1.6747213448047524e-5 hm1_norm_Δρ=1.67114857491171e-5  error_V_h1=0.3409583501623936  α = 0.000184
 53   -21.48165447825      -10.39       -3.67    63.1s
    hm1_norm_ρdiff=6.885179862443016e-5 hm1_norm_Δρ=6.882932592361588e-5  error_V_h1=0.34045073449512864  α = 6.3e-5
 54   -21.48165447826      -11.01       -4.47    54.4s
    hm1_norm_ρdiff=8.085704577509392e-6 hm1_norm_Δρ=7.987668049343556e-6  error_V_h1=0.3404450809253877  α = 0.000542
 55   -21.48165447831      -10.29       -4.21    54.0s
    hm1_norm_ρdiff=1.1777013048409003e-5 hm1_norm_Δρ=1.1673709557542459e-5  error_V_h1=0.3401390239167084  α = 0.000547
 56   -21.48165448560       -8.14       -1.88    67.9s
    hm1_norm_ρdiff=0.007508206918509506 hm1_norm_Δρ=0.007509228485749222  error_V_h1=0.22517187981044956  α = 1.59e-5
 57   -21.48165448573       -9.87       -3.14    63.1s
    hm1_norm_ρdiff=0.00029207466037121623 hm1_norm_Δρ=0.00029256255154665  error_V_h1=0.2224334867988891  α = 5.17e-5
 58   -21.48165448588       -9.83       -2.92    63.2s
    hm1_norm_ρdiff=0.00045622360718037066 hm1_norm_Δρ=0.0004564719256811508  error_V_h1=0.2195073000723525  α = 4.7e-5
 59   -21.48165448593      -10.33       -3.82    58.7s
    hm1_norm_ρdiff=4.1456505402343475e-5 hm1_norm_Δρ=4.1460635239885365e-5  error_V_h1=0.2184901288146966  α = 0.000158
 60   -21.48165448596      -10.49       -3.75    58.7s
    hm1_norm_ρdiff=4.753833724763764e-5 hm1_norm_Δρ=4.7362732855461156e-5  error_V_h1=0.21786211914761586  α = 0.000143
 61   -21.48165448600      -10.38       -4.34    54.3s
    hm1_norm_ρdiff=9.928881428993603e-6 hm1_norm_Δρ=1.0020791498261994e-5  error_V_h1=0.21706257739802523  α = 0.000494
 62   -21.48165448602      -10.75       -4.21    59.1s
    hm1_norm_ρdiff=1.6421465925951898e-5 hm1_norm_Δρ=1.6408849260994218e-5  error_V_h1=0.21669719777746643  α = 0.000178
 63   -21.48165448603      -10.93       -4.70    49.6s
    hm1_norm_ρdiff=3.58716765984694e-6 hm1_norm_Δρ=3.353349027829047e-6  error_V_h1=0.21638109211021275  α = 0.00136
    Stopping to avoid numerical instabilities.
 64   -21.48165448605      -10.68       -4.60    54.0s
    hm1_norm_ρdiff=6.631918976600817e-6 hm1_norm_Δρ=6.496138868750152e-6  error_V_h1=0.21602833110095018  α = 0.000313

#-- |ρε - ρref| = 1.1816814280356504e-6 vs. 1.778279410038923e-10 = δ*ε  error_V_h1=0.21527408553035737


# --- ε=1.0e-8

n     Energy            log10(ΔE)   log10(Δρ)   Δtime
---   ---------------   ---------   ---------   ------
  1   -21.48165301995                   -0.84    82.9s
    hm1_norm_ρdiff=0.09092236298669135 hm1_norm_Δρ=0.09092184577312115  error_V_h1=1.791696745139524  α = 6.41e-6
  2   -21.48165304269       -7.64       -1.78    63.1s
    hm1_norm_ρdiff=0.006964252919243703 hm1_norm_Δρ=0.006964164617731433  error_V_h1=1.6877839653702826  α = 4.35e-5
  3   -21.48165305079       -8.09       -2.07    63.1s
    hm1_norm_ρdiff=0.0032450347816589406 hm1_norm_Δρ=0.0032449886223596862  error_V_h1=1.6492192732195634  α = 4.54e-5
  4   -21.48165306564       -7.83       -2.20    63.2s
    hm1_norm_ρdiff=0.0022968785065745605 hm1_norm_Δρ=0.0022968225647100114  error_V_h1=1.5759670377106167  α = 4.99e-5
  5   -21.48165307944       -7.86       -2.79    58.5s
    hm1_norm_ρdiff=0.00040919604344805095 hm1_norm_Δρ=0.00040913765485816364  error_V_h1=1.5047263451675639  α = 0.000174
  6   -21.48165308297       -8.45       -2.97    58.6s
    hm1_norm_ρdiff=0.0003158383688241369 hm1_norm_Δρ=0.0003158157252697928  error_V_h1=1.485977549395974  α = 0.000154
  7   -21.48165308523       -8.65       -2.83    63.1s
    hm1_norm_ρdiff=0.0004031479548148503 hm1_norm_Δρ=0.000403116570716287  error_V_h1=1.4738522100609064  α = 6.23e-5
  8   -21.48165308745       -8.65       -3.27    58.6s
    hm1_norm_ρdiff=0.00012016427300272698 hm1_norm_Δρ=0.00012012691779234314  error_V_h1=1.4618784962275835  α = 0.000191
  9   -21.48165308911       -8.78       -3.34    58.6s
    hm1_norm_ρdiff=0.00010489951929423554 hm1_norm_Δρ=0.0001048844584922506  error_V_h1=1.4528503894488893  α = 0.000175
 10   -21.48165308968       -9.24       -3.49    58.9s
    hm1_norm_ρdiff=8.001472637430929e-5 hm1_norm_Δρ=7.999893529193251e-5  error_V_h1=1.4497378348350476  α = 0.000182
 11   -21.48165309046       -9.11       -3.58    54.2s
    hm1_norm_ρdiff=5.7782316319402336e-5 hm1_norm_Δρ=5.7777916148634894e-5  error_V_h1=1.4455165048927774  α = 0.000419
 12   -21.48165311384       -7.63       -1.65    72.6s
    hm1_norm_ρdiff=0.013960602377284895 hm1_norm_Δρ=0.013961187662544608  error_V_h1=1.3105137898977852  α = 6.37e-6
 13   -21.48165319309       -7.10       -1.75    68.1s
    hm1_norm_ρdiff=0.007394764297776535 hm1_norm_Δρ=0.007395004993489133  error_V_h1=0.6753153385732437  α = 2.01e-5
 14   -21.48165320847       -7.81       -1.97    68.0s
    hm1_norm_ρdiff=0.0040641623047983555 hm1_norm_Δρ=0.004064294472728156  error_V_h1=0.4596547354487874  α = 1.9e-5
 15   -21.48165321260       -8.38       -2.37    63.4s
    hm1_norm_ρdiff=0.0015211683605346796 hm1_norm_Δρ=0.001521299592780133  error_V_h1=0.38146862239048684  α = 4.75e-5
 16   -21.48165321324       -9.19       -3.32    59.0s
    hm1_norm_ρdiff=0.00011752107182102533 hm1_norm_Δρ=0.00011758580222918532  error_V_h1=0.3679175062420842  α = 0.000161
 17   -21.48165321435       -8.96       -2.97    63.5s
    hm1_norm_ρdiff=0.0003087803269263819 hm1_norm_Δρ=0.00030881466575280014  error_V_h1=0.34318851949867096  α = 5.98e-5
 18   -21.48165321446       -9.95       -3.82    59.0s
    hm1_norm_ρdiff=3.629356523265227e-5 hm1_norm_Δρ=3.630476576216672e-5  error_V_h1=0.3406169301956718  α = 0.000176
 19   -21.48165321485       -9.41       -3.74    54.4s
    hm1_norm_ρdiff=3.241767272614293e-5 hm1_norm_Δρ=3.23780233488376e-5  error_V_h1=0.3318680428427246  α = 0.000468
 20   -21.48165321492      -10.13       -3.88    54.6s
    hm1_norm_ρdiff=3.044367155335874e-5 hm1_norm_Δρ=3.038924032732086e-5  error_V_h1=0.33029555680028766  α = 0.000399
 21   -21.48165321502       -9.99       -3.79    58.9s
    hm1_norm_ρdiff=4.085214761498642e-5 hm1_norm_Δρ=4.084024247521064e-5  error_V_h1=0.3278748091922231  α = 0.000169
 22   -21.48165321538       -9.45       -3.53    58.9s
    hm1_norm_ρdiff=7.807565928833454e-5 hm1_norm_Δρ=7.806233285726057e-5  error_V_h1=0.3191785869467004  α = 0.000163
 23   -21.48165321643       -8.98       -2.31    72.5s
    hm1_norm_ρdiff=0.003016571803338068 hm1_norm_Δρ=0.0030160078715742215  error_V_h1=0.2918638094220042  α = 6.37e-6
 24   -21.48165321679       -9.44       -2.93    67.6s
    hm1_norm_ρdiff=0.0004958093789573272 hm1_norm_Δρ=0.0004955622197110611  error_V_h1=0.28190700425754417  α = 2.02e-5
 25   -21.48165321747       -9.17       -2.65    67.4s
    hm1_norm_ρdiff=0.0008585673903282844 hm1_norm_Δρ=0.0008584436656542935  error_V_h1=0.2619441508651676  α = 1.9e-5
 26   -21.48165321932       -8.73       -2.55    63.4s
    hm1_norm_ρdiff=0.0010103571789353081 hm1_norm_Δρ=0.001010272869716538  error_V_h1=0.19785723397717792  α = 4.75e-5
 27   -21.48165321945       -9.90       -3.68    58.9s
    hm1_norm_ρdiff=5.0192724055257045e-5 hm1_norm_Δρ=5.013698060768986e-5  error_V_h1=0.19281044706461165  α = 0.000163
 28   -21.48165321946      -10.94       -3.84    58.8s
    hm1_norm_ρdiff=4.072926344820699e-5 hm1_norm_Δρ=4.0701880902041025e-5  error_V_h1=0.19237271002575096  α = 0.000134
 29   -21.48165321947      -10.99       -3.80    58.9s
    hm1_norm_ρdiff=3.731281164305643e-5 hm1_norm_Δρ=3.73043831600574e-5  error_V_h1=0.1919545292827794  α = 0.000133
 30   -21.48165321965       -9.76       -3.74    58.8s
    hm1_norm_ρdiff=3.3229465471544436e-5 hm1_norm_Δρ=3.327065224003306e-5  error_V_h1=0.1845407371125688  α = 0.000189
 31   -21.48165321977       -9.90       -3.68    58.9s
    hm1_norm_ρdiff=5.037970210387631e-5 hm1_norm_Δρ=5.0433107356635154e-5  error_V_h1=0.17894939870267007  α = 0.000162
 32   -21.48165321979      -10.63       -4.16    58.7s
    hm1_norm_ρdiff=1.7674015422815938e-5 hm1_norm_Δρ=1.767484330918975e-5  error_V_h1=0.17791516143209032  α = 0.000171
 33   -21.48165321985      -10.23       -3.92    58.6s
    hm1_norm_ρdiff=3.2527276929335924e-5 hm1_norm_Δρ=3.254681140688625e-5  error_V_h1=0.17532486601612224  α = 0.000162
 34   -21.48165321989      -10.44       -3.03    72.3s
    hm1_norm_ρdiff=0.0005625697375985472 hm1_norm_Δρ=0.0005631294767897069  error_V_h1=0.17367040711296663  α = 6.38e-6
 35   -21.48165321989      -11.70       -4.01    63.0s
    hm1_norm_ρdiff=3.978207411642572e-5 hm1_norm_Δρ=4.003262200621683e-5  error_V_h1=0.17358378007788688  α = 4.63e-5
 36   -21.48165321993      -10.45       -3.29    67.5s
    hm1_norm_ρdiff=0.00019236401869281654 hm1_norm_Δρ=0.0001924940627801606  error_V_h1=0.17196310080501698  α = 1.91e-5
 37   -21.48165322074       -9.09       -2.72    63.0s
    hm1_norm_ρdiff=0.0006766716935534945 hm1_norm_Δρ=0.0006767866131170343  error_V_h1=0.12913902925737833  α = 4.74e-5
 38   -21.48165322076      -10.64       -4.05    58.3s
    hm1_norm_ρdiff=2.171702270760608e-5 hm1_norm_Δρ=2.1770327845208616e-5  error_V_h1=0.1277466439847697  α = 0.000164
 39   -21.48165322079      -10.51       -3.75    63.2s
    hm1_norm_ρdiff=5.124777458282154e-5 hm1_norm_Δρ=5.126725255716827e-5  error_V_h1=0.12580354368614274  α = 6.01e-5
 40   -21.48165322082      -10.56       -3.69    63.2s
    hm1_norm_ρdiff=4.8502881163955533e-5 hm1_norm_Δρ=4.850319859957729e-5  error_V_h1=0.12408655914775354  α = 6.03e-5
 41   -21.48165322083      -11.10       -4.86    49.7s
    hm1_norm_ρdiff=3.074259671813056e-6 hm1_norm_Δρ=2.9846061297849385e-6  error_V_h1=0.12394017564864745  α = 0.00127
 42   -21.48165322087      -10.35       -4.04    58.8s
    hm1_norm_ρdiff=2.0788711233881612e-5 hm1_norm_Δρ=2.073728688321631e-5  error_V_h1=0.12134245812194389  α = 0.000181
 43   -21.48165322089      -10.79       -4.14    54.2s
    hm1_norm_ρdiff=1.4189511682749937e-5 hm1_norm_Δρ=1.4142381261421506e-5  error_V_h1=0.12121176090460738  α = 0.000409
 44   -21.48165322092      -10.51       -3.99    58.5s
    hm1_norm_ρdiff=2.6619238352484482e-5 hm1_norm_Δρ=2.6556909309418247e-5  error_V_h1=0.11959045671353  α = 0.00016
 45   -21.48165322092      -11.89       -3.96    67.8s
    hm1_norm_ρdiff=6.249075365635338e-5 hm1_norm_Δρ=6.194058900752948e-5  error_V_h1=0.11951680185635528  α = 1.68e-5
 46   -21.48165322093      -11.12       -3.83    63.3s
    hm1_norm_ρdiff=5.4212893779379584e-5 hm1_norm_Δρ=5.396734318294627e-5  error_V_h1=0.11913130617009647  α = 5.03e-5
 47   -21.48165322093      -11.17       -3.76    63.1s
    hm1_norm_ρdiff=5.016804545960058e-5 hm1_norm_Δρ=5.010421153255599e-5  error_V_h1=0.11885404243382072  α = 5.09e-5
 48   -21.48165322112       -9.72       -2.78    63.3s
    hm1_norm_ρdiff=0.0005225208437837755 hm1_norm_Δρ=0.0005224970876757684  error_V_h1=0.10669781884198297  α = 4.46e-5
 49   -21.48165322116      -10.52       -3.77    58.7s
    hm1_norm_ρdiff=4.058209008890891e-5 hm1_norm_Δρ=4.039181598043514e-5  error_V_h1=0.10408561936402246  α = 0.000145
 50   -21.48165322116      -11.06       -4.39    58.8s
    hm1_norm_ρdiff=8.714305059432954e-6 hm1_norm_Δρ=8.662375636381053e-6  error_V_h1=0.1035425616719028  α = 0.000181
    Stopping to avoid numerical instabilities.
 51   -21.48165322117      -11.48       -4.65    58.7s
    hm1_norm_ρdiff=5.651147853523897e-6 hm1_norm_Δρ=5.611033396772257e-6  error_V_h1=0.10336370038088177  α = 0.000177

#-- |ρε - ρref| = 6.381030405086e-7 vs. 1.0e-10 = δ*ε  error_V_h1=0.10254070395212893


# --- ε=5.623413251903491e-9

n     Energy            log10(ΔE)   log10(Δρ)   Δtime
---   ---------------   ---------   ---------   ------
  1   -21.48165223248                   -0.89    82.3s
    hm1_norm_ρdiff=0.08204776992036877 hm1_norm_Δρ=0.08204760005846835  error_V_h1=2.791775962780401  α = 5.19e-6
  2   -21.48165227188       -7.40       -1.79    67.5s
    hm1_norm_ρdiff=0.0068995277479745026 hm1_norm_Δρ=0.006899441114182874  error_V_h1=2.5843939914450207  α = 1.75e-5
  3   -21.48165228124       -8.03       -2.13    67.2s
    hm1_norm_ρdiff=0.0028531152005005548 hm1_norm_Δρ=0.002853069566512532  error_V_h1=2.5326260126028948  α = 1.84e-5
  4   -21.48165229160       -7.98       -2.23    67.3s
    hm1_norm_ρdiff=0.0020962498478670237 hm1_norm_Δρ=0.002096188913920844  error_V_h1=2.4740446349924943  α = 2.01e-5
  5   -21.48165229560       -8.40       -2.83    58.3s
    hm1_norm_ρdiff=0.0003723888471043179 hm1_norm_Δρ=0.0003723730461296031  error_V_h1=2.451033443040061  α = 0.000141
  6   -21.48165229765       -8.69       -3.01    62.9s
    hm1_norm_ρdiff=0.0002853946870307845 hm1_norm_Δρ=0.00028537337559246203  error_V_h1=2.439205870311285  α = 6.15e-5
  7   -21.48165229829       -9.19       -2.88    62.7s
    hm1_norm_ρdiff=0.00036099013279450407 hm1_norm_Δρ=0.0003609795003709717  error_V_h1=2.435451795022392  α = 5.08e-5
  8   -21.48165229909       -9.10       -3.30    58.4s
    hm1_norm_ρdiff=0.00011282885070719537 hm1_norm_Δρ=0.00011281645164434116  error_V_h1=2.4308116524367946  α = 0.000161
  9   -21.48165229978       -9.16       -3.37    58.5s
    hm1_norm_ρdiff=9.990904954069561e-5 hm1_norm_Δρ=9.99032663002875e-5  error_V_h1=2.4267712122973966  α = 0.000151
 10   -21.48165230005       -9.57       -3.51    58.4s
    hm1_norm_ρdiff=7.630456970969258e-5 hm1_norm_Δρ=7.629969227366089e-5  error_V_h1=2.425199536758244  α = 0.000154
 11   -21.48165230061       -9.25       -3.57    58.4s
    hm1_norm_ρdiff=5.901236899518013e-5 hm1_norm_Δρ=5.901016452447536e-5  error_V_h1=2.421910630303467  α = 0.000171
 12   -21.48165240690       -6.97       -1.07    71.7s
    hm1_norm_ρdiff=0.052326954698202775 hm1_norm_Δρ=0.052327387165763656  error_V_h1=1.6904428848653201  α = 5.13e-6
 13   -21.48165241137       -8.35       -2.10    67.5s
    hm1_norm_ρdiff=0.003353586202023945 hm1_norm_Δρ=0.003353734909042847  error_V_h1=1.6526069831005206  α = 1.64e-5
 14   -21.48165241219       -9.09       -2.42    72.0s
    hm1_norm_ρdiff=0.0014512447849108119 hm1_norm_Δρ=0.0014513068290231805  error_V_h1=1.6455751446078137  α = 6.94e-6
 15   -21.48165241235       -9.79       -3.08    67.6s
    hm1_norm_ρdiff=0.0002947267993768843 hm1_norm_Δρ=0.0002947933955685872  error_V_h1=1.6441738104756731  α = 1.97e-5
 16   -21.48165241590       -8.45       -2.83    63.0s
    hm1_norm_ρdiff=0.00036778062297170396 hm1_norm_Δρ=0.0003678139783482102  error_V_h1=1.613411867716925  α = 6.19e-5
 17   -21.48165241595      -10.25       -3.89    58.4s
    hm1_norm_ρdiff=3.36553840166219e-5 hm1_norm_Δρ=3.366677275026934e-5  error_V_h1=1.6129336562404781  α = 0.000148
 18   -21.48165241604      -10.05       -2.93    63.0s
    hm1_norm_ρdiff=0.0003139793655700526 hm1_norm_Δρ=0.00031399619990750703  error_V_h1=1.6121769041014011  α = 4.48e-5
 19   -21.48165241610      -10.21       -3.35    58.5s
    hm1_norm_ρdiff=9.442835111866672e-5 hm1_norm_Δρ=9.44436360577626e-5  error_V_h1=1.611668099331431  α = 0.000136
 20   -21.48165241639       -9.54       -3.42    62.9s
    hm1_norm_ρdiff=8.70581134022857e-5 hm1_norm_Δρ=8.705719984762427e-5  error_V_h1=1.6091409542187403  α = 6.38e-5
 21   -21.48165241655       -9.80       -3.52    62.9s
    hm1_norm_ρdiff=7.342461915579409e-5 hm1_norm_Δρ=7.342800487346233e-5  error_V_h1=1.6077617190856208  α = 6.27e-5
 22   -21.48165241668       -9.87       -4.02    58.5s
    hm1_norm_ρdiff=2.117839494442809e-5 hm1_norm_Δρ=2.115995197036383e-5  error_V_h1=1.606582679205148  α = 0.000158
 23   -21.48165246447       -7.32       -1.23    71.9s
    hm1_norm_ρdiff=0.03643999192626864 hm1_norm_Δρ=0.03643974483673363  error_V_h1=1.108356358727776  α = 5.13e-6
 24   -21.48165246590       -8.85       -2.33    67.4s
    hm1_norm_ρdiff=0.00196348708186964 hm1_norm_Δρ=0.001963364829287701  error_V_h1=1.089989171906606  α = 1.64e-5
 25   -21.48165246594      -10.36       -3.37    67.4s
    hm1_norm_ρdiff=0.0001629884506969213 hm1_norm_Δρ=0.00016305373096988336  error_V_h1=1.0894299552258713  α = 9.65e-6
 26   -21.48165246596      -10.90       -3.67    67.5s
    hm1_norm_ρdiff=7.471786909095104e-5 hm1_norm_Δρ=7.464894756485939e-5  error_V_h1=1.0892668085810893  α = 2.06e-5
 27   -21.48165246601      -10.29       -4.16    53.9s
    hm1_norm_ρdiff=1.3727278560635739e-5 hm1_norm_Δρ=1.3716072184932765e-5  error_V_h1=1.0886258676347604  α = 0.000407
 28   -21.48165246605      -10.34       -3.54    62.9s
    hm1_norm_ρdiff=7.776863406851227e-5 hm1_norm_Δρ=7.776414727410117e-5  error_V_h1=1.0880349418344604  α = 5.32e-5
 29   -21.48165246608      -10.64       -2.97    62.9s
    hm1_norm_ρdiff=0.0002991418136036389 hm1_norm_Δρ=0.00029914140063652103  error_V_h1=1.08774511017492  α = 4.36e-5
 30   -21.48165246609      -10.93       -3.39    58.5s
    hm1_norm_ρdiff=8.826783824452433e-5 hm1_norm_Δρ=8.826301798488789e-5  error_V_h1=1.087585793974974  α = 0.000134
 31   -21.48165246612      -10.55       -4.18    58.3s
    hm1_norm_ρdiff=1.5158462441771733e-5 hm1_norm_Δρ=1.5127983908357418e-5  error_V_h1=1.0872240453674868  α = 0.000183
 32   -21.48165246615      -10.45       -3.98    58.4s
    hm1_norm_ρdiff=2.325066196206671e-5 hm1_norm_Δρ=2.3235119598779235e-5  error_V_h1=1.0867826793677635  α = 0.000162
 33   -21.48165246616      -11.12       -3.91    58.5s
    hm1_norm_ρdiff=2.86444991034446e-5 hm1_norm_Δρ=2.862917538911251e-5  error_V_h1=1.086727415117249  α = 0.000161
 34   -21.48165248783       -7.66       -1.40    72.0s
    hm1_norm_ρdiff=0.02425668345404863 hm1_norm_Δρ=0.024257049764295255  error_V_h1=0.7533435607362019  α = 5.13e-6
 35   -21.48165248831       -9.32       -2.57    67.6s
    hm1_norm_ρdiff=0.00114501158045016 hm1_norm_Δρ=0.0011451595447017405  error_V_h1=0.7443993577840639  α = 1.65e-5
 36   -21.48165248831      -11.60       -3.59    72.1s
    hm1_norm_ρdiff=9.511183099497726e-5 hm1_norm_Δρ=9.518158844429083e-5  error_V_h1=0.744353913478463  α = 6.65e-6
 37   -21.48165248834      -10.48       -3.85    63.0s
    hm1_norm_ρdiff=4.025743417327912e-5 hm1_norm_Δρ=4.0317201506716885e-5  error_V_h1=0.7437536036886061  α = 5.72e-5
 38   -21.48165248846       -9.93       -3.52    63.0s
    hm1_norm_ρdiff=7.055648515443343e-5 hm1_norm_Δρ=7.053467297276062e-5  error_V_h1=0.7415308753933604  α = 4.74e-5
 39   -21.48165248848      -10.87       -3.86    63.0s
    hm1_norm_ρdiff=4.0101295813511254e-5 hm1_norm_Δρ=4.0100520719475635e-5  error_V_h1=0.7412831717310583  α = 5.24e-5
 40   -21.48165248851      -10.42       -3.00    63.0s
    hm1_norm_ρdiff=0.0002812419117367485 hm1_norm_Δρ=0.00028125392904488646  error_V_h1=0.7405817503615953  α = 4.35e-5
 41   -21.48165248874       -9.64       -3.39    63.0s
    hm1_norm_ρdiff=9.264474900001606e-5 hm1_norm_Δρ=9.265265493386565e-5  error_V_h1=0.7361840388012248  α = 6.3e-5
 42   -21.48165248876      -10.69       -3.91    62.9s
    hm1_norm_ρdiff=3.14246280793842e-5 hm1_norm_Δρ=3.144709504776585e-5  error_V_h1=0.7357982382287189  α = 6.07e-5
 43   -21.48165248879      -10.68       -4.00    62.9s
    hm1_norm_ρdiff=2.526879760484507e-5 hm1_norm_Δρ=2.526793805013302e-5  error_V_h1=0.7353918916305641  α = 6.25e-5
 44   -21.48165248882      -10.50       -3.81    63.1s
    hm1_norm_ρdiff=4.040011778830985e-5 hm1_norm_Δρ=4.041364064527598e-5  error_V_h1=0.7347893164054101  α = 6.15e-5
 45   -21.48165249874       -8.00       -1.56    72.2s
    hm1_norm_ρdiff=0.016638531510067743 hm1_norm_Δρ=0.016638252546431795  error_V_h1=0.5090973397307983  α = 5.14e-6
 46   -21.48165249889       -9.82       -2.79    67.4s
    hm1_norm_ρdiff=0.0006807125413414541 hm1_norm_Δρ=0.0006805708352820419  error_V_h1=0.5048660503245026  α = 1.64e-5
 47   -21.48165249889      -11.48       -4.19    67.3s
    hm1_norm_ρdiff=2.2845740409646096e-5 hm1_norm_Δρ=2.2913894048015202e-5  error_V_h1=0.5047764864999084  α = 1.87e-5
    Stopping to avoid numerical instabilities.
 48   -21.48165249890      -11.06       -4.61    58.5s
    hm1_norm_ρdiff=5.322326132298717e-6 hm1_norm_Δρ=5.252449724333547e-6  error_V_h1=0.5045497953865572  α = 0.000189

#-- |ρε - ρref| = 3.2929982277210384e-7 vs. 5.623413251903491e-11 = δ*ε  error_V_h1=0.5045013135861722


# --- ε=3.1622776601683795e-9

n     Energy            log10(ΔE)   log10(Δρ)   Δtime
---   ---------------   ---------   ---------   ------
  1   -21.48165204971                   -1.02    87.1s
    hm1_norm_ρdiff=0.06151276766614594 hm1_norm_Δρ=0.06151259728591636  error_V_h1=1.6890634646925422  α = 2.1e-6
  2   -21.48165205540       -8.25       -1.82    67.1s
    hm1_norm_ρdiff=0.0064058791451917195 hm1_norm_Δρ=0.006405854427440287  error_V_h1=1.6020577845222042  α = 1.43e-5
  3   -21.48165205766       -8.65       -2.08    67.4s
    hm1_norm_ρdiff=0.003150516073111391 hm1_norm_Δρ=0.0031505027240606325  error_V_h1=1.5661144128334372  α = 1.49e-5
  4   -21.48165206060       -8.53       -2.20    67.4s
    hm1_norm_ρdiff=0.0023426337964416576 hm1_norm_Δρ=0.002342623536031089  error_V_h1=1.5180192566204345  α = 1.55e-5
  5   -21.48165206502       -8.35       -2.82    63.0s
    hm1_norm_ρdiff=0.00037690828952373584 hm1_norm_Δρ=0.000376883917295218  error_V_h1=1.442837457499763  α = 5.86e-5
  6   -21.48165206608       -8.98       -2.93    62.9s
    hm1_norm_ρdiff=0.00030014879160787563 hm1_norm_Δρ=0.0003001464432752756  error_V_h1=1.4241997019622672  α = 5.13e-5
  7   -21.48165206671       -9.20       -2.90    67.7s
    hm1_norm_ρdiff=0.00038474785857300973 hm1_norm_Δρ=0.0003847370568364086  error_V_h1=1.413020929715776  α = 2.0e-5
  8   -21.48165206737       -9.18       -3.25    63.1s
    hm1_norm_ρdiff=0.00012356334663386333 hm1_norm_Δρ=0.0001235551826450568  error_V_h1=1.4011233673366221  α = 6.25e-5
  9   -21.48165206783       -9.34       -3.34    63.0s
    hm1_norm_ρdiff=0.00010607915010672326 hm1_norm_Δρ=0.00010607302238316439  error_V_h1=1.3929490664136974  α = 5.91e-5
 10   -21.48165206802       -9.71       -3.52    63.0s
    hm1_norm_ρdiff=7.388237488613605e-5 hm1_norm_Δρ=7.387686427711668e-5  error_V_h1=1.3894292645823954  α = 6.07e-5
 11   -21.48165206821       -9.72       -3.64    58.3s
    hm1_norm_ρdiff=5.102246208608992e-5 hm1_norm_Δρ=5.102070421782396e-5  error_V_h1=1.3859317391456414  α = 0.000139
 12   -21.48165207258       -8.36       -1.77    76.0s
    hm1_norm_ρdiff=0.010687858500095687 hm1_norm_Δρ=0.010688045494114416  error_V_h1=1.3041857243759514  α = 2.08e-6
 13   -21.48165209585       -7.63       -1.77    71.8s
    hm1_norm_ρdiff=0.007075837985790721 hm1_norm_Δρ=0.0070759101819321745  error_V_h1=0.7279716816079693  α = 6.57e-6
 14   -21.48165210092       -8.30       -1.97    71.9s
    hm1_norm_ρdiff=0.004030225749160317 hm1_norm_Δρ=0.0040302670917598  error_V_h1=0.5244470584884875  α = 6.25e-6
 15   -21.48165210195       -8.98       -2.28    67.4s
    hm1_norm_ρdiff=0.0019441972411641953 hm1_norm_Δρ=0.0019442371067965878  error_V_h1=0.47217422487568195  α = 1.48e-5
 16   -21.48165210214       -9.73       -3.40    62.6s
    hm1_norm_ρdiff=9.62114522210508e-5 hm1_norm_Δρ=9.623675687659423e-5  error_V_h1=0.46212800586973696  α = 5.52e-5
 17   -21.48165210251       -9.44       -2.95    67.2s
    hm1_norm_ρdiff=0.00028701337598678486 hm1_norm_Δρ=0.0002870191394286997  error_V_h1=0.44190948701312566  α = 2.03e-5
 18   -21.48165210252      -10.85       -3.68    63.0s
    hm1_norm_ρdiff=5.942229977995302e-5 hm1_norm_Δρ=5.943059609474469e-5  error_V_h1=0.44113157462871816  α = 4.59e-5
 19   -21.48165210260      -10.11       -3.77    58.4s
    hm1_norm_ρdiff=3.1997190631863545e-5 hm1_norm_Δρ=3.199292298020435e-5  error_V_h1=0.43673992487921787  α = 0.000147
 20   -21.48165210268      -10.11       -3.61    63.0s
    hm1_norm_ρdiff=5.54587005121159e-5 hm1_norm_Δρ=5.545098535116046e-5  error_V_h1=0.4322124803195101  α = 5.62e-5
 21   -21.48165210274      -10.21       -3.87    62.7s
    hm1_norm_ρdiff=3.2600142480399576e-5 hm1_norm_Δρ=3.259243761662093e-5  error_V_h1=0.42864732108430653  α = 6.29e-5
 22   -21.48165210290       -9.78       -3.49    63.0s
    hm1_norm_ρdiff=8.147679877780908e-5 hm1_norm_Δρ=8.146960757306361e-5  error_V_h1=0.41886779529140533  α = 5.59e-5
 23   -21.48165210318       -9.56       -2.35    76.1s
    hm1_norm_ρdiff=0.0027593327851975877 hm1_norm_Δρ=0.002759151967494266  error_V_h1=0.40184993009262593  α = 2.07e-6
 24   -21.48165210338       -9.69       -2.81    71.6s
    hm1_norm_ρdiff=0.0006585364459513677 hm1_norm_Δρ=0.0006584629023395284  error_V_h1=0.3888863454074104  α = 6.61e-6
 25   -21.48165210363       -9.61       -2.63    71.8s
    hm1_norm_ρdiff=0.0008844934523115484 hm1_norm_Δρ=0.0008844553338324516  error_V_h1=0.37273986133410114  α = 6.26e-6
 26   -21.48165210433       -9.15       -2.36    67.4s
    hm1_norm_ρdiff=0.001586982977561471 hm1_norm_Δρ=0.0015869666347167039  error_V_h1=0.32177498898056556  α = 1.48e-5
 27   -21.48165210437      -10.43       -3.81    62.9s
    hm1_norm_ρdiff=3.661319732977676e-5 hm1_norm_Δρ=3.658983433162712e-5  error_V_h1=0.31881580955823624  α = 5.81e-5
    Stopping to avoid numerical instabilities.
 28   -21.48165210438      -10.93       -3.85    63.1s
    hm1_norm_ρdiff=3.442220676962517e-5 hm1_norm_Δρ=3.441946414956045e-5  error_V_h1=0.31788975562781474  α = 5.07e-5

#-- |ρε - ρref| = 1.9994452139379048e-7 vs. 3.1622776601683794e-11 = δ*ε  error_V_h1=0.3151545833670902


# --- ε=1.7782794100389228e-9

n     Energy            log10(ΔE)   log10(Δρ)   Δtime
---   ---------------   ---------   ---------   ------
  1   -21.48165178973                   -0.89    86.1s
    hm1_norm_ρdiff=0.08112299870260624 hm1_norm_Δρ=0.08112294768337984  error_V_h1=2.8519683372857485  α = 1.69e-6
  2   -21.48165180068       -7.96       -1.77    71.3s
    hm1_norm_ρdiff=0.0071379282948083435 hm1_norm_Δρ=0.007137905245755745  error_V_h1=2.6745149747995347  α = 5.61e-6
  3   -21.48165180243       -8.76       -2.27    71.5s
    hm1_norm_ρdiff=0.0020275738926544963 hm1_norm_Δρ=0.002027561978933988  error_V_h1=2.645117383316427  α = 6.18e-6
  4   -21.48165180458       -8.67       -2.31    71.4s
    hm1_norm_ρdiff=0.0017607178904207352 hm1_norm_Δρ=0.001760692132923282  error_V_h1=2.6083960527074788  α = 6.51e-6
  5   -21.48165180553       -9.02       -2.92    62.5s
    hm1_norm_ρdiff=0.0003051590656064697 hm1_norm_Δρ=0.00030515565608254245  error_V_h1=2.5919557905432424  α = 4.63e-5
  6   -21.48165180611       -9.24       -3.06    66.8s
    hm1_norm_ρdiff=0.00024235724069758611 hm1_norm_Δρ=0.00024234785837155704  error_V_h1=2.581879544745455  α = 2.07e-5
  7   -21.48165180624       -9.90       -2.93    67.1s
    hm1_norm_ρdiff=0.00033125671566798336 hm1_norm_Δρ=0.00033125276196121193  error_V_h1=2.5796617008565947  α = 1.63e-5
  8   -21.48165180649       -9.61       -3.28    62.5s
    hm1_norm_ρdiff=0.00011209505049638987 hm1_norm_Δρ=0.00011209295353595619  error_V_h1=2.575365491717965  α = 5.23e-5
  9   -21.48165180668       -9.71       -3.41    62.7s
    hm1_norm_ρdiff=8.910363105368357e-5 hm1_norm_Δρ=8.910317793362491e-5  error_V_h1=2.57195358401606  α = 4.95e-5
 10   -21.48165180672      -10.40       -3.56    62.7s
    hm1_norm_ρdiff=6.7294327911956e-5 hm1_norm_Δρ=6.729173747032776e-5  error_V_h1=2.5712440743333973  α = 4.98e-5
    Stopping to avoid numerical instabilities.
 11   -21.48165180691       -9.73       -3.61    62.8s
    hm1_norm_ρdiff=5.333757713346698e-5 hm1_norm_Δρ=5.333797328906462e-5  error_V_h1=2.567992342509105  α = 5.74e-5

#-- |ρε - ρref| = 1.4663774259112384e-7 vs. 1.778279410038923e-11 = δ*ε  error_V_h1=1.9025074860121352


# --- ε=1.0e-9

n     Energy            log10(ΔE)   log10(Δρ)   Δtime
---   ---------------   ---------   ---------   ------
  1   -21.48165172817                   -0.60    91.1s
    hm1_norm_ρdiff=0.1563015906864192 hm1_norm_Δρ=0.15630155301330803  error_V_h1=2.012659225730898  α = 6.73e-7
  2   -21.48165173137       -8.50       -2.01    76.1s
    hm1_norm_ρdiff=0.004096097009966449 hm1_norm_Δρ=0.0040960735247835955  error_V_h1=1.8819459880613052  α = 2.26e-6
  3   -21.48165173285       -8.83       -2.17    76.1s
    hm1_norm_ρdiff=0.0026267389855448757 hm1_norm_Δρ=0.0026267237280925247  error_V_h1=1.8184006855230495  α = 2.27e-6
  4   -21.48165173326       -9.39       -2.46    71.8s
    hm1_norm_ρdiff=0.0012547001922082175 hm1_norm_Δρ=0.0012547031903747527  error_V_h1=1.800340901198343  α = 5.18e-6
  5   -21.48165173356       -9.52       -3.04    67.2s
    hm1_norm_ρdiff=0.00024146822025820377 hm1_norm_Δρ=0.00024145670202113523  error_V_h1=1.7870513876081229  α = 1.77e-5
  6   -21.48165173379       -9.64       -2.84    71.9s
    hm1_norm_ρdiff=0.0004081963222635643 hm1_norm_Δρ=0.0004081949403480795  error_V_h1=1.7767860820239183  α = 6.49e-6
  7   -21.48165173395       -9.79       -3.29    67.5s
    hm1_norm_ρdiff=0.0001221979740187758 hm1_norm_Δρ=0.00012219904229587142  error_V_h1=1.7695607580635817  α = 1.95e-5
  8   -21.48165173419       -9.62       -3.54    62.9s
    hm1_norm_ρdiff=6.356132571745606e-5 hm1_norm_Δρ=6.356005347305455e-5  error_V_h1=1.7585893166477853  α = 5.51e-5
  9   -21.48165173437       -9.75       -3.19    63.3s
    hm1_norm_ρdiff=0.0001322049641737915 hm1_norm_Δρ=0.0001322065829971107  error_V_h1=1.7503435358982595  α = 4.46e-5
 10   -21.48165173472       -9.45       -3.18    67.7s
    hm1_norm_ρdiff=0.00015372570746689855 hm1_norm_Δρ=0.00015372375866036208  error_V_h1=1.734225417272321  α = 2.01e-5
 11   -21.48165173478      -10.26       -3.28    63.2s
    hm1_norm_ρdiff=0.0001159625795270997 hm1_norm_Δρ=0.00011596231011096868  error_V_h1=1.7315983845928358  α = 4.28e-5
 12   -21.48165174996       -7.82       -1.21    81.3s
    hm1_norm_ρdiff=0.03680156039441628 hm1_norm_Δρ=0.036801620746492195  error_V_h1=0.7626311544269705  α = 6.73e-7
 13   -21.48165174998      -10.79       -3.27    71.9s
    hm1_norm_ρdiff=0.00019623290905476125 hm1_norm_Δρ=0.00019625683439279158  error_V_h1=0.7609378197263874  α = 5.93e-6
 14   -21.48165175016       -9.74       -3.23    67.7s
    hm1_norm_ρdiff=0.0001148747414929106 hm1_norm_Δρ=0.00011487037805454553  error_V_h1=0.7413521607906227  α = 2.0e-5
 15   -21.48165175045       -9.55       -2.49    76.8s
    hm1_norm_ρdiff=0.001386835420389301 hm1_norm_Δρ=0.0013868250107572672  error_V_h1=0.7101341142929688  α = 2.13e-6
 16   -21.48165175058       -9.89       -2.98    72.1s
    hm1_norm_ρdiff=0.0002939561179920767 hm1_norm_Δρ=0.0002939743253215978  error_V_h1=0.6956589570927655  α = 6.7e-6
 17   -21.48165175064      -10.19       -3.37    67.6s
    hm1_norm_ρdiff=9.16530064358709e-5 hm1_norm_Δρ=9.165314777060848e-5  error_V_h1=0.6881815090554159  α = 1.84e-5
    Stopping to avoid numerical instabilities.
 18   -21.48165175075       -9.97       -3.41    67.8s
    hm1_norm_ρdiff=7.991514269481839e-5 hm1_norm_Δρ=7.991217757609419e-5  error_V_h1=0.6758249539172394  α = 2.07e-5

#-- |ρε - ρref| = 6.855765313084047e-8 vs. 1.0000000000000001e-11 = δ*ε  error_V_h1=0.663971567172304

|v-vref|h1 = [0.2152740855303574, 0.10254070395212891, 0.5045013135861722, 0.3151545833670902, 1.9025074860121352, 0.6639715671723041]
|v-vref|l2 = [0.13757948626387578, 0.034821435633575065, 0.32407511509009307, 0.11126035955331387, 1.0940978795552387, 0.2708942704356898]
 ────────────────────────────────────────────────────────────────────────────────
                                        Time                    Allocations      
                               ───────────────────────   ────────────────────────
       Tot / % measured:            27.7h /  78.4%           67.9TiB /  47.0%    

 Section               ncalls     time    %tot     avg     alloc    %tot      avg
 ────────────────────────────────────────────────────────────────────────────────
 compute_density        22.0k    8.53h   39.3%   1.40s   1.11TiB    3.5%  52.8MiB
   symmetrize_ρ         22.0k    6.17h   28.5%   1.01s    487GiB    1.5%  22.7MiB
 DftHamiltonian mul...  1.11M    7.87h   36.3%  25.6ms   6.29TiB   19.7%  5.96MiB
   nonlocal             1.11M    4.51h   20.8%  14.7ms   4.14TiB   13.0%  3.92MiB
   local+kinetic        4.43M    2.73h   12.6%  2.22ms   26.6GiB    0.1%  6.30KiB
 energy_hamiltonian     19.7k    4.83h   22.3%   881ms   23.4TiB   73.4%  1.22GiB
   ene_ops              19.7k    3.09h   14.3%   564ms   2.34TiB    7.3%   124MiB
     ene_ops: nonlocal  19.7k    1.93h    8.9%   352ms    153GiB    0.5%  7.93MiB
     ene_ops: dualmap   19.7k    1.04h    4.8%   190ms   1.73TiB    5.4%  92.0MiB
     ene_ops: kinetic   19.7k     357s    0.5%  18.1ms   5.29GiB    0.0%   281KiB
     ene_ops: hartree   19.7k    65.8s    0.1%  3.33ms    386GiB    1.2%  20.0MiB
     ene_ops: local     19.7k    8.71s    0.0%   441μs   77.9GiB    0.2%  4.04MiB
 ortho_qr                125k    1380s    1.8%  11.0ms   0.91TiB    2.9%  7.61MiB
 PlaneWaveBasis            37     238s    0.3%   6.44s    163GiB    0.5%  4.39GiB
   Instantiation At...     37     167s    0.2%   4.51s    125GiB    0.4%  3.38GiB
   build_kpoints           37    8.27s    0.0%   224ms   15.2GiB    0.0%   422MiB
   Instantiation At...     37    6.92s    0.0%   187ms   7.55GiB    0.0%   209MiB
     enforce_real!         37   93.7ms    0.0%  2.53ms    147KiB    0.0%  3.98KiB
   Instantiation Du...     37    6.87s    0.0%   186ms   3.13GiB    0.0%  86.6MiB
   Instantiation Ki...     37    468ms    0.0%  12.7ms   1.68GiB    0.0%  46.6MiB
   Instantiation Ewald     37    212ms    0.0%  5.72ms    133KiB    0.0%  3.58KiB
     precomp: Ewald        37    211ms    0.0%  5.71ms   79.2KiB    0.0%  2.14KiB
   Instantiation Ha...     37    163ms    0.0%  4.41ms    222MiB    0.0%  6.01MiB
     enforce_real!         37   91.4ms    0.0%  2.47ms    147KiB    0.0%  3.98KiB
   _check_kpoint_re...     37    114ms    0.0%  3.08ms     0.00B    0.0%    0.00B
   Instantiation Ps...     37    770μs    0.0%  20.8μs    483KiB    0.0%  13.0KiB
 load_scfres                1    21.7s    0.0%   21.7s   7.61GiB    0.0%  7.61GiB
   energy_hamiltonian       1    7.56s    0.0%   7.56s   1.43GiB    0.0%  1.43GiB
     ene_ops                1    6.96s    0.0%   6.96s    342MiB    0.0%   342MiB
       ene_ops: xc          1    5.83s    0.0%   5.83s    293MiB    0.0%   293MiB
       ene_ops: non...      1    473ms    0.0%   473ms   9.47MiB    0.0%  9.47MiB
       ene_ops: kin...      1   31.6ms    0.0%  31.6ms    324KiB    0.0%   324KiB
       ene_ops: har...      1   6.20ms    0.0%  6.20ms   20.0MiB    0.0%  20.0MiB
       ene_ops: local       1    499μs    0.0%   499μs   4.04MiB    0.0%  4.04MiB
   Instantiation At...      1    3.95s    0.0%   3.95s   3.45GiB    0.0%  3.45GiB
   Instantiation At...      1    1.14s    0.0%   1.14s    316MiB    0.0%   316MiB
     enforce_real!          1   2.72ms    0.0%  2.72ms   3.98KiB    0.0%  3.98KiB
   Instantiation Xc         1    348ms    0.0%   348ms    168MiB    0.0%   168MiB
     enforce_real!          1   2.51ms    0.0%  2.51ms   3.98KiB    0.0%  3.98KiB
   Instantiation Ps...      1    173ms    0.0%   173ms   20.2MiB    0.0%  20.2MiB
   build_kpoints            1    136ms    0.0%   136ms    422MiB    0.0%   422MiB
   Instantiation Ki...      1   19.1ms    0.0%  19.1ms   46.6MiB    0.0%  46.6MiB
   Instantiation Ewald      1   9.12ms    0.0%  9.12ms   43.2KiB    0.0%  43.2KiB
     precomp: Ewald         1   9.00ms    0.0%  9.00ms   40.4KiB    0.0%  40.4KiB
   Instantiation Ha...      1   5.45ms    0.0%  5.45ms   6.01MiB    0.0%  6.01MiB
     enforce_real!          1   2.60ms    0.0%  2.60ms   3.98KiB    0.0%  3.98KiB
   _check_kpoint_re...      1   3.07ms    0.0%  3.07ms     0.00B    0.0%    0.00B
 save_scfres                2    6.66s    0.0%   3.33s    711MiB    0.0%   356MiB
 symmetry_operations       37    244ms    0.0%  6.60ms   14.3MiB    0.0%   396KiB
   _check_symmetries       37   4.59ms    0.0%   124μs   6.61MiB    0.0%   183KiB
 ────────────────────────────────────────────────────────────────────────────────
