{"kind":"reference","branch_starts":[[1,"001"],[65,"110"],[129,"111"]],"vks":[-0.5199590532156768,-0.5238591246144275,-0.534893721176543,-0.5511591062752829,-0.5697784470121159,-0.5872897218454983,-0.6001586102472544,-0.6052821960712382,-0.6004202041417375,-0.5844689310659793,-0.5575576879936489,-0.5208944316237291,-0.47642430715276873,-0.42647760245466126,-0.3735103215566506,-0.3198710309243752,-0.26755571899884734,-0.21795737909196428,-0.17181488455919502,-0.12944267199457574,-0.09102696613523142,-0.05677637279840231,-0.026749614368377778,-0.0006341880975354042,0.022165431167186472,0.04211373572808347,0.059037113489317505,0.07196664839969147,0.07954269284624263,0.08109439013105649,0.07808470564602218,0.07416457250155839,0.07253498451998347,0.07416457250155725,0.07808470564602049,0.08109439013105807,0.07954269284624332,0.0719666483996877,0.0590371134893177,0.0421137357280848,0.022165431167190663,-0.0006341880975447578,-0.02674961436837503,-0.05677637279840125,-0.09102696613523187,-0.1294426719945746,-0.1718148845591935,-0.21795737909196158,-0.26755571899884456,-0.3198710309243752,-0.37351032155664904,-0.4264776024546621,-0.47642430715276823,-0.5208944316237296,-0.557557687993649,-0.5844689310659784,-0.6004202041417359,-0.6052821960712382,-0.6001586102472543,-0.5872897218454987,-0.5697784470121152,-0.5511591062752828,-0.5348937211765425,-0.5238591246144272,-0.5199590532156768,-0.5453584500964962,-0.6187231484295201,-0.7328786709248387,-0.8783264028543976,-1.0357429588655207,-1.1746178246111625,-1.2686751184857563,-1.3018376399749363,-1.268675118485755,-1.174617824611162,-1.0357429588655207,-0.8783264028543971,-0.7328786709248378,-0.6187231484295208,-0.5453584500964959,-0.5199590532156764,-0.5453584500964959,-0.6187231484295199,-0.7328786709248383,-0.8783264028543971,-1.0357429588655218,-1.1746178246111623,-1.2686751184857574,-1.3018376399749374,-1.2686751184857572,-1.1746178246111638,-1.0357429588655216,-0.8783264028543981,-0.7328786709248383,-0.6187231484295204,-0.5453584500964961,-0.5199590532156768,-0.5453584500964961,-0.6187231484295204,-0.7328786709248387,-0.8783264028543978,-1.035742958865521,-1.1746178246111627,-1.2686751184857559,-1.3018376399749363,-1.2686751184857554,-1.1746178246111623,-1.035742958865521,-0.8783264028543969,-0.732878670924838,-0.6187231484295208,-0.5453584500964956,-0.5199590532156766,-0.5453584500964959,-0.6187231484295201,-0.7328786709248385,-0.8783264028543971,-1.0357429588655218,-1.174617824611163,-1.2686751184857572,-1.3018376399749374,-1.2686751184857576,-1.1746178246111638,-1.0357429588655216,-0.878326402854398,-0.7328786709248385,-0.6187231484295206,-0.5453584500964961,-0.5199590532156768,-0.585128662769462,-0.7853051830341122,-1.1466315431660639,-1.638527320148607,-2.18048525233511,-2.670908867047,-3.0125555705032596,-3.1344848389915287,-3.0143039899968294,-2.6776690410603727,-2.1841828011194933,-1.623288016474011,-1.1111779411255247,-0.7193279030663398,-0.4529739677357795,-0.2675557189988458,-0.1380505840456448,-0.044185696856611195,0.023512094412313445,0.07413698119304521,0.1110512003082886,0.12311189434115355,0.11203367061910754,0.1081097868482006,0.10882336962086012,0.10688528026318536,0.1003338688468502,0.09182223872223005,0.08383834205001103,0.07766788868694188,0.07383072120494555,0.07253498451998,0.07383072120494999,0.07766788868694216,0.08383834205000898,0.09182223872222317,0.1003338688468497,0.10688528026319766,0.1088233696208609,0.10810978684819375,0.11203367061911171,0.12311189434117056,0.11105120030827864,0.07413698119305548,0.023512094412301288,-0.04418569685661508,-0.13805058404564294,-0.267555718998848,-0.45297396773577925,-0.7193279030663411,-1.1111779411255263,-1.6232880164740107,-2.1841828011194946,-2.67766904106037,-3.014303989996831,-3.134484838991532,-3.012555570503259,-2.6709088670469976,-2.180485252335111,-1.6385273201486068,-1.146631543166064,-0.7853051830341122,-0.5851286627694618,-0.5199590532156768],"pathlength":[0.0,0.16033145088621767,0.32066290177243534,0.480994352658653,0.6413258035448707,0.8016572544310884,0.9619887053173061,1.1223201562035237,1.2826516070897414,1.442983057975959,1.6033145088621767,1.7636459597483944,1.9239774106346121,2.08430886152083,2.2446403124070473,2.404971763293265,2.5653032141794823,2.7256346650656997,2.885966115951917,3.0462975668381347,3.206629017724352,3.3669604686105696,3.527291919496787,3.6876233703830046,3.847954821269222,4.0082862721554395,4.168617723041657,4.3289491739278745,4.489280624814092,4.649612075700309,4.809943526586527,4.970274977472744,5.130606428358962,5.290937879245179,5.451269330131397,5.611600781017614,5.771932231903832,5.932263682790049,6.092595133676267,6.252926584562484,6.413258035448702,6.573589486334919,6.733920937221137,6.894252388107354,7.0545838389935716,7.214915289879789,7.3752467407660065,7.535578191652224,7.6959096425384415,7.856241093424659,8.016572544310877,8.176903995197096,8.337235446083314,8.497566896969532,8.65789834785575,8.818229798741969,8.978561249628187,9.138892700514406,9.299224151400624,9.459555602286843,9.619887053173061,9.78021850405928,9.940549954945498,10.100881405831716,10.261212856717934,10.48795576903618,10.714698681354426,10.941441593672671,11.168184505990917,11.394927418309162,11.621670330627408,11.848413242945654,12.0751561552639,12.301899067582145,12.52864197990039,12.755384892218636,12.982127804536882,13.208870716855127,13.435613629173373,13.662356541491619,13.889099453809864,14.11584236612811,14.342585278446355,14.569328190764601,14.796071103082847,15.022814015401092,15.249556927719338,15.476299840037584,15.70304275235583,15.929785664674075,16.15652857699232,16.383271489310562,16.610014401628806,16.83675731394705,17.063500226265294,17.290243138583538,17.51698605090178,17.743728963220025,17.97047187553827,18.197214787856513,18.423957700174757,18.650700612493,18.877443524811245,19.10418643712949,19.330929349447732,19.557672261765976,19.78441517408422,20.011158086402464,20.237900998720708,20.46464391103895,20.691386823357195,20.91812973567544,21.144872647993683,21.371615560311927,21.59835847263017,21.825101384948415,22.05184429726666,22.278587209584902,22.505330121903146,22.73207303422139,22.958815946539634,23.185558858857878,23.41230177117612,23.639044683494365,23.86578759581261,24.092530508130853,24.319273420449097,24.54601633276734,24.772759245085584,25.05046146407175,25.328163683057912,25.605865902044076,25.88356812103024,26.161270340016404,26.43897255900257,26.716674777988732,26.994376996974896,27.27207921596106,27.549781434947224,27.82748365393339,28.105185872919552,28.382888091905716,28.66059031089188,28.938292529878044,29.215994748864208,29.493696967850372,29.771399186836536,30.0491014058227,30.326803624808864,30.604505843795028,30.882208062781192,31.159910281767356,31.43761250075352,31.715314719739684,31.993016938725848,32.27071915771201,32.54842137669817,32.82612359568434,33.1038258146705,33.381528033656664,33.65923025264283,33.93693247162899,34.214634690615156,34.49233690960132,34.770039128587484,35.04774134757365,35.32544356655981,35.603145785545976,35.88084800453214,36.158550223518304,36.43625244250447,36.71395466149063,36.991656880476796,37.26935909946296,37.547061318449124,37.82476353743529,38.10246575642145,38.380167975407616,38.65787019439378,38.935572413379944,39.21327463236611,39.49097685135227,39.768679070338436,40.0463812893246,40.324083508310764,40.60178572729693,40.87948794628309,41.157190165269256,41.43489238425542,41.712594603241584,41.99029682222775,42.26799904121391,42.545701260200076],