
DFTK Version      0.6.16
Julia Version     1.10.4
FFTW.jl provider  fftw v3.3.10

BLAS.get_config()
  LinearAlgebra.BLAS.LBTConfig
  Libraries: 
  └ [ILP64] libopenblas64_.so

MPI.versioninfo()
  MPIPreferences:
    binary:  MPICH_jll
    abi:     MPICH
  
  Package versions
    MPI.jl:             0.20.16
    MPIPreferences.jl:  0.1.10
    MPICH_jll:          4.1.2+1
  
  Library information:
    libmpi:  /home/herbst/.julia/artifacts/0ed4137b58af5c5e3797cb0c400e60ed7c308bae/lib/libmpi.so
    libmpi dlpath:  /home/herbst/.julia/artifacts/0ed4137b58af5c5e3797cb0c400e60ed7c308bae/lib/libmpi.so
    MPI version:  4.0.0
    Library version:  
      MPICH Version:      4.1.2
      MPICH Release date: Wed Jun  7 15:22:45 CDT 2023
      MPICH ABI:          15:1:3
      MPICH Device:       ch3:nemesis
      MPICH configure:    --prefix=/workspace/destdir --build=x86_64-linux-musl --host=x86_64-linux-gnu --enable-shared=yes --enable-static=no --with-device=ch3 --disable-dependency-tracking --enable-fast=all,O3 --docdir=/tmp --mandir=/tmp
      MPICH CC:           cc    -DNDEBUG -DNVALGRIND -O3
      MPICH CXX:          c++   -DNDEBUG -DNVALGRIND -O3
      MPICH F77:          gfortran   -O3
      MPICH FC:           gfortran   -O3
      
  


truncated grid size:(40, 40, 40)
|ρref - ρorig|hm1 = 6.95087633236246e-5
|ρref - ρorig|l2  = 0.0004430497858359109

# --- ε=1.0

n     Energy            log10(ΔE)   log10(Δρ)   Δtime
---   ---------------   ---------   ---------   ------
  1   -21.62786608872                   -0.78    35.8s
    hm1_norm_ρdiff=0.0005954058247170071 hm1_norm_Δρ=0.10656384085092045  error_V_h1=5.087732224141828  α = 1.0
  2   -21.66354287412       -1.45       -1.40    18.3s
    hm1_norm_ρdiff=0.1059844933246583 hm1_norm_Δρ=0.024833189358255604  error_V_h1=5.089497766603871  α = 1.0
  3   -21.66518330797       -2.79       -1.81    11.6s
    hm1_norm_ρdiff=0.08223023984264866 hm1_norm_Δρ=0.008400345560453052  error_V_h1=5.090024029852602  α = 1.0
  4   -21.67119563728       -2.22       -1.93    12.7s
    hm1_norm_ρdiff=0.07434382994906018 hm1_norm_Δρ=0.0072566166818507916  error_V_h1=5.089508968290134  α = 1.0

#-- |ρε - ρref| = 0.08366846757296001 vs. 0.01 = δ*ε  error_V_h1=5.089367407407565  Qε=0.0003816243816836396


# --- ε=0.5623413251903491

n     Energy            log10(ΔE)   log10(Δρ)   Δtime
---   ---------------   ---------   ---------   ------
  1   -21.67196812451                   -2.79    29.1s
    hm1_norm_ρdiff=0.0836684701110537 hm1_norm_Δρ=0.0009474943004400192  error_V_h1=5.084742091650922  α = 1.0
  2   -21.67234464102       -3.42       -3.13    12.5s
    hm1_norm_ρdiff=0.08274815767747655 hm1_norm_Δρ=0.0003454459724341893  error_V_h1=5.084761018334004  α = 1.0

#-- |ρε - ρref| = 0.08377019369838039 vs. 0.005623413251903491 = δ*ε  error_V_h1=5.08461994684857  Qε=0.0007121210917673556


# --- ε=0.31622776601683794

n     Energy            log10(ΔE)   log10(Δρ)   Δtime
---   ---------------   ---------   ---------   ------
  1   -21.67206729443                   -3.09    38.8s
    hm1_norm_ρdiff=0.08390944003825043 hm1_norm_Δρ=0.00038819758617039175  error_V_h1=5.076217407765742  α = 0.535
  2   -21.67209326105       -4.59       -3.48    14.8s
    hm1_norm_ρdiff=0.0836088085616022 hm1_norm_Δρ=0.0001979544411114251  error_V_h1=5.076259690452657  α = 1.0

#-- |ρε - ρref| = 0.08349533213158405 vs. 0.0031622776601683794 = δ*ε  error_V_h1=5.0762479362972  Qε=0.0013254725877688562


# --- ε=0.1778279410038923

n     Energy            log10(ΔE)   log10(Δρ)   Δtime
---   ---------------   ---------   ---------   ------
  1   -21.67142873103                   -3.26    39.7s
    hm1_norm_ρdiff=0.08358281576540975 hm1_norm_Δρ=0.00025961117020097986  error_V_h1=5.061338372226936  α = 0.526
  2   -21.67143441786       -5.25       -3.67    14.0s
    hm1_norm_ρdiff=0.0833981077115164 hm1_norm_Δρ=0.00013567597506570857  error_V_h1=5.061393712503312  α = 1.0

#-- |ρε - ρref| = 0.08325828771377701 vs. 0.001778279410038923 = δ*ε  error_V_h1=5.061397929291115  Qε=0.0023185760376062746


# --- ε=0.1

n     Energy            log10(ΔE)   log10(Δρ)   Δtime
---   ---------------   ---------   ---------   ------
  1   -21.67023485113                   -3.04    38.8s
    hm1_norm_ρdiff=0.08355108322501974 hm1_norm_Δρ=0.0005624961679089577  error_V_h1=5.035109229431101  α = 0.477
  2   -21.67023632828       -5.83       -3.23    19.7s
    hm1_norm_ρdiff=0.08317639082090464 hm1_norm_Δρ=0.0003678791038246033  error_V_h1=5.035238918066364  α = 0.495

#-- |ρε - ρref| = 0.08274179426990462 vs. 0.001 = δ*ε  error_V_h1=5.035287109316517  Qε=0.0038379925223442648


# --- ε=0.05623413251903491

n     Energy            log10(ΔE)   log10(Δρ)   Δtime
---   ---------------   ---------   ---------   ------
  1   -21.66813487002                   -2.76    30.7s
    hm1_norm_ρdiff=0.0827417948598877 hm1_norm_Δρ=0.0010807159961268445  error_V_h1=4.989927537556457  α = 1.0
  2   -21.66813828995       -5.47       -3.61    13.4s
    hm1_norm_ρdiff=0.08166233153416898 hm1_norm_Δρ=0.0001512505185415952  error_V_h1=4.989739288815647  α = 1.0
  3   -21.66813915448       -6.06       -3.56    22.9s
    hm1_norm_ρdiff=0.08172075986544883 hm1_norm_Δρ=0.0001710515496166524  error_V_h1=4.989631017859208  α = 0.501

#-- |ρε - ρref| = 0.08185679556455401 vs. 0.0005623413251903491 = δ*ε  error_V_h1=4.989674410078028  Qε=0.006847587324316717


# --- ε=0.03162277660168379

n     Energy            log10(ΔE)   log10(Δρ)   Δtime
---   ---------------   ---------   ---------   ------
  1   -21.66451149325                   -2.48    38.3s
    hm1_norm_ρdiff=0.08185679954644111 hm1_norm_Δρ=0.0020479598088898143  error_V_h1=4.912271569978688  α = 1.0
  2   -21.66452429015       -4.89       -3.20    15.3s
    hm1_norm_ρdiff=0.07981115836068747 hm1_norm_Δρ=0.00039746829486212804  error_V_h1=4.91138218717263  α = 1.0
  3   -21.66452655437       -5.65       -3.51    21.6s
    hm1_norm_ρdiff=0.08010387965620991 hm1_norm_Δρ=0.00017513959818222415  error_V_h1=4.9112115883280465  α = 0.473
  4   -21.66452720521       -6.19       -3.96    13.3s
    hm1_norm_ρdiff=0.08027156070836276 hm1_norm_Δρ=5.950789339646137e-5  error_V_h1=4.911336283847385  α = 1.0

#-- |ρε - ρref| = 0.08014073810035562 vs. 0.00031622776601683794 = δ*ε  error_V_h1=4.911498598954809  Qε=0.012325704435266111


# --- ε=0.01778279410038923

n     Energy            log10(ΔE)   log10(Δρ)   Δtime
---   ---------------   ---------   ---------   ------
  1   -21.65840397970                   -2.25    33.5s
    hm1_norm_ρdiff=0.08014075755901635 hm1_norm_Δρ=0.0034808232461393316  error_V_h1=4.783184712912291  α = 1.0
  2   -21.65844508619       -4.39       -2.90    13.7s
    hm1_norm_ρdiff=0.07666415976067295 hm1_norm_Δρ=0.0007822797836787479  error_V_h1=4.780074921570523  α = 1.0
  3   -21.65845093182       -5.23       -3.28    20.4s
    hm1_norm_ρdiff=0.07728592227483336 hm1_norm_Δρ=0.0002905778481512717  error_V_h1=4.779559998315367  α = 0.509
  4   -21.65845274524       -5.74       -3.73    13.5s
    hm1_norm_ρdiff=0.07755727565053484 hm1_norm_Δρ=0.00010501969978824477  error_V_h1=4.779958530499578  α = 1.0
  5   -21.65845378973       -5.98       -3.62    13.7s
    hm1_norm_ρdiff=0.07745796710144776 hm1_norm_Δρ=0.00013425915614770305  error_V_h1=4.7804369123954755  α = 1.0

#-- |ρε - ρref| = 0.07734299448569679 vs. 0.0001778279410038923 = δ*ε  error_V_h1=4.780384309988994  Qε=0.020714555560699788


# --- ε=0.01

n     Energy            log10(ΔE)   log10(Δρ)   Δtime
---   ---------------   ---------   ---------   ------
  1   -21.64845759972                   -2.02    33.0s
    hm1_norm_ρdiff=0.07734309402267646 hm1_norm_Δρ=0.006005396690463159  error_V_h1=4.580320175525852  α = 1.0
  2   -21.64861523553       -3.80       -2.58    12.6s
    hm1_norm_ρdiff=0.07134713086066456 hm1_norm_Δρ=0.0016380324557631024  error_V_h1=4.56881907999241  α = 1.0
  3   -21.64862807298       -4.89       -3.15    19.5s
    hm1_norm_ρdiff=0.07279298748893252 hm1_norm_Δρ=0.0003645895954542312  error_V_h1=4.5678559263346905  α = 0.5
  4   -21.64863266476       -5.34       -3.67    12.4s
    hm1_norm_ρdiff=0.07310154404681206 hm1_norm_Δρ=0.00011325172024776248  error_V_h1=4.568553856569672  α = 1.0
  5   -21.64863477621       -5.68       -3.46    12.3s
    hm1_norm_ρdiff=0.07299694836118903 hm1_norm_Δρ=0.0001918608820497779  error_V_h1=4.569751663397067  α = 1.0
  6   -21.64863550598       -6.14       -4.37    13.3s
    hm1_norm_ρdiff=0.07281467892516118 hm1_norm_Δρ=1.8804258234303788e-5  error_V_h1=4.569686393024377  α = 1.0
  7   -21.64863591085       -6.39       -3.93    13.0s
    hm1_norm_ρdiff=0.07282696827413905 hm1_norm_Δρ=6.723687922089667e-5  error_V_h1=4.569250008162397  α = 1.0

#-- |ρε - ρref| = 0.07288808892723163 vs. 0.0001 = δ*ε  error_V_h1=4.569275972390048  Qε=0.03527522073659415


# --- ε=0.005623413251903491

n     Energy            log10(ΔE)   log10(Δρ)   Δtime
---   ---------------   ---------   ---------   ------
  1   -21.63305645413                   -1.79    33.8s
    hm1_norm_ρdiff=0.07288857189161409 hm1_norm_Δρ=0.010152773091106616  error_V_h1=4.2930767014695785  α = 1.0
  2   -21.63367546120       -3.21       -2.26    11.7s
    hm1_norm_ρdiff=0.0627564625254287 hm1_norm_Δρ=0.0034510830579223485  error_V_h1=4.250763098642021  α = 1.0
  3   -21.63370744078       -4.50       -2.91    22.0s
    hm1_norm_ρdiff=0.06591593033068252 hm1_norm_Δρ=0.0006171736356167859  error_V_h1=4.248086900621047  α = 0.512
  4   -21.63371851921       -4.96       -3.46    14.6s
    hm1_norm_ρdiff=0.0664107777119526 hm1_norm_Δρ=0.00018791878228226964  error_V_h1=4.25010704661515  α = 1.0
  5   -21.63372305204       -5.34       -3.30    12.3s
    hm1_norm_ρdiff=0.06623316721731307 hm1_norm_Δρ=0.00027138155745646766  error_V_h1=4.252931432546966  α = 1.0
  6   -21.63372517748       -5.67       -4.07    13.2s
    hm1_norm_ρdiff=0.06598126781990389 hm1_norm_Δρ=4.2211093841104036e-5  error_V_h1=4.252566406334408  α = 1.0
  7   -21.63372584875       -6.17       -3.77    13.1s
    hm1_norm_ρdiff=0.06601795883450685 hm1_norm_Δρ=9.376041191835598e-5  error_V_h1=4.251596856542972  α = 1.0
  8   -21.63372639709       -6.26       -4.47    13.3s
    hm1_norm_ρdiff=0.06610568904281354 hm1_norm_Δρ=1.4564277151926097e-5  error_V_h1=4.2516773908017615  α = 1.0
  9   -21.63372651897       -6.91       -4.20    14.4s
    hm1_norm_ρdiff=0.0660957368615495 hm1_norm_Δρ=3.493539053377853e-5  error_V_h1=4.252040800925402  α = 1.0

#-- |ρε - ρref| = 0.06606739034738347 vs. 5.6234132519034914e-5 = δ*ε  error_V_h1=4.2520145545497074  Qε=0.057467505644137974


# --- ε=0.0031622776601683794

n     Energy            log10(ΔE)   log10(Δρ)   Δtime
---   ---------------   ---------   ---------   ------
  1   -21.61041337867                   -1.58    28.8s
    hm1_norm_ρdiff=0.06606942097649965 hm1_norm_Δρ=0.016350394404461215  error_V_h1=3.966215559605042  α = 1.0
  2   -21.61299083461       -2.59       -1.94    13.3s
    hm1_norm_ρdiff=0.049771809714604626 hm1_norm_Δρ=0.0070813503262410465  error_V_h1=3.817007756107339  α = 1.0
  3   -21.61305174646       -4.22       -2.74    19.6s
    hm1_norm_ρdiff=0.05647867265822571 hm1_norm_Δρ=0.0008866422604210633  error_V_h1=3.8114571146348597  α = 0.519
  4   -21.61307362809       -4.66       -3.38    12.9s
    hm1_norm_ρdiff=0.05709993977883528 hm1_norm_Δρ=0.0002139742597870063  error_V_h1=3.8149583569685728  α = 1.0
  5   -21.61308121418       -5.12       -3.23    14.0s
    hm1_norm_ρdiff=0.056905645823606535 hm1_norm_Δρ=0.00030831520611533826  error_V_h1=3.819742429573496  α = 1.0
  6   -21.61308651222       -5.28       -3.89    16.0s
    hm1_norm_ρdiff=0.05664298224713039 hm1_norm_Δρ=5.350349800426273e-5  error_V_h1=3.8194712709224152  α = 1.0
  7   -21.61308738686       -6.06       -3.66    12.5s
    hm1_norm_ρdiff=0.056674296949387075 hm1_norm_Δρ=0.00011155334004033295  error_V_h1=3.817823759730412  α = 1.0
  8   -21.61308879356       -5.85       -4.13    14.7s
    hm1_norm_ρdiff=0.05676778523571125 hm1_norm_Δρ=3.170755792969177e-5  error_V_h1=3.8179822509618346  α = 1.0
  9   -21.61308889306       -7.00       -4.07    15.0s
    hm1_norm_ρdiff=0.05675069572605745 hm1_norm_Δρ=4.367351741930398e-5  error_V_h1=3.8186495646786374  α = 1.0
 10   -21.61308925919       -6.44       -4.45    15.2s
    hm1_norm_ρdiff=0.0567141838766816 hm1_norm_Δρ=1.516307435988655e-5  error_V_h1=3.818559907763673  α = 1.0
 11   -21.61308932735       -7.17       -4.45    21.5s
    hm1_norm_ρdiff=0.05671491363322907 hm1_norm_Δρ=1.8261174896542192e-5  error_V_h1=3.8184174518750287  α = 0.494

#-- |ρε - ρref| = 0.0567339650185687 vs. 3.1622776601683795e-5 = δ*ε  error_V_h1=3.8183423692917318  Qε=0.08990474740705685


# --- ε=0.0017782794100389228

n     Energy            log10(ΔE)   log10(Δρ)   Δtime
---   ---------------   ---------   ---------   ------
  1   -21.58726375971                   -1.39    40.4s
    hm1_norm_ρdiff=0.06892182496473817 hm1_norm_Δρ=0.025152216956885992  error_V_h1=3.3540157957099774  α = 0.516
  2   -21.58771585737       -3.34       -2.49    12.2s
    hm1_norm_ρdiff=0.04385596249071812 hm1_norm_Δρ=0.0018384395352158355  error_V_h1=3.2960436281045755  α = 1.0
  3   -21.58774436131       -4.55       -2.73    13.7s
    hm1_norm_ρdiff=0.04544582866920677 hm1_norm_Δρ=0.0009219449256923717  error_V_h1=3.2761663672448336  α = 1.0
  4   -21.58784419688       -4.00       -2.96    14.0s
    hm1_norm_ρdiff=0.04615165494148689 hm1_norm_Δρ=0.0005784586774063183  error_V_h1=3.2912848811348763  α = 1.0
  5   -21.58785714869       -4.89       -3.12    22.8s
    hm1_norm_ρdiff=0.045784746317982024 hm1_norm_Δρ=0.00039917625584510704  error_V_h1=3.296389481925145  α = 0.509
  6   -21.58786186359       -5.33       -3.91    15.5s
    hm1_norm_ρdiff=0.04545610727066624 hm1_norm_Δρ=6.15405200627153e-5  error_V_h1=3.2985748296362605  α = 1.0
  7   -21.58786413965       -5.64       -4.02    15.2s
    hm1_norm_ρdiff=0.04541073195075482 hm1_norm_Δρ=3.979760758862787e-5  error_V_h1=3.2981600833859517  α = 1.0
  8   -21.58786499814       -6.07       -4.09    14.3s
    hm1_norm_ρdiff=0.04543266914117605 hm1_norm_Δρ=3.3132337251506426e-5  error_V_h1=3.2973962340342244  α = 1.0
  9   -21.58786538476       -6.41       -4.30    14.6s
    hm1_norm_ρdiff=0.04544137649397804 hm1_norm_Δρ=2.4396201233486222e-5  error_V_h1=3.297952445279699  α = 1.0
 10   -21.58786560600       -6.66       -4.40    16.1s
    hm1_norm_ρdiff=0.04542210579982272 hm1_norm_Δρ=1.7379912995723515e-5  error_V_h1=3.298436016600456  α = 1.0
 11   -21.58786569198       -7.07       -4.72    15.4s
    hm1_norm_ρdiff=0.04541494687277247 hm1_norm_Δρ=9.707027546896166e-6  error_V_h1=3.298177318745356  α = 1.0

#-- |ρε - ρref| = 0.045428498325156 vs. 1.778279410038923e-5 = δ*ε  error_V_h1=3.297911119889291  Qε=0.13283124564231813


# --- ε=0.001

n     Energy            log10(ΔE)   log10(Δρ)   Δtime
---   ---------------   ---------   ---------   ------
  1   -21.55662779696                   -1.24    37.9s
    hm1_norm_ρdiff=0.062085260311352156 hm1_norm_Δρ=0.035880161475459915  error_V_h1=3.1876409147178735  α = 0.537
  2   -21.56107233515       -2.35       -1.91    13.6s
    hm1_norm_ρdiff=0.026445314482850705 hm1_norm_Δρ=0.007380291128639095  error_V_h1=2.766023349217238  α = 1.0
  3   -21.56119876812       -3.90       -2.51    21.5s
    hm1_norm_ρdiff=0.03318041510972611 hm1_norm_Δρ=0.0015056730251749974  error_V_h1=2.744424806524882  α = 0.522
  4   -21.56123551437       -4.43       -3.10    12.2s
    hm1_norm_ρdiff=0.034006871649422225 hm1_norm_Δρ=0.0003406697205405629  error_V_h1=2.748014315716549  α = 1.0
  5   -21.56124791297       -4.91       -3.25    13.2s
    hm1_norm_ρdiff=0.0338097690254318 hm1_norm_Δρ=0.0003011738682460064  error_V_h1=2.7611854606736914  α = 1.0
  6   -21.56125614135       -5.08       -3.40    12.1s
    hm1_norm_ρdiff=0.03357761927627442 hm1_norm_Δρ=0.0001608047103455251  error_V_h1=2.764328186408369  α = 1.0
  7   -21.56125850104       -5.63       -3.63    13.9s
    hm1_norm_ρdiff=0.033596924823418646 hm1_norm_Δρ=0.00012540998469247284  error_V_h1=2.757864653792489  α = 1.0
  8   -21.56125994552       -5.84       -3.78    19.6s
    hm1_norm_ρdiff=0.033693549000304863 hm1_norm_Δρ=6.948566699304508e-5  error_V_h1=2.7565770498151747  α = 1.0
  9   -21.56126051987       -6.24       -3.92    13.5s
    hm1_norm_ρdiff=0.033686419011182335 hm1_norm_Δρ=5.995085162868205e-5  error_V_h1=2.759818940227695  α = 1.0
 10   -21.56126079958       -6.55       -4.29    15.1s
    hm1_norm_ρdiff=0.03364477007438461 hm1_norm_Δρ=2.183965796336713e-5  error_V_h1=2.7600868116736104  α = 1.0
 11   -21.56126093811       -6.86       -4.22    19.1s
    hm1_norm_ρdiff=0.033649735397824516 hm1_norm_Δρ=2.773522969732272e-5  error_V_h1=2.7586643144498058  α = 1.0
 12   -21.56126100361       -7.18       -4.81    14.8s
    hm1_norm_ρdiff=0.03366674502032581 hm1_norm_Δρ=6.560544316252422e-6  error_V_h1=2.7587543893785673  α = 1.0
 13   -21.56126103154       -7.55       -4.56    14.6s
    hm1_norm_ρdiff=0.03366299825006257 hm1_norm_Δρ=1.3127667776830964e-5  error_V_h1=2.7594573780300347  α = 1.0
 14   -21.56126105063       -7.72       -5.02    18.1s
    hm1_norm_ρdiff=0.033654389042704416 hm1_norm_Δρ=4.763851842525127e-6  error_V_h1=2.7592429207457894  α = 1.0
 15   -21.56126105460       -8.40       -4.91    14.3s
    hm1_norm_ρdiff=0.03365862006276519 hm1_norm_Δρ=5.1737458157602595e-6  error_V_h1=2.759035930257862  α = 1.0

#-- |ρε - ρref| = 0.03365971219965523 vs. 1.0e-5 = δ*ε  error_V_h1=2.7590868895037297  Qε=0.18506800562269055


# --- ε=0.0005623413251903491

n     Energy            log10(ΔE)   log10(Δρ)   Δtime
---   ---------------   ---------   ---------   ------
  1   -21.53573412179                   -1.12    48.5s
    hm1_norm_ρdiff=0.06752088593999371 hm1_norm_Δρ=0.04749537388263433  error_V_h1=2.518642586402254  α = 0.287
  2   -21.53692134725       -2.93       -2.21    12.7s
    hm1_norm_ρdiff=0.020344876019935718 hm1_norm_Δρ=0.0032415652165401136  error_V_h1=2.30506255877283  α = 1.0
  3   -21.53709373781       -3.76       -2.52    21.9s
    hm1_norm_ρdiff=0.02259145415263116 hm1_norm_Δρ=0.0015328629583566424  error_V_h1=2.2570744061310166  α = 0.503
  4   -21.53710506091       -4.95       -2.83    12.0s
    hm1_norm_ρdiff=0.02347721658402628 hm1_norm_Δρ=0.0005987197634309682  error_V_h1=2.2451930646784297  α = 1.0
  5   -21.53713550614       -4.52       -3.13    16.1s
    hm1_norm_ρdiff=0.023313486698449005 hm1_norm_Δρ=0.0003487506892225946  error_V_h1=2.2743503333430586  α = 1.0
  6   -21.53713644999       -6.03       -3.52    13.9s
    hm1_norm_ρdiff=0.023108410375213564 hm1_norm_Δρ=0.00012685192598999777  error_V_h1=2.27856184906172  α = 1.0
  7   -21.53714107303       -5.34       -3.60    12.6s
    hm1_norm_ρdiff=0.023139977275641963 hm1_norm_Δρ=0.00011289747249437637  error_V_h1=2.27057523704304  α = 1.0
  8   -21.53714145226       -6.42       -3.94    13.7s
    hm1_norm_ρdiff=0.02318870863879921 hm1_norm_Δρ=5.066137222065007e-5  error_V_h1=2.269821410736399  α = 1.0
  9   -21.53714216169       -6.15       -4.30    14.9s
    hm1_norm_ρdiff=0.02317204161876766 hm1_norm_Δρ=2.453287458294686e-5  error_V_h1=2.27241948916784  α = 1.0
 10   -21.53714220916       -7.32       -4.18    15.9s
    hm1_norm_ρdiff=0.023158404561499615 hm1_norm_Δρ=2.878940156808303e-5  error_V_h1=2.2727929882340603  α = 1.0
 11   -21.53714242141       -6.67       -4.44    13.6s
    hm1_norm_ρdiff=0.023162502335645603 hm1_norm_Δρ=1.6062500449510052e-5  error_V_h1=2.271943653503978  α = 1.0
 12   -21.53714245337       -7.50       -4.75    23.2s
    hm1_norm_ρdiff=0.023166826241821054 hm1_norm_Δρ=7.0659918354823e-6  error_V_h1=2.2719145512978627  α = 0.509
 13   -21.53714246759       -7.85       -4.89    14.2s
    hm1_norm_ρdiff=0.02316549377848843 hm1_norm_Δρ=6.088552019624923e-6  error_V_h1=2.272263079313348  α = 1.0
 14   -21.53714247699       -8.03       -4.92    15.3s
    hm1_norm_ρdiff=0.023161432997206473 hm1_norm_Δρ=6.104805879577052e-6  error_V_h1=2.272014254716021  α = 1.0
 15   -21.53714247856       -8.80       -4.99    13.8s
    hm1_norm_ρdiff=0.02316621300343772 hm1_norm_Δρ=5.333225240570013e-6  error_V_h1=2.2722901166988274  α = 1.0
 16   -21.53714248084       -8.64       -5.16    13.0s
    hm1_norm_ρdiff=0.023161984453998495 hm1_norm_Δρ=3.870880305639965e-6  error_V_h1=2.2719638987473827  α = 1.0

#-- |ρε - ρref| = 0.023164263737455146 vs. 5.623413251903491e-6 = δ*ε  error_V_h1=2.2720821208791993  Qε=0.2455713769605027


# --- ε=0.00031622776601683794

n     Energy            log10(ΔE)   log10(Δρ)   Δtime
---   ---------------   ---------   ---------   ------
  1   -21.51764550368                   -1.03    54.6s
    hm1_norm_ρdiff=0.07228168843094776 hm1_norm_Δρ=0.058126836701887716  error_V_h1=1.8886653214430797  α = 0.154
  2   -21.51791356427       -3.57       -2.28    21.7s
    hm1_norm_ρdiff=0.014541279094656006 hm1_norm_Δρ=0.002200368704123808  error_V_h1=1.933753051436137  α = 0.507
  3   -21.51801097833       -4.01       -2.92    13.4s
    hm1_norm_ρdiff=0.014605611106794529 hm1_norm_Δρ=0.0006213732478784288  error_V_h1=1.8592298304809916  α = 1.0
  4   -21.51802636514       -4.81       -3.27    12.8s
    hm1_norm_ρdiff=0.015121484894855519 hm1_norm_Δρ=0.0002137921176974423  error_V_h1=1.850977902614525  α = 1.0
  5   -21.51803167681       -5.27       -3.32    15.2s
    hm1_norm_ρdiff=0.015097497457154975 hm1_norm_Δρ=0.00023086464046952548  error_V_h1=1.866396914963119  α = 1.0
  6   -21.51803590938       -5.37       -3.40    14.3s
    hm1_norm_ρdiff=0.014984144155211859 hm1_norm_Δρ=0.00016479389248861794  error_V_h1=1.8794496983334523  α = 1.0
  7   -21.51803808471       -5.66       -3.60    24.9s
    hm1_norm_ρdiff=0.014932096092211753 hm1_norm_Δρ=0.00011366663576825886  error_V_h1=1.8725328300594581  α = 0.488
  8   -21.51803828024       -6.71       -3.88    15.2s
    hm1_norm_ρdiff=0.014978393933647772 hm1_norm_Δρ=5.4898178534534225e-5  error_V_h1=1.8653065635668775  α = 1.0
  9   -21.51803889745       -6.21       -4.04    15.3s
    hm1_norm_ρdiff=0.015013654485717634 hm1_norm_Δρ=3.990442954979636e-5  error_V_h1=1.867641162013656  α = 1.0
 10   -21.51803903400       -6.86       -4.17    22.4s
    hm1_norm_ρdiff=0.015007123125493295 hm1_norm_Δρ=2.7724331018119044e-5  error_V_h1=1.8690953091845512  α = 0.506
 11   -21.51803907833       -7.35       -4.80    14.9s
    hm1_norm_ρdiff=0.014993596339620305 hm1_norm_Δρ=6.50648078274778e-6  error_V_h1=1.8690490165648954  α = 1.0
 12   -21.51803909852       -7.69       -4.87    15.3s
    hm1_norm_ρdiff=0.014993600255463275 hm1_norm_Δρ=6.15910867301537e-6  error_V_h1=1.868550125269063  α = 1.0
 13   -21.51803910966       -7.95       -4.83    15.3s
    hm1_norm_ρdiff=0.014998427568515892 hm1_norm_Δρ=6.779286873796972e-6  error_V_h1=1.8689357865628364  α = 1.0
 14   -21.51803911459       -8.31       -4.77    20.2s
    hm1_norm_ρdiff=0.014990923474747413 hm1_norm_Δρ=8.422746992329814e-6  error_V_h1=1.8687521122451685  α = 0.512
 15   -21.51803911608       -8.83       -4.92    20.5s
    hm1_norm_ρdiff=0.01499971285298569 hm1_norm_Δρ=7.010934525996192e-6  error_V_h1=1.869171481787125  α = 0.534
 16   -21.51803911712       -8.98       -5.24    16.5s
    hm1_norm_ρdiff=0.014992971920628529 hm1_norm_Δρ=3.267175828082691e-6  error_V_h1=1.868835025662926  α = 1.0
 17   -21.51803911829       -8.93       -5.66    13.6s
    hm1_norm_ρdiff=0.014995925017123803 hm1_norm_Δρ=8.938016233525256e-7  error_V_h1=1.8688773680567283  α = 1.0
 18   -21.51803911838      -10.07       -5.74    14.3s
    hm1_norm_ρdiff=0.014995497192641549 hm1_norm_Δρ=7.541262473257879e-7  error_V_h1=1.8689136330189113  α = 1.0

#-- |ρε - ρref| = 0.014994994857608895 vs. 3.1622776601683796e-6 = δ*ε  error_V_h1=1.8689190782026928  Qε=0.3125253677230396


# --- ε=0.00017782794100389227

n     Energy            log10(ΔE)   log10(Δρ)   Δtime
---   ---------------   ---------   ---------   ------
  1   -21.50412419409                   -0.97    57.5s
    hm1_norm_ρdiff=0.07599947991645957 hm1_norm_Δρ=0.06655284437284949  error_V_h1=1.384905622104397  α = 0.0815
  2   -21.50436252299       -3.62       -2.14    32.4s
    hm1_norm_ρdiff=0.010969830844445628 hm1_norm_Δρ=0.003157685080416216  error_V_h1=1.4998244235674938  α = 0.273
  3   -21.50439938473       -4.43       -2.79    27.2s
    hm1_norm_ρdiff=0.009662250162491988 hm1_norm_Δρ=0.000704855515633672  error_V_h1=1.5326114271996951  α = 0.513
  4   -21.50441446933       -4.82       -2.84    22.4s
    hm1_norm_ρdiff=0.009502942668061884 hm1_norm_Δρ=0.0006596028032856903  error_V_h1=1.5702873683171803  α = 0.534
  5   -21.50442837024       -4.86       -3.26    14.0s
    hm1_norm_ρdiff=0.009200647649669248 hm1_norm_Δρ=0.00019707770540298937  error_V_h1=1.5357330971747674  α = 1.0
  6   -21.50443257510       -5.38       -3.56    18.5s
    hm1_norm_ρdiff=0.009232925734402375 hm1_norm_Δρ=0.00011113796770369652  error_V_h1=1.540966314945175  α = 1.0
  7   -21.50443382341       -5.90       -3.84    15.6s
    hm1_norm_ρdiff=0.00929270440819519 hm1_norm_Δρ=5.2442771261985366e-5  error_V_h1=1.5390685761438019  α = 1.0
  8   -21.50443443134       -6.22       -3.98    17.7s
    hm1_norm_ρdiff=0.009285513811530489 hm1_norm_Δρ=3.954467145515096e-5  error_V_h1=1.5408707405128816  α = 1.0
  9   -21.50443479514       -6.44       -4.27    15.4s
    hm1_norm_ρdiff=0.00926796217078089 hm1_norm_Δρ=1.77563296481432e-5  error_V_h1=1.5410439722013785  α = 1.0
 10   -21.50443483387       -7.41       -4.44    14.0s
    hm1_norm_ρdiff=0.009274369817346282 hm1_norm_Δρ=1.3487416637230756e-5  error_V_h1=1.53913393467685  α = 1.0
 11   -21.50443492567       -7.04       -4.63    16.5s
    hm1_norm_ρdiff=0.009281304351612047 hm1_norm_Δρ=8.18861372639268e-6  error_V_h1=1.539933878904941  α = 1.0
 12   -21.50443494588       -7.69       -4.62    22.6s
    hm1_norm_ρdiff=0.00928242613964813 hm1_norm_Δρ=1.0656209439128281e-5  error_V_h1=1.5407591579994422  α = 0.5
 13   -21.50443494951       -8.44       -4.62    31.1s
    hm1_norm_ρdiff=0.009264465214120792 hm1_norm_Δρ=1.4690758872982234e-5  error_V_h1=1.54002462963306  α = 0.291
 14   -21.50443495514       -8.25       -4.96    23.5s
    hm1_norm_ρdiff=0.009280683682211681 hm1_norm_Δρ=5.195208442123094e-6  error_V_h1=1.540288646751349  α = 0.5
 15   -21.50443495779       -8.58       -4.90    24.3s
    hm1_norm_ρdiff=0.009276665857714297 hm1_norm_Δρ=5.042269564986095e-6  error_V_h1=1.5403012904343403  α = 0.521
 16   -21.50443495940       -8.79       -4.99    22.8s
    hm1_norm_ρdiff=0.009276813847965427 hm1_norm_Δρ=4.223810404580369e-6  error_V_h1=1.5400994833669668  α = 0.519
 17   -21.50443496012       -9.14       -5.51    15.9s
    hm1_norm_ρdiff=0.009277205340996252 hm1_norm_Δρ=1.2143123013268137e-6  error_V_h1=1.540387261053551  α = 1.0
 18   -21.50443496044       -9.49       -5.50    16.1s
    hm1_norm_ρdiff=0.00927681146353476 hm1_norm_Δρ=1.2029522784927217e-6  error_V_h1=1.5403817660434418  α = 1.0

#-- |ρε - ρref| = 0.009277219593054685 vs. 1.7782794100389227e-6 = δ*ε  error_V_h1=1.5401440896307323  Qε=0.395679858427911


# --- ε=0.0001

n     Energy            log10(ΔE)   log10(Δρ)   Δtime
---   ---------------   ---------   ---------   ------
  1   -21.49200204139                   -0.94    65.6s
    hm1_norm_ρdiff=0.07508989037888418 hm1_norm_Δρ=0.07239193326240577  error_V_h1=2.736885004396814  α = 0.0897
  2   -21.49343087056       -2.85       -1.92    18.9s
    hm1_norm_ρdiff=0.004401160877564798 hm1_norm_Δρ=0.005006361923737705  error_V_h1=2.4124261571809558  α = 0.525
  3   -21.49439333215       -3.02       -1.96    22.8s
    hm1_norm_ρdiff=0.003305333944425041 hm1_norm_Δρ=0.005635859199685594  error_V_h1=1.6998028170333486  α = 0.536
  4   -21.49463020113       -3.63       -1.90    28.7s
    hm1_norm_ρdiff=0.007389134953073407 hm1_norm_Δρ=0.005942198494834758  error_V_h1=1.4521999825647218  α = 0.298
  5   -21.49515110970       -3.28       -2.42    12.7s
    hm1_norm_ρdiff=0.0067546274705296595 hm1_norm_Δρ=0.001742066165083573  error_V_h1=1.2077463657759264  α = 1.0
  6   -21.49538819773       -3.63       -2.50    20.5s
    hm1_norm_ρdiff=0.005726150986604555 hm1_norm_Δρ=0.001112054948716669  error_V_h1=1.3668562872218406  α = 0.499
  7   -21.49542818858       -4.40       -2.98    12.3s
    hm1_norm_ρdiff=0.005215465113037004 hm1_norm_Δρ=0.0005352258885141737  error_V_h1=1.2511609872627276  α = 1.0
  8   -21.49544775184       -4.71       -3.01    17.0s
    hm1_norm_ρdiff=0.005675519728183094 hm1_norm_Δρ=0.00036128706763452505  error_V_h1=1.2436751456083883  α = 0.51
  9   -21.49545612250       -5.08       -3.27    17.4s
    hm1_norm_ρdiff=0.0057772653774564664 hm1_norm_Δρ=0.0002434772250204534  error_V_h1=1.2569720736446217  α = 0.504
 10   -21.49545711912       -6.00       -3.58    19.0s
    hm1_norm_ρdiff=0.005629843942214225 hm1_norm_Δρ=0.00010665175711836787  error_V_h1=1.263335594749055  α = 0.526
 11   -21.49545734300       -6.65       -4.29    12.4s
    hm1_norm_ρdiff=0.005552319623863291 hm1_norm_Δρ=1.869511246605617e-5  error_V_h1=1.2634353905449038  α = 1.0
 12   -21.49545739880       -7.25       -4.46    12.8s
    hm1_norm_ρdiff=0.005560520100375352 hm1_norm_Δρ=1.3563319439823863e-5  error_V_h1=1.2611968466369678  α = 1.0
 13   -21.49545745427       -7.26       -4.68    19.4s
    hm1_norm_ρdiff=0.005570391747117729 hm1_norm_Δρ=6.9264224844776505e-6  error_V_h1=1.2612642998595134  α = 1.0
 14   -21.49545746893       -7.83       -4.58    20.7s
    hm1_norm_ρdiff=0.00556963743304693 hm1_norm_Δρ=1.0534739590206955e-5  error_V_h1=1.2617646977997792  α = 0.516
 15   -21.49545747248       -8.45       -4.36    32.9s
    hm1_norm_ρdiff=0.005564403586228425 hm1_norm_Δρ=1.7200828904490238e-5  error_V_h1=1.2625916827135397  α = 0.297
 16   -21.49545748133       -8.05       -5.04    13.8s
    hm1_norm_ρdiff=0.0055630914516676825 hm1_norm_Δρ=3.0861554430861806e-6  error_V_h1=1.2622914622915944  α = 1.0
 17   -21.49545748392       -8.59       -5.13    25.6s
    hm1_norm_ρdiff=0.005563057981563722 hm1_norm_Δρ=3.109615048000404e-6  error_V_h1=1.2619631478276943  α = 0.505
 18   -21.49545748451       -9.23       -4.80    36.8s
    hm1_norm_ρdiff=0.005564996288787637 hm1_norm_Δρ=6.676717742814836e-6  error_V_h1=1.2618963220220418  α = 0.148
 19   -21.49545748480       -9.54       -5.47    14.1s
    hm1_norm_ρdiff=0.005564947284314966 hm1_norm_Δρ=1.1836959299065918e-6  error_V_h1=1.2622279132326601  α = 1.0
 20   -21.49545748534       -9.27       -5.52    13.6s
    hm1_norm_ρdiff=0.0055643522300097776 hm1_norm_Δρ=1.0078677094548772e-6  error_V_h1=1.262078446159259  α = 1.0
 21   -21.49545748549       -9.83       -5.43    31.5s
    hm1_norm_ρdiff=0.005562910385621085 hm1_norm_Δρ=1.9562078992923652e-6  error_V_h1=1.2619887635487395  α = 0.274
 22   -21.49545748560       -9.98       -5.36    30.6s
    hm1_norm_ρdiff=0.005565032541785984 hm1_norm_Δρ=1.4672904861829385e-6  error_V_h1=1.2621188796361187  α = 0.291
 23   -21.49545748565      -10.23       -5.73    22.1s
    hm1_norm_ρdiff=0.005564179872941214 hm1_norm_Δρ=7.465517012499647e-7  error_V_h1=1.2620931825444983  α = 0.521
 24   -21.49545748569      -10.52       -6.15    15.8s
    hm1_norm_ρdiff=0.005564486403824862 hm1_norm_Δρ=2.406897530935629e-7  error_V_h1=1.2620666771789086  α = 1.0

#-- |ρε - ρref| = 0.005564447318726281 vs. 1.0000000000000002e-6 = δ*ε  error_V_h1=1.262076740492758  Qε=0.48735816125741255


# --- ε=5.623413251903491e-5

n     Energy            log10(ΔE)   log10(Δρ)   Δtime
---   ---------------   ---------   ---------   ------
  1   -21.48840961852                   -0.92    69.3s
    hm1_norm_ρdiff=0.07820025199189769 hm1_norm_Δρ=0.07630866603896443  error_V_h1=2.2156113550122813  α = 0.0468
  2   -21.48885937572       -3.35       -1.90    36.2s
    hm1_norm_ρdiff=0.005814212049485973 hm1_norm_Δρ=0.005218020972491712  error_V_h1=2.050495185891712  α = 0.151
  3   -21.48930328237       -3.35       -2.18    29.1s
    hm1_norm_ρdiff=0.0023976015323898584 hm1_norm_Δρ=0.002999007871355315  error_V_h1=1.7245963124224697  α = 0.277
  4   -21.48972425512       -3.38       -2.00    36.7s
    hm1_norm_ρdiff=0.003572142440074058 hm1_norm_Δρ=0.005059101879359024  error_V_h1=1.2852454342298238  α = 0.153
  5   -21.48981922619       -4.02       -2.46    26.8s
    hm1_norm_ρdiff=0.0028693486989373076 hm1_norm_Δρ=0.0012472534339123369  error_V_h1=1.0048399026280037  α = 0.281
  6   -21.48982447060       -5.28       -3.37    19.9s
    hm1_norm_ρdiff=0.003379411785015086 hm1_norm_Δρ=0.00015540283087709042  error_V_h1=1.0008001273501568  α = 0.516
  7   -21.48982570951       -5.91       -3.40    18.9s
    hm1_norm_ρdiff=0.0033548295598044247 hm1_norm_Δρ=0.00016092676763572613  error_V_h1=1.012413188524699  α = 0.538
  8   -21.48982707355       -5.87       -3.49    18.7s
    hm1_norm_ρdiff=0.0032870310919047865 hm1_norm_Δρ=0.00010873227164897153  error_V_h1=1.0258549700088053  α = 0.527
  9   -21.48982751952       -6.35       -3.83    16.4s
    hm1_norm_ρdiff=0.0032472775579654558 hm1_norm_Δρ=4.457499836846086e-5  error_V_h1=1.0271851055888161  α = 1.0
 10   -21.48982793703       -6.38       -3.91    14.7s
    hm1_norm_ρdiff=0.0032672416121198 hm1_norm_Δρ=3.637902777672918e-5  error_V_h1=1.0134098647973016  α = 1.0
 11   -21.48982815254       -6.67       -4.13    13.5s
    hm1_norm_ρdiff=0.003280769071256172 hm1_norm_Δρ=2.6067421456975794e-5  error_V_h1=1.0163632669354952  α = 1.0
 12   -21.48982831390       -6.79       -4.29    16.4s
    hm1_norm_ρdiff=0.0032711083181928757 hm1_norm_Δρ=1.7685860722649452e-5  error_V_h1=1.0211171995302968  α = 1.0
 13   -21.48982836886       -7.26       -4.42    14.9s
    hm1_norm_ρdiff=0.0032651662162072716 hm1_norm_Δρ=1.3244315345518762e-5  error_V_h1=1.021257187361677  α = 1.0
 14   -21.48982839235       -7.63       -4.08    38.2s
    hm1_norm_ρdiff=0.0032615941474183545 hm1_norm_Δρ=3.443768709925051e-5  error_V_h1=1.0193588590699916  α = 0.149
 15   -21.48982840362       -7.95       -4.22    29.3s
    hm1_norm_ρdiff=0.0032647142472939524 hm1_norm_Δρ=2.446484218781324e-5  error_V_h1=1.018649237508911  α = 0.297
 16   -21.48982842102       -7.76       -4.22    29.0s
    hm1_norm_ρdiff=0.003283560695062597 hm1_norm_Δρ=2.484332450358656e-5  error_V_h1=1.0180092038489894  α = 0.296
 17   -21.48982843346       -7.91       -4.72    23.4s
    hm1_norm_ρdiff=0.0032728473389008234 hm1_norm_Δρ=7.326922128554552e-6  error_V_h1=1.0177947215722203  α = 0.513
 18   -21.48982843484       -8.86       -4.25    37.6s
    hm1_norm_ρdiff=0.0032580942338851053 hm1_norm_Δρ=2.233530614906552e-5  error_V_h1=1.0177327571425252  α = 0.166
 19   -21.48982843824       -8.47       -4.70    23.5s
    hm1_norm_ρdiff=0.0032731723210029334 hm1_norm_Δρ=6.5865838003596335e-6  error_V_h1=1.019892042066845  α = 0.536
 20   -21.48982844139       -8.50       -4.87    22.3s
    hm1_norm_ρdiff=0.003269344447970639 hm1_norm_Δρ=4.537585879552739e-6  error_V_h1=1.018865392007677  α = 0.527
 21   -21.48982844324       -8.73       -4.75    30.9s
    hm1_norm_ρdiff=0.0032718622983209733 hm1_norm_Δρ=5.812985474221811e-6  error_V_h1=1.0187954446299687  α = 0.282
 22   -21.48982844368       -9.37       -5.07    20.2s
    hm1_norm_ρdiff=0.0032702679354084255 hm1_norm_Δρ=2.7969455324397192e-6  error_V_h1=1.0182745930799177  α = 0.539
 23   -21.48982844456       -9.05       -5.27    21.2s
    hm1_norm_ρdiff=0.0032709818017517605 hm1_norm_Δρ=1.522745992661465e-6  error_V_h1=1.0184305380041954  α = 0.502
 24   -21.48982844490       -9.47       -5.63    19.6s
    hm1_norm_ρdiff=0.0032706781507512088 hm1_norm_Δρ=7.491114278946225e-7  error_V_h1=1.018531107027402  α = 0.491
 25   -21.48982844498      -10.11       -5.58    31.8s
    hm1_norm_ρdiff=0.0032711612047035855 hm1_norm_Δρ=8.790916396903505e-7  error_V_h1=1.0186632035871797  α = 0.285
 26   -21.48982844502      -10.36       -6.13    13.2s
    hm1_norm_ρdiff=0.003270693534669115 hm1_norm_Δρ=2.543919046202148e-7  error_V_h1=1.018642400573993  α = 1.0
 27   -21.48982844504      -10.82       -5.48    39.2s
    hm1_norm_ρdiff=0.003271381827060805 hm1_norm_Δρ=1.5136874376423858e-6  error_V_h1=1.0186248564567695  α = 0.164
 28   -21.48982844506      -10.71       -5.83    20.6s
    hm1_norm_ρdiff=0.0032707261933293983 hm1_norm_Δρ=5.733460294400162e-7  error_V_h1=1.018696348356434  α = 0.537
 29   -21.48982844507      -10.91       -5.61    30.9s
    hm1_norm_ρdiff=0.0032701689516692087 hm1_norm_Δρ=1.0214641463039256e-6  error_V_h1=1.0185800993291438  α = 0.3
 30   -21.48982844508      -11.04       -5.64    39.2s
    hm1_norm_ρdiff=0.0032712825410586735 hm1_norm_Δρ=9.965133048349596e-7  error_V_h1=1.0185829277856036  α = 0.162
 31   -21.48982844510      -10.58       -5.90    30.0s
    hm1_norm_ρdiff=0.003270739329040025 hm1_norm_Δρ=3.7764448648157974e-7  error_V_h1=1.018570132502165  α = 0.266
 32   -21.48982844511      -11.60       -6.14    21.5s
    hm1_norm_ρdiff=0.003270834209391531 hm1_norm_Δρ=2.693244385990083e-7  error_V_h1=1.0186612811617208  α = 0.54

#-- |ρε - ρref| = 0.003270724567189688 vs. 5.62341325190349e-7 = δ*ε  error_V_h1=1.01863581867433  Qε=0.5845010647532974


# --- ε=3.1622776601683795e-5

n     Energy            log10(ΔE)   log10(Δρ)   Δtime
---   ---------------   ---------   ---------   ------
  1   -21.48593909024                   -0.90    79.4s
    hm1_norm_ρdiff=0.08007409684799101 hm1_norm_Δρ=0.07872545905658451  error_V_h1=1.6062492630434466  α = 0.0232
  2   -21.48610505437       -3.78       -1.86    46.5s
    hm1_norm_ρdiff=0.006213015502140875 hm1_norm_Δρ=0.005725538497213686  error_V_h1=1.4991876988798007  α = 0.0874
  3   -21.48613032623       -4.60       -2.25    41.0s
    hm1_norm_ρdiff=0.0024549656490478284 hm1_norm_Δρ=0.0023254807647335326  error_V_h1=1.5217068496596085  α = 0.165
  4   -21.48624812254       -3.93       -2.32    36.8s
    hm1_norm_ρdiff=0.0018795570076793678 hm1_norm_Δρ=0.001947467830070029  error_V_h1=1.3662879673673218  α = 0.153
  5   -21.48633795612       -4.05       -2.66    19.4s
    hm1_norm_ρdiff=0.001353468927795143 hm1_norm_Δρ=0.0009603022650054425  error_V_h1=0.9217846601925486  α = 0.536
  6   -21.48636961523       -4.50       -2.89    22.5s
    hm1_norm_ρdiff=0.0021316946509697568 hm1_norm_Δρ=0.0004243373338673583  error_V_h1=0.8011872704579498  α = 0.529
  7   -21.48639172140       -4.66       -2.80    30.5s
    hm1_norm_ρdiff=0.002272221936108691 hm1_norm_Δρ=0.0006064070364467393  error_V_h1=0.7671553429415781  α = 0.289
  8   -21.48640784563       -4.79       -2.87    30.5s
    hm1_norm_ρdiff=0.002151786768363708 hm1_norm_Δρ=0.00045932278819754403  error_V_h1=0.8102916864229315  α = 0.286
  9   -21.48641088382       -5.52       -3.30    22.8s
    hm1_norm_ρdiff=0.001865699757751725 hm1_norm_Δρ=0.00012893247013147607  error_V_h1=0.8513728408466404  α = 0.532
 10   -21.48641335728       -5.61       -3.56    23.9s
    hm1_norm_ρdiff=0.0018452021774379487 hm1_norm_Δρ=8.726774330770705e-5  error_V_h1=0.8310888753947265  α = 0.517
 11   -21.48641402495       -6.18       -3.73    21.4s
    hm1_norm_ρdiff=0.0018736046924199658 hm1_norm_Δρ=6.616297991483956e-5  error_V_h1=0.8042525221808651  α = 0.533
 12   -21.48641440646       -6.42       -4.05    22.5s
    hm1_norm_ρdiff=0.0019078463482001481 hm1_norm_Δρ=2.9780737780142822e-5  error_V_h1=0.799721658569395  α = 0.516
 13   -21.48641445509       -7.31       -3.85    40.1s
    hm1_norm_ρdiff=0.001923959478311456 hm1_norm_Δρ=5.8687377625186155e-5  error_V_h1=0.7981705013616119  α = 0.162
 14   -21.48641456720       -6.95       -3.83    35.3s
    hm1_norm_ρdiff=0.0019311355488565564 hm1_norm_Δρ=5.69624060746449e-5  error_V_h1=0.8041545738944785  α = 0.153
 15   -21.48641457606       -8.05       -3.65    45.3s
    hm1_norm_ρdiff=0.00190982069927596 hm1_norm_Δρ=7.992402827159993e-5  error_V_h1=0.8085874223938352  α = 0.0897
 16   -21.48641460168       -7.59       -4.65    23.2s
    hm1_norm_ρdiff=0.001894351529113987 hm1_norm_Δρ=7.396973448887205e-6  error_V_h1=0.810259063608535  α = 0.511
 17   -21.48641461008       -8.08       -3.98    44.3s
    hm1_norm_ρdiff=0.0019101708716726985 hm1_norm_Δρ=3.601890440359154e-5  error_V_h1=0.8094680507877938  α = 0.088
 18   -21.48641461481       -8.32       -4.47    30.7s
    hm1_norm_ρdiff=0.0018931753371194038 hm1_norm_Δρ=9.873764777489638e-6  error_V_h1=0.8086841848418352  α = 0.294
 19   -21.48641461915       -8.36       -4.67    31.6s
    hm1_norm_ρdiff=0.0018959243979017196 hm1_norm_Δρ=7.491814380488352e-6  error_V_h1=0.8078202464233726  α = 0.286
 20   -21.48641462217       -8.52       -4.64    30.3s
    hm1_norm_ρdiff=0.001897288712135702 hm1_norm_Δρ=6.985892172795791e-6  error_V_h1=0.8074019706844454  α = 0.295
 21   -21.48641462388       -8.77       -4.90    30.9s
    hm1_norm_ρdiff=0.001896681853972592 hm1_norm_Δρ=3.6834371261135257e-6  error_V_h1=0.8071872089262793  α = 0.282
 22   -21.48641462548       -8.80       -4.74    39.2s
    hm1_norm_ρdiff=0.0019008877201012841 hm1_norm_Δρ=5.829186725785149e-6  error_V_h1=0.8077670346041063  α = 0.147
 23   -21.48641462658       -8.96       -5.17    21.1s
    hm1_norm_ρdiff=0.00189757001237231 hm1_norm_Δρ=1.8106794584499482e-6  error_V_h1=0.8079160220510871  α = 0.53
 24   -21.48641462679       -9.68       -5.47    15.8s
    hm1_norm_ρdiff=0.0018973051398615446 hm1_norm_Δρ=1.0617119183560888e-6  error_V_h1=0.8080936589836605  α = 1.0
 25   -21.48641462713       -9.48       -5.14    38.9s
    hm1_norm_ρdiff=0.0018982464529453454 hm1_norm_Δρ=2.857890371745777e-6  error_V_h1=0.8081136392105023  α = 0.15
 26   -21.48641462752       -9.40       -4.73    45.5s
    hm1_norm_ρdiff=0.001894804888117704 hm1_norm_Δρ=5.966959002764638e-6  error_V_h1=0.8080723854325846  α = 0.0849
 27   -21.48641462757      -10.30       -5.06    38.6s
    hm1_norm_ρdiff=0.0018972915299901693 hm1_norm_Δρ=3.2448907021412694e-6  error_V_h1=0.8082206223938349  α = 0.166
 28   -21.48641462778       -9.68       -5.22    38.3s
    hm1_norm_ρdiff=0.0018981004973324645 hm1_norm_Δρ=2.0270869826982936e-6  error_V_h1=0.8080507859417644  α = 0.154
 29   -21.48641462787      -10.04       -5.07    47.4s
    hm1_norm_ρdiff=0.0018952185087433258 hm1_norm_Δρ=3.498984259816922e-6  error_V_h1=0.8079182233474284  α = 0.0868
 30   -21.48641462790      -10.45       -5.62    22.0s
    hm1_norm_ρdiff=0.0018974229408834059 hm1_norm_Δρ=6.972381790585993e-7  error_V_h1=0.807982535624471  α = 0.539
 31   -21.48641462793      -10.50       -5.64    29.4s
    hm1_norm_ρdiff=0.0018974229494074868 hm1_norm_Δρ=8.065561879891017e-7  error_V_h1=0.8080013673300831  α = 0.293
 32   -21.48641462798      -10.32       -5.75    30.1s
    hm1_norm_ρdiff=0.0018972287550487006 hm1_norm_Δρ=6.032661003765596e-7  error_V_h1=0.8078982783322894  α = 0.273
 33   -21.48641462800      -10.83       -5.82    28.4s
    hm1_norm_ρdiff=0.0018975378516419572 hm1_norm_Δρ=4.6860640993553726e-7  error_V_h1=0.8079670267932925  α = 0.293
 34   -21.48641462800      -11.31       -5.68    36.4s
    hm1_norm_ρdiff=0.0018970415658791599 hm1_norm_Δρ=6.866765825872664e-7  error_V_h1=0.8079153829903205  α = 0.165
 35   -21.48641462802      -10.86       -6.36    22.5s
    hm1_norm_ρdiff=0.0018973720216795803 hm1_norm_Δρ=1.1635247253394233e-7  error_V_h1=0.8079397452835299  α = 0.494
 36   -21.48641462802      -11.73       -6.24    31.3s
    hm1_norm_ρdiff=0.0018974055102325613 hm1_norm_Δρ=2.0566818232069042e-7  error_V_h1=0.807933354933775  α = 0.295

#-- |ρε - ρref| = 0.0018973690131870525 vs. 3.1622776601683797e-7 = δ*ε  error_V_h1=0.8079310758605174  Qε=0.6785499016672776


# --- ε=1.778279410038923e-5

n     Energy            log10(ΔE)   log10(Δρ)   Δtime
---   ---------------   ---------   ---------   ------
  1   -21.48422360729                   -0.90    90.8s
    hm1_norm_ρdiff=0.08112491792861047 hm1_norm_Δρ=0.08016856281266177  error_V_h1=1.1379961201139397  α = 0.0108
  2   -21.48433169259       -3.97       -1.84    52.9s
    hm1_norm_ρdiff=0.006510258008180992 hm1_norm_Δρ=0.0061549764720187725  error_V_h1=0.8328101336276489  α = 0.0462
  3   -21.48435087723       -4.72       -2.21    55.3s
    hm1_norm_ρdiff=0.002736430810122275 hm1_norm_Δρ=0.0024496657989181328  error_V_h1=0.7992182047859555  α = 0.046
  4   -21.48436123461       -4.98       -2.43    44.7s
    hm1_norm_ρdiff=0.001655426991994655 hm1_norm_Δρ=0.0013276526028242553  error_V_h1=0.8523447407194396  α = 0.089
  5   -21.48437092954       -5.01       -3.16    19.5s
    hm1_norm_ρdiff=0.0009795749012260992 hm1_norm_Δρ=0.00020991255495498922  error_V_h1=0.8349840066706792  α = 0.534
  6   -21.48437968537       -5.06       -3.11    31.9s
    hm1_norm_ρdiff=0.0009980186706126193 hm1_norm_Δρ=0.0002842212013301887  error_V_h1=0.7503726621525612  α = 0.288
  7   -21.48438181955       -5.67       -2.88    40.3s
    hm1_norm_ρdiff=0.001069765206365935 hm1_norm_Δρ=0.00043487096953592026  error_V_h1=0.6837928987432667  α = 0.165
  8   -21.48438566506       -5.42       -3.22    29.8s
    hm1_norm_ρdiff=0.0011153230193638019 hm1_norm_Δρ=0.00015708566562047522  error_V_h1=0.6115208036913333  α = 0.285
  9   -21.48438774069       -5.68       -3.48    29.9s
    hm1_norm_ρdiff=0.0011380601873063306 hm1_norm_Δρ=8.874321309126194e-5  error_V_h1=0.6034140885658021  α = 0.268
 10   -21.48438877949       -5.98       -3.61    30.1s
    hm1_norm_ρdiff=0.0011361642735190783 hm1_norm_Δρ=8.16787507816878e-5  error_V_h1=0.6203795020667301  α = 0.284
 11   -21.48438907077       -6.54       -3.84    33.9s
    hm1_norm_ρdiff=0.0011071468976193352 hm1_norm_Δρ=4.807767370366427e-5  error_V_h1=0.6369801296951139  α = 0.288
 12   -21.48438917602       -6.98       -4.14    31.8s
    hm1_norm_ρdiff=0.0010958341187146633 hm1_norm_Δρ=1.9962080058166354e-5  error_V_h1=0.6411426303437767  α = 0.274
 13   -21.48438920284       -7.57       -3.29    61.4s
    hm1_norm_ρdiff=0.0009946389544544408 hm1_norm_Δρ=0.0002139401994573689  error_V_h1=0.64353769422658  α = 0.023
 14   -21.48438921957       -7.78       -4.45    22.4s
    hm1_norm_ρdiff=0.0010866070217975868 hm1_norm_Δρ=1.2511115032986362e-5  error_V_h1=0.6408662722881923  α = 0.54
 15   -21.48438923748       -7.75       -4.03    42.8s
    hm1_norm_ρdiff=0.0010957186354918975 hm1_norm_Δρ=2.9410589512654815e-5  error_V_h1=0.6384816458981076  α = 0.0839
 16   -21.48438924506       -8.12       -4.10    46.4s
    hm1_norm_ρdiff=0.0010941981793797183 hm1_norm_Δρ=3.0526979175432595e-5  error_V_h1=0.6381135572187188  α = 0.0883
 17   -21.48438925533       -7.99       -4.07    38.1s
    hm1_norm_ρdiff=0.0010929953506601455 hm1_norm_Δρ=2.5063880180581184e-5  error_V_h1=0.6376510721445798  α = 0.165
 18   -21.48438927157       -7.79       -4.53    30.6s
    hm1_norm_ρdiff=0.001093960606535479 hm1_norm_Δρ=9.622247476612904e-6  error_V_h1=0.6374319759112088  α = 0.281
 19   -21.48438927952       -8.10       -4.18    47.0s
    hm1_norm_ρdiff=0.0010891591973288164 hm1_norm_Δρ=2.0587055129244477e-5  error_V_h1=0.6365493288493765  α = 0.0838
 20   -21.48438928371       -8.38       -4.70    32.0s
    hm1_norm_ρdiff=0.001089833577065844 hm1_norm_Δρ=5.519175955180138e-6  error_V_h1=0.6369901616030825  α = 0.289
 21   -21.48438928648       -8.56       -4.35    47.0s
    hm1_norm_ρdiff=0.0010992469249403458 hm1_norm_Δρ=1.4939634932469266e-5  error_V_h1=0.638276842468216  α = 0.0869
 22   -21.48438928840       -8.72       -4.76    29.1s
    hm1_norm_ρdiff=0.001090306807404957 hm1_norm_Δρ=4.98256668054354e-6  error_V_h1=0.6390602964586444  α = 0.295
 23   -21.48438928949       -8.96       -4.86    36.1s
    hm1_norm_ρdiff=0.0010876504122172244 hm1_norm_Δρ=4.624201287551703e-6  error_V_h1=0.6382416663441502  α = 0.156
 24   -21.48438928986       -9.43       -4.67    44.2s
    hm1_norm_ρdiff=0.0010884935569995516 hm1_norm_Δρ=7.141183489740466e-6  error_V_h1=0.6385212926891837  α = 0.0893
 25   -21.48438929088       -8.99       -4.62    35.9s
    hm1_norm_ρdiff=0.0010908218281275122 hm1_norm_Δρ=7.126913572925508e-6  error_V_h1=0.6378462650828421  α = 0.164
 26   -21.48438929192       -8.98       -5.29    21.4s
    hm1_norm_ρdiff=0.0010911847005059586 hm1_norm_Δρ=1.3466663875777907e-6  error_V_h1=0.638248425245978  α = 0.521
 27   -21.48438929211       -9.72       -5.04    40.5s
    hm1_norm_ρdiff=0.0010916279678148478 hm1_norm_Δρ=3.4756670075965724e-6  error_V_h1=0.638161596394114  α = 0.0849
 28   -21.48438929248       -9.43       -5.17    32.6s
    hm1_norm_ρdiff=0.0010913580383583527 hm1_norm_Δρ=1.9374658746808605e-6  error_V_h1=0.6381032806648405  α = 0.149
 29   -21.48438929257      -10.05       -4.99    39.3s
    hm1_norm_ρdiff=0.00109032511448832 hm1_norm_Δρ=3.82301290618432e-6  error_V_h1=0.6381842273973726  α = 0.0888
 30   -21.48438929266      -10.04       -5.46    34.1s
    hm1_norm_ρdiff=0.0010913680489058697 hm1_norm_Δρ=1.2455454189939946e-6  error_V_h1=0.6381628217243855  α = 0.154
 31   -21.48438929276      -10.03       -5.30    32.5s
    hm1_norm_ρdiff=0.0010905925258522604 hm1_norm_Δρ=1.482095075572478e-6  error_V_h1=0.6380387320875103  α = 0.162
 32   -21.48438929280      -10.36       -5.72    25.7s
    hm1_norm_ρdiff=0.0010911681664808135 hm1_norm_Δρ=5.802233137744117e-7  error_V_h1=0.6381413260207567  α = 0.291
 33   -21.48438929287      -10.16       -5.29    43.3s
    hm1_norm_ρdiff=0.0010902639071366843 hm1_norm_Δρ=1.72511465663559e-6  error_V_h1=0.6380952653339926  α = 0.0821
 34   -21.48438929288      -11.04       -5.57    41.5s
    hm1_norm_ρdiff=0.001090404627224966 hm1_norm_Δρ=9.135842836246702e-7  error_V_h1=0.638031682820714  α = 0.0879
 35   -21.48438929291      -10.55       -5.84    28.2s
    hm1_norm_ρdiff=0.0010910181242082709 hm1_norm_Δρ=3.6809841379118704e-7  error_V_h1=0.6381561234606467  α = 0.282
 36   -21.48438929292      -11.04       -5.36    44.7s
    hm1_norm_ρdiff=0.0010913942106087168 hm1_norm_Δρ=1.6164309479810194e-6  error_V_h1=0.6381259021163953  α = 0.0468
 37   -21.48438929293      -10.98       -5.52    39.5s
    hm1_norm_ρdiff=0.0010906131792417656 hm1_norm_Δρ=9.658538063788764e-7  error_V_h1=0.638106105641024  α = 0.0878
 38   -21.48438929293      -11.54       -6.07    25.0s
    hm1_norm_ρdiff=0.0010909843083530533 hm1_norm_Δρ=2.6533217389327904e-7  error_V_h1=0.6380958629383106  α = 0.299
 39   -21.48438929293      -12.02       -5.68    40.3s
    hm1_norm_ρdiff=0.001090894550243186 hm1_norm_Δρ=7.071246251582211e-7  error_V_h1=0.6381071065508339  α = 0.09
 40   -21.48438929293      -11.43       -5.76    40.6s
    hm1_norm_ρdiff=0.0010908348628317858 hm1_norm_Δρ=6.397744097167378e-7  error_V_h1=0.6381156458903623  α = 0.0884
 41   -21.48438929294      -11.41       -6.24    32.0s
    hm1_norm_ρdiff=0.0010910463458165423 hm1_norm_Δρ=2.2595172582644808e-7  error_V_h1=0.6381114869235135  α = 0.151
 42   -21.48438929294      -12.00       -5.85    33.5s
    hm1_norm_ρdiff=0.0010908189894872564 hm1_norm_Δρ=4.779587291876217e-7  error_V_h1=0.6380522518466977  α = 0.166
 43   -21.48438929294      -11.69       -6.23    29.2s
    hm1_norm_ρdiff=0.0010910431217623048 hm1_norm_Δρ=1.658300912031623e-7  error_V_h1=0.6380944152303959  α = 0.297
 44   -21.48438929294      -11.51       -6.32    26.2s
    hm1_norm_ρdiff=0.0010909188095389326 hm1_norm_Δρ=1.5198782569287623e-7  error_V_h1=0.6381075415862565  α = 0.29

#-- |ρε - ρref| = 0.0010909505919876785 vs. 1.778279410038923e-7 = δ*ε  error_V_h1=0.6381394280728948  Qε=0.7598699086783842


# --- ε=1.0e-5

n     Energy            log10(ΔE)   log10(Δρ)   Δtime
---   ---------------   ---------   ---------   ------
  1   -21.48269256126                   -0.89    76.4s
    hm1_norm_ρdiff=0.08125897886729387 hm1_norm_Δρ=0.08099362162980926  error_V_h1=2.8463745566386716  α = 0.00959
  2   -21.48277804394       -4.07       -1.81    52.7s
    hm1_norm_ρdiff=0.00664022215707518 hm1_norm_Δρ=0.006453376197700684  error_V_h1=2.6340317831057627  α = 0.0225
  3   -21.48280869730       -4.51       -2.11    44.2s
    hm1_norm_ρdiff=0.003073022419096569 hm1_norm_Δρ=0.0030752794641864234  error_V_h1=2.5696237869595624  α = 0.0464
  4   -21.48282298179       -4.85       -2.13    39.2s
    hm1_norm_ρdiff=0.002560531648058269 hm1_norm_Δρ=0.002734990749044213  error_V_h1=2.5458262618950993  α = 0.0898
  5   -21.48307270797       -3.60       -2.58    25.8s
    hm1_norm_ρdiff=0.0006526739391946618 hm1_norm_Δρ=0.0009869593008528803  error_V_h1=1.5670957893284103  α = 0.28
  6   -21.48311432591       -4.38       -2.39    31.6s
    hm1_norm_ρdiff=0.0011564949526917884 hm1_norm_Δρ=0.0013866652047612449  error_V_h1=1.3276310483640599  α = 0.165
  7   -21.48312789042       -4.87       -2.36    40.7s
    hm1_norm_ρdiff=0.0014591958555520699 hm1_norm_Δρ=0.0014647540647362354  error_V_h1=1.201878651776648  α = 0.0896
  8   -21.48315738793       -4.53       -2.70    33.0s
    hm1_norm_ρdiff=0.0008892194356101386 hm1_norm_Δρ=0.0005242981284500038  error_V_h1=0.9356368068137242  α = 0.152
  9   -21.48318032428       -4.64       -2.95    26.2s
    hm1_norm_ρdiff=0.0008369431210779487 hm1_norm_Δρ=0.0003274555597172562  error_V_h1=0.6913979607587963  α = 0.286
 10   -21.48319801212       -4.75       -2.87    33.6s
    hm1_norm_ρdiff=0.0009139969477956879 hm1_norm_Δρ=0.00041864087476817865  error_V_h1=0.5166565912613097  α = 0.151
 11   -21.48320273810       -5.33       -3.07    33.0s
    hm1_norm_ρdiff=0.0007516327484103756 hm1_norm_Δρ=0.00027776294957827737  error_V_h1=0.5230948677477711  α = 0.16
 12   -21.48320414574       -5.85       -3.35    34.6s
    hm1_norm_ρdiff=0.0006432001889925977 hm1_norm_Δρ=0.00010130405526650318  error_V_h1=0.5349480607612995  α = 0.147
 13   -21.48320471260       -6.25       -3.71    26.7s
    hm1_norm_ρdiff=0.0006109463071601266 hm1_norm_Δρ=6.585966627783487e-5  error_V_h1=0.5555891770054673  α = 0.293
 14   -21.48320486474       -6.82       -3.22    47.2s
    hm1_norm_ρdiff=0.0005588957004817105 hm1_norm_Δρ=0.00023695891336353748  error_V_h1=0.5496208665916298  α = 0.0466
 15   -21.48320506614       -6.70       -3.41    39.4s
    hm1_norm_ρdiff=0.000597184425448748 hm1_norm_Δρ=0.00012527302156046163  error_V_h1=0.5394973917983561  α = 0.089
 16   -21.48320516733       -6.99       -3.18    49.2s
    hm1_norm_ρdiff=0.0006251804491598994 hm1_norm_Δρ=0.0002457526452614087  error_V_h1=0.5322989384160255  α = 0.0463
 17   -21.48320526443       -7.01       -3.75    32.9s
    hm1_norm_ρdiff=0.0006446138829881897 hm1_norm_Δρ=5.119945408955677e-5  error_V_h1=0.5328247776340669  α = 0.163
 18   -21.48320533797       -7.13       -3.22    55.1s
    hm1_norm_ρdiff=0.0005708715054878916 hm1_norm_Δρ=0.0001615803276800686  error_V_h1=0.5319403366171583  α = 0.0227
 19   -21.48320538645       -7.31       -3.87    27.2s
    hm1_norm_ρdiff=0.0006299509950972196 hm1_norm_Δρ=3.387724904100531e-5  error_V_h1=0.519601922161808  α = 0.301
 20   -21.48320545822       -7.14       -3.90    32.5s
    hm1_norm_ρdiff=0.0006344756745291102 hm1_norm_Δρ=3.721429265053943e-5  error_V_h1=0.5194754266218401  α = 0.161
 21   -21.48320548243       -7.62       -3.65    46.6s
    hm1_norm_ρdiff=0.0005974137067281443 hm1_norm_Δρ=7.157576837161441e-5  error_V_h1=0.5192675917344586  α = 0.0465
 22   -21.48320554023       -7.24       -3.62    40.4s
    hm1_norm_ρdiff=0.0006559547772734224 hm1_norm_Δρ=6.90308059337553e-5  error_V_h1=0.5290233472010787  α = 0.0885
 23   -21.48320560181       -7.21       -4.36    27.7s
    hm1_norm_ρdiff=0.0006177678362226628 hm1_norm_Δρ=1.2140131280585114e-5  error_V_h1=0.5261091856763035  α = 0.274
 24   -21.48320561115       -8.03       -3.88    40.4s
    hm1_norm_ρdiff=0.0006180914475041681 hm1_norm_Δρ=4.444580618366289e-5  error_V_h1=0.5269538529864405  α = 0.0896
 25   -21.48320562750       -7.79       -4.23    32.3s
    hm1_norm_ρdiff=0.0006173292426558129 hm1_norm_Δρ=1.5854285980886976e-5  error_V_h1=0.5245026224765859  α = 0.16
 26   -21.48320563478       -8.14       -3.79    53.9s
    hm1_norm_ρdiff=0.0006274021321192776 hm1_norm_Δρ=5.6076440504639936e-5  error_V_h1=0.5249145335767359  α = 0.0231
 27   -21.48320564038       -8.25       -3.94    52.4s
    hm1_norm_ρdiff=0.0006250067555151417 hm1_norm_Δρ=4.901874501316974e-5  error_V_h1=0.5254838133836605  α = 0.0226
 28   -21.48320564966       -8.03       -4.37    32.6s
    hm1_norm_ρdiff=0.000622926826265951 hm1_norm_Δρ=1.1051693705902446e-5  error_V_h1=0.5287993922172212  α = 0.162
 29   -21.48320565226       -8.59       -4.48    34.3s
    hm1_norm_ρdiff=0.0006239440708131228 hm1_norm_Δρ=8.78848294503669e-6  error_V_h1=0.5277139359903275  α = 0.164
 30   -21.48320565619       -8.41       -4.64    33.1s
    hm1_norm_ρdiff=0.0006222777443754676 hm1_norm_Δρ=6.331854975925887e-6  error_V_h1=0.5269495300943163  α = 0.151
 31   -21.48320565737       -8.93       -4.18    59.0s
    hm1_norm_ρdiff=0.0006382365684317275 hm1_norm_Δρ=2.228096109792978e-5  error_V_h1=0.5269149311818575  α = 0.0227
 32   -21.48320565884       -8.83       -4.31    47.3s
    hm1_norm_ρdiff=0.0006190434232220995 hm1_norm_Δρ=1.346730907058143e-5  error_V_h1=0.5265286192037706  α = 0.0459
 33   -21.48320566053       -8.77       -4.37    44.9s
    hm1_norm_ρdiff=0.0006308660831369827 hm1_norm_Δρ=1.2935497522522504e-5  error_V_h1=0.526743745382288  α = 0.0445
 34   -21.48320566065       -9.92       -4.68    39.8s
    hm1_norm_ρdiff=0.0006214438245505363 hm1_norm_Δρ=6.234510869841377e-6  error_V_h1=0.5258020402664294  α = 0.0896
 35   -21.48320566104       -9.41       -4.84    32.9s
    hm1_norm_ρdiff=0.0006242810946135482 hm1_norm_Δρ=4.2596159490600834e-6  error_V_h1=0.5252459761129329  α = 0.165
 36   -21.48320566147       -9.36       -5.11    34.2s
    hm1_norm_ρdiff=0.0006230761596093666 hm1_norm_Δρ=2.2426585337004437e-6  error_V_h1=0.5247172554111316  α = 0.157
 37   -21.48320566151      -10.47       -4.68    48.8s
    hm1_norm_ρdiff=0.0006245566025345034 hm1_norm_Δρ=7.377433787753833e-6  error_V_h1=0.5250349330535907  α = 0.0464
 38   -21.48320566158      -10.15       -5.01    34.0s
    hm1_norm_ρdiff=0.0006237459110575522 hm1_norm_Δρ=2.9637513110108856e-6  error_V_h1=0.5254089134082964  α = 0.166
 39   -21.48320566163      -10.25       -4.65    49.4s
    hm1_norm_ρdiff=0.0006240462401500327 hm1_norm_Δρ=7.603943689579038e-6  error_V_h1=0.5258712680490942  α = 0.0464
 40   -21.48320566185       -9.67       -5.21    26.1s
    hm1_norm_ρdiff=0.000623321179748386 hm1_norm_Δρ=1.5030187426834098e-6  error_V_h1=0.5269231425543264  α = 0.297
 41   -21.48320566203       -9.74       -5.30    32.7s
    hm1_norm_ρdiff=0.0006233575457450818 hm1_norm_Δρ=1.425766867804319e-6  error_V_h1=0.5266545341966548  α = 0.155
 42   -21.48320566210      -10.17       -4.75    56.3s
    hm1_norm_ρdiff=0.0006187673875778925 hm1_norm_Δρ=6.406663972830234e-6  error_V_h1=0.5265582928326403  α = 0.023
 43   -21.48320566223       -9.87       -5.08    39.9s
    hm1_norm_ρdiff=0.0006238191633960074 hm1_norm_Δρ=1.9670407573693003e-6  error_V_h1=0.5264455782504797  α = 0.0863
 44   -21.48320566227      -10.38       -4.82    55.2s
    hm1_norm_ρdiff=0.0006206684811328737 hm1_norm_Δρ=4.9248746710428245e-6  error_V_h1=0.5263444473733981  α = 0.023
 45   -21.48320566235      -10.12       -5.47    26.0s
    hm1_norm_ρdiff=0.0006234939745458585 hm1_norm_Δρ=7.27296683698989e-7  error_V_h1=0.5258639097151475  α = 0.297
 46   -21.48320566241      -10.24       -5.49    34.7s
    hm1_norm_ρdiff=0.0006233044800267432 hm1_norm_Δρ=9.897200430710214e-7  error_V_h1=0.5255804472942526  α = 0.161
 47   -21.48320566242      -10.91       -5.73    32.4s
    hm1_norm_ρdiff=0.0006235760894509541 hm1_norm_Δρ=5.528267050005034e-7  error_V_h1=0.5255629351026756  α = 0.162
 48   -21.48320566243      -10.95       -5.21    45.6s
    hm1_norm_ρdiff=0.0006236261271864425 hm1_norm_Δρ=2.0112072201893418e-6  error_V_h1=0.5256416050706618  α = 0.0468
 49   -21.48320566245      -10.74       -5.44    38.8s
    hm1_norm_ρdiff=0.000623415774690967 hm1_norm_Δρ=1.0932617864574322e-6  error_V_h1=0.5256378141658061  α = 0.0883
 50   -21.48320566245      -11.38       -5.28    45.3s
    hm1_norm_ρdiff=0.0006236829933067061 hm1_norm_Δρ=1.928015915762018e-6  error_V_h1=0.5257475412073235  α = 0.0464
 51   -21.48320566246      -11.07       -5.59    39.3s
    hm1_norm_ρdiff=0.00062373343965559 hm1_norm_Δρ=8.590535611166331e-7  error_V_h1=0.5258890420519086  α = 0.0888
 52   -21.48320566248      -10.84       -5.64    41.6s
    hm1_norm_ρdiff=0.0006233314953476012 hm1_norm_Δρ=6.558104888537754e-7  error_V_h1=0.5259445510137555  α = 0.0842
 53   -21.48320566248      -11.97       -5.78    41.3s
    hm1_norm_ρdiff=0.0006236922213981196 hm1_norm_Δρ=5.242886044955245e-7  error_V_h1=0.5259385006525704  α = 0.0896
 54   -21.48320566248      -11.21       -5.48    46.1s
    hm1_norm_ρdiff=0.0006229217327552264 hm1_norm_Δρ=9.222811628627876e-7  error_V_h1=0.5259203502078132  α = 0.0462
 55   -21.48320566249      -11.32       -5.87    40.0s
    hm1_norm_ρdiff=0.0006235277217703757 hm1_norm_Δρ=3.5726019077369547e-7  error_V_h1=0.5259326739124057  α = 0.0814
 56   -21.48320566249      -11.60       -5.48    53.3s
    hm1_norm_ρdiff=0.0006228832819118903 hm1_norm_Δρ=1.000615277823243e-6  error_V_h1=0.5259186911795732  α = 0.023
 57   -21.48320566249      -11.60       -6.22    25.5s
    hm1_norm_ρdiff=0.0006234195717131133 hm1_norm_Δρ=1.4820882437461369e-7  error_V_h1=0.5258579816889836  α = 0.296
 58   -21.48320566250      -11.73       -6.24    34.5s
    hm1_norm_ρdiff=0.0006233908570341891 hm1_norm_Δρ=1.7751204042306757e-7  error_V_h1=0.5258110328867087  α = 0.161
 59   -21.48320566250      -12.05       -6.25    40.2s
    hm1_norm_ρdiff=0.0006234624793073217 hm1_norm_Δρ=1.690899898987842e-7  error_V_h1=0.5258092909933575  α = 0.0839
 60   -21.48320566250      -12.28       -6.10    47.4s
    hm1_norm_ρdiff=0.0006234517664104296 hm1_norm_Δρ=2.682999316492186e-7  error_V_h1=0.5258232458446352  α = 0.0459
 61   -21.48320566250      -12.15       -5.97    49.9s
    hm1_norm_ρdiff=0.0006234343012619741 hm1_norm_Δρ=3.4827263282812865e-7  error_V_h1=0.5258418890150154  α = 0.0462
 62   -21.48320566250      -12.52       -6.05    46.3s
    hm1_norm_ρdiff=0.0006234771682730245 hm1_norm_Δρ=2.9903582761859924e-7  error_V_h1=0.5258578862701802  α = 0.0467
 63   -21.48320566250      -12.51       -6.53    39.1s
    hm1_norm_ρdiff=0.0006234692632583304 hm1_norm_Δρ=1.0563231143815534e-7  error_V_h1=0.5258668254993905  α = 0.0858
 64   -21.48320566250      -12.46       -6.20    47.9s
    hm1_norm_ρdiff=0.000623535575940912 hm1_norm_Δρ=1.9174970993751516e-7  error_V_h1=0.5258676846145753  α = 0.0452
 65   -21.48320566250      -12.69       -6.05    54.3s
    hm1_norm_ρdiff=0.000623270144909017 hm1_norm_Δρ=2.5848835665971373e-7  error_V_h1=0.5258659970330627  α = 0.0226
 66   -21.48320566250      -12.78       -6.74    34.2s
    hm1_norm_ρdiff=0.0006234528669691736 hm1_norm_Δρ=4.449016853216716e-8  error_V_h1=0.5258677798978171  α = 0.158
 67   -21.48320566250      -13.55       -6.49    51.8s
    hm1_norm_ρdiff=0.0006233856873359884 hm1_norm_Δρ=1.0859680454589538e-7  error_V_h1=0.5258661102776285  α = 0.0227
 68   -21.48320566250      -12.70       -6.93    34.3s
    hm1_norm_ρdiff=0.0006234440364192416 hm1_norm_Δρ=3.2911421875656945e-8  error_V_h1=0.5258603576433707  α = 0.152
 69   -21.48320566250   +    -Inf       -6.90    32.6s
    hm1_norm_ρdiff=0.0006234348664884281 hm1_norm_Δρ=3.210377467305213e-8  error_V_h1=0.5258515795329163  α = 0.165

#-- |ρε - ρref| = 0.0006234452348423163 vs. 1.0000000000000001e-7 = δ*ε  error_V_h1=0.5258490175583607  Qε=0.8230558259278139


# --- ε=5.623413251903491e-6

n     Energy            log10(ΔE)   log10(Δρ)   Δtime
---   ---------------   ---------   ---------   ------
  1   -21.48240682870                   -0.89    82.0s
    hm1_norm_ρdiff=0.08174230804809744 hm1_norm_Δρ=0.08149032930381551  error_V_h1=1.7834382840673983  α = 0.00412
  2   -21.48242367765       -4.77       -1.80    48.9s
    hm1_norm_ρdiff=0.006684654506349752 hm1_norm_Δρ=0.006627238967709855  error_V_h1=1.6989011662048101  α = 0.0221
  3   -21.48243068124       -5.15       -2.11    52.3s
    hm1_norm_ρdiff=0.003024189195730776 hm1_norm_Δρ=0.002990640366471023  error_V_h1=1.6596732791287456  α = 0.0225
  4   -21.48244258807       -4.92       -2.25    54.8s
    hm1_norm_ρdiff=0.002045349080151867 hm1_norm_Δρ=0.0020129715179519115  error_V_h1=1.5725664964169361  α = 0.0231
  5   -21.48246391430       -4.67       -2.86    32.9s
    hm1_norm_ρdiff=0.0003896242882313093 hm1_norm_Δρ=0.00038401705129878364  error_V_h1=1.387601875166026  α = 0.156
  6   -21.48247326414       -5.03       -2.81    32.5s
    hm1_norm_ρdiff=0.0004470375027708687 hm1_norm_Δρ=0.0005533547997166977  error_V_h1=1.2835303524974744  α = 0.165
  7   -21.48248833375       -4.82       -2.46    45.1s
    hm1_norm_ρdiff=0.0010737942490876872 hm1_norm_Δρ=0.0011828840012569593  error_V_h1=1.1021911406642853  α = 0.046
  8   -21.48249267701       -5.36       -2.70    33.9s
    hm1_norm_ρdiff=0.00046647577586500164 hm1_norm_Δρ=0.0005552855300003332  error_V_h1=1.005685369161801  α = 0.166
  9   -21.48249489060       -5.65       -2.89    33.0s
    hm1_norm_ρdiff=0.00046954546252188546 hm1_norm_Δρ=0.00033874589241717265  error_V_h1=0.9321765495745546  α = 0.166
 10   -21.48250221530       -5.14       -3.05    33.5s
    hm1_norm_ρdiff=0.0004895539759134117 hm1_norm_Δρ=0.00025010546654829477  error_V_h1=0.7881913711808017  α = 0.159
 11   -21.48251047858       -5.08       -3.03    34.4s
    hm1_norm_ρdiff=0.0005256761001330176 hm1_norm_Δρ=0.00025929640398672754  error_V_h1=0.6103265283423989  α = 0.158
 12   -21.48251081993       -6.47       -2.63    54.4s
    hm1_norm_ρdiff=0.0012599733274423232 hm1_norm_Δρ=0.0010224726470217185  error_V_h1=0.6211674007082634  α = 0.0219
 13   -21.48251493476       -5.39       -2.60    46.5s
    hm1_norm_ρdiff=0.0010659463695844027 hm1_norm_Δρ=0.000869677067787495  error_V_h1=0.6129461759160428  α = 0.0465
 14   -21.48251641875       -5.83       -2.41    62.0s
    hm1_norm_ρdiff=0.0015926208709936033 hm1_norm_Δρ=0.001464791893710996  error_V_h1=0.6006070876815963  α = 0.0106
 15   -21.48251660011       -6.74       -3.09    45.2s
    hm1_norm_ρdiff=0.00044129006562923935 hm1_norm_Δρ=0.000280474985560831  error_V_h1=0.6156931000600285  α = 0.0464
 16   -21.48251739113       -6.10       -3.22    37.9s
    hm1_norm_ρdiff=0.0003248555090299991 hm1_norm_Δρ=0.00016340769589244148  error_V_h1=0.6131671227749913  α = 0.0882
 17   -21.48251774815       -6.45       -3.13    41.3s
    hm1_norm_ρdiff=0.00038022079725089916 hm1_norm_Δρ=0.00023643295211809838  error_V_h1=0.612271817771092  α = 0.0896
 18   -21.48251881074       -5.97       -3.13    40.6s
    hm1_norm_ρdiff=0.0003583602902430738 hm1_norm_Δρ=0.00016415026494635634  error_V_h1=0.5816331599644288  α = 0.0876
 19   -21.48251939799       -6.23       -2.91    54.1s
    hm1_norm_ρdiff=0.0003604482482057926 hm1_norm_Δρ=0.0003902288624648572  error_V_h1=0.5642554702240092  α = 0.023
 20   -21.48251971882       -6.49       -3.28    40.8s
    hm1_norm_ρdiff=0.00035791566099687344 hm1_norm_Δρ=0.0001482910409567047  error_V_h1=0.5498496311935184  α = 0.0893
 21   -21.48252022577       -6.30       -3.42    39.3s
    hm1_norm_ρdiff=0.00032788873971498114 hm1_norm_Δρ=0.00010658909366487359  error_V_h1=0.5266028325620155  α = 0.0852
 22   -21.48252048121       -6.59       -3.46    40.4s
    hm1_norm_ρdiff=0.0003639334387920809 hm1_norm_Δρ=8.000435809200482e-5  error_V_h1=0.5056889928470321  α = 0.0867
 23   -21.48252048933       -8.09       -3.39    54.5s
    hm1_norm_ρdiff=0.0004480687807580963 hm1_norm_Δρ=0.00017049731204935855  error_V_h1=0.5022708729501618  α = 0.0221
 24   -21.48252065963       -6.77       -3.50    37.6s
    hm1_norm_ρdiff=0.0003764472673689513 hm1_norm_Δρ=8.49542065253955e-5  error_V_h1=0.49782719147525994  α = 0.0887
 25   -21.48252072799       -7.17       -3.82    40.0s
    hm1_norm_ρdiff=0.0003644488890923103 hm1_norm_Δρ=4.493965216662969e-5  error_V_h1=0.5031403178527487  α = 0.0874
 26   -21.48252079477       -7.18       -3.19    57.2s
    hm1_norm_ρdiff=0.00040380711105232343 hm1_norm_Δρ=0.0002245716022691966  error_V_h1=0.5027196761653044  α = 0.0229
 27   -21.48252082369       -7.54       -3.62    45.8s
    hm1_norm_ρdiff=0.00039871514199373335 hm1_norm_Δρ=7.887351888318992e-5  error_V_h1=0.5051292759379825  α = 0.0464
 28   -21.48252084909       -7.60       -3.66    41.3s
    hm1_norm_ρdiff=0.00034281407007865505 hm1_norm_Δρ=5.380831420566668e-5  error_V_h1=0.5088438163657674  α = 0.0895
 29   -21.48252088434       -7.45       -3.78    47.0s
    hm1_norm_ρdiff=0.00037157897386323003 hm1_norm_Δρ=5.125905585134273e-5  error_V_h1=0.5113362043035824  α = 0.0455
 30   -21.48252090735       -7.64       -4.19    25.5s
    hm1_norm_ρdiff=0.00035578421483908673 hm1_norm_Δρ=1.446742246927131e-5  error_V_h1=0.5143221561218936  α = 0.299
 31   -21.48252091796       -7.97       -3.79    52.8s
    hm1_norm_ρdiff=0.0003310402898698207 hm1_norm_Δρ=4.7925896246419e-5  error_V_h1=0.513939497834531  α = 0.0227
 32   -21.48252093360       -7.81       -3.90    45.5s
    hm1_norm_ρdiff=0.0003672741384773807 hm1_norm_Δρ=3.675381403685719e-5  error_V_h1=0.5147217204700403  α = 0.0459
 33   -21.48252097020       -7.44       -3.98    41.5s
    hm1_norm_ρdiff=0.00034714205506201467 hm1_norm_Δρ=2.5926000094257917e-5  error_V_h1=0.5108878624505754  α = 0.0848
 34   -21.48252097981       -8.02       -4.21    41.4s
    hm1_norm_ρdiff=0.0003592546838662524 hm1_norm_Δρ=1.7269839475865385e-5  error_V_h1=0.5088042271270287  α = 0.0886
 35   -21.48252098236       -8.59       -3.65    59.2s
    hm1_norm_ρdiff=0.00033906377996878494 hm1_norm_Δρ=8.023505097961527e-5  error_V_h1=0.5086403511873597  α = 0.0103
 36   -21.48252098434       -8.70       -4.13    41.2s
    hm1_norm_ρdiff=0.0003539555688709693 hm1_norm_Δρ=1.975463013771373e-5  error_V_h1=0.5065870071379331  α = 0.0898
 37   -21.48252098658       -8.65       -4.21    40.4s
    hm1_norm_ρdiff=0.0003541124496926285 hm1_norm_Δρ=1.7221948616177468e-5  error_V_h1=0.504163243920969  α = 0.0896
 38   -21.48252098797       -8.86       -4.09    52.4s
    hm1_norm_ρdiff=0.0003608175425750114 hm1_norm_Δρ=3.415371528112303e-5  error_V_h1=0.504111268452784  α = 0.0226
 39   -21.48252099222       -8.37       -4.36    41.2s
    hm1_norm_ρdiff=0.00034946622322255686 hm1_norm_Δρ=1.2547290808671681e-5  error_V_h1=0.5033684979234893  α = 0.0883
 40   -21.48252099558       -8.47       -4.05    55.8s
    hm1_norm_ρdiff=0.00036543795174264957 hm1_norm_Δρ=2.6679875649449848e-5  error_V_h1=0.5036074288437081  α = 0.0224
 41   -21.48252099846       -8.54       -4.27    46.2s
    hm1_norm_ρdiff=0.0003505291445574001 hm1_norm_Δρ=1.542994694935862e-5  error_V_h1=0.5036928503691218  α = 0.0455
 42   -21.48252100077       -8.64       -4.40    46.5s
    hm1_norm_ρdiff=0.0003603769061883577 hm1_norm_Δρ=1.050983857345557e-5  error_V_h1=0.5048724471351791  α = 0.044
 43   -21.48252100124       -9.33       -4.12    52.2s
    hm1_norm_ρdiff=0.0003451853651896935 hm1_norm_Δρ=2.4664353314907495e-5  error_V_h1=0.5053977706133085  α = 0.0224
 44   -21.48252100292       -8.77       -4.63    40.9s
    hm1_norm_ρdiff=0.0003570463372775145 hm1_norm_Δρ=5.855380287349741e-6  error_V_h1=0.5065179568246659  α = 0.0846
 45   -21.48252100370       -9.11       -4.23    55.6s
    hm1_norm_ρdiff=0.00035155871306195846 hm1_norm_Δρ=1.660831066876543e-5  error_V_h1=0.506785708280738  α = 0.0231
 46   -21.48252100388       -9.75       -4.23    60.2s
    hm1_norm_ρdiff=0.00036228842344144136 hm1_norm_Δρ=2.1570319142277575e-5  error_V_h1=0.5067773049026685  α = 0.0103
 47   -21.48252100429       -9.38       -4.35    46.9s
    hm1_norm_ρdiff=0.00035656426967180764 hm1_norm_Δρ=1.221068179417565e-5  error_V_h1=0.5070729097007454  α = 0.0465
 48   -21.48252100462       -9.49       -4.37    46.4s
    hm1_norm_ρdiff=0.00035632048388982955 hm1_norm_Δρ=1.2051705368325119e-5  error_V_h1=0.5074435968037866  α = 0.0463
 49   -21.48252100506       -9.35       -4.19    58.6s
    hm1_norm_ρdiff=0.00035239663070370795 hm1_norm_Δρ=2.749184078415819e-5  error_V_h1=0.5074182820849008  α = 0.0105
 50   -21.48252100545       -9.42       -4.42    53.8s
    hm1_norm_ρdiff=0.0003604623227474364 hm1_norm_Δρ=1.1283811300193937e-5  error_V_h1=0.5074281732927305  α = 0.023
 51   -21.48252100573       -9.54       -5.45    29.8s
    hm1_norm_ρdiff=0.0003549580474269414 hm1_norm_Δρ=1.1218075051795452e-6  error_V_h1=0.507322558289152  α = 0.293
 52   -21.48252100630       -9.24       -5.01    33.8s
    hm1_norm_ρdiff=0.00035523755338178636 hm1_norm_Δρ=2.1742573163035587e-6  error_V_h1=0.5068387736226189  α = 0.16
 53   -21.48252100649       -9.74       -4.54    53.8s
    hm1_norm_ρdiff=0.0003494111743010725 hm1_norm_Δρ=9.339274993491718e-6  error_V_h1=0.5062975309760164  α = 0.023
 54   -21.48252100653      -10.31       -4.70    54.2s
    hm1_norm_ρdiff=0.00035764770399882413 hm1_norm_Δρ=6.28740077179408e-6  error_V_h1=0.5062914213579202  α = 0.0228
 55   -21.48252100662      -10.07       -5.02    41.9s
    hm1_norm_ρdiff=0.00035398876784128005 hm1_norm_Δρ=2.4717304757147074e-6  error_V_h1=0.5062081171535819  α = 0.0455
 56   -21.48252100666      -10.43       -5.18    46.5s
    hm1_norm_ρdiff=0.00035530665984439744 hm1_norm_Δρ=1.927633509459382e-6  error_V_h1=0.5062700642824702  α = 0.0464
 57   -21.48252100668      -10.65       -5.24    46.4s
    hm1_norm_ρdiff=0.000354338995266613 hm1_norm_Δρ=1.985759351636989e-6  error_V_h1=0.5063988817215352  α = 0.0466
 58   -21.48252100672      -10.34       -4.75    52.2s
    hm1_norm_ρdiff=0.0003552696551548056 hm1_norm_Δρ=5.516711769325938e-6  error_V_h1=0.5065710138978777  α = 0.0229
 59   -21.48252100675      -10.59       -5.19    48.9s
    hm1_norm_ρdiff=0.0003547768697939631 hm1_norm_Δρ=1.754694285889407e-6  error_V_h1=0.5066186427378331  α = 0.0464
 60   -21.48252100676      -10.93       -5.21    52.4s
    hm1_norm_ρdiff=0.00035506567607495774 hm1_norm_Δρ=2.5338463315209615e-6  error_V_h1=0.5066389693744067  α = 0.0229
 61   -21.48252100680      -10.43       -5.34    38.6s
    hm1_norm_ρdiff=0.0003546979936636385 hm1_norm_Δρ=1.2292093952228202e-6  error_V_h1=0.5067446988958045  α = 0.0884
 62   -21.48252100683      -10.55       -5.43    40.3s
    hm1_norm_ρdiff=0.0003551606526276695 hm1_norm_Δρ=9.62490372726649e-7  error_V_h1=0.5067630461109585  α = 0.088
 63   -21.48252100684      -10.91       -5.23    52.3s
    hm1_norm_ρdiff=0.00035429893275809224 hm1_norm_Δρ=1.6705808421787175e-6  error_V_h1=0.5067750488356553  α = 0.0226
 64   -21.48252100685      -11.18       -5.14    52.5s
    hm1_norm_ρdiff=0.00035644784432785695 hm1_norm_Δρ=2.5825730211537436e-6  error_V_h1=0.5068852368982923  α = 0.0224
 65   -21.48252100685      -12.12       -5.56    44.9s
    hm1_norm_ρdiff=0.0003545361577846617 hm1_norm_Δρ=7.854198634232551e-7  error_V_h1=0.5068592873287308  α = 0.0465
 66   -21.48252100685      -11.32       -5.45    51.9s
    hm1_norm_ρdiff=0.0003552731606330661 hm1_norm_Δρ=1.0286855213245448e-6  error_V_h1=0.5068655867386667  α = 0.0228
 67   -21.48252100686      -11.34       -5.74    48.6s
    hm1_norm_ρdiff=0.000354748185224395 hm1_norm_Δρ=5.440476108176334e-7  error_V_h1=0.5068305379247456  α = 0.0452
 68   -21.48252100686      -11.40       -5.01    59.2s
    hm1_norm_ρdiff=0.0003558483801892164 hm1_norm_Δρ=3.4413583573138132e-6  error_V_h1=0.5067771415112426  α = 0.0102
 69   -21.48252100686      -11.34       -5.26    53.5s
    hm1_norm_ρdiff=0.00035482384495026344 hm1_norm_Δρ=1.5449046880518523e-6  error_V_h1=0.5067231967392838  α = 0.0231
 70   -21.48252100687      -11.87       -5.58    46.0s
    hm1_norm_ρdiff=0.0003549140251369575 hm1_norm_Δρ=7.02532784688047e-7  error_V_h1=0.5067082678761237  α = 0.0465
 71   -21.48252100687      -11.93       -5.73    53.0s
    hm1_norm_ρdiff=0.00035479400725533123 hm1_norm_Δρ=7.176584110191971e-7  error_V_h1=0.5067029067406501  α = 0.0231
 72   -21.48252100687      -11.31       -5.40    45.5s
    hm1_norm_ρdiff=0.0003549465176292996 hm1_norm_Δρ=1.0691291208968273e-6  error_V_h1=0.5066700535191773  α = 0.0466
 73   -21.48252100688      -11.38       -5.74    50.2s
    hm1_norm_ρdiff=0.00035469024316841727 hm1_norm_Δρ=4.717645613590367e-7  error_V_h1=0.5066684525032793  α = 0.0449
 74   -21.48252100688      -11.55       -6.40    26.1s
    hm1_norm_ρdiff=0.000354848093804579 hm1_norm_Δρ=1.0945035500058543e-7  error_V_h1=0.5066886299094856  α = 0.293
 75   -21.48252100688      -11.28       -5.96    40.6s
    hm1_norm_ρdiff=0.00035490135932151186 hm1_norm_Δρ=2.8146351883451574e-7  error_V_h1=0.5067193039469856  α = 0.0814
 76   -21.48252100689      -11.87       -6.19    42.8s
    hm1_norm_ρdiff=0.00035482341061751394 hm1_norm_Δρ=1.673236402219579e-7  error_V_h1=0.506724138000867  α = 0.0834
 77   -21.48252100689      -12.40       -5.54    57.3s
    hm1_norm_ρdiff=0.00035557333228259004 hm1_norm_Δρ=1.0003167362204572e-6  error_V_h1=0.5067439393442353  α = 0.0105
 78   -21.48252100689      -12.13       -6.39    39.9s
    hm1_norm_ρdiff=0.0003548834381392953 hm1_norm_Δρ=1.1895643193246669e-7  error_V_h1=0.5067510503929649  α = 0.0789
 79   -21.48252100689      -12.39       -5.57    59.6s
    hm1_norm_ρdiff=0.0003551166700920834 hm1_norm_Δρ=1.0394179630124986e-6  error_V_h1=0.5067432485381538  α = 0.0106
 80   -21.48252100689      -12.23       -6.21    40.6s
    hm1_norm_ρdiff=0.0003548566153826634 hm1_norm_Δρ=1.6901418531866848e-7  error_V_h1=0.5067037505524724  α = 0.0887
 81   -21.48252100689      -12.41       -6.03    51.9s
    hm1_norm_ρdiff=0.0003548943987964349 hm1_norm_Δρ=3.1695994650296654e-7  error_V_h1=0.506706825605139  α = 0.0228
 82   -21.48252100689      -12.59       -6.11    47.4s
    hm1_norm_ρdiff=0.00035493018708408254 hm1_norm_Δρ=2.742091681587454e-7  error_V_h1=0.5067016188680487  α = 0.0467
 83   -21.48252100689      -12.49       -6.41    33.5s
    hm1_norm_ρdiff=0.0003548859995913886 hm1_norm_Δρ=1.1243742775146397e-7  error_V_h1=0.5066859552947727  α = 0.163
 84   -21.48252100689      -13.37       -5.93    52.5s
    hm1_norm_ρdiff=0.0003549259850381757 hm1_norm_Δρ=3.8227609040554933e-7  error_V_h1=0.5066894588289307  α = 0.0223
 85   -21.48252100689      -12.64       -6.43    47.1s
    hm1_norm_ρdiff=0.0003549530839830283 hm1_norm_Δρ=1.0601605361978116e-7  error_V_h1=0.5066905184131094  α = 0.0442
 86   -21.48252100689      -12.54       -6.31    36.4s
    hm1_norm_ρdiff=0.0003548652006168402 hm1_norm_Δρ=1.1884115448245819e-7  error_V_h1=0.5066804934288446  α = 0.0888
 87   -21.48252100689      -12.80       -6.49    40.3s
    hm1_norm_ρdiff=0.0003549172664156602 hm1_norm_Δρ=8.759473499530871e-8  error_V_h1=0.506682437761922  α = 0.0887
 88   -21.48252100689      -13.15       -6.29    54.1s
    hm1_norm_ρdiff=0.00035476815644310623 hm1_norm_Δρ=1.7250626670389955e-7  error_V_h1=0.5066796645716175  α = 0.0232
 89   -21.48252100689      -12.64       -6.24    45.7s
    hm1_norm_ρdiff=0.0003549081987940603 hm1_norm_Δρ=1.5803598532804617e-7  error_V_h1=0.5066888970689409  α = 0.0462
 90   -21.48252100689      -12.64       -6.53    40.4s
    hm1_norm_ρdiff=0.00035489124449508593 hm1_norm_Δρ=7.695937397403721e-8  error_V_h1=0.50669379338905  α = 0.0875
 91   -21.48252100689      -13.55       -6.05    56.9s
    hm1_norm_ρdiff=0.00035489028880306736 hm1_norm_Δρ=2.763078039367489e-7  error_V_h1=0.5067042600844227  α = 0.0227
 92   -21.48252100689      -13.11       -6.54    43.7s
    hm1_norm_ρdiff=0.0003548886126356651 hm1_norm_Δρ=8.483871987876571e-8  error_V_h1=0.5067058149434475  α = 0.0458
 93   -21.48252100689      -13.11       -6.43    47.4s
    hm1_norm_ρdiff=0.00035489261654607173 hm1_norm_Δρ=1.0259773855395308e-7  error_V_h1=0.5067099927855222  α = 0.046
 94   -21.48252100689   +    -Inf       -6.69    45.6s
    hm1_norm_ρdiff=0.0003549011103291772 hm1_norm_Δρ=7.172430036791148e-8  error_V_h1=0.5067111319457681  α = 0.0457
 95   -21.48252100689      -13.30       -6.20    60.1s
    hm1_norm_ρdiff=0.0003548783486800715 hm1_norm_Δρ=1.9699065194894483e-7  error_V_h1=0.5067099895902399  α = 0.0104
 96   -21.48252100689      -14.15       -6.54    52.7s
    hm1_norm_ρdiff=0.0003548254825409765 hm1_norm_Δρ=8.136257929930512e-8  error_V_h1=0.5067085626822858  α = 0.023
 97   -21.48252100689      -13.67       -6.48    42.9s
    hm1_norm_ρdiff=0.0003549032688380765 hm1_norm_Δρ=8.959817076294088e-8  error_V_h1=0.5067055639166664  α = 0.0461
 98   -21.48252100689      -13.55       -6.53    39.8s
    hm1_norm_ρdiff=0.0003548492034824619 hm1_norm_Δρ=9.175488918201203e-8  error_V_h1=0.5067055709830954  α = 0.046
 99   -21.48252100689      -13.27       -7.16    34.8s
    hm1_norm_ρdiff=0.00035487965999381785 hm1_norm_Δρ=1.7473235224564077e-8  error_V_h1=0.5067058734990598  α = 0.158
 100   -21.48252100689   +  -13.60       -6.59    52.6s
    hm1_norm_ρdiff=0.0003549170156177471 hm1_norm_Δρ=7.324083540698406e-8  error_V_h1=0.5067068427924023  α = 0.0197
 101   -21.48252100689      -13.50       -6.48    50.9s
    hm1_norm_ρdiff=0.00035486665367334734 hm1_norm_Δρ=8.735862599023583e-8  error_V_h1=0.5067055500344613  α = 0.02
 102   -21.48252100689      -13.34       -6.71    54.9s
    hm1_norm_ρdiff=0.00035486375569963153 hm1_norm_Δρ=6.09599682493165e-8  error_V_h1=0.5067026127764823  α = 0.0223
 103   -21.48252100689      -14.45       -6.69    51.7s
    hm1_norm_ρdiff=0.00035487767587705763 hm1_norm_Δρ=6.439440063876705e-8  error_V_h1=0.506702527805518  α = 0.0224
 104   -21.48252100689      -13.85       -6.76    57.7s
    hm1_norm_ρdiff=0.00035487417602265167 hm1_norm_Δρ=4.858551958454408e-8  error_V_h1=0.5067022041753086  α = 0.00599
 105   -21.48252100689      -14.15       -6.92     141s
    hm1_norm_ρdiff=0.00035487042259555693 hm1_norm_Δρ=3.952003817043908e-8  error_V_h1=0.5067022041753404  α = 1.55e-8

#-- |ρε - ρref| = 0.000354884383378604 vs. 5.623413251903491e-8 = δ*ε  error_V_h1=0.5067021817809996  Qε=0.86839273710569


# --- ε=3.162277660168379e-6

n     Energy            log10(ΔE)   log10(Δρ)   Δtime
---   ---------------   ---------   ---------   ------
  1   -21.48208066270                   -0.89    87.9s
    hm1_norm_ρdiff=0.08196818891323737 hm1_norm_Δρ=0.08177290574072457  error_V_h1=1.593022678026281  α = 0.00166
  2   -21.48210521139       -4.61       -1.80    60.7s
    hm1_norm_ρdiff=0.006790040868617636 hm1_norm_Δρ=0.006736971731982729  error_V_h1=1.1772215557380517  α = 0.0101
  3   -21.48211164484       -5.19       -2.10    56.1s
    hm1_norm_ρdiff=0.0031358265571107824 hm1_norm_Δρ=0.003101138443100014  error_V_h1=1.044634221561477  α = 0.0103
  4   -21.48211713730       -5.26       -2.25    56.1s
    hm1_norm_ρdiff=0.002059404279134149 hm1_norm_Δρ=0.0020216423479519855  error_V_h1=0.9143544298962902  α = 0.0107
  5   -21.48212011609       -5.53       -2.88    43.0s
    hm1_norm_ρdiff=0.0004110080610447578 hm1_norm_Δρ=0.0003399695009976747  error_V_h1=0.8432185325001812  α = 0.0452
  6   -21.48212110396       -6.01       -3.08    48.5s
    hm1_norm_ρdiff=0.0003278566991659288 hm1_norm_Δρ=0.0002527233584946653  error_V_h1=0.8256487750279979  α = 0.0464
  7   -21.48212186721       -6.12       -2.91    50.7s
    hm1_norm_ρdiff=0.00040422063488717436 hm1_norm_Δρ=0.00034511047263559  error_V_h1=0.8134114498706552  α = 0.023
  8   -21.48212231076       -6.35       -3.31    33.3s
    hm1_norm_ρdiff=0.0002303985937803717 hm1_norm_Δρ=0.00011954601909429331  error_V_h1=0.8313112490886712  α = 0.166
  9   -21.48212377104       -5.84       -3.26    39.9s
    hm1_norm_ρdiff=0.00024926714942493777 hm1_norm_Δρ=0.00015537405638994442  error_V_h1=0.7889466010415871  α = 0.0872
 10   -21.48212473914       -6.01       -3.26    39.4s
    hm1_norm_ρdiff=0.0002516468207808038 hm1_norm_Δρ=0.000162119289431562  error_V_h1=0.7561479396321755  α = 0.0887
 11   -21.48212550317       -6.12       -3.28    42.1s
    hm1_norm_ρdiff=0.00023640593060864513 hm1_norm_Δρ=0.00013729189504480712  error_V_h1=0.7154512563972746  α = 0.0884
 12   -21.48212562173       -6.93       -3.53    33.4s
    hm1_norm_ρdiff=0.0001804234219156661 hm1_norm_Δρ=6.902613491695092e-5  error_V_h1=0.6881255592776842  α = 0.166
 13   -21.48212572342       -6.99       -2.52    66.2s
    hm1_norm_ρdiff=0.0013206568803012454 hm1_norm_Δρ=0.001145447272823736  error_V_h1=0.6810600894799895  α = 0.00384
 14   -21.48212587076       -6.83       -3.36    54.1s
    hm1_norm_ρdiff=0.00024685163315965185 hm1_norm_Δρ=0.000143251896190123  error_V_h1=0.673269310971551  α = 0.023
 15   -21.48212604671       -6.75       -2.95    58.8s
    hm1_norm_ρdiff=0.0004328615977129691 hm1_norm_Δρ=0.0003779637621670783  error_V_h1=0.6627552843372835  α = 0.0106
 16   -21.48212617540       -6.89       -3.29    48.1s
    hm1_norm_ρdiff=0.00026488847450089774 hm1_norm_Δρ=0.00014642799738816544  error_V_h1=0.6555446001950366  α = 0.0465
 17   -21.48212645934       -6.55       -3.42    45.6s
    hm1_norm_ρdiff=0.00024054269160266175 hm1_norm_Δρ=0.00010334020092832993  error_V_h1=0.6440290601767871  α = 0.045
 18   -21.48212660826       -6.83       -3.50    45.7s
    hm1_norm_ρdiff=0.0002176475017807901 hm1_norm_Δρ=7.595825656980068e-5  error_V_h1=0.6425107372465773  α = 0.0452
 19   -21.48212669391       -7.07       -3.33    53.4s
    hm1_norm_ρdiff=0.00024386815950452442 hm1_norm_Δρ=0.00012626115137518787  error_V_h1=0.6446251080603445  α = 0.0232
 20   -21.48212676845       -7.13       -3.62    45.5s
    hm1_norm_ρdiff=0.00021821393868905114 hm1_norm_Δρ=7.547730973772903e-5  error_V_h1=0.6429247484247266  α = 0.0463
 21   -21.48212686242       -7.03       -3.57    38.4s
    hm1_norm_ρdiff=0.0002088409996033964 hm1_norm_Δρ=5.802192672150656e-5  error_V_h1=0.6452724833687506  α = 0.0893
 22   -21.48212691271       -7.30       -3.80    47.4s
    hm1_norm_ρdiff=0.00020609814802013295 hm1_norm_Δρ=4.3148164221523174e-5  error_V_h1=0.64585581885738  α = 0.0449
 23   -21.48212692806       -7.81       -3.52    53.1s
    hm1_norm_ρdiff=0.000244851086354938 hm1_norm_Δρ=7.769401630902034e-5  error_V_h1=0.6492910987555806  α = 0.0228
 24   -21.48212693898       -7.96       -3.04    66.6s
    hm1_norm_ρdiff=0.00023380117758184922 hm1_norm_Δρ=0.00038103219034936426  error_V_h1=0.6502436877871807  α = 0.0038
 25   -21.48212694972       -7.97       -3.84    44.5s
    hm1_norm_ρdiff=0.00021092615841213438 hm1_norm_Δρ=3.9255989406468826e-5  error_V_h1=0.6534307732034254  α = 0.0466
 26   -21.48212696393       -7.85       -3.45    62.3s
    hm1_norm_ρdiff=0.0002477449364174233 hm1_norm_Δρ=0.00011917361867964212  error_V_h1=0.654524254485712  α = 0.0106
 27   -21.48212701075       -7.33       -3.52    53.1s
    hm1_norm_ρdiff=0.0002050786195252035 hm1_norm_Δρ=8.387726413755384e-5  error_V_h1=0.6531736518021836  α = 0.023
 28   -21.48212702041       -8.01       -4.21    47.9s
    hm1_norm_ρdiff=0.00020174888249295536 hm1_norm_Δρ=1.8504154290792187e-5  error_V_h1=0.6532319644776413  α = 0.045
 29   -21.48212703467       -7.85       -3.86    46.1s
    hm1_norm_ρdiff=0.00020275597652431157 hm1_norm_Δρ=3.333347349449236e-5  error_V_h1=0.6503480111802029  α = 0.0464
 30   -21.48212704260       -8.10       -3.83    39.9s
    hm1_norm_ρdiff=0.00020024373150915944 hm1_norm_Δρ=3.6250508022168204e-5  error_V_h1=0.6466219256989113  α = 0.0466
 31   -21.48212704677       -8.38       -3.67    54.9s
    hm1_norm_ρdiff=0.00020682566322930017 hm1_norm_Δρ=7.034088220135225e-5  error_V_h1=0.6448012401279756  α = 0.0222
 32   -21.48212705103       -8.37       -3.91    46.2s
    hm1_norm_ρdiff=0.0002092128564290801 hm1_norm_Δρ=3.34796670357159e-5  error_V_h1=0.6438116281327345  α = 0.0463
 33   -21.48212705464       -8.44       -4.26    38.5s
    hm1_norm_ρdiff=0.00020378448162035323 hm1_norm_Δρ=1.3139858423337078e-5  error_V_h1=0.643278658880845  α = 0.0896
 34   -21.48212705644       -8.74       -4.08    51.3s
    hm1_norm_ρdiff=0.00019598651009946185 hm1_norm_Δρ=1.832028540318522e-5  error_V_h1=0.6423384145331748  α = 0.0233
 35   -21.48212705821       -8.75       -3.32    65.1s
    hm1_norm_ρdiff=0.0004100078342291872 hm1_norm_Δρ=0.0002231608505782649  error_V_h1=0.642046355918702  α = 0.00359
 36   -21.48212706101       -8.55       -3.70    57.3s
    hm1_norm_ρdiff=0.0002028862680988455 hm1_norm_Δρ=5.762690215880969e-5  error_V_h1=0.6414148312538133  α = 0.0104
 37   -21.48212706161       -9.23       -3.95    60.8s
    hm1_norm_ρdiff=0.00020173600645763702 hm1_norm_Δρ=3.841803539252351e-5  error_V_h1=0.6409915378430735  α = 0.01
 38   -21.48212706474       -8.50       -4.67    31.1s
    hm1_norm_ρdiff=0.00020249906346300937 hm1_norm_Δρ=5.787281901254376e-6  error_V_h1=0.6418305392705139  α = 0.164
 39   -21.48212706814       -8.47       -4.23    38.3s
    hm1_norm_ρdiff=0.00020101705545647148 hm1_norm_Δρ=1.3750436388750272e-5  error_V_h1=0.6439901852517478  α = 0.0895
 40   -21.48212707267       -8.34       -3.80    51.2s
    hm1_norm_ρdiff=0.00020064994832887242 hm1_norm_Δρ=3.5834298104865496e-5  error_V_h1=0.6462610380504222  α = 0.023
 41   -21.48212707447       -8.75       -4.12    52.5s
    hm1_norm_ρdiff=0.00020354303963808355 hm1_norm_Δρ=2.130255432902139e-5  error_V_h1=0.6468154282655528  α = 0.0231
 42   -21.48212707515       -9.16       -4.18    51.3s
    hm1_norm_ρdiff=0.0002041873882681129 hm1_norm_Δρ=2.1538728400555864e-5  error_V_h1=0.646890447389416  α = 0.0224
 43   -21.48212707562       -9.33       -4.33    46.4s
    hm1_norm_ρdiff=0.00019937005874845525 hm1_norm_Δρ=1.3028141636130402e-5  error_V_h1=0.6465064173789729  α = 0.0462
 44   -21.48212707716       -8.81       -4.43    48.6s
    hm1_norm_ρdiff=0.00020077231788416452 hm1_norm_Δρ=9.106573515062744e-6  error_V_h1=0.646370373288487  α = 0.0462
 45   -21.48212707787       -9.15       -4.60    44.9s
    hm1_norm_ρdiff=0.00020321827141030346 hm1_norm_Δρ=5.69983440450711e-6  error_V_h1=0.6465683677181535  α = 0.0463
 46   -21.48212707804       -9.76       -3.79    65.0s
    hm1_norm_ρdiff=0.00013061405349244935 hm1_norm_Δρ=8.731597458324543e-5  error_V_h1=0.6463268483147773  α = 0.00353
 47   -21.48212707820       -9.80       -4.45    52.8s
    hm1_norm_ρdiff=0.0002035582000464499 hm1_norm_Δρ=1.0674574223560562e-5  error_V_h1=0.6463921749957832  α = 0.0224
 48   -21.48212707850       -9.53       -4.22    59.5s
    hm1_norm_ρdiff=0.0002048969806867662 hm1_norm_Δρ=2.0651441773124832e-5  error_V_h1=0.6464762611368887  α = 0.0103
 49   -21.48212708022       -8.76       -4.24    54.4s
    hm1_norm_ρdiff=0.00020082094938186524 hm1_norm_Δρ=1.4695720079021383e-5  error_V_h1=0.6458942213249674  α = 0.0226
 50   -21.48212708131       -8.96       -3.96    53.6s
    hm1_norm_ρdiff=0.0002074009468934865 hm1_norm_Δρ=2.7768000816860654e-5  error_V_h1=0.6447378678859652  α = 0.0223
 51   -21.48212708187       -9.25       -4.38    48.2s
    hm1_norm_ρdiff=0.00020388116080830314 hm1_norm_Δρ=9.46267042608551e-6  error_V_h1=0.6440343949342038  α = 0.0232
 52   -21.48212708205       -9.74       -4.72    52.2s
    hm1_norm_ρdiff=0.00020200272001919854 hm1_norm_Δρ=5.231637774182291e-6  error_V_h1=0.6438847101662598  α = 0.023
 53   -21.48212708219       -9.85       -4.43    54.9s
    hm1_norm_ρdiff=0.00020170093043441777 hm1_norm_Δρ=1.1787291187047852e-5  error_V_h1=0.6438842552199724  α = 0.0222
 54   -21.48212708279       -9.22       -4.43    52.1s
    hm1_norm_ρdiff=0.0002045960828702305 hm1_norm_Δρ=1.0032193897274125e-5  error_V_h1=0.6440503589192457  α = 0.0231
 55   -21.48212708295       -9.80       -4.94    46.7s
    hm1_norm_ρdiff=0.00020225291001462275 hm1_norm_Δρ=2.790596672540077e-6  error_V_h1=0.6440866578211625  α = 0.0459
 56   -21.48212708302      -10.18       -4.84    46.0s
    hm1_norm_ρdiff=0.00020136928706550745 hm1_norm_Δρ=3.558008893131767e-6  error_V_h1=0.6440428092743291  α = 0.0466
 57   -21.48212708305      -10.50       -4.14    65.3s
    hm1_norm_ρdiff=0.00023606890989815707 hm1_norm_Δρ=3.783258762646492e-5  error_V_h1=0.6441945437579433  α = 0.00354
 58   -21.48212708313      -10.10       -4.49    56.9s
    hm1_norm_ρdiff=0.00020081728582087838 hm1_norm_Δρ=9.7344221774268e-6  error_V_h1=0.6441741939369642  α = 0.0104
 59   -21.48212708317      -10.44       -4.56    59.2s
    hm1_norm_ρdiff=0.000201158073123074 hm1_norm_Δρ=9.465725216975375e-6  error_V_h1=0.6441358620395179  α = 0.01
 60   -21.48212708349       -9.49       -5.49    27.3s
    hm1_norm_ρdiff=0.00020166556652062383 hm1_norm_Δρ=8.093668423782987e-7  error_V_h1=0.6441011469203075  α = 0.289
 61   -21.48212708369       -9.70       -4.46    52.8s
    hm1_norm_ρdiff=0.00020162568014281399 hm1_norm_Δρ=8.42809847375597e-6  error_V_h1=0.6445902144910314  α = 0.0227
 62   -21.48212708375      -10.25       -5.11    46.5s
    hm1_norm_ρdiff=0.00020140538937217333 hm1_norm_Δρ=1.911094459445881e-6  error_V_h1=0.6447661419134525  α = 0.0466
 63   -21.48212708381      -10.24       -5.25    40.9s
    hm1_norm_ρdiff=0.00020188966102096834 hm1_norm_Δρ=1.3381209973323044e-6  error_V_h1=0.6446489781194156  α = 0.0896
 64   -21.48212708384      -10.50       -4.75    54.6s
    hm1_norm_ρdiff=0.00020244073119051617 hm1_norm_Δρ=5.83302702402281e-6  error_V_h1=0.6445909484039619  α = 0.0221
 65   -21.48212708386      -10.64       -5.31    39.7s
    hm1_norm_ρdiff=0.0002015578503268081 hm1_norm_Δρ=1.376808206225504e-6  error_V_h1=0.6444109579430078  α = 0.0894
 66   -21.48212708393      -10.14       -5.18    45.0s
    hm1_norm_ρdiff=0.00020188065446354172 hm1_norm_Δρ=1.8451909433586746e-6  error_V_h1=0.6443719937599703  α = 0.046
 67   -21.48212708397      -10.44       -5.11    46.7s
    hm1_norm_ρdiff=0.0002021025761886111 hm1_norm_Δρ=1.7862022951839035e-6  error_V_h1=0.6442680967131221  α = 0.0465
 68   -21.48212708397      -11.22       -4.86    67.2s
    hm1_norm_ρdiff=0.00019644980675483068 hm1_norm_Δρ=6.052243970506477e-6  error_V_h1=0.6442439334261618  α = 0.00424
 69   -21.48212708403      -10.26       -5.23    46.4s
    hm1_norm_ρdiff=0.00020231746387335282 hm1_norm_Δρ=1.449156250798299e-6  error_V_h1=0.6442931885505142  α = 0.0452
 70   -21.48212708404      -10.90       -5.18    53.6s
    hm1_norm_ρdiff=0.0002019653944229609 hm1_norm_Δρ=2.0247980207892967e-6  error_V_h1=0.6443057812854426  α = 0.0227
 71   -21.48212708406      -10.85       -4.89    59.2s
    hm1_norm_ρdiff=0.00020207011317203874 hm1_norm_Δρ=3.793282221686268e-6  error_V_h1=0.6443072968386578  α = 0.0106
 72   -21.48212708407      -10.86       -5.26    53.4s
    hm1_norm_ρdiff=0.00020202617959066074 hm1_norm_Δρ=1.4031614308626082e-6  error_V_h1=0.644374789454784  α = 0.023
 73   -21.48212708409      -10.66       -5.58    40.3s
    hm1_norm_ρdiff=0.00020182635032227258 hm1_norm_Δρ=5.893902133778765e-7  error_V_h1=0.6444976639330845  α = 0.0881
 74   -21.48212708411      -10.80       -5.59    45.7s
    hm1_norm_ρdiff=0.0002019794248486956 hm1_norm_Δρ=6.180170056002594e-7  error_V_h1=0.6444672446415287  α = 0.0442
 75   -21.48212708412      -11.13       -5.54    46.6s
    hm1_norm_ρdiff=0.00020162490208174792 hm1_norm_Δρ=8.034389858294765e-7  error_V_h1=0.644442076435179  α = 0.0465
 76   -21.48212708412      -11.36       -5.46    52.9s
    hm1_norm_ρdiff=0.0002020044261317418 hm1_norm_Δρ=1.2553549159026622e-6  error_V_h1=0.644452120407831  α = 0.0227
 77   -21.48212708412      -11.33       -5.81    46.7s
    hm1_norm_ρdiff=0.00020182467899484052 hm1_norm_Δρ=4.00620367510812e-7  error_V_h1=0.6444706477610515  α = 0.0437
 78   -21.48212708413      -11.45       -5.53    52.5s
    hm1_norm_ρdiff=0.00020175742995018293 hm1_norm_Δρ=7.802152318909909e-7  error_V_h1=0.6444922234148632  α = 0.0231
 79   -21.48212708413      -12.18       -5.77    61.9s
    hm1_norm_ρdiff=0.00020132447198840787 hm1_norm_Δρ=6.383460624068887e-7  error_V_h1=0.6444886116276902  α = 0.0108
 80   -21.48212708413      -11.87       -5.38    60.7s
    hm1_norm_ρdiff=0.00020222776330725605 hm1_norm_Δρ=1.0964110414884444e-6  error_V_h1=0.6444984508459176  α = 0.0106
 81   -21.48212708413      -11.84       -5.21    58.7s
    hm1_norm_ρdiff=0.0002016650636147673 hm1_norm_Δρ=1.986578002387616e-6  error_V_h1=0.6444901172905135  α = 0.00961
 82   -21.48212708413      -11.66       -5.96    50.9s
    hm1_norm_ρdiff=0.00020177800386960405 hm1_norm_Δρ=2.6780254080904347e-7  error_V_h1=0.6444776051950479  α = 0.0438
 83   -21.48212708413      -11.88       -5.37    58.1s
    hm1_norm_ρdiff=0.00020181386850412006 hm1_norm_Δρ=1.293437285647888e-6  error_V_h1=0.64446204297921  α = 0.0105
 84   -21.48212708414      -11.79       -5.96    42.6s
    hm1_norm_ρdiff=0.0002018794441512074 hm1_norm_Δρ=2.2601721888821278e-7  error_V_h1=0.6444375231939786  α = 0.089
 85   -21.48212708414      -12.09       -6.15    46.6s
    hm1_norm_ρdiff=0.00020181588430278575 hm1_norm_Δρ=2.0270297656821964e-7  error_V_h1=0.6444345049920808  α = 0.0455
 86   -21.48212708414      -12.33       -5.86    47.3s
    hm1_norm_ρdiff=0.00020197026753454738 hm1_norm_Δρ=3.5295354254404114e-7  error_V_h1=0.6444352469624125  α = 0.0463
 87   -21.48212708414      -12.32       -5.81    52.6s
    hm1_norm_ρdiff=0.00020176926707430332 hm1_norm_Δρ=5.150835381078905e-7  error_V_h1=0.6444356169875022  α = 0.0226
 88   -21.48212708414      -12.02       -6.34    39.0s
    hm1_norm_ρdiff=0.00020185166278245 hm1_norm_Δρ=1.1374237788003592e-7  error_V_h1=0.6444443385266698  α = 0.086
 89   -21.48212708414      -12.37       -6.10    46.6s
    hm1_norm_ρdiff=0.0002018485859471757 hm1_norm_Δρ=2.3618290608167287e-7  error_V_h1=0.6444503535161775  α = 0.0465
 90   -21.48212708414      -12.23       -6.13    46.9s
    hm1_norm_ρdiff=0.0002017229389969793 hm1_norm_Δρ=1.994157235267647e-7  error_V_h1=0.6444569917242051  α = 0.0466
 91   -21.48212708414      -12.39       -5.30    61.9s
    hm1_norm_ρdiff=0.00020279565559945764 hm1_norm_Δρ=1.5399224476234642e-6  error_V_h1=0.6444625685590645  α = 0.00431
 92   -21.48212708414      -12.59       -5.72    57.0s
    hm1_norm_ρdiff=0.00020191746696230771 hm1_norm_Δρ=6.282251276293434e-7  error_V_h1=0.6444612086504281  α = 0.0101
 93   -21.48212708414      -12.26       -6.06    43.7s
    hm1_norm_ρdiff=0.00020182925850991543 hm1_norm_Δρ=1.9374404629587628e-7  error_V_h1=0.6444676279757838  α = 0.0467
 94   -21.48212708414      -13.50       -6.14    53.0s
    hm1_norm_ρdiff=0.00020182618422978516 hm1_norm_Δρ=2.1103035658060204e-7  error_V_h1=0.6444663605799315  α = 0.0226
 95   -21.48212708414      -12.19       -6.27    46.9s
    hm1_norm_ρdiff=0.0002018394566193219 hm1_norm_Δρ=1.1893830263915273e-7  error_V_h1=0.6444653274304307  α = 0.0432
 96   -21.48212708414      -12.70       -6.45    46.1s
    hm1_norm_ρdiff=0.000201841810021195 hm1_norm_Δρ=9.525540305738505e-8  error_V_h1=0.6444651297069288  α = 0.0449
 97   -21.48212708414      -12.60       -6.37    48.9s
    hm1_norm_ρdiff=0.00020182441420389175 hm1_norm_Δρ=1.035193541152485e-7  error_V_h1=0.6444633543089346  α = 0.0455
 98   -21.48212708414      -13.02       -6.39    47.5s
    hm1_norm_ρdiff=0.0002018775118637025 hm1_norm_Δρ=1.246248741015967e-7  error_V_h1=0.64446455880219  α = 0.0466
 99   -21.48212708414      -12.86       -6.19    43.6s
    hm1_norm_ρdiff=0.00020180614057689278 hm1_norm_Δρ=1.6799984067494547e-7  error_V_h1=0.6444610833352088  α = 0.0463
 100   -21.48212708414      -13.11       -6.55    40.0s
    hm1_norm_ρdiff=0.00020186606212335202 hm1_norm_Δρ=7.941023549241198e-8  error_V_h1=0.6444655240137908  α = 0.0895
 101   -21.48212708414      -13.13       -6.09    62.3s
    hm1_norm_ρdiff=0.0002019753780389318 hm1_norm_Δρ=2.3528114465461638e-7  error_V_h1=0.644465251946981  α = 0.0104
 102   -21.48212708414      -13.50       -5.92    66.7s
    hm1_norm_ρdiff=0.00020160018217213165 hm1_norm_Δρ=3.6619584684668545e-7  error_V_h1=0.6444641103340397  α = 0.00449
 103   -21.48212708414      -13.19       -6.57    45.5s
    hm1_norm_ρdiff=0.00020182882853618417 hm1_norm_Δρ=8.346423598389901e-8  error_V_h1=0.6444619777184987  α = 0.0462
 104   -21.48212708414      -12.96       -5.99    58.9s
    hm1_norm_ρdiff=0.00020186071609156793 hm1_norm_Δρ=2.894575280080917e-7  error_V_h1=0.6444600802346233  α = 0.0105
 105   -21.48212708414      -13.17       -6.48    52.1s
    hm1_norm_ρdiff=0.00020185322760036677 hm1_norm_Δρ=1.04730599653853e-7  error_V_h1=0.6444601328279438  α = 0.0229
 106   -21.48212708414      -12.97       -6.55    40.7s
    hm1_norm_ρdiff=0.00020184512869144474 hm1_norm_Δρ=5.8032206927844105e-8  error_V_h1=0.6444557423442624  α = 0.0891
 107   -21.48212708414      -13.11       -6.11    59.6s
    hm1_norm_ρdiff=0.00020181555762847008 hm1_norm_Δρ=2.2320644939071153e-7  error_V_h1=0.6444529022320545  α = 0.0108
 108   -21.48212708414      -13.05       -6.90    39.4s
    hm1_norm_ρdiff=0.00020184099403863922 hm1_norm_Δρ=3.176177180615571e-8  error_V_h1=0.6444525402014776  α = 0.0865
 109   -21.48212708414      -13.67       -6.70    45.8s
    hm1_norm_ρdiff=0.00020183533152425275 hm1_norm_Δρ=5.320225905804298e-8  error_V_h1=0.64445313515589  α = 0.0465
 110   -21.48212708414      -13.55       -6.47    51.5s
    hm1_norm_ρdiff=0.00020188516324188424 hm1_norm_Δρ=1.231330280482643e-7  error_V_h1=0.6444548357915234  α = 0.0222
 111   -21.48212708414      -13.85       -6.66    39.7s
    hm1_norm_ρdiff=0.00020182277891879103 hm1_norm_Δρ=6.193839908437036e-8  error_V_h1=0.6444561345481943  α = 0.0462
 112   -21.48212708414      -13.50       -6.55    58.6s
    hm1_norm_ρdiff=0.00020179649067584746 hm1_norm_Δρ=8.812271687618056e-8  error_V_h1=0.644456038040886  α = 0.0103
 113   -21.48212708414      -14.15       -6.49     272s
    hm1_norm_ρdiff=0.00020191524965845645 hm1_norm_Δρ=1.0391623609453105e-7  error_V_h1=0.6444560380408749  α = 3.67e-10
 114   -21.48212708414   +    -Inf       -4.27     233s
    hm1_norm_ρdiff=0.00021388713927706518 hm1_norm_Δρ=1.718131890798874e-5  error_V_h1=0.6444560380409107  α = 3.09e-16
 115   -21.48212708414   +    -Inf       -5.38     160s
    hm1_norm_ρdiff=0.00020276287698690453 hm1_norm_Δρ=1.338814148954333e-6  error_V_h1=0.6444560380409083  α = 1.91e-13
Trying again without preconditioner ...
n     Energy            log10(ΔE)   log10(Δρ)   Δtime
---   ---------------   ---------   ---------   ------
  1   -21.48212708414                   -5.16    82.8s
    hm1_norm_ρdiff=0.00020291246426653166 hm1_norm_Δρ=2.057014173145226e-6  error_V_h1=0.644455628200391  α = 0.00151
  2   -21.48212708414      -13.34       -5.23    70.3s
    hm1_norm_ρdiff=0.00020077768699175704 hm1_norm_Δρ=1.9353695829986583e-6  error_V_h1=0.6444547849063128  α = 0.00119
  3   -21.48212708414   +    -Inf       -5.63     135s
    hm1_norm_ρdiff=0.0002018362599771682 hm1_norm_Δρ=4.678417652129935e-7  error_V_h1=0.6444547849063627  α = 2.05e-10
  4   -21.48212708414      -14.45       -5.23     314s
    hm1_norm_ρdiff=0.00020198618052482653 hm1_norm_Δρ=1.213278893081358e-6  error_V_h1=0.6444547849063442  α = 1.07e-15
  5   -21.48212708414   +  -14.15       -5.58     123s
    hm1_norm_ρdiff=0.0002019901525381676 hm1_norm_Δρ=6.165546565092092e-7  error_V_h1=0.6444547849063451  α = 0.0
  6   -21.48212708414   +    -Inf       -5.22    79.0s
    hm1_norm_ρdiff=0.00020304608083233553 hm1_norm_Δρ=2.268298554705485e-6  error_V_h1=0.6444552829784492  α = 0.000566
  7   -21.48212708414   +    -Inf       -5.53    73.0s
    hm1_norm_ρdiff=0.00020139913721761366 hm1_norm_Δρ=9.229761744458182e-7  error_V_h1=0.644455546739621  α = 0.00135

#-- |ρε - ρref| = 0.00020184443371810466 vs. 3.162277660168379e-8 = δ*ε  error_V_h1=0.644455546739621  Qε=0.8989083742575669


# --- ε=1.778279410038923e-6

n     Energy            log10(ΔE)   log10(Δρ)   Δtime
---   ---------------   ---------   ---------   ------
  1   -21.48184808154                   -0.89    92.0s
    hm1_norm_ρdiff=0.08200224413089298 hm1_norm_Δρ=0.08193037578038376  error_V_h1=2.364633240373548  α = 0.00141
  2   -21.48186403880       -4.80       -1.79    64.7s
    hm1_norm_ρdiff=0.006837991303786282 hm1_norm_Δρ=0.006801347215908613  error_V_h1=2.045623072546927  α = 0.00435
  3   -21.48186845467       -5.35       -2.08    65.7s
    hm1_norm_ρdiff=0.00323464461084009 hm1_norm_Δρ=0.003214231356401621  error_V_h1=1.9475061633932533  α = 0.00441
  4   -21.48187084491       -5.62       -2.21    58.4s
    hm1_norm_ρdiff=0.0022020100338216077 hm1_norm_Δρ=0.0021946532516384045  error_V_h1=1.887635453556868  α = 0.00967
  5   -21.48187336499       -5.60       -2.81    45.5s
    hm1_norm_ρdiff=0.000400281954853827 hm1_norm_Δρ=0.0003969469271764732  error_V_h1=1.8207016017248223  α = 0.0467
  6   -21.48187449210       -5.95       -2.92    45.5s
    hm1_norm_ρdiff=0.0003559790609927787 hm1_norm_Δρ=0.00036477533062326175  error_V_h1=1.7922154548660154  α = 0.0464
  7   -21.48187604543       -5.81       -2.62    52.7s
    hm1_norm_ρdiff=0.0006675576125940434 hm1_norm_Δρ=0.0006859400000493928  error_V_h1=1.75879883983433  α = 0.0227
  8   -21.48188134040       -5.28       -2.94    38.9s
    hm1_norm_ρdiff=0.0002601178913492035 hm1_norm_Δρ=0.00030134212533139957  error_V_h1=1.6332915936426824  α = 0.0889
  9   -21.48188761609       -5.20       -2.79    48.4s
    hm1_norm_ρdiff=0.00040684383272555826 hm1_norm_Δρ=0.0004497322930557422  error_V_h1=1.4532275349419215  α = 0.0462
 10   -21.48189130593       -5.43       -2.82    43.4s
    hm1_norm_ρdiff=0.0004155256284156055 hm1_norm_Δρ=0.0004521820035850312  error_V_h1=1.3474652860708354  α = 0.0465
 11   -21.48189391684       -5.58       -2.86    39.7s
    hm1_norm_ρdiff=0.0003362872432536821 hm1_norm_Δρ=0.00035647471955916265  error_V_h1=1.2541681445307367  α = 0.0465
 12   -21.48189424755       -6.48       -2.52    52.4s
    hm1_norm_ρdiff=0.0006615412983395396 hm1_norm_Δρ=0.000705544280158223  error_V_h1=1.2418820984707422  α = 0.0098
 13   -21.48189455445       -6.51       -2.97    49.3s
    hm1_norm_ρdiff=0.0003701557729605487 hm1_norm_Δρ=0.0003763406201444363  error_V_h1=1.2299731516562156  α = 0.0106
 14   -21.48189522691       -6.17       -2.72    49.8s
    hm1_norm_ρdiff=0.0006016306898657607 hm1_norm_Δρ=0.0005800309139790275  error_V_h1=1.204056728784329  α = 0.0106
 15   -21.48189586370       -6.20       -2.46    56.3s
    hm1_norm_ρdiff=0.0011860195573076121 hm1_norm_Δρ=0.0011536844323906813  error_V_h1=1.1777347002672707  α = 0.00437
 16   -21.48189656231       -6.16       -2.93    46.3s
    hm1_norm_ρdiff=0.0003791656158782029 hm1_norm_Δρ=0.00032226216220650623  error_V_h1=1.1448797171002658  α = 0.0231
 17   -21.48189668315       -6.92       -2.93    64.8s
    hm1_norm_ρdiff=0.000411936045671624 hm1_norm_Δρ=0.0003744415202131423  error_V_h1=1.1334032296218097  α = 0.0218
 18   -21.48189705680       -6.43       -2.81    86.4s
    hm1_norm_ρdiff=0.0005093081963526947 hm1_norm_Δρ=0.0004722922704103616  error_V_h1=1.11162835452101  α = 0.0105
 19   -21.48189737879       -6.49       -2.45    91.7s
    hm1_norm_ρdiff=0.0009572677014174128 hm1_norm_Δρ=0.0009205756260673691  error_V_h1=1.0844146609370817  α = 0.0096
 20   -21.48189742327       -7.35       -2.67    80.0s
    hm1_norm_ρdiff=0.000627143891283892 hm1_norm_Δρ=0.0005733708206918836  error_V_h1=1.0809467796939323  α = 0.00922
 21   -21.48189777741       -6.45       -2.50    77.2s
    hm1_norm_ρdiff=0.0009737403250737304 hm1_norm_Δρ=0.0009293893172452185  error_V_h1=1.0706136333711387  α = 0.00958
 22   -21.48189823262       -6.34       -2.72    83.1s
    hm1_norm_ρdiff=0.0005269127914895634 hm1_norm_Δρ=0.00048141340344969117  error_V_h1=1.0612661843777975  α = 0.0106
 23   -21.48189836328       -6.88       -2.46    90.9s
    hm1_norm_ρdiff=0.0008783044974061153 hm1_norm_Δρ=0.0008249648425039717  error_V_h1=1.065643139222344  α = 0.00402
 24   -21.48189841492       -7.29       -3.42    50.7s
    hm1_norm_ρdiff=0.0001548237993931653 hm1_norm_Δρ=0.00010608016472530219  error_V_h1=1.0629885092445872  α = 0.0229
 25   -21.48189851334       -7.01       -2.82    57.0s
    hm1_norm_ρdiff=0.00042637946189893886 hm1_norm_Δρ=0.00044734290612907026  error_V_h1=1.0567532164434383  α = 0.0044
 26   -21.48189854384       -7.52       -3.38    40.1s
    hm1_norm_ρdiff=0.00012523482472744747 hm1_norm_Δρ=0.00010114533127647016  error_V_h1=1.0457485233696946  α = 0.0461
 27   -21.48189864282       -7.00       -2.93    50.6s
    hm1_norm_ρdiff=0.00028451077827711953 hm1_norm_Δρ=0.00030860156505993123  error_V_h1=1.0419570165442174  α = 0.0101
 28   -21.48189886853       -6.65       -2.85    49.4s
    hm1_norm_ρdiff=0.000436618462348723 hm1_norm_Δρ=0.0004427758477795247  error_V_h1=1.0386492752931338  α = 0.0102
 29   -21.48189890543       -7.43       -3.40    50.2s
    hm1_norm_ρdiff=0.00016421484593952214 hm1_norm_Δρ=0.00012869239972895815  error_V_h1=1.0391120781207237  α = 0.0107
 30   -21.48189911490       -6.68       -2.83    50.7s
    hm1_norm_ρdiff=0.0003466427565336729 hm1_norm_Δρ=0.0003679203083147749  error_V_h1=1.0410989319241832  α = 0.0104
 31   -21.48189916125       -7.33       -2.84    49.4s
    hm1_norm_ρdiff=0.00036880313744116816 hm1_norm_Δρ=0.00038195501639405724  error_V_h1=1.0417761974150854  α = 0.0095
 32   -21.48189927976       -6.93       -2.73    50.0s
    hm1_norm_ρdiff=0.00047361351378670926 hm1_norm_Δρ=0.0005128376903051099  error_V_h1=1.0385969496488336  α = 0.00964
 33   -21.48189929257       -7.89       -3.21    52.8s
    hm1_norm_ρdiff=0.00026098967169957003 hm1_norm_Δρ=0.00021017334339303224  error_V_h1=1.036616454618459  α = 0.00926
 34   -21.48189930920       -7.78       -2.78    63.0s
    hm1_norm_ρdiff=0.00036753016614878757 hm1_norm_Δρ=0.0004120699086011452  error_V_h1=1.0319047642733326  α = 0.00375
 35   -21.48189932532       -7.79       -3.19    54.9s
    hm1_norm_ρdiff=0.00021483600441265035 hm1_norm_Δρ=0.0001807532450023737  error_V_h1=1.0312235412920419  α = 0.00444
 36   -21.48189933645       -7.95       -3.92    48.6s
    hm1_norm_ρdiff=0.00013662487833076775 hm1_norm_Δρ=3.705034412265482e-5  error_V_h1=1.0311834052251398  α = 0.0232
 37   -21.48189948764       -6.82       -3.30    45.3s
    hm1_norm_ρdiff=0.00020033937490488893 hm1_norm_Δρ=0.00013130308916361108  error_V_h1=1.0272806182117182  α = 0.0231
 38   -21.48189950285       -7.82       -3.29    57.9s
    hm1_norm_ρdiff=0.00020713910976398795 hm1_norm_Δρ=0.00013268625167517698  error_V_h1=1.0259785209896937  α = 0.00997
 39   -21.48189953397       -7.51       -3.40    61.7s
    hm1_norm_ρdiff=0.00018380899725467553 hm1_norm_Δρ=0.00012687274587291583  error_V_h1=1.0231084994566655  α = 0.0105
 40   -21.48189955477       -7.68       -3.99    37.9s
    hm1_norm_ρdiff=0.00012254872735574735 hm1_norm_Δρ=2.528314804218502e-5  error_V_h1=1.0218460064420536  α = 0.0895
 41   -21.48189957548       -7.68       -3.49    57.7s
    hm1_norm_ρdiff=0.000169305337747978 hm1_norm_Δρ=9.664409328476729e-5  error_V_h1=1.0205378329717256  α = 0.0107
 42   -21.48189958408       -8.07       -3.12    56.3s
    hm1_norm_ρdiff=0.00023937121292037994 hm1_norm_Δρ=0.00018309855221213838  error_V_h1=1.0176413288541521  α = 0.00938
 43   -21.48189960469       -7.69       -3.20    57.3s
    hm1_norm_ρdiff=0.00023146507399851997 hm1_norm_Δρ=0.00017193559973127418  error_V_h1=1.0145876180027902  α = 0.0099
 44   -21.48189960871       -8.40       -3.33    57.2s
    hm1_norm_ρdiff=0.0001577214708638922 hm1_norm_Δρ=0.00014601006331272558  error_V_h1=1.0164612367925823  α = 0.00917
 45   -21.48189961362       -8.31       -3.16    63.9s
    hm1_norm_ρdiff=0.00024344568973197104 hm1_norm_Δρ=0.00016798092110359265  error_V_h1=1.018238763827577  α = 0.00397
 46   -21.48189961566       -8.69       -3.95    51.8s
    hm1_norm_ρdiff=0.0001186756318046612 hm1_norm_Δρ=3.142393752011543e-5  error_V_h1=1.018920494134842  α = 0.0226
 47   -21.48189961827       -8.58       -3.52    62.6s
    hm1_norm_ρdiff=0.00012447433109024535 hm1_norm_Δρ=0.00010721131934760607  error_V_h1=1.018697607138655  α = 0.00417
 48   -21.48189962394       -8.25       -3.87    51.7s
    hm1_norm_ρdiff=0.00011836327866372697 hm1_norm_Δρ=3.317322894028432e-5  error_V_h1=1.0186736486962138  α = 0.023
 49   -21.48189962950       -8.25       -3.33    66.5s
    hm1_norm_ρdiff=0.00012310130886677883 hm1_norm_Δρ=0.00013711056044027496  error_V_h1=1.0181961755610374  α = 0.00422
 50   -21.48189963258       -8.51       -4.21    56.0s
    hm1_norm_ρdiff=0.00011496956394474811 hm1_norm_Δρ=2.0349864635275742e-5  error_V_h1=1.0186322292327437  α = 0.023
 51   -21.48189965145       -7.72       -3.47    56.9s
    hm1_norm_ρdiff=0.00013370716561216965 hm1_norm_Δρ=8.560591619958418e-5  error_V_h1=1.01811934254517  α = 0.0106
 52   -21.48189966226       -7.97       -4.41    40.3s
    hm1_norm_ρdiff=0.00011660601177551745 hm1_norm_Δρ=7.917213945929446e-6  error_V_h1=1.0179143145019582  α = 0.0824
 53   -21.48189966809       -8.23       -3.47    57.0s
    hm1_norm_ρdiff=0.00011627016746768301 hm1_norm_Δρ=7.984719567322549e-5  error_V_h1=1.0188308217464355  α = 0.0101
 54   -21.48189967225       -8.38       -3.68    58.6s
    hm1_norm_ρdiff=0.00011784021818637177 hm1_norm_Δρ=5.8211534206397226e-5  error_V_h1=1.0192362608742938  α = 0.0103
 55   -21.48189967529       -8.52       -3.57    65.5s
    hm1_norm_ρdiff=0.00016151233077661302 hm1_norm_Δρ=8.09128875850213e-5  error_V_h1=1.0185818903668244  α = 0.00445
 56   -21.48189967619       -9.05       -3.46    65.1s
    hm1_norm_ρdiff=0.00010977853845700239 hm1_norm_Δρ=8.525380458527153e-5  error_V_h1=1.0176724553869807  α = 0.00386
 57   -21.48189967667       -9.32       -3.89    58.4s
    hm1_norm_ρdiff=0.00012210966490219327 hm1_norm_Δρ=3.5362000011781176e-5  error_V_h1=1.0172767056048386  α = 0.00964
 58   -21.48189967694       -9.57       -3.98    64.1s
    hm1_norm_ρdiff=0.00013590773594520096 hm1_norm_Δρ=3.815192528710456e-5  error_V_h1=1.0173166811993317  α = 0.00402
 59   -21.48189967728       -9.47       -4.12    53.1s
    hm1_norm_ρdiff=0.00011680370406926272 hm1_norm_Δρ=1.77454209002598e-5  error_V_h1=1.0172174000307774  α = 0.0221
 60   -21.48189967744       -9.78       -4.67    55.1s
    hm1_norm_ρdiff=0.00011896012800903889 hm1_norm_Δρ=6.3478966619176055e-6  error_V_h1=1.0172274856472345  α = 0.0224
 61   -21.48189967818       -9.14       -4.53    48.5s
    hm1_norm_ρdiff=0.00011589847145184219 hm1_norm_Δρ=7.752476727492544e-6  error_V_h1=1.017016250379312  α = 0.0464
 62   -21.48189967892       -9.12       -4.42    52.1s
    hm1_norm_ρdiff=0.00011597431259312207 hm1_norm_Δρ=1.0131434199711925e-5  error_V_h1=1.0171610113268426  α = 0.0228
 63   -21.48189968066       -8.76       -4.40    45.0s
    hm1_norm_ρdiff=0.0001195684764584679 hm1_norm_Δρ=9.106391589356944e-6  error_V_h1=1.017132572259339  α = 0.0453
 64   -21.48189968090       -9.62       -4.14    58.3s
    hm1_norm_ρdiff=0.00012213286278288008 hm1_norm_Δρ=1.6324928003020086e-5  error_V_h1=1.0169059057976904  α = 0.0101
 65   -21.48189968093      -10.50       -4.79    51.9s
    hm1_norm_ρdiff=0.00011622079557954206 hm1_norm_Δρ=4.532773546695526e-6  error_V_h1=1.0168576747656026  α = 0.0205
 66   -21.48189968096      -10.57       -4.30    64.3s
    hm1_norm_ρdiff=0.00011268627444974799 hm1_norm_Δρ=1.431183887113487e-5  error_V_h1=1.0169446743759063  α = 0.0042
 67   -21.48189968098      -10.72       -3.93    72.7s
    hm1_norm_ρdiff=0.00011250306157727151 hm1_norm_Δρ=2.402540497214872e-5  error_V_h1=1.0168247236461445  α = 0.00156
 68   -21.48189968102      -10.42       -4.19    58.0s
    hm1_norm_ρdiff=0.00011838309034246172 hm1_norm_Δρ=2.0289300435987427e-5  error_V_h1=1.017049442990678  α = 0.00958
 69   -21.48189968108      -10.23       -4.67    59.0s
    hm1_norm_ρdiff=0.00011779150137819085 hm1_norm_Δρ=7.238545693657431e-6  error_V_h1=1.0170942524107118  α = 0.0106
 70   -21.48189968125       -9.78       -4.37    49.5s
    hm1_norm_ρdiff=0.00011402474197550379 hm1_norm_Δρ=8.565211289201814e-6  error_V_h1=1.017317514104796  α = 0.0225
 71   -21.48189968145       -9.70       -3.67    69.7s
    hm1_norm_ρdiff=9.583663970145532e-5 hm1_norm_Δρ=5.898925540447938e-5  error_V_h1=1.0172278393947352  α = 0.0038
 72   -21.48189968195       -9.30       -4.37    58.2s
    hm1_norm_ρdiff=0.0001152385753566984 hm1_norm_Δρ=1.2942011790155716e-5  error_V_h1=1.0172681072585956  α = 0.0105
 73   -21.48189968222       -9.57       -4.48    58.3s
    hm1_norm_ρdiff=0.00011486841741569124 hm1_norm_Δρ=9.715396750975124e-6  error_V_h1=1.0171838564980726  α = 0.0105
 74   -21.48189968224      -10.70       -3.99    59.9s
    hm1_norm_ρdiff=0.00010236397411187764 hm1_norm_Δρ=2.735642198411175e-5  error_V_h1=1.0171049330515354  α = 0.00855
 75   -21.48189968230      -10.23       -4.54    61.8s
    hm1_norm_ρdiff=0.00011332063887629289 hm1_norm_Δρ=7.14187378852876e-6  error_V_h1=1.017168531794136  α = 0.0103
 76   -21.48189968232      -10.67       -4.88    58.7s
    hm1_norm_ρdiff=0.00011458993409311632 hm1_norm_Δρ=3.986932356251139e-6  error_V_h1=1.017175473193884  α = 0.00913
 77   -21.48189968235      -10.50       -4.56    66.2s
    hm1_norm_ρdiff=0.00011718906915378969 hm1_norm_Δρ=7.74002693484405e-6  error_V_h1=1.0171294839519258  α = 0.00392
 78   -21.48189968235      -11.53       -4.76    63.6s
    hm1_norm_ρdiff=0.00011493703282605198 hm1_norm_Δρ=3.941168520492582e-6  error_V_h1=1.017144373612275  α = 0.00213
 79   -21.48189968238      -10.60       -4.29    56.8s
    hm1_norm_ρdiff=0.00011390938897234114 hm1_norm_Δρ=1.6859537924496527e-5  error_V_h1=1.016852201941544  α = 0.00974
 80   -21.48189968240      -10.66       -4.40    67.0s
    hm1_norm_ρdiff=0.00011196972406263344 hm1_norm_Δρ=1.3107976002074165e-5  error_V_h1=1.016819834290354  α = 0.00429
 81   -21.48189968258       -9.74       -4.26    55.4s
    hm1_norm_ρdiff=0.00011969526441472117 hm1_norm_Δρ=1.2423531306729765e-5  error_V_h1=1.016651682911575  α = 0.0103
 82   -21.48189968267      -10.06       -3.73    63.4s
    hm1_norm_ρdiff=0.00014019342878720078 hm1_norm_Δρ=4.425381595383062e-5  error_V_h1=1.01679050400569  α = 0.00401
 83   -21.48189968273      -10.23       -4.90    49.7s
    hm1_norm_ρdiff=0.00011603817661928822 hm1_norm_Δρ=3.416600604685111e-6  error_V_h1=1.0167239661291283  α = 0.0224
 84   -21.48189968283       -9.99       -4.91    48.4s
    hm1_norm_ρdiff=0.0001162108533060783 hm1_norm_Δρ=3.701140282887604e-6  error_V_h1=1.0166966959286532  α = 0.0227
 85   -21.48189968305       -9.66       -3.74    68.8s
    hm1_norm_ρdiff=0.00015072696527664028 hm1_norm_Δρ=5.086750395507294e-5  error_V_h1=1.0168712777309608  α = 0.00371
 86   -21.48189968305      -11.31       -4.77    55.1s
    hm1_norm_ρdiff=0.00011670915213800972 hm1_norm_Δρ=4.782916809612792e-6  error_V_h1=1.0167669543765978  α = 0.0217
 87   -21.48189968312      -10.16       -5.25    44.4s
    hm1_norm_ρdiff=0.00011554840095659278 hm1_norm_Δρ=1.5374919931647366e-6  error_V_h1=1.0167367255026598  α = 0.0438
 88   -21.48189968314      -10.74       -4.64    64.6s
    hm1_norm_ρdiff=0.0001137908456905143 hm1_norm_Δρ=6.229622219290987e-6  error_V_h1=1.0167371451735085  α = 0.00418
 89   -21.48189968324      -10.02       -4.88    51.5s
    hm1_norm_ρdiff=0.00011596334647705389 hm1_norm_Δρ=3.754636368534729e-6  error_V_h1=1.0166450664088835  α = 0.0206
 90   -21.48189968337       -9.88       -4.78    52.4s
    hm1_norm_ρdiff=0.00011600543263634713 hm1_norm_Δρ=3.887796192724976e-6  error_V_h1=1.0167962078285822  α = 0.0192
 91   -21.48189968338      -10.89       -4.35    73.6s
    hm1_norm_ρdiff=0.000119995917044879 hm1_norm_Δρ=1.4477071374401078e-5  error_V_h1=1.016798773536052  α = 0.00133
 92   -21.48189968340      -10.68       -4.70    65.5s
    hm1_norm_ρdiff=0.0001128933151119181 hm1_norm_Δρ=6.398114767777965e-6  error_V_h1=1.0168152294796795  α = 0.00349
 93   -21.48189968346      -10.27       -4.33    50.5s
    hm1_norm_ρdiff=0.0001131704856118693 hm1_norm_Δρ=1.1173132387200525e-5  error_V_h1=1.0168436038506732  α = 0.01
 94   -21.48189968351      -10.29       -4.47    60.6s
    hm1_norm_ρdiff=0.0001146179443178002 hm1_norm_Δρ=1.0204288748759397e-5  error_V_h1=1.0168573086065833  α = 0.00443
 95   -21.48189968357      -10.23       -4.59    63.4s
    hm1_norm_ρdiff=0.00011473194357750539 hm1_norm_Δρ=7.565680382424324e-6  error_V_h1=1.0168985069477987  α = 0.0106
 96   -21.48189968365      -10.07       -3.90    68.3s
    hm1_norm_ρdiff=9.581400316903947e-5 hm1_norm_Δρ=3.6297505711446645e-5  error_V_h1=1.0167579331840153  α = 0.00355
 97   -21.48189968372      -10.19       -4.67    58.7s
    hm1_norm_ρdiff=0.00011462539952667355 hm1_norm_Δρ=6.156654696542522e-6  error_V_h1=1.0168179226991412  α = 0.0105
 98   -21.48189968373      -10.85       -4.91    55.0s
    hm1_norm_ρdiff=0.00011534722205847757 hm1_norm_Δρ=3.486155559532139e-6  error_V_h1=1.016884928984699  α = 0.022
 99   -21.48189968378      -10.37       -5.07    50.8s
    hm1_norm_ρdiff=0.00011555238189667561 hm1_norm_Δρ=2.065300104801571e-6  error_V_h1=1.0168816591259504  α = 0.0224
 100   -21.48189968378      -11.49       -4.71    57.4s
    hm1_norm_ρdiff=0.0001142889706174121 hm1_norm_Δρ=5.860826017341794e-6  error_V_h1=1.0169314310079376  α = 0.00945
 101   -21.48189968382      -10.44       -5.35    46.3s
    hm1_norm_ρdiff=0.00011565485245040318 hm1_norm_Δρ=1.0491817585314036e-6  error_V_h1=1.016957697251899  α = 0.0461
 102   -21.48189968386      -10.36       -5.25    43.6s
    hm1_norm_ρdiff=0.00011584043868474934 hm1_norm_Δρ=1.339026442004083e-6  error_V_h1=1.0170416371348348  α = 0.046
 103   -21.48189968387      -11.01       -4.94    52.0s
    hm1_norm_ρdiff=0.00011735941652646008 hm1_norm_Δρ=4.1993564280122006e-6  error_V_h1=1.0170231083082435  α = 0.00923
 104   -21.48189968388      -10.93       -4.67    60.3s
    hm1_norm_ρdiff=0.0001157158700264021 hm1_norm_Δρ=5.412092798590479e-6  error_V_h1=1.0169824883506278  α = 0.0097
 105   -21.48189968389      -11.09       -5.02    60.3s
    hm1_norm_ρdiff=0.00011524879918381611 hm1_norm_Δρ=2.881540373714725e-6  error_V_h1=1.016963015528764  α = 0.0101
 106   -21.48189968390      -10.93       -5.11    59.9s
    hm1_norm_ρdiff=0.00011641346288227842 hm1_norm_Δρ=2.5396171289090346e-6  error_V_h1=1.0169520687597708  α = 0.0106
 107   -21.48189968391      -11.13       -4.24    64.9s
    hm1_norm_ρdiff=0.0001242713387528772 hm1_norm_Δρ=1.4569078457536214e-5  error_V_h1=1.0169941856019098  α = 0.00372
 108   -21.48189968393      -10.74       -5.36    55.4s
    hm1_norm_ρdiff=0.00011486188386160326 hm1_norm_Δρ=1.3791945700190867e-6  error_V_h1=1.016964576795048  α = 0.023
 109   -21.48189968395      -10.54       -5.11    45.2s
    hm1_norm_ρdiff=0.00011539585772180094 hm1_norm_Δρ=2.018281188877878e-6  error_V_h1=1.0168887943109899  α = 0.0229
 110   -21.48189968396      -11.17       -5.42    51.7s
    hm1_norm_ρdiff=0.000114947190507905 hm1_norm_Δρ=1.2438816278341494e-6  error_V_h1=1.0168910987000375  α = 0.0218
 111   -21.48189968398      -10.84       -4.72    69.0s
    hm1_norm_ρdiff=0.00011739291917272437 hm1_norm_Δρ=5.853979689330965e-6  error_V_h1=1.0168709171969152  α = 0.00433
 112   -21.48189968398      -11.46       -5.43    51.3s
    hm1_norm_ρdiff=0.00011532346204385907 hm1_norm_Δρ=1.0658268417199696e-6  error_V_h1=1.0168639684204746  α = 0.0226
 113   -21.48189968400      -10.77       -5.73    40.4s
    hm1_norm_ρdiff=0.00011548260074793754 hm1_norm_Δρ=3.8586074141000426e-7  error_V_h1=1.0168961730774717  α = 0.0858
 114   -21.48189968400      -11.71       -4.89    60.0s
    hm1_norm_ρdiff=0.00011453975690389726 hm1_norm_Δρ=2.816081281920889e-6  error_V_h1=1.016890672651422  α = 0.00958
 115   -21.48189968400      -11.59       -5.29    57.1s
    hm1_norm_ρdiff=0.00011609087487045361 hm1_norm_Δρ=1.721700380545959e-6  error_V_h1=1.0168978564082285  α = 0.00997
 116   -21.48189968401      -11.31       -5.00    64.1s
    hm1_norm_ρdiff=0.00011587878763614819 hm1_norm_Δρ=3.0186319235619937e-6  error_V_h1=1.0169121670108405  α = 0.00977
 117   -21.48189968401      -12.28       -5.20    60.5s
    hm1_norm_ρdiff=0.00011530788659720361 hm1_norm_Δρ=1.476669358660975e-6  error_V_h1=1.0169308578113698  α = 0.00975
 118   -21.48189968401      -11.54       -4.78    66.8s
    hm1_norm_ρdiff=0.00011426636305805285 hm1_norm_Δρ=3.9106779821429475e-6  error_V_h1=1.0169227579530418  α = 0.0042
 119   -21.48189968401      -12.15       -5.64    55.8s
    hm1_norm_ρdiff=0.00011592576788266003 hm1_norm_Δρ=7.284347795119385e-7  error_V_h1=1.0169297009325788  α = 0.0215
 120   -21.48189968401      -11.60       -5.45    58.2s
    hm1_norm_ρdiff=0.00011556629794714029 hm1_norm_Δρ=1.1220492941580624e-6  error_V_h1=1.0169331600750005  α = 0.00959
 121   -21.48189968401      -11.90       -5.36    71.4s
    hm1_norm_ρdiff=0.00011496966316205675 hm1_norm_Δρ=1.5311089361813439e-6  error_V_h1=1.0169354916150801  α = 0.00432
 122   -21.48189968402      -11.85       -5.11    65.9s
    hm1_norm_ρdiff=0.00011487722962221997 hm1_norm_Δρ=2.3012590062888366e-6  error_V_h1=1.016944759943653  α = 0.00439
 123   -21.48189968402      -11.65       -5.70    52.0s
    hm1_norm_ρdiff=0.00011560977556241417 hm1_norm_Δρ=5.78922591679636e-7  error_V_h1=1.0169524583246403  α = 0.0231
 124   -21.48189968402      -11.31       -5.17    61.3s
    hm1_norm_ρdiff=0.00011536805502565668 hm1_norm_Δρ=1.5527302846017946e-6  error_V_h1=1.0169419277428442  α = 0.0104
 125   -21.48189968403      -11.51       -5.22    57.2s
    hm1_norm_ρdiff=0.00011550004334214175 hm1_norm_Δρ=1.287058893747107e-6  error_V_h1=1.016936583859869  α = 0.0105
 126   -21.48189968403      -11.81       -5.25    68.0s
    hm1_norm_ρdiff=0.00011449197217876774 hm1_norm_Δρ=1.8566016497115677e-6  error_V_h1=1.0169301323618494  α = 0.00389
 127   -21.48189968403      -11.91       -5.13    59.2s
    hm1_norm_ρdiff=0.00011539068719294536 hm1_norm_Δρ=2.1469158146160773e-6  error_V_h1=1.016919319610937  α = 0.00957
 128   -21.48189968403      -11.97       -5.39    60.6s
    hm1_norm_ρdiff=0.00011549112094745562 hm1_norm_Δρ=9.53271649719761e-7  error_V_h1=1.0169071423162956  α = 0.0101
 129   -21.48189968403      -12.02       -5.72    53.5s
    hm1_norm_ρdiff=0.00011551593845432691 hm1_norm_Δρ=4.443440038808148e-7  error_V_h1=1.0169131553171387  α = 0.0226
 130   -21.48189968403      -11.89       -5.13    65.1s
    hm1_norm_ρdiff=0.00011368580133687143 hm1_norm_Δρ=2.6626659996879034e-6  error_V_h1=1.0169106201170686  α = 0.00402
 131   -21.48189968403      -12.11       -6.27    30.6s
    hm1_norm_ρdiff=0.00011549199942466886 hm1_norm_Δρ=1.3846694694622925e-7  error_V_h1=1.0168776162886646  α = 0.163
 132   -21.48189968403      -11.94       -5.33    67.4s
    hm1_norm_ρdiff=0.00011614806831886566 hm1_norm_Δρ=1.7090183761841484e-6  error_V_h1=1.0168754606488375  α = 0.00406
 133   -21.48189968403      -12.16       -5.30    60.3s
    hm1_norm_ρdiff=0.00011586565164345427 hm1_norm_Δρ=1.555346065987539e-6  error_V_h1=1.0168658298895419  α = 0.01
 134   -21.48189968404      -11.98       -5.54    61.1s
    hm1_norm_ρdiff=0.00011546283086879128 hm1_norm_Δρ=6.821970101652278e-7  error_V_h1=1.0168733789181068  α = 0.0104
 135   -21.48189968404      -12.12       -5.53    59.3s
    hm1_norm_ρdiff=0.00011549825757801553 hm1_norm_Δρ=7.609628752409528e-7  error_V_h1=1.016879014228888  α = 0.0103
 136   -21.48189968404      -11.90       -5.76    53.4s
    hm1_norm_ρdiff=0.00011554885467303189 hm1_norm_Δρ=4.3575114807578933e-7  error_V_h1=1.0168872341687305  α = 0.0222
 137   -21.48189968404      -12.38       -5.47    64.2s
    hm1_norm_ρdiff=0.0001148499887117828 hm1_norm_Δρ=1.1263058250084733e-6  error_V_h1=1.0168821711686984  α = 0.0043
 138   -21.48189968404      -11.80       -5.47    59.9s
    hm1_norm_ρdiff=0.00011537982246236793 hm1_norm_Δρ=1.0176567599700168e-6  error_V_h1=1.0168859010049522  α = 0.0102
 139   -21.48189968404      -12.38       -5.48    61.5s
    hm1_norm_ρdiff=0.00011550202231619461 hm1_norm_Δρ=8.354467286452754e-7  error_V_h1=1.0168936833232693  α = 0.00996
 140   -21.48189968404      -12.80       -5.69    53.8s
    hm1_norm_ρdiff=0.00011547997722738848 hm1_norm_Δρ=4.969819395470867e-7  error_V_h1=1.0168874788974007  α = 0.0222
 141   -21.48189968404      -12.49       -5.62    66.4s
    hm1_norm_ρdiff=0.00011493011452880404 hm1_norm_Δρ=8.567574949857397e-7  error_V_h1=1.0168873268527472  α = 0.0045
 142   -21.48189968404      -11.69       -5.63    51.9s
    hm1_norm_ρdiff=0.00011526125728878567 hm1_norm_Δρ=6.884115877480445e-7  error_V_h1=1.016907678044403  α = 0.0218
 143   -21.48189968404      -12.92       -5.42    70.6s
    hm1_norm_ρdiff=0.00011510323136605367 hm1_norm_Δρ=1.1876276216141376e-6  error_V_h1=1.016910546061181  α = 0.00417
 144   -21.48189968404      -12.50       -5.25    57.7s
    hm1_norm_ρdiff=0.00011504468555797668 hm1_norm_Δρ=1.5109173409182627e-6  error_V_h1=1.0169215257732955  α = 0.00984
 145   -21.48189968404      -12.24       -5.98    54.4s
    hm1_norm_ρdiff=0.00011549485376126843 hm1_norm_Δρ=2.552661687953763e-7  error_V_h1=1.0169189854956586  α = 0.0228
 146   -21.48189968404      -12.51       -5.59    59.5s
    hm1_norm_ρdiff=0.00011551960743831164 hm1_norm_Δρ=6.954679141960788e-7  error_V_h1=1.0169139648199896  α = 0.00993
 147   -21.48189968404      -12.15       -6.11    48.0s
    hm1_norm_ρdiff=0.00011545037326037285 hm1_norm_Δρ=1.9131995411302473e-7  error_V_h1=1.0169094396921774  α = 0.0463
 148   -21.48189968404      -12.55       -5.58    65.3s
    hm1_norm_ρdiff=0.00011608227214587863 hm1_norm_Δρ=9.02872190206319e-7  error_V_h1=1.0169145328701876  α = 0.00415
 149   -21.48189968405      -12.11       -5.84    57.3s
    hm1_norm_ρdiff=0.00011556207818519302 hm1_norm_Δρ=4.475706507072945e-7  error_V_h1=1.0169107683541507  α = 0.0226
 150   -21.48189968405      -12.34       -5.57    58.2s
    hm1_norm_ρdiff=0.00011544096729120906 hm1_norm_Δρ=7.532850165189309e-7  error_V_h1=1.0169087759416788  α = 0.0101
 151   -21.48189968405      -12.05       -5.64    59.5s
    hm1_norm_ρdiff=0.00011544408321795414 hm1_norm_Δρ=5.640044937967343e-7  error_V_h1=1.016914646259724  α = 0.0106
 152   -21.48189968405      -12.21       -6.23    49.7s
    hm1_norm_ρdiff=0.0001155375342270864 hm1_norm_Δρ=1.6483332034456557e-7  error_V_h1=1.016918492355283  α = 0.0463
 153   -21.48189968405      -12.26       -5.66    60.0s
    hm1_norm_ρdiff=0.00011554365438875589 hm1_norm_Δρ=5.86743821285035e-7  error_V_h1=1.016909932043488  α = 0.0101
 154   -21.48189968405      -12.43       -6.03    52.9s
    hm1_norm_ρdiff=0.0001153952692387328 hm1_norm_Δρ=2.6202027867059706e-7  error_V_h1=1.0169116020856648  α = 0.0228
 155   -21.48189968405      -13.67       -5.46    60.0s
    hm1_norm_ρdiff=0.00011577750148816978 hm1_norm_Δρ=7.858751592912019e-7  error_V_h1=1.016902093019072  α = 0.00954
 156   -21.48189968405      -12.73       -5.52    67.3s
    hm1_norm_ρdiff=0.00011530509744376719 hm1_norm_Δρ=9.88172520222602e-7  error_V_h1=1.0169026799931011  α = 0.00408
 157   -21.48189968405      -12.75       -5.93    59.9s
    hm1_norm_ρdiff=0.00011542400601845333 hm1_norm_Δρ=3.0494186923765567e-7  error_V_h1=1.0169044888235177  α = 0.0107
 158   -21.48189968405      -12.58       -6.15    49.3s
    hm1_norm_ρdiff=0.00011547578288520031 hm1_norm_Δρ=1.6085065598918462e-7  error_V_h1=1.0169083620283959  α = 0.0464
 159   -21.48189968405      -13.03       -5.80    68.6s
    hm1_norm_ρdiff=0.00011505451122246914 hm1_norm_Δρ=5.82750948087345e-7  error_V_h1=1.0169057118770957  α = 0.00423
 160   -21.48189968405      -12.83       -5.88    53.2s
    hm1_norm_ρdiff=0.00011544194006736845 hm1_norm_Δρ=3.796634111088716e-7  error_V_h1=1.0169096786548288  α = 0.0218
 161   -21.48189968405      -12.84       -5.92    57.7s
    hm1_norm_ρdiff=0.00011548837725506866 hm1_norm_Δρ=3.620802243095557e-7  error_V_h1=1.0169090011593855  α = 0.0104
 162   -21.48189968405      -12.49       -6.39    49.3s
    hm1_norm_ρdiff=0.00011548499161630198 hm1_norm_Δρ=9.5898876528122e-8  error_V_h1=1.0169094929484848  α = 0.0459
 163   -21.48189968405      -12.89       -5.98    57.3s
    hm1_norm_ρdiff=0.00011531637911726252 hm1_norm_Δρ=3.0761134653510777e-7  error_V_h1=1.0169089710794181  α = 0.00974
 164   -21.48189968405      -13.15       -5.86    59.3s
    hm1_norm_ρdiff=0.00011541798659030386 hm1_norm_Δρ=3.9671470064851623e-7  error_V_h1=1.0169121923314395  α = 0.00981
 165   -21.48189968405      -12.84       -6.05    51.6s
    hm1_norm_ρdiff=0.00011552395800667139 hm1_norm_Δρ=2.3939261159538684e-7  error_V_h1=1.0169144578765061  α = 0.0221
 166   -21.48189968405      -13.00       -5.66    58.4s
    hm1_norm_ρdiff=0.00011530295284504474 hm1_norm_Δρ=5.009248115462357e-7  error_V_h1=1.0169183293061341  α = 0.0097
 167   -21.48189968405      -13.34       -5.82    69.0s
    hm1_norm_ρdiff=0.00011553417212589636 hm1_norm_Δρ=4.939165806332656e-7  error_V_h1=1.0169174376360712  α = 0.00424
 168   -21.48189968405      -13.17       -6.54    39.6s
    hm1_norm_ρdiff=0.00011546899841984516 hm1_norm_Δρ=6.668716403343266e-8  error_V_h1=1.0169081435584906  α = 0.0889
 169   -21.48189968405      -13.30       -6.05    55.2s
    hm1_norm_ρdiff=0.00011541319537663775 hm1_norm_Δρ=2.5407226365484377e-7  error_V_h1=1.0169056676390469  α = 0.0221
 170   -21.48189968405      -12.94       -6.15    52.4s
    hm1_norm_ρdiff=0.00011538378860852797 hm1_norm_Δρ=1.9802143169079703e-7  error_V_h1=1.0169024916167992  α = 0.0222
 171   -21.48189968405      -12.81       -5.61    68.0s
    hm1_norm_ρdiff=0.00011579124907207104 hm1_norm_Δρ=6.501796343374178e-7  error_V_h1=1.0169034038275626  α = 0.0045
 172   -21.48189968405      -13.02       -5.95    60.8s
    hm1_norm_ρdiff=0.00011541760789153772 hm1_norm_Δρ=3.3685232667780055e-7  error_V_h1=1.0169015736169957  α = 0.0101
 173   -21.48189968405      -13.30       -6.30    61.1s
    hm1_norm_ρdiff=0.00011544051319003985 hm1_norm_Δρ=1.3724634589228326e-7  error_V_h1=1.016900905525471  α = 0.00958
 174   -21.48189968405      -13.41       -5.84    61.5s
    hm1_norm_ρdiff=0.0001156503536329673 hm1_norm_Δρ=3.9957061153950706e-7  error_V_h1=1.0169004053928203  α = 0.00935
 175   -21.48189968405      -13.19       -5.90    65.7s
    hm1_norm_ρdiff=0.00011543275881586189 hm1_norm_Δρ=3.7874831865263027e-7  error_V_h1=1.0168998353781051  α = 0.00419
 176   -21.48189968405      -12.81       -5.93    57.4s
    hm1_norm_ρdiff=0.0001153433250008229 hm1_norm_Δρ=3.171454200307366e-7  error_V_h1=1.0168988294675732  α = 0.0105
 177   -21.48189968405      -13.03       -5.80    60.9s
    hm1_norm_ρdiff=0.0001155957407483202 hm1_norm_Δρ=3.7293826015372737e-7  error_V_h1=1.0168960630087591  α = 0.00999
 178   -21.48189968405      -13.17       -6.51    60.3s
    hm1_norm_ρdiff=0.00011547017958459599 hm1_norm_Δρ=9.788996160281183e-8  error_V_h1=1.0168953483895062  α = 0.011
 179   -21.48189968405      -13.15       -6.06    54.1s
    hm1_norm_ρdiff=0.00011545491422185346 hm1_norm_Δρ=2.184994368712466e-7  error_V_h1=1.0169021562361074  α = 0.0221
 180   -21.48189968405      -12.76       -5.97    59.5s
    hm1_norm_ρdiff=0.00011552459791844529 hm1_norm_Δρ=2.9364053356298326e-7  error_V_h1=1.01690360723073  α = 0.0106
 181   -21.48189968405      -13.25       -5.73    64.2s
    hm1_norm_ρdiff=0.00011576291442361445 hm1_norm_Δρ=5.824613754533888e-7  error_V_h1=1.0169046973150417  α = 0.004
 182   -21.48189968405      -13.13       -6.28    62.7s
    hm1_norm_ρdiff=0.00011540573182352082 hm1_norm_Δρ=1.3976981117942918e-7  error_V_h1=1.0169038622128208  α = 0.0103
 183   -21.48189968405      -13.19       -6.07    60.9s
    hm1_norm_ρdiff=0.00011548322751510028 hm1_norm_Δρ=2.4742778171242436e-7  error_V_h1=1.0169046530120718  α = 0.0102
 184   -21.48189968405      -13.13       -6.66    51.3s
    hm1_norm_ρdiff=0.00011546822756828053 hm1_norm_Δρ=5.8469201419649107e-8  error_V_h1=1.016905370044836  α = 0.0227
 185   -21.48189968405      -13.27       -5.84    65.2s
    hm1_norm_ρdiff=0.00011527192182589433 hm1_norm_Δρ=4.1454907719654844e-7  error_V_h1=1.0169060134956769  α = 0.00424
 186   -21.48189968405      -13.45       -6.52    54.2s
    hm1_norm_ρdiff=0.0001154568251984189 hm1_norm_Δρ=8.87919680390512e-8  error_V_h1=1.0169079393886113  α = 0.022
 187   -21.48189968405      -13.85       -6.04    62.1s
    hm1_norm_ρdiff=0.00011550458337243601 hm1_norm_Δρ=2.4316246753814107e-7  error_V_h1=1.0169107330648572  α = 0.00996
 188   -21.48189968405      -13.45       -6.23    60.6s
    hm1_norm_ρdiff=0.00011538536923910921 hm1_norm_Δρ=1.780250854652754e-7  error_V_h1=1.0169121960864471  α = 0.00989
 189   -21.48189968405      -13.50       -6.45    73.5s
    hm1_norm_ρdiff=0.0001154494224037176 hm1_norm_Δρ=1.1549455747489112e-7  error_V_h1=1.0169121959823535  α = 0.00117
 190   -21.48189968405      -13.55       -6.02    58.6s
    hm1_norm_ρdiff=0.00011549007874153764 hm1_norm_Δρ=2.436776250195061e-7  error_V_h1=1.0169089450863606  α = 0.00989
 191   -21.48189968405      -14.45       -6.66    56.2s
    hm1_norm_ρdiff=0.00011545312910515095 hm1_norm_Δρ=5.9501186989921494e-8  error_V_h1=1.0169089067073025  α = 0.0219
 192   -21.48189968405   +    -Inf       -6.28     152s
    hm1_norm_ρdiff=0.00011554535978588838 hm1_norm_Δρ=1.6010946128641887e-7  error_V_h1=1.0169089072068755  α = 4.25e-6
 193   -21.48189968405   +    -Inf       -6.27     112s
    hm1_norm_ρdiff=0.00011552187132719434 hm1_norm_Δρ=1.4240413090529812e-7  error_V_h1=1.0169089072067694  α = 0.0
Trying again without preconditioner ...
n     Energy            log10(ΔE)   log10(Δρ)   Δtime
---   ---------------   ---------   ---------   ------
  1   -21.48189968405                   -4.76    89.9s
    hm1_norm_ρdiff=0.00012018732564135284 hm1_norm_Δρ=7.476145741660026e-6  error_V_h1=1.016909524097588  α = 0.000436
  2   -21.48189968405   +    -Inf       -5.29    79.3s
    hm1_norm_ρdiff=0.00011497279092026697 hm1_norm_Δρ=1.3962459185226763e-6  error_V_h1=1.0169094020624414  α = 0.00057
  3   -21.48189968405      -13.97       -5.53    73.1s
    hm1_norm_ρdiff=0.00011560161563834389 hm1_norm_Δρ=7.144765421470133e-7  error_V_h1=1.0169091056116855  α = 0.00108
  4   -21.48189968405      -14.45       -5.59    91.8s
    hm1_norm_ρdiff=0.00011567094555539609 hm1_norm_Δρ=8.02570657286683e-7  error_V_h1=1.0169087725590154  α = 0.000946
  5   -21.48189968405      -13.55       -5.85    72.6s
    hm1_norm_ρdiff=0.00011534094839437829 hm1_norm_Δρ=3.287529404625996e-7  error_V_h1=1.016908126475118  α = 0.00161
  6   -21.48189968405   +    -Inf       -5.99    72.0s
    hm1_norm_ρdiff=0.0001154909523269556 hm1_norm_Δρ=2.3141640502504417e-7  error_V_h1=1.016907711422651  α = 0.00155
  7   -21.48189968405   +    -Inf       -6.03    73.4s
    hm1_norm_ρdiff=0.00011549036536141005 hm1_norm_Δρ=1.920055542518927e-7  error_V_h1=1.016907184684608  α = 0.00163

#-- |ρε - ρref| = 0.00011546523037282075 vs. 1.7782794100389228e-8 = δ*ε  error_V_h1=1.016907184684608  Qε=0.9186244341056029


# --- ε=1.0e-6

n     Energy            log10(ΔE)   log10(Δρ)   Δtime
---   ---------------   ---------   ---------   ------
  1   -21.48174882046                   -0.89    97.0s
    hm1_norm_ρdiff=0.08207840109894633 hm1_norm_Δρ=0.08201953160288751  error_V_h1=2.382758080827506  α = 0.000564
  2   -21.48175505345       -5.21       -1.79    65.5s
    hm1_norm_ρdiff=0.006851796495360995 hm1_norm_Δρ=0.0068386081207870925  error_V_h1=2.1621193310051225  α = 0.0037
  3   -21.48175691288       -5.73       -2.07    65.9s
    hm1_norm_ρdiff=0.0032597265301118955 hm1_norm_Δρ=0.003251569753879456  error_V_h1=2.0875056149295026  α = 0.00382
  4   -21.48175884627       -5.71       -2.21    63.0s
    hm1_norm_ρdiff=0.0022207968802671627 hm1_norm_Δρ=0.0022124896137708542  error_V_h1=2.003200595479926  α = 0.00412
  5   -21.48175968019       -6.08       -2.81    52.7s
    hm1_norm_ρdiff=0.0004037624113387053 hm1_norm_Δρ=0.00039605345575735324  error_V_h1=1.9590349414792891  α = 0.0226
  6   -21.48176011277       -6.36       -3.00    59.5s
    hm1_norm_ρdiff=0.00030463923650559153 hm1_norm_Δρ=0.00029571597553236983  error_V_h1=1.9408740310203978  α = 0.0107
  7   -21.48176030846       -6.71       -2.85    58.5s
    hm1_norm_ρdiff=0.0003942627067139952 hm1_norm_Δρ=0.00038962077144224215  error_V_h1=1.9362569315793174  α = 0.00997
  8   -21.48176058269       -6.56       -3.26    48.0s
    hm1_norm_ρdiff=0.00013604493903503716 hm1_norm_Δρ=0.0001248517050142332  error_V_h1=1.935142343725832  α = 0.0465
  9   -21.48176078500       -6.69       -3.21    45.4s
    hm1_norm_ρdiff=0.00015268439017312966 hm1_norm_Δρ=0.00014795063346818475  error_V_h1=1.931527565850109  α = 0.0462
 10   -21.48176096805       -6.74       -3.20    45.4s
    hm1_norm_ρdiff=0.00016831713443165634 hm1_norm_Δρ=0.00016744016497313716  error_V_h1=1.9311840886983056  α = 0.0461
 11   -21.48176164628       -6.17       -3.15    48.4s
    hm1_norm_ρdiff=0.00017953024012346645 hm1_norm_Δρ=0.00018309889942841765  error_V_h1=1.9019191242420996  α = 0.0465
 12   -21.48176170455       -7.23       -2.94    66.9s
    hm1_norm_ρdiff=0.0005911843078532373 hm1_norm_Δρ=0.0006497513684235856  error_V_h1=1.899425398616307  α = 0.00372
 13   -21.48176262129       -6.04       -2.06    67.8s
    hm1_norm_ρdiff=0.002364254458062554 hm1_norm_Δρ=0.0023772457465600512  error_V_h1=1.8635040304009105  α = 0.00378
 14   -21.48176292400       -6.52       -2.32    73.8s
    hm1_norm_ρdiff=0.001703390370106957 hm1_norm_Δρ=0.001708889097078116  error_V_h1=1.8516806108680057  α = 0.00163
 15   -21.48176302268       -7.01       -2.85    65.7s
    hm1_norm_ρdiff=0.0004926832692241032 hm1_norm_Δρ=0.0004936534730684405  error_V_h1=1.849401689867124  α = 0.00415
 16   -21.48176331472       -6.53       -3.00    60.0s
    hm1_norm_ρdiff=0.0002662629133949719 hm1_norm_Δρ=0.00025641597611104054  error_V_h1=1.8392166151424199  α = 0.0107
 17   -21.48176352575       -6.68       -3.76    39.4s
    hm1_norm_ρdiff=7.8860397976874e-5 hm1_norm_Δρ=3.7091574090463625e-5  error_V_h1=1.8269148009199885  α = 0.0877
 18   -21.48176356879       -7.37       -2.96    60.3s
    hm1_norm_ρdiff=0.0003669974258419261 hm1_norm_Δρ=0.0003573276358310164  error_V_h1=1.8208230435054298  α = 0.00929
 19   -21.48176382092       -6.60       -3.00    53.6s
    hm1_norm_ρdiff=0.00024532869271409817 hm1_norm_Δρ=0.00022511595370046158  error_V_h1=1.7982021850288492  α = 0.0225
 20   -21.48176410578       -6.55       -2.97    59.9s
    hm1_norm_ρdiff=0.00031021203089882455 hm1_norm_Δρ=0.000291329252864287  error_V_h1=1.7829719542275406  α = 0.0105
 21   -21.48176437125       -6.58       -2.99    59.2s
    hm1_norm_ρdiff=0.0003030083240719476 hm1_norm_Δρ=0.0002863216809575609  error_V_h1=1.7683810577076136  α = 0.0105
 22   -21.48176459279       -6.65       -3.05    59.1s
    hm1_norm_ρdiff=0.0002580545181739573 hm1_norm_Δρ=0.00023646678635985056  error_V_h1=1.7589077405447209  α = 0.0106
 23   -21.48176459763       -8.32       -2.75    71.7s
    hm1_norm_ρdiff=0.0010279639745287973 hm1_norm_Δρ=0.0009700093035675106  error_V_h1=1.7593877209115978  α = 0.0012
 24   -21.48176478589       -6.73       -2.38    65.2s
    hm1_norm_ρdiff=0.0010447480095856 hm1_norm_Δρ=0.0010349137117952522  error_V_h1=1.7583580086461859  α = 0.00381
 25   -21.48176481229       -7.58       -3.67    51.6s
    hm1_norm_ρdiff=7.583197483746806e-5 hm1_norm_Δρ=4.541439343733002e-5  error_V_h1=1.7571179724479051  α = 0.0232
 26   -21.48176482192       -8.02       -3.49    66.9s
    hm1_norm_ρdiff=0.00015024053078041533 hm1_norm_Δρ=0.0001340796830824954  error_V_h1=1.7563622737418487  α = 0.00426
 27   -21.48176482500       -8.51       -3.29    59.9s
    hm1_norm_ρdiff=0.00015277331936941032 hm1_norm_Δρ=0.000133294846115159  error_V_h1=1.7559075805739557  α = 0.00929
 28   -21.48176488409       -7.23       -3.53    50.5s
    hm1_norm_ρdiff=8.72238298018069e-5 hm1_norm_Δρ=6.421496718301624e-5  error_V_h1=1.7557606746880179  α = 0.0231
 29   -21.48176495156       -7.17       -2.94    67.3s
    hm1_norm_ρdiff=0.0003982266255356284 hm1_norm_Δρ=0.0003987674922734577  error_V_h1=1.7548610044118844  α = 0.00416
 30   -21.48176507085       -6.92       -3.01    60.0s
    hm1_norm_ρdiff=0.0002176305793632571 hm1_norm_Δρ=0.000219690920603384  error_V_h1=1.7539095802035063  α = 0.0104
 31   -21.48176508481       -7.86       -3.67    59.3s
    hm1_norm_ρdiff=8.399046842526556e-5 hm1_norm_Δρ=6.233483916226722e-5  error_V_h1=1.753681137798327  α = 0.0106
 32   -21.48176509520       -7.98       -3.80    58.1s
    hm1_norm_ρdiff=7.588487532341987e-5 hm1_norm_Δρ=4.569800795091057e-5  error_V_h1=1.7535430608458011  α = 0.0106
 33   -21.48176510368       -8.07       -4.13    46.6s
    hm1_norm_ρdiff=6.479352812081459e-5 hm1_norm_Δρ=1.895782434677944e-5  error_V_h1=1.752806602029562  α = 0.0465
 34   -21.48176510509       -8.85       -2.87    73.1s
    hm1_norm_ρdiff=0.0006528519836188125 hm1_norm_Δρ=0.000708574025079533  error_V_h1=1.7523834475751277  α = 0.00117
 35   -21.48176514534       -7.40       -2.78    67.6s
    hm1_norm_ρdiff=0.0003953278166108991 hm1_norm_Δρ=0.00039658445537597945  error_V_h1=1.7487439322404987  α = 0.00397
 36   -21.48176515359       -8.08       -3.65    59.3s
    hm1_norm_ρdiff=9.332608818211235e-5 hm1_norm_Δρ=5.4222138495833004e-5  error_V_h1=1.748069429449861  α = 0.0104
 37   -21.48176515441       -9.09       -3.74    67.1s
    hm1_norm_ρdiff=0.00010021048169294317 hm1_norm_Δρ=7.275770288756962e-5  error_V_h1=1.7482243857849098  α = 0.00373
 38   -21.48176516468       -7.99       -3.13    66.9s
    hm1_norm_ρdiff=0.00020332318099522493 hm1_norm_Δρ=0.0001950023367297779  error_V_h1=1.7478564925934765  α = 0.004
 39   -21.48176516651       -8.74       -3.99    54.5s
    hm1_norm_ρdiff=7.601549635800831e-5 hm1_norm_Δρ=2.4061332835216774e-5  error_V_h1=1.7470427777630195  α = 0.0222
 40   -21.48176517005       -8.45       -3.60    65.9s
    hm1_norm_ρdiff=0.00011507351189540135 hm1_norm_Δρ=8.630512986608281e-5  error_V_h1=1.7464246861984025  α = 0.00421
 41   -21.48176517868       -8.06       -3.59    59.3s
    hm1_norm_ρdiff=9.914754486446238e-5 hm1_norm_Δρ=5.992651755852894e-5  error_V_h1=1.7447484775400663  α = 0.0104
 42   -21.48176518047       -8.75       -4.42    51.9s
    hm1_norm_ρdiff=7.019037499768548e-5 hm1_norm_Δρ=9.811791672651271e-6  error_V_h1=1.7445338839347282  α = 0.0231
 43   -21.48176518437       -8.41       -4.47    47.4s
    hm1_norm_ρdiff=6.843193609756505e-5 hm1_norm_Δρ=8.077053785548609e-6  error_V_h1=1.7448237038566565  α = 0.0461
 44   -21.48176518958       -8.28       -3.83    58.5s
    hm1_norm_ρdiff=8.913100190121234e-5 hm1_norm_Δρ=4.0091088619429286e-5  error_V_h1=1.7449903970337388  α = 0.0105
 45   -21.48176519247       -8.54       -3.05    81.4s
    hm1_norm_ρdiff=0.0004942047397367798 hm1_norm_Δρ=0.0004383117041532966  error_V_h1=1.7449537907989223  α = 0.000577
 46   -21.48176519787       -8.27       -3.24    69.1s
    hm1_norm_ρdiff=0.0001624515927397954 hm1_norm_Δρ=0.000141207963521749  error_V_h1=1.745329525022683  α = 0.00397
 47   -21.48176519876       -9.05       -4.10    60.3s
    hm1_norm_ρdiff=6.716624788332179e-5 hm1_norm_Δρ=2.050327024902423e-5  error_V_h1=1.745435264464024  α = 0.0102
 48   -21.48176519886      -10.00       -3.94    66.5s
    hm1_norm_ρdiff=8.175332314463686e-5 hm1_norm_Δρ=4.677981577453537e-5  error_V_h1=1.745314603370048  α = 0.00346
 49   -21.48176520010       -8.90       -3.58    69.5s
    hm1_norm_ρdiff=9.963439944226953e-5 hm1_norm_Δρ=6.967272413064227e-5  error_V_h1=1.745202716185441  α = 0.00398
 50   -21.48176520156       -8.84       -3.99    59.6s
    hm1_norm_ρdiff=6.843704542992482e-5 hm1_norm_Δρ=2.5752267488505524e-5  error_V_h1=1.7454023722245526  α = 0.0103
 51   -21.48176520182       -9.58       -4.25    69.9s
    hm1_norm_ρdiff=6.789656023981019e-5 hm1_norm_Δρ=1.8782319695827558e-5  error_V_h1=1.745510541400965  α = 0.0044
 52   -21.48176520242       -9.22       -4.11    60.9s
    hm1_norm_ρdiff=6.613640569636248e-5 hm1_norm_Δρ=1.8889844235196154e-5  error_V_h1=1.745889379723029  α = 0.0101
 53   -21.48176520263       -9.68       -5.08    37.8s
    hm1_norm_ρdiff=6.769073344749924e-5 hm1_norm_Δρ=1.8647106854453435e-6  error_V_h1=1.7459655825880436  α = 0.0897
 54   -21.48176520314       -9.29       -4.36    61.4s
    hm1_norm_ρdiff=6.820447388190155e-5 hm1_norm_Δρ=1.0200850595207005e-5  error_V_h1=1.745840806998568  α = 0.0108
 55   -21.48176520333       -9.73       -4.58    54.4s
    hm1_norm_ρdiff=6.626949469094032e-5 hm1_norm_Δρ=7.261756699404533e-6  error_V_h1=1.74569961234449  α = 0.022
 56   -21.48176520339      -10.20       -4.51    65.9s
    hm1_norm_ρdiff=8.176177900909741e-5 hm1_norm_Δρ=1.63458179720298e-5  error_V_h1=1.7457175607031228  α = 0.00377
 57   -21.48176520411       -9.15       -3.92    68.4s
    hm1_norm_ρdiff=6.89225220607584e-5 hm1_norm_Δρ=2.8986829873948813e-5  error_V_h1=1.7455711342310944  α = 0.00446
 58   -21.48176520441       -9.53       -4.24    57.2s
    hm1_norm_ρdiff=7.136497430138179e-5 hm1_norm_Δρ=1.3695295009913029e-5  error_V_h1=1.745527526098965  α = 0.0101
 59   -21.48176520448      -10.13       -4.15    67.0s
    hm1_norm_ρdiff=7.346673335329132e-5 hm1_norm_Δρ=2.8079158264333496e-5  error_V_h1=1.7456014720182977  α = 0.0036
 60   -21.48176520469       -9.69       -4.01    68.6s
    hm1_norm_ρdiff=7.23939361465534e-5 hm1_norm_Δρ=2.6816993586883408e-5  error_V_h1=1.745628234091516  α = 0.00402
 61   -21.48176520486       -9.75       -4.54    63.4s
    hm1_norm_ρdiff=6.951836462252984e-5 hm1_norm_Δρ=7.654433133803924e-6  error_V_h1=1.7455960857307533  α = 0.0105
 62   -21.48176520498       -9.92       -4.91    54.1s
    hm1_norm_ρdiff=6.78228684881325e-5 hm1_norm_Δρ=3.449734310117336e-6  error_V_h1=1.7457069262995601  α = 0.0226
 63   -21.48176520511       -9.91       -4.52    61.2s
    hm1_norm_ρdiff=7.051362480771172e-5 hm1_norm_Δρ=7.84861373481417e-6  error_V_h1=1.7456331779613092  α = 0.01
 64   -21.48176520529       -9.74       -4.46    58.7s
    hm1_norm_ρdiff=6.753932735072428e-5 hm1_norm_Δρ=7.584346238485599e-6  error_V_h1=1.745653070330438  α = 0.0106
 65   -21.48176520537      -10.08       -5.04    52.7s
    hm1_norm_ρdiff=6.786888097381824e-5 hm1_norm_Δρ=2.27436259611628e-6  error_V_h1=1.7455836545073407  α = 0.0231
 66   -21.48176520561       -9.62       -4.42    59.2s
    hm1_norm_ρdiff=7.00087699162108e-5 hm1_norm_Δρ=9.895672584836896e-6  error_V_h1=1.7455773330820687  α = 0.0103
 67   -21.48176520582       -9.68       -3.55    79.6s
    hm1_norm_ρdiff=7.979999186045622e-5 hm1_norm_Δρ=0.00012099070256248888  error_V_h1=1.7455406813237704  α = 0.000613
 68   -21.48176520588      -10.21       -4.81    51.9s
    hm1_norm_ρdiff=6.762421954931372e-5 hm1_norm_Δρ=3.562798464935946e-6  error_V_h1=1.7455029694018767  α = 0.022
 69   -21.48176520604       -9.79       -4.67    55.4s
    hm1_norm_ρdiff=6.767241587334832e-5 hm1_norm_Δρ=4.13382337136289e-6  error_V_h1=1.745440323250154  α = 0.0229
 70   -21.48176520607      -10.62       -4.22    68.6s
    hm1_norm_ρdiff=7.100546307374737e-5 hm1_norm_Δρ=2.364197726512817e-5  error_V_h1=1.7454083485347913  α = 0.00343
 71   -21.48176520609      -10.58       -4.56    66.7s
    hm1_norm_ρdiff=6.713394022493636e-5 hm1_norm_Δρ=8.38303923219835e-6  error_V_h1=1.7453957990392395  α = 0.00408
 72   -21.48176520616      -10.19       -4.84    60.9s
    hm1_norm_ρdiff=6.776369081235107e-5 hm1_norm_Δρ=3.970852165405776e-6  error_V_h1=1.7453974055382824  α = 0.0103
 73   -21.48176520621      -10.24       -4.58    58.9s
    hm1_norm_ρdiff=6.786135525820644e-5 hm1_norm_Δρ=7.326767005799428e-6  error_V_h1=1.745355074214926  α = 0.00974
 74   -21.48176520625      -10.43       -4.51    59.1s
    hm1_norm_ρdiff=6.506677160014977e-5 hm1_norm_Δρ=8.339462427197384e-6  error_V_h1=1.7454219615780628  α = 0.00928
 75   -21.48176520630      -10.35       -4.92    62.1s
    hm1_norm_ρdiff=6.922711665958594e-5 hm1_norm_Δρ=3.2001598432984097e-6  error_V_h1=1.7454193788405006  α = 0.00814
 76   -21.48176520630      -11.68       -5.17    55.7s
    hm1_norm_ρdiff=6.822411068034278e-5 hm1_norm_Δρ=2.0482229702207137e-6  error_V_h1=1.7454050598643114  α = 0.0217
 77   -21.48176520632      -10.57       -4.98    60.1s
    hm1_norm_ρdiff=6.71502797050245e-5 hm1_norm_Δρ=2.7696361860742745e-6  error_V_h1=1.745415550239896  α = 0.0105
 78   -21.48176520636      -10.51       -3.77    80.4s
    hm1_norm_ρdiff=5.649500317235336e-5 hm1_norm_Δρ=4.839592611237869e-5  error_V_h1=1.7453931306093  α = 0.000632
 79   -21.48176520644      -10.06       -4.21    67.2s
    hm1_norm_ρdiff=7.15062600086821e-5 hm1_norm_Δρ=1.591533572828724e-5  error_V_h1=1.7453948013513227  α = 0.00413
 80   -21.48176520651      -10.20       -4.86    54.8s
    hm1_norm_ρdiff=6.755552947207424e-5 hm1_norm_Δρ=2.5314354272797503e-6  error_V_h1=1.7454938323082998  α = 0.0229
 81   -21.48176520651      -11.16       -4.77    64.4s
    hm1_norm_ρdiff=6.763686001217767e-5 hm1_norm_Δρ=5.9759435743124126e-6  error_V_h1=1.7455019099299007  α = 0.00377
 82   -21.48176520652      -11.11       -4.53    68.0s
    hm1_norm_ρdiff=6.985874602947682e-5 hm1_norm_Δρ=8.834829677206963e-6  error_V_h1=1.7455143686489898  α = 0.00378
 83   -21.48176520654      -10.78       -5.22    51.0s
    hm1_norm_ρdiff=6.731256245172445e-5 hm1_norm_Δρ=1.6113115451186365e-6  error_V_h1=1.7455043294700576  α = 0.0225
 84   -21.48176520654      -11.26       -4.68    61.5s
    hm1_norm_ρdiff=6.784983045622167e-5 hm1_norm_Δρ=5.975709419425888e-6  error_V_h1=1.7455102718906534  α = 0.00905
 85   -21.48176520658      -10.46       -4.57    66.9s
    hm1_norm_ρdiff=6.970488716443523e-5 hm1_norm_Δρ=7.15721574678321e-6  error_V_h1=1.7454748940761364  α = 0.00439
 86   -21.48176520658      -11.19       -4.58    75.7s
    hm1_norm_ρdiff=6.084896321600219e-5 hm1_norm_Δρ=1.0731694182355646e-5  error_V_h1=1.745472448920974  α = 0.00134
 87   -21.48176520660      -10.93       -4.85    61.1s
    hm1_norm_ρdiff=6.604179156723404e-5 hm1_norm_Δρ=4.509045983718681e-6  error_V_h1=1.74548245294838  α = 0.00934
 88   -21.48176520661      -10.81       -5.46    47.5s
    hm1_norm_ρdiff=6.773512640539372e-5 hm1_norm_Δρ=8.471111241437148e-7  error_V_h1=1.7454539763537733  α = 0.046
 89   -21.48176520661      -12.28       -4.71    66.3s
    hm1_norm_ρdiff=6.761766349799819e-5 hm1_norm_Δρ=4.680858443165379e-6  error_V_h1=1.7454622314665935  α = 0.00385
 90   -21.48176520663      -10.69       -4.70    65.7s
    hm1_norm_ρdiff=6.570754770933265e-5 hm1_norm_Δρ=6.78682328733255e-6  error_V_h1=1.74546094234816  α = 0.0042
 91   -21.48176520667      -10.40       -5.17    52.7s
    hm1_norm_ρdiff=6.781940988500392e-5 hm1_norm_Δρ=1.3794602738117958e-6  error_V_h1=1.7454018834209408  α = 0.0229
 92   -21.48176520668      -11.13       -4.65    64.3s
    hm1_norm_ρdiff=6.927697107277921e-5 hm1_norm_Δρ=7.915617642479202e-6  error_V_h1=1.7453816697459192  α = 0.00363
 93   -21.48176520668      -11.23       -4.90    68.1s
    hm1_norm_ρdiff=6.677685888232953e-5 hm1_norm_Δρ=3.880028971145135e-6  error_V_h1=1.7453768821281175  α = 0.00411
 94   -21.48176520669      -11.00       -4.83    63.4s
    hm1_norm_ρdiff=6.850425143250666e-5 hm1_norm_Δρ=3.967409202472982e-6  error_V_h1=1.7453838024487265  α = 0.00433
 95   -21.48176520672      -10.62       -4.69    65.5s
    hm1_norm_ρdiff=6.844958789567714e-5 hm1_norm_Δρ=6.365821200365064e-6  error_V_h1=1.7453810097066644  α = 0.00429
 96   -21.48176520672      -11.52       -5.44    52.6s
    hm1_norm_ρdiff=6.768013477417186e-5 hm1_norm_Δρ=8.343985030268317e-7  error_V_h1=1.745385164077211  α = 0.0217
 97   -21.48176520672      -12.13       -4.77    81.6s
    hm1_norm_ρdiff=6.382615160845601e-5 hm1_norm_Δρ=6.129314317528542e-6  error_V_h1=1.7453829030034622  α = 0.000654
 98   -21.48176520673      -11.07       -4.92    68.2s
    hm1_norm_ρdiff=6.899042636946587e-5 hm1_norm_Δρ=3.570469193384821e-6  error_V_h1=1.7453781540151065  α = 0.00435
 99   -21.48176520674      -10.92       -4.97    59.7s
    hm1_norm_ρdiff=6.726433433533738e-5 hm1_norm_Δρ=2.6938371956192873e-6  error_V_h1=1.7453840970600283  α = 0.0101
 100   -21.48176520674      -11.66       -5.30    59.7s
    hm1_norm_ρdiff=6.798833963794601e-5 hm1_norm_Δρ=1.3136321947851908e-6  error_V_h1=1.745389355721851  α = 0.00955
 101   -21.48176520675      -11.57       -4.93    65.8s
    hm1_norm_ρdiff=6.94735637573894e-5 hm1_norm_Δρ=4.292215669659819e-6  error_V_h1=1.7453912192861458  α = 0.00391
 102   -21.48176520675      -12.00       -5.42    52.9s
    hm1_norm_ρdiff=6.74256999385726e-5 hm1_norm_Δρ=8.281624009723825e-7  error_V_h1=1.745420833936509  α = 0.0221
 103   -21.48176520675      -11.58       -4.71    67.3s
    hm1_norm_ρdiff=6.642399378264755e-5 hm1_norm_Δρ=6.6782136428612555e-6  error_V_h1=1.745437485988347  α = 0.00347
 104   -21.48176520675      -12.01       -5.47    66.5s
    hm1_norm_ρdiff=6.793546254109294e-5 hm1_norm_Δρ=1.0753510145870056e-6  error_V_h1=1.7454391752359029  α = 0.00417
 105   -21.48176520675      -12.04       -5.18    61.4s
    hm1_norm_ρdiff=6.733936709417258e-5 hm1_norm_Δρ=1.7059546953754282e-6  error_V_h1=1.7454429222200394  α = 0.00968
 106   -21.48176520676      -11.21       -5.34    63.1s
    hm1_norm_ρdiff=6.769395577645619e-5 hm1_norm_Δρ=1.3632403560333777e-6  error_V_h1=1.7454516654222685  α = 0.00978
 107   -21.48176520677      -11.03       -4.85    68.2s
    hm1_norm_ρdiff=6.748660270784912e-5 hm1_norm_Δρ=3.5236971958094585e-6  error_V_h1=1.745447682254802  α = 0.00446
 108   -21.48176520677      -12.19       -4.75    72.8s
    hm1_norm_ρdiff=6.501047256775898e-5 hm1_norm_Δρ=5.8012729173333496e-6  error_V_h1=1.7454453099937652  α = 0.00158
 109   -21.48176520678      -11.22       -5.67    51.9s
    hm1_norm_ρdiff=6.757549737616643e-5 hm1_norm_Δρ=5.802628693681934e-7  error_V_h1=1.7454534375828619  α = 0.0217
 110   -21.48176520678      -11.60       -5.22    63.0s
    hm1_norm_ρdiff=6.844836230424961e-5 hm1_norm_Δρ=1.8895125872501033e-6  error_V_h1=1.7454513345992009  α = 0.00353
 111   -21.48176520678      -11.49       -4.61    66.8s
    hm1_norm_ρdiff=6.591755760857735e-5 hm1_norm_Δρ=6.1789895205542795e-6  error_V_h1=1.7454403065606516  α = 0.00377
 112   -21.48176520678      -11.92       -5.56    60.0s
    hm1_norm_ρdiff=6.723508987103198e-5 hm1_norm_Δρ=1.0995649336096945e-6  error_V_h1=1.745434500747068  α = 0.00968
 113   -21.48176520679      -11.30       -5.32    60.6s
    hm1_norm_ρdiff=6.805275251918651e-5 hm1_norm_Δρ=1.149954567768267e-6  error_V_h1=1.7454166753997777  α = 0.0105
 114   -21.48176520679      -12.08       -4.79    68.6s
    hm1_norm_ρdiff=6.933378893036664e-5 hm1_norm_Δρ=5.925303758523836e-6  error_V_h1=1.7454090458790994  α = 0.0034
 115   -21.48176520679      -11.64       -5.64    57.7s
    hm1_norm_ρdiff=6.71996320951079e-5 hm1_norm_Δρ=7.208759485241428e-7  error_V_h1=1.7454084501096876  α = 0.00985
 116   -21.48176520680      -11.28       -4.95    65.4s
    hm1_norm_ρdiff=6.760538465364636e-5 hm1_norm_Δρ=2.8628079950326614e-6  error_V_h1=1.7454130797094083  α = 0.00418
 117   -21.48176520680      -11.56       -5.22    67.2s
    hm1_norm_ρdiff=6.754402205244361e-5 hm1_norm_Δρ=1.7798833139458891e-6  error_V_h1=1.7454116593616602  α = 0.00441
 118   -21.48176520680      -11.78       -5.26    66.8s
    hm1_norm_ρdiff=6.734433937275211e-5 hm1_norm_Δρ=1.2999935594593115e-6  error_V_h1=1.745414939469414  α = 0.00393
 119   -21.48176520680      -12.40       -5.41    60.5s
    hm1_norm_ρdiff=6.754239437384428e-5 hm1_norm_Δρ=9.281555156593907e-7  error_V_h1=1.7454140242246277  α = 0.00992
 120   -21.48176520680      -11.63       -5.13    65.1s
    hm1_norm_ρdiff=6.723844925722354e-5 hm1_norm_Δρ=1.8646786992847757e-6  error_V_h1=1.745407300856746  α = 0.00436
 121   -21.48176520680      -12.64       -4.95    65.1s
    hm1_norm_ρdiff=6.90941572005022e-5 hm1_norm_Δρ=3.517992183461886e-6  error_V_h1=1.7454066892673734  α = 0.00345
 122   -21.48176520681      -11.31       -4.81    68.9s
    hm1_norm_ρdiff=6.818152894354358e-5 hm1_norm_Δρ=3.7490317275194968e-6  error_V_h1=1.7454179440192346  α = 0.00412
 123   -21.48176520681      -12.01       -5.49    68.1s
    hm1_norm_ρdiff=6.80127194010242e-5 hm1_norm_Δρ=1.2469000674513028e-6  error_V_h1=1.74541948312189  α = 0.00433
 124   -21.48176520681      -12.18       -5.70    51.3s
    hm1_norm_ρdiff=6.738990867401895e-5 hm1_norm_Δρ=4.954576771628128e-7  error_V_h1=1.7454202895189073  α = 0.0223
 125   -21.48176520681      -11.39       -4.80    74.7s
    hm1_norm_ρdiff=6.613490688514044e-5 hm1_norm_Δρ=5.778414714220421e-6  error_V_h1=1.7454241701264828  α = 0.00165
 126   -21.48176520681      -12.27       -5.03    71.6s
    hm1_norm_ρdiff=6.974578975842359e-5 hm1_norm_Δρ=3.5696882065562975e-6  error_V_h1=1.7454226880495125  α = 0.00141
 127   -21.48176520681      -12.34       -5.42    65.4s
    hm1_norm_ρdiff=6.77398103643809e-5 hm1_norm_Δρ=1.0998510375746121e-6  error_V_h1=1.7454183065880293  α = 0.00405
 128   -21.48176520682      -11.79       -6.11    38.4s
    hm1_norm_ρdiff=6.757395936137268e-5 hm1_norm_Δρ=1.474043625335888e-7  error_V_h1=1.7453905386603399  α = 0.0889
 129   -21.48176520682      -11.64       -6.10    46.2s
    hm1_norm_ρdiff=6.755727776579041e-5 hm1_norm_Δρ=1.7883728697217365e-7  error_V_h1=1.7454014871110992  α = 0.0444
 130   -21.48176520682      -12.36       -5.72    53.7s
    hm1_norm_ρdiff=6.768551446211593e-5 hm1_norm_Δρ=3.818599880474108e-7  error_V_h1=1.7454067069193628  α = 0.0211
 131   -21.48176520682      -13.19       -5.42    74.8s
    hm1_norm_ρdiff=6.774464679800323e-5 hm1_norm_Δρ=9.937067000302288e-7  error_V_h1=1.7454063566166969  α = 0.00118
 132   -21.48176520682      -11.97       -4.89    72.1s
    hm1_norm_ρdiff=6.667672144960906e-5 hm1_norm_Δρ=3.2765233356312716e-6  error_V_h1=1.7454071058790754  α = 0.00174
 133   -21.48176520682      -11.96       -5.57    60.7s
    hm1_norm_ρdiff=6.758982268771235e-5 hm1_norm_Δρ=6.472397859309424e-7  error_V_h1=1.7454069555377743  α = 0.0104
 134   -21.48176520682      -12.78       -5.86    60.2s
    hm1_norm_ρdiff=6.778248262531239e-5 hm1_norm_Δρ=4.3455433431534897e-7  error_V_h1=1.7454141710097932  α = 0.00983
 135   -21.48176520682      -12.00       -5.65    60.2s
    hm1_norm_ρdiff=6.761984625890164e-5 hm1_norm_Δρ=4.763109856275615e-7  error_V_h1=1.745417649393941  α = 0.00926
 136   -21.48176520682      -12.43       -5.17    72.0s
    hm1_norm_ρdiff=6.7133050825314e-5 hm1_norm_Δρ=2.439151719198429e-6  error_V_h1=1.7454198699633239  α = 0.00168
 137   -21.48176520682      -12.88       -4.57    75.6s
    hm1_norm_ρdiff=6.383421829966974e-5 hm1_norm_Δρ=8.489612351111959e-6  error_V_h1=1.7454271069446607  α = 0.00139
 138   -21.48176520682      -12.53       -5.16    70.1s
    hm1_norm_ρdiff=6.755908335659361e-5 hm1_norm_Δρ=2.3195211945969914e-6  error_V_h1=1.7454319821643016  α = 0.00344
 139   -21.48176520682      -12.05       -5.75    53.7s
    hm1_norm_ρdiff=6.745312314537418e-5 hm1_norm_Δρ=3.7809753352123335e-7  error_V_h1=1.7454504317688067  α = 0.0226
 140   -21.48176520682      -12.39       -5.90    60.1s
    hm1_norm_ρdiff=6.760537828879325e-5 hm1_norm_Δρ=3.149810818458795e-7  error_V_h1=1.7454484894582767  α = 0.00966
 141   -21.48176520682      -12.21       -5.03    65.4s
    hm1_norm_ρdiff=6.657023039303054e-5 hm1_norm_Δρ=2.5159754741747263e-6  error_V_h1=1.7454436035827032  α = 0.0034
 142   -21.48176520683      -11.84       -6.65    42.0s
    hm1_norm_ρdiff=6.758321548870509e-5 hm1_norm_Δρ=5.257825098146233e-8  error_V_h1=1.7454437416857242  α = 0.0817
 143   -21.48176520683      -12.07       -5.97    59.3s
    hm1_norm_ρdiff=6.758576615572557e-5 hm1_norm_Δρ=3.255970374565336e-7  error_V_h1=1.7454440065893262  α = 0.0105
 144   -21.48176520683      -12.41       -5.69    56.4s
    hm1_norm_ρdiff=6.766518977612535e-5 hm1_norm_Δρ=4.2165168781111727e-7  error_V_h1=1.7454313059674196  α = 0.022
 145   -21.48176520683      -12.78       -5.60    69.3s
    hm1_norm_ρdiff=6.709810352594624e-5 hm1_norm_Δρ=8.292868706241275e-7  error_V_h1=1.745425883056263  α = 0.00393
 146   -21.48176520683      -12.35       -5.94    50.7s
    hm1_norm_ρdiff=6.767501724579956e-5 hm1_norm_Δρ=2.906633815887276e-7  error_V_h1=1.745422310784399  α = 0.0223
 147   -21.48176520683      -12.50       -5.94    58.9s
    hm1_norm_ρdiff=6.765824351728915e-5 hm1_norm_Δρ=3.357491677381901e-7  error_V_h1=1.745419468100417  α = 0.0104
 148   -21.48176520683      -12.74       -5.47    66.9s
    hm1_norm_ρdiff=6.758036300390902e-5 hm1_norm_Δρ=8.763092176124343e-7  error_V_h1=1.7454182232001014  α = 0.00395
 149   -21.48176520683      -12.89       -5.30    69.0s
    hm1_norm_ρdiff=6.73255662817742e-5 hm1_norm_Δρ=1.551219028007121e-6  error_V_h1=1.7454148301594195  α = 0.00362
 150   -21.48176520683      -12.43       -5.78    58.7s
    hm1_norm_ρdiff=6.768425576272449e-5 hm1_norm_Δρ=3.64065595395638e-7  error_V_h1=1.7454097009186202  α = 0.0102
 151   -21.48176520683      -13.07       -5.78    59.7s
    hm1_norm_ρdiff=6.752943526284088e-5 hm1_norm_Δρ=3.688850531732021e-7  error_V_h1=1.745406565846393  α = 0.00955
 152   -21.48176520683      -12.87       -5.42    74.2s
    hm1_norm_ρdiff=6.792426408033342e-5 hm1_norm_Δρ=1.0970103674322154e-6  error_V_h1=1.7454076288844051  α = 0.00155
 153   -21.48176520683      -12.56       -6.49    45.3s
    hm1_norm_ρdiff=6.758483579932018e-5 hm1_norm_Δρ=8.362091155468209e-8  error_V_h1=1.7454101966775726  α = 0.046
 154   -21.48176520683      -12.20       -5.90    59.0s
    hm1_norm_ρdiff=6.748175924055224e-5 hm1_norm_Δρ=3.4829233410029145e-7  error_V_h1=1.7454119743066079  α = 0.0104
 155   -21.48176520683      -12.44       -5.61    57.5s
    hm1_norm_ρdiff=6.743294093640384e-5 hm1_norm_Δρ=5.091087677341122e-7  error_V_h1=1.745419127301267  α = 0.00995
 156   -21.48176520683      -13.60       -5.46    66.0s
    hm1_norm_ρdiff=6.807834779471822e-5 hm1_norm_Δρ=1.0727987229148089e-6  error_V_h1=1.7454246089807561  α = 0.00336
 157   -21.48176520683      -12.85       -5.43    67.1s
    hm1_norm_ρdiff=6.73037550937066e-5 hm1_norm_Δρ=8.567420191681666e-7  error_V_h1=1.7454263005319202  α = 0.00407
 158   -21.48176520683      -12.85       -6.42    53.9s
    hm1_norm_ρdiff=6.759066524479132e-5 hm1_norm_Δρ=9.222016846562907e-8  error_V_h1=1.7454249123862386  α = 0.0224
 159   -21.48176520683      -12.64       -5.67    67.2s
    hm1_norm_ρdiff=6.757324794295563e-5 hm1_norm_Δρ=5.064659246385686e-7  error_V_h1=1.745424963721521  α = 0.00454
 160   -21.48176520683      -13.27       -5.46    65.6s
    hm1_norm_ρdiff=6.792428740334046e-5 hm1_norm_Δρ=1.1759246785779608e-6  error_V_h1=1.7454269849449175  α = 0.00352
 161   -21.48176520683      -13.03       -5.84    66.0s
    hm1_norm_ρdiff=6.74634349209512e-5 hm1_norm_Δρ=3.7204639567439e-7  error_V_h1=1.745429115737895  α = 0.00441
 162   -21.48176520683      -13.11       -5.97    62.2s
    hm1_norm_ρdiff=6.760415687151296e-5 hm1_norm_Δρ=2.6254054419746004e-7  error_V_h1=1.7454309432374018  α = 0.0099
 163   -21.48176520683      -13.50       -5.63    73.2s
    hm1_norm_ρdiff=6.734684583704926e-5 hm1_norm_Δρ=7.012347489761524e-7  error_V_h1=1.7454306874305012  α = 0.00165
 164   -21.48176520683      -12.78       -5.82    66.0s
    hm1_norm_ρdiff=6.742399733326133e-5 hm1_norm_Δρ=4.316220199141431e-7  error_V_h1=1.745429212315349  α = 0.00422
 165   -21.48176520683      -13.17       -6.50    51.9s
    hm1_norm_ρdiff=6.757342656467243e-5 hm1_norm_Δρ=7.680084240407438e-8  error_V_h1=1.7454287066799252  α = 0.023
 166   -21.48176520683      -13.30       -5.71    62.4s
    hm1_norm_ρdiff=6.770922207965871e-5 hm1_norm_Δρ=4.0307306178650043e-7  error_V_h1=1.7454260439733997  α = 0.00406
 167   -21.48176520683      -12.52       -5.25    72.3s
    hm1_norm_ρdiff=6.671082342774674e-5 hm1_norm_Δρ=1.8952002326145155e-6  error_V_h1=1.7454223798222461  α = 0.00155
 168   -21.48176520683      -13.45       -6.05    56.7s
    hm1_norm_ρdiff=6.758617126945532e-5 hm1_norm_Δρ=2.178125532549823e-7  error_V_h1=1.745422152919477  α = 0.00437
 169   -21.48176520683      -14.45       -6.08    55.8s
    hm1_norm_ρdiff=6.747639317273614e-5 hm1_norm_Δρ=2.0536108272268612e-7  error_V_h1=1.745422581727783  α = 0.00441
 170   -21.48176520683      -13.75       -6.36    51.5s
    hm1_norm_ρdiff=6.755689459857892e-5 hm1_norm_Δρ=1.0201989452549777e-7  error_V_h1=1.7454228532848837  α = 0.0105
 171   -21.48176520683      -13.09       -5.49    54.1s
    hm1_norm_ρdiff=6.720645437628897e-5 hm1_norm_Δρ=1.097787001419232e-6  error_V_h1=1.745421039757738  α = 0.00346
 172   -21.48176520683      -13.50       -6.84    38.3s
    hm1_norm_ρdiff=6.757460544217372e-5 hm1_norm_Δρ=3.7730355372455155e-8  error_V_h1=1.745419569265642  α = 0.0462
 173   -21.48176520683      -13.07       -5.97    52.1s
    hm1_norm_ρdiff=6.750052737608856e-5 hm1_norm_Δρ=3.040611875408156e-7  error_V_h1=1.7454198162097385  α = 0.00942
 174   -21.48176520683      -13.97       -5.81    97.7s
    hm1_norm_ρdiff=6.769825438389436e-5 hm1_norm_Δρ=4.777915223627295e-7  error_V_h1=1.7454200615091182  α = 0.00172
 175   -21.48176520683      -12.97       -6.65    86.4s
    hm1_norm_ρdiff=6.758830127379793e-5 hm1_norm_Δρ=6.393679137953546e-8  error_V_h1=1.7454212972170722  α = 0.0224
 176   -21.48176520683      -13.13       -6.06     103s
    hm1_norm_ρdiff=6.750329951830799e-5 hm1_norm_Δρ=2.3971769102277584e-7  error_V_h1=1.7454212445736659  α = 0.00417
 177   -21.48176520683      -13.55       -6.44    88.1s
    hm1_norm_ρdiff=6.754367254645517e-5 hm1_norm_Δρ=9.281619346694031e-8  error_V_h1=1.745422960140845  α = 0.0105
 178   -21.48176520683      -13.27       -5.85     118s
    hm1_norm_ρdiff=6.780591342988683e-5 hm1_norm_Δρ=4.63857582689157e-7  error_V_h1=1.745423211205885  α = 0.00146
 179   -21.48176520683   +    -Inf       -6.82    62.9s
    hm1_norm_ρdiff=6.756608733273659e-5 hm1_norm_Δρ=3.764761113378584e-8  error_V_h1=1.7454236353338253  α = 0.0216
 180   -21.48176520683      -13.34       -6.51    52.5s
    hm1_norm_ρdiff=6.759034727901405e-5 hm1_norm_Δρ=7.687974305057362e-8  error_V_h1=1.7454230949908547  α = 0.0106
 181   -21.48176520683      -13.75       -6.07    57.3s
    hm1_norm_ρdiff=6.754250819212607e-5 hm1_norm_Δρ=2.0368474969585488e-7  error_V_h1=1.745422631315483  α = 0.00445
 182   -21.48176520683      -13.45       -5.98    57.1s
    hm1_norm_ρdiff=6.766116407667197e-5 hm1_norm_Δρ=3.4147012995511217e-7  error_V_h1=1.7454227712303247  α = 0.00387
 183   -21.48176520683      -13.55       -6.06    55.9s
    hm1_norm_ρdiff=6.751232905119544e-5 hm1_norm_Δρ=2.5447112841172825e-7  error_V_h1=1.7454229768703053  α = 0.00368
 184   -21.48176520683      -13.30       -6.09    55.9s
    hm1_norm_ρdiff=6.762492218828013e-5 hm1_norm_Δρ=2.5728220062533417e-7  error_V_h1=1.7454225776153147  α = 0.0043
 185   -21.48176520683      -13.97       -6.31    57.5s
    hm1_norm_ρdiff=6.750963417187289e-5 hm1_norm_Δρ=1.440978113560293e-7  error_V_h1=1.745422774945828  α = 0.00397
 186   -21.48176520683      -13.60       -6.65    53.3s
    hm1_norm_ρdiff=6.757572329605101e-5 hm1_norm_Δρ=5.6072253295433265e-8  error_V_h1=1.7454230824070753  α = 0.0103
 187   -21.48176520683      -13.60       -6.55     153s
    hm1_norm_ρdiff=6.753890061566983e-5 hm1_norm_Δρ=8.548968911628095e-8  error_V_h1=1.7454230824065637  α = 7.6e-9
 188   -21.48176520683      -13.60       -6.81    37.1s
    hm1_norm_ρdiff=6.756366846020629e-5 hm1_norm_Δρ=3.36595619705482e-8  error_V_h1=1.745420238498292  α = 0.0459
 189   -21.48176520683      -14.45       -6.42    53.3s
    hm1_norm_ρdiff=6.748610850101112e-5 hm1_norm_Δρ=1.2373695183609592e-7  error_V_h1=1.7454201667676692  α = 0.0043
 190   -21.48176520683      -13.97       -6.18    52.9s
    hm1_norm_ρdiff=6.757564273883517e-5 hm1_norm_Δρ=1.7292026958105633e-7  error_V_h1=1.7454199956238643  α = 0.00455
 191   -21.48176520683      -13.45       -6.64    47.5s
    hm1_norm_ρdiff=6.757141394269366e-5 hm1_norm_Δρ=6.571435523419448e-8  error_V_h1=1.7454196994622513  α = 0.0104
 192   -21.48176520683      -13.75       -6.65    46.7s
    hm1_norm_ρdiff=6.757389484884247e-5 hm1_norm_Δρ=5.156182700800052e-8  error_V_h1=1.7454200019053125  α = 0.0106
 193   -21.48176520683      -14.45       -6.15    71.3s
    hm1_norm_ρdiff=6.747623526352313e-5 hm1_norm_Δρ=2.159198735669048e-7  error_V_h1=1.745420010314247  α = 0.000329
 194   -21.48176520683   +    -Inf       -6.65    45.8s
    hm1_norm_ρdiff=6.754245261445064e-5 hm1_norm_Δρ=7.92914285319797e-8  error_V_h1=1.7454200586385227  α = 0.00982
 195   -21.48176520683      -13.85       -6.42    47.0s
    hm1_norm_ρdiff=6.755252780644462e-5 hm1_norm_Δρ=9.148489727484087e-8  error_V_h1=1.7454205503821953  α = 0.0099
 196   -21.48176520683   +    -Inf       -6.22    52.4s
    hm1_norm_ρdiff=6.766177334394425e-5 hm1_norm_Δρ=2.0880819522578208e-7  error_V_h1=1.7454201368321016  α = 0.00364
 197   -21.48176520683      -14.45       -6.89    41.7s
    hm1_norm_ρdiff=6.756441711861443e-5 hm1_norm_Δρ=3.987925696379485e-8  error_V_h1=1.7454193552048458  α = 0.0219
 198   -21.48176520683      -14.15       -6.63     100s
    hm1_norm_ρdiff=6.755002526518633e-5 hm1_norm_Δρ=5.368521874248357e-8  error_V_h1=1.7454193569342455  α = 0.000723
 199   -21.48176520683      -13.85       -6.20    51.5s
    hm1_norm_ρdiff=6.756708611447312e-5 hm1_norm_Δρ=1.6387686024816056e-7  error_V_h1=1.7454204046217032  α = 0.0044
 200   -21.48176520683      -13.41       -6.03    56.6s
    hm1_norm_ρdiff=6.775368524049183e-5 hm1_norm_Δρ=3.2862142266217225e-7  error_V_h1=1.7454206273590631  α = 0.00144
 201   -21.48176520683      -14.45       -6.83    98.3s
    hm1_norm_ρdiff=6.75506267682032e-5 hm1_norm_Δρ=3.212012057401718e-8  error_V_h1=1.745420627359113  α = 4.39e-10
 202   -21.48176520683   +    -Inf       -5.58    93.7s
    hm1_norm_ρdiff=6.733148337891475e-5 hm1_norm_Δρ=5.948893034141721e-7  error_V_h1=1.7454206273591104  α = 0.0
 203   -21.48176520683   +  -14.45       -5.88    93.7s
    hm1_norm_ρdiff=6.695341525408064e-5 hm1_norm_Δρ=7.464861390036543e-7  error_V_h1=1.7454206273591117  α = 0.0
 204   -21.48176520683      -14.15       -5.88     287s
    hm1_norm_ρdiff=6.695341527815447e-5 hm1_norm_Δρ=7.464861134676434e-7  error_V_h1=1.745420627359071  α = 1.64e-10
 205   -21.48176520683   +  -14.15       -5.53    96.4s
    hm1_norm_ρdiff=6.614336581040521e-5 hm1_norm_Δρ=1.6908482103575546e-6  error_V_h1=1.7454206273590522  α = 0.0
 206   -21.48176520683      -14.45       -5.88     118s
    hm1_norm_ρdiff=6.695341535598124e-5 hm1_norm_Δρ=7.464860128962728e-7  error_V_h1=1.7454206273591182  α = 1.21e-10
 207   -21.48176520683   +  -14.45       -5.26     104s
    hm1_norm_ρdiff=6.507583004644835e-5 hm1_norm_Δρ=3.087519262561263e-6  error_V_h1=1.7454206273590658  α = 0.0
 208   -21.48176520683      -14.15       -5.88     108s
    hm1_norm_ρdiff=6.695341542356911e-5 hm1_norm_Δρ=7.464859333773052e-7  error_V_h1=1.7454206273589765  α = 5.23e-11
 209   -21.48176520683   +  -14.15       -5.60    99.4s
    hm1_norm_ρdiff=6.64825873418248e-5 hm1_norm_Δρ=1.3468148194432056e-6  error_V_h1=1.7454206273590653  α = 0.0
 210   -21.48176520683      -14.15       -5.88     115s
    hm1_norm_ρdiff=6.69534155446033e-5 hm1_norm_Δρ=7.464857882969325e-7  error_V_h1=1.7454206273590285  α = 6.04e-11
 211   -21.48176520683   +  -14.45       -4.45     110s
    hm1_norm_ρdiff=5.1818028317498145e-5 hm1_norm_Δρ=2.0608929143331854e-5  error_V_h1=1.7454206273590103  α = 0.0
 212   -21.48176520683      -14.15       -5.88     115s
    hm1_norm_ρdiff=6.695341555204615e-5 hm1_norm_Δρ=7.464857742641353e-7  error_V_h1=1.7454206273590813  α = 5.06e-11
 213   -21.48176520683   +  -14.15       -4.94     103s
    hm1_norm_ρdiff=6.203750558381023e-5 hm1_norm_Δρ=6.736637199615771e-6  error_V_h1=1.745420627359012  α = 0.0
 214   -21.48176520683   +    -Inf       -5.88     127s
    hm1_norm_ρdiff=6.69534156662511e-5 hm1_norm_Δρ=7.464856440561179e-7  error_V_h1=1.7454206273590214  α = 8.73e-11
 215   -21.48176520683   +    -Inf       -5.09     229s
    hm1_norm_ρdiff=6.387816949336081e-5 hm1_norm_Δρ=4.602957553235323e-6  error_V_h1=1.7454206273588242  α = 2.93e-13
Trying again without preconditioner ...
n     Energy            log10(ΔE)   log10(Δρ)   Δtime
---   ---------------   ---------   ---------   ------
  1   -21.48176520683                   -5.04    73.3s
    hm1_norm_ρdiff=6.54384896992787e-5 hm1_norm_Δρ=3.454801485097135e-6  error_V_h1=1.745420956892616  α = 0.00041
  2   -21.48176520683   +    -Inf       -5.18     103s
    hm1_norm_ρdiff=6.785065901436177e-5 hm1_norm_Δρ=1.8930963574518766e-6  error_V_h1=1.7454209568927674  α = 0.0
  3   -21.48176520683      -13.67       -4.86    67.8s
    hm1_norm_ρdiff=7.175601313212045e-5 hm1_norm_Δρ=6.558101769645124e-6  error_V_h1=1.745421161597862  α = 0.000169
  4   -21.48176520683      -13.75       -5.78     103s
    hm1_norm_ρdiff=6.740302660841662e-5 hm1_norm_Δρ=4.4361316158758264e-7  error_V_h1=1.7454211622437403  α = 3.4e-6
  5   -21.48176520683   +    -Inf       -5.76    68.9s
    hm1_norm_ρdiff=6.768666732506951e-5 hm1_norm_Δρ=4.807620275318439e-7  error_V_h1=1.7454212205917914  α = 0.000139
  6   -21.48176520683      -14.45       -5.61     192s
    hm1_norm_ρdiff=6.750302900361786e-5 hm1_norm_Δρ=7.06675228764084e-7  error_V_h1=1.7454212205917492  α = 9.83e-11
  7   -21.48176520683   +    -Inf       -5.07     132s
    hm1_norm_ρdiff=6.766001105289794e-5 hm1_norm_Δρ=2.1257736705088627e-6  error_V_h1=1.7454212205919366  α = 6.76e-11
  8   -21.48176520683   +    -Inf       -5.39     121s
    hm1_norm_ρdiff=6.720532675145679e-5 hm1_norm_Δρ=9.955097829947122e-7  error_V_h1=1.7454212205918507  α = 1.22e-13

#-- |ρε - ρref| = 6.75633356850768e-5 vs. 1.0e-8 = δ*ε  error_V_h1=1.7454212205918507  Qε=0.9310476067956805


# --- ε=5.62341325190349e-7

n     Energy            log10(ΔE)   log10(Δρ)   Δtime
---   ---------------   ---------   ---------   ------
  1   -21.48165984826                   -0.89    74.8s
    hm1_norm_ρdiff=0.08209286507217335 hm1_norm_Δρ=0.0820715683831671  error_V_h1=3.878926972661521  α = 0.000465
  2   -21.48166482102       -5.30       -1.79    57.6s
    hm1_norm_ρdiff=0.0068705344658098215 hm1_norm_Δρ=0.006859807999082994  error_V_h1=3.689698666477198  α = 0.00153
  3   -21.48166625244       -5.84       -2.07    57.6s
    hm1_norm_ρdiff=0.003299797318712893 hm1_norm_Δρ=0.0032936679934800314  error_V_h1=3.6310480569214394  α = 0.00157
  4   -21.48166661821       -6.44       -2.20    51.1s
    hm1_norm_ρdiff=0.0022798751424371977 hm1_norm_Δρ=0.0022781260854235486  error_V_h1=3.6059148042946005  α = 0.00343
  5   -21.48166752505       -6.04       -2.78    46.6s
    hm1_norm_ρdiff=0.000421431021607028 hm1_norm_Δρ=0.00041823322396378063  error_V_h1=3.5626043167368944  α = 0.0105
  6   -21.48166784403       -6.50       -2.94    46.1s
    hm1_norm_ρdiff=0.0003381304964910041 hm1_norm_Δρ=0.0003375681481325312  error_V_h1=3.5478547247978978  α = 0.01
  7   -21.48166814441       -6.52       -2.73    50.6s
    hm1_norm_ρdiff=0.0005090835719373895 hm1_norm_Δρ=0.0005092361998134777  error_V_h1=3.5368557207795934  α = 0.00437
  8   -21.48166892640       -6.11       -3.10    40.6s
    hm1_norm_ρdiff=0.00018050972830799868 hm1_norm_Δρ=0.00018336129089719505  error_V_h1=3.5100247970311136  α = 0.0231
  9   -21.48166981632       -6.05       -2.97    41.5s
    hm1_norm_ρdiff=0.00024910133044243286 hm1_norm_Δρ=0.0002572929901127937  error_V_h1=3.474350143767434  α = 0.0228
 10   -21.48167087215       -5.98       -2.93    41.3s
    hm1_norm_ρdiff=0.0003095791305158016 hm1_norm_Δρ=0.00032140493864103454  error_V_h1=3.4332445071352673  α = 0.0226
 11   -21.48167277481       -5.72       -2.86    41.5s
    hm1_norm_ρdiff=0.00034733426899986387 hm1_norm_Δρ=0.00036316099539525007  error_V_h1=3.346962037057205  α = 0.0228
 12   -21.48167699513       -5.37       -1.25    62.2s
    hm1_norm_ρdiff=0.015004835334601778 hm1_norm_Δρ=0.015029914250597881  error_V_h1=3.1712578373121922  α = 0.000542
 13   -21.48167712866       -6.87       -2.45    56.9s
    hm1_norm_ρdiff=0.0014376879716015947 hm1_norm_Δρ=0.0014505233141608646  error_V_h1=3.1663855041498947  α = 0.00144
 14   -21.48167715045       -7.66       -2.80    57.9s
    hm1_norm_ρdiff=0.0005917238794247537 hm1_norm_Δρ=0.0005970977497907813  error_V_h1=3.1661805323655403  α = 0.00146
 15   -21.48167787277       -6.14       -2.24    57.7s
    hm1_norm_ρdiff=0.001953070946856855 hm1_norm_Δρ=0.0019575234725218603  error_V_h1=3.1389528419008395  α = 0.00164
 16   -21.48167792262       -7.30       -3.28    46.8s
    hm1_norm_ρdiff=0.00013835117877037493 hm1_norm_Δρ=0.0001325580052744191  error_V_h1=3.139271180273146  α = 0.01
 17   -21.48167799818       -7.12       -2.93    52.2s
    hm1_norm_ρdiff=0.0003521406107110039 hm1_norm_Δρ=0.0003487867218538955  error_V_h1=3.136713324982989  α = 0.00405
 18   -21.48167800470       -8.19       -3.45    46.5s
    hm1_norm_ρdiff=0.00010810673526715434 hm1_norm_Δρ=9.594301062932397e-5  error_V_h1=3.13572400572763  α = 0.00936
 19   -21.48167803526       -7.51       -3.04    48.3s
    hm1_norm_ρdiff=0.00021562252075752782 hm1_norm_Δρ=0.00020552394383882978  error_V_h1=3.1316004536093174  α = 0.00935
 20   -21.48167823986       -6.69       -2.60    51.6s
    hm1_norm_ρdiff=0.0006250544490441583 hm1_norm_Δρ=0.0006158175357200521  error_V_h1=3.1214707309033622  α = 0.004
 21   -21.48167844285       -6.69       -2.37    51.1s
    hm1_norm_ρdiff=0.0011757572891864297 hm1_norm_Δρ=0.001166137214608339  error_V_h1=3.1080956545124625  α = 0.00357
 22   -21.48167890096       -6.34       -2.20    56.1s
    hm1_norm_ρdiff=0.001668979088217074 hm1_norm_Δρ=0.001653055154203629  error_V_h1=3.0868057506307975  α = 0.0016
 23   -21.48167893165       -7.51       -2.32    62.0s
    hm1_norm_ρdiff=0.0013607617430466588 hm1_norm_Δρ=0.0013355692689528253  error_V_h1=3.0864640487657358  α = 0.000539
 24   -21.48167895065       -7.72       -2.89    57.1s
    hm1_norm_ρdiff=0.0005353721194855538 hm1_norm_Δρ=0.0005207619578194504  error_V_h1=3.085390906897101  α = 0.00145
 25   -21.48167895498       -8.36       -3.12    57.9s
    hm1_norm_ρdiff=0.000292781523584416 hm1_norm_Δρ=0.0002831087710929472  error_V_h1=3.084814547068194  α = 0.00141
 26   -21.48167896287       -8.10       -3.98    41.5s
    hm1_norm_ρdiff=4.951997181849675e-5 hm1_norm_Δρ=2.726128603042463e-5  error_V_h1=3.083649029909398  α = 0.0226
 27   -21.48167899117       -7.55       -3.19    50.9s
    hm1_norm_ρdiff=0.00016922745424160758 hm1_norm_Δρ=0.00016873356055542357  error_V_h1=3.081629011723036  α = 0.00427
 28   -21.48167901047       -7.71       -3.37    52.2s
    hm1_norm_ρdiff=0.00012756436580487932 hm1_norm_Δρ=0.00012184787305995072  error_V_h1=3.080483208909943  α = 0.00437
 29   -21.48167902724       -7.78       -3.12    52.7s
    hm1_norm_ρdiff=0.00020653313047631994 hm1_norm_Δρ=0.00020475410070436116  error_V_h1=3.0801790001715945  α = 0.0039
 30   -21.48167907450       -7.33       -3.03    52.3s
    hm1_norm_ρdiff=0.00021413505611719835 hm1_norm_Δρ=0.00021569117840274687  error_V_h1=3.0795179555090106  α = 0.00431
 31   -21.48167909995       -7.59       -3.10    51.2s
    hm1_norm_ρdiff=0.0001875147597811065 hm1_norm_Δρ=0.00019191747702739667  error_V_h1=3.0790070883122107  α = 0.00411
 32   -21.48167922034       -6.92       -2.60    51.3s
    hm1_norm_ρdiff=0.0006782743352037426 hm1_norm_Δρ=0.0006883403960911375  error_V_h1=3.0772236314974672  α = 0.00371
 33   -21.48167922199       -8.78       -3.56    53.1s
    hm1_norm_ρdiff=6.93201586746048e-5 hm1_norm_Δρ=7.000185537345006e-5  error_V_h1=3.0770083614533084  α = 0.00379
 34   -21.48167922238       -9.41       -3.36    56.7s
    hm1_norm_ρdiff=0.00010356070619199471 hm1_norm_Δρ=0.00012137082161772725  error_V_h1=3.076843629865371  α = 0.0013
 35   -21.48167922563       -8.49       -3.33    57.2s
    hm1_norm_ρdiff=0.00017258418830730553 hm1_norm_Δρ=0.0001794014315015966  error_V_h1=3.076704083478916  α = 0.00152
 36   -21.48167922718       -8.81       -3.35    56.8s
    hm1_norm_ρdiff=0.00016682396810370378 hm1_norm_Δρ=0.00016343042204683  error_V_h1=3.076674042983568  α = 0.00142
 37   -21.48167923199       -8.32       -3.35    52.3s
    hm1_norm_ρdiff=0.00013116131777136865 hm1_norm_Δρ=0.00011999771064965297  error_V_h1=3.0767515298215637  α = 0.0038
 38   -21.48167923472       -8.56       -3.79    53.3s
    hm1_norm_ρdiff=6.440495499812203e-5 hm1_norm_Δρ=4.35448076567553e-5  error_V_h1=3.0767478938963815  α = 0.00444
 39   -21.48167923573       -9.00       -4.12    40.8s
    hm1_norm_ρdiff=4.421632775687771e-5 hm1_norm_Δρ=2.0670742399693564e-5  error_V_h1=3.077096644476715  α = 0.0217
 40   -21.48167924074       -8.30       -3.32    51.7s
    hm1_norm_ρdiff=0.00015220822485334032 hm1_norm_Δρ=0.00014466664551170808  error_V_h1=3.076381674229077  α = 0.00372
 41   -21.48167924482       -8.39       -3.64    52.2s
    hm1_norm_ρdiff=7.491757178704026e-5 hm1_norm_Δρ=5.204538541486399e-5  error_V_h1=3.0757276548829147  α = 0.00444
 42   -21.48167925053       -8.24       -3.83    46.9s
    hm1_norm_ρdiff=6.17398039660269e-5 hm1_norm_Δρ=3.679891988028188e-5  error_V_h1=3.075111486598519  α = 0.0103
 43   -21.48167928638       -7.45       -2.94    51.6s
    hm1_norm_ρdiff=0.00030994494592572906 hm1_norm_Δρ=0.00029738675102591937  error_V_h1=3.072088162212688  α = 0.00387
 44   -21.48167929060       -8.37       -3.98    46.5s
    hm1_norm_ρdiff=5.019215314541364e-5 hm1_norm_Δρ=2.5986852292776805e-5  error_V_h1=3.072078858702705  α = 0.0106
 45   -21.48167929089       -9.54       -3.86    51.2s
    hm1_norm_ρdiff=7.660672956520608e-5 hm1_norm_Δρ=4.245008692740147e-5  error_V_h1=3.072196906274094  α = 0.00359
 46   -21.48167929334       -8.61       -3.55    52.3s
    hm1_norm_ρdiff=9.711591545058206e-5 hm1_norm_Δρ=8.062610994010847e-5  error_V_h1=3.0717564084704723  α = 0.00393
 47   -21.48167929512       -8.75       -3.37    57.8s
    hm1_norm_ρdiff=0.0001422389892715169 hm1_norm_Δρ=0.00014052649300864956  error_V_h1=3.0714504162213268  α = 0.00148
 48   -21.48167929878       -8.44       -3.33    56.8s
    hm1_norm_ρdiff=0.00013400679277452473 hm1_norm_Δρ=0.00013669586565514855  error_V_h1=3.070923143996243  α = 0.00165
 49   -21.48167930142       -8.58       -3.83    46.5s
    hm1_norm_ρdiff=5.7925056876901835e-5 hm1_norm_Δρ=3.356173315925429e-5  error_V_h1=3.07007408641574  α = 0.00991
 50   -21.48167930518       -8.42       -3.74    51.9s
    hm1_norm_ρdiff=6.976140480507196e-5 hm1_norm_Δρ=4.9729806594507193e-5  error_V_h1=3.069636250930776  α = 0.00441
 51   -21.48167930626       -8.97       -3.47    51.6s
    hm1_norm_ρdiff=0.00010500710883922433 hm1_norm_Δρ=9.97704896063723e-5  error_V_h1=3.069793695365407  α = 0.00352
 52   -21.48167930714       -9.05       -4.71    42.0s
    hm1_norm_ρdiff=4.16155376803366e-5 hm1_norm_Δρ=5.0581780965242315e-6  error_V_h1=3.0695307744225526  α = 0.0224
 53   -21.48167930962       -8.61       -3.98    47.2s
    hm1_norm_ρdiff=4.3441682119803044e-5 hm1_norm_Δρ=2.1733416379688087e-5  error_V_h1=3.0695595744006243  α = 0.0105
 54   -21.48167931355       -8.41       -3.46    52.5s
    hm1_norm_ρdiff=9.918990207886525e-5 hm1_norm_Δρ=0.00010153840511368654  error_V_h1=3.070242348155771  α = 0.00385
 55   -21.48167931551       -8.71       -3.72    50.7s
    hm1_norm_ρdiff=6.687589539830297e-5 hm1_norm_Δρ=4.317021857085661e-5  error_V_h1=3.0697701098664822  α = 0.00425
 56   -21.48167931650       -9.01       -3.10    61.2s
    hm1_norm_ρdiff=0.00022773299427275088 hm1_norm_Δρ=0.0002522355613368287  error_V_h1=3.0695859484393804  α = 0.000534
 57   -21.48167931698       -9.32       -3.72    51.6s
    hm1_norm_ρdiff=6.118846654493669e-5 hm1_norm_Δρ=5.478287376725358e-5  error_V_h1=3.069867489991299  α = 0.00358
 58   -21.48167931742       -9.36       -3.59    56.8s
    hm1_norm_ρdiff=0.00010018825394749168 hm1_norm_Δρ=8.63796877872472e-5  error_V_h1=3.0699417672962412  α = 0.0014
 59   -21.48167931838       -9.02       -4.29    46.9s
    hm1_norm_ρdiff=4.501664662492928e-5 hm1_norm_Δρ=1.1636650402328456e-5  error_V_h1=3.0698144909250162  α = 0.0106
 60   -21.48167931858       -9.70       -3.80    51.7s
    hm1_norm_ρdiff=5.792786034462329e-5 hm1_norm_Δρ=5.141803554399803e-5  error_V_h1=3.0696787365872695  α = 0.00344
 61   -21.48167931902       -9.36       -4.22    46.9s
    hm1_norm_ρdiff=4.363462569301642e-5 hm1_norm_Δρ=1.4142666296048301e-5  error_V_h1=3.0700216999687533  α = 0.0099
 62   -21.48167932011       -8.96       -3.69    58.3s
    hm1_norm_ρdiff=8.681693997634003e-5 hm1_norm_Δρ=7.014943839784081e-5  error_V_h1=3.0698582808267965  α = 0.00165
 63   -21.48167932022       -9.96       -4.51    41.0s
    hm1_norm_ρdiff=4.203773858253516e-5 hm1_norm_Δρ=6.858903568703061e-6  error_V_h1=3.070087649249029  α = 0.0218
 64   -21.48167932037       -9.82       -4.27    46.5s
    hm1_norm_ρdiff=4.614164155738806e-5 hm1_norm_Δρ=1.101090529485149e-5  error_V_h1=3.0701211494402334  α = 0.00952
 65   -21.48167932063       -9.60       -3.76    52.1s
    hm1_norm_ρdiff=7.392573222140752e-5 hm1_norm_Δρ=5.1973991459022776e-5  error_V_h1=3.0697515919987794  α = 0.00351
 66   -21.48167932078       -9.82       -4.15    50.9s
    hm1_norm_ρdiff=4.135539461563728e-5 hm1_norm_Δρ=1.5959337081321623e-5  error_V_h1=3.069826017379388  α = 0.00406
 67   -21.48167932082      -10.38       -3.89    61.5s
    hm1_norm_ρdiff=7.719825802032893e-5 hm1_norm_Δρ=4.3279663631497733e-5  error_V_h1=3.069840983269635  α = 0.000558
 68   -21.48167932098       -9.78       -3.83    51.3s
    hm1_norm_ρdiff=6.789114454421967e-5 hm1_norm_Δρ=4.374647118343347e-5  error_V_h1=3.0695974647758275  α = 0.00347
 69   -21.48167932106      -10.10       -3.88    57.4s
    hm1_norm_ρdiff=5.7675606923233085e-5 hm1_norm_Δρ=4.464468355626399e-5  error_V_h1=3.0695455329182115  α = 0.00136
 70   -21.48167932110      -10.46       -4.46    46.4s
    hm1_norm_ρdiff=4.227287970751472e-5 hm1_norm_Δρ=8.8722406331941e-6  error_V_h1=3.069602511643572  α = 0.00906
 71   -21.48167932167       -9.24       -3.77    56.9s
    hm1_norm_ρdiff=7.708928040450652e-5 hm1_norm_Δρ=5.5659875932156144e-5  error_V_h1=3.069616741470019  α = 0.00162
 72   -21.48167932183       -9.82       -4.42    46.5s
    hm1_norm_ρdiff=4.4152291761431455e-5 hm1_norm_Δρ=9.428448402789238e-6  error_V_h1=3.0694496895587404  α = 0.00978
 73   -21.48167932195       -9.91       -4.74    46.2s
    hm1_norm_ρdiff=4.262502248803685e-5 hm1_norm_Δρ=4.824988843816663e-6  error_V_h1=3.0693450581262645  α = 0.0105
 74   -21.48167932229       -9.46       -4.27    46.4s
    hm1_norm_ρdiff=4.457031919947951e-5 hm1_norm_Δρ=1.3174692305486365e-5  error_V_h1=3.0691314184705085  α = 0.00989
 75   -21.48167932247       -9.76       -4.28    47.4s
    hm1_norm_ρdiff=4.267737828618441e-5 hm1_norm_Δρ=1.0376876362293921e-5  error_V_h1=3.06906442210034  α = 0.00968
 76   -21.48167932253      -10.21       -3.86    52.3s
    hm1_norm_ρdiff=4.882195605499137e-5 hm1_norm_Δρ=4.09382282551515e-5  error_V_h1=3.069296881443675  α = 0.00339
 77   -21.48167932261      -10.10       -4.29    51.3s
    hm1_norm_ρdiff=4.8831228108845886e-5 hm1_norm_Δρ=1.4481197149291119e-5  error_V_h1=3.069267868679763  α = 0.00384
 78   -21.48167932266      -10.31       -3.85    62.4s
    hm1_norm_ρdiff=4.357782975864744e-5 hm1_norm_Δρ=5.2934681019729974e-5  error_V_h1=3.0692451896242963  α = 0.000546
 79   -21.48167932279       -9.86       -3.98    52.4s
    hm1_norm_ρdiff=4.5556066778652265e-5 hm1_norm_Δρ=3.245121900199258e-5  error_V_h1=3.069403459877799  α = 0.00355
 80   -21.48167932284      -10.30       -4.02    55.6s
    hm1_norm_ρdiff=5.647413069433738e-5 hm1_norm_Δρ=3.2083388062283416e-5  error_V_h1=3.0694241072622055  α = 0.00139
 81   -21.48167932305       -9.69       -4.24    51.8s
    hm1_norm_ρdiff=4.704483825204642e-5 hm1_norm_Δρ=1.6310175724666387e-5  error_V_h1=3.0693793539363967  α = 0.00408
 82   -21.48167932312      -10.15       -4.69    52.1s
    hm1_norm_ρdiff=4.152788363153624e-5 hm1_norm_Δρ=6.2900798742995724e-6  error_V_h1=3.0693540330131728  α = 0.00447
 83   -21.48167932340       -9.55       -4.42    47.0s
    hm1_norm_ρdiff=4.3203593160566284e-5 hm1_norm_Δρ=8.998633780172382e-6  error_V_h1=3.0694092246763396  α = 0.0102
 84   -21.48167932357       -9.78       -4.45    51.8s
    hm1_norm_ρdiff=4.362769444860166e-5 hm1_norm_Δρ=1.0515065546412965e-5  error_V_h1=3.069438559611964  α = 0.00444
 85   -21.48167932396       -9.41       -4.17    51.9s
    hm1_norm_ρdiff=4.699946902049871e-5 hm1_norm_Δρ=1.6485360304286886e-5  error_V_h1=3.069481901592109  α = 0.00438
 86   -21.48167932418       -9.65       -4.29    51.4s
    hm1_norm_ρdiff=4.3919843423431415e-5 hm1_norm_Δρ=1.143646944308678e-5  error_V_h1=3.069491228361565  α = 0.00444
 87   -21.48167932422      -10.37       -4.01    51.1s
    hm1_norm_ρdiff=5.8419456509291866e-5 hm1_norm_Δρ=2.9645505559504113e-5  error_V_h1=3.0692974352938927  α = 0.00339
 88   -21.48167932425      -10.51       -4.23    52.2s
    hm1_norm_ρdiff=3.968855097265667e-5 hm1_norm_Δρ=1.6617233728110613e-5  error_V_h1=3.0693165342605657  α = 0.00358
 89   -21.48167932428      -10.64       -4.09    62.8s
    hm1_norm_ρdiff=3.5368510471664163e-5 hm1_norm_Δρ=2.9240303960246168e-5  error_V_h1=3.069306123028275  α = 0.000592
 90   -21.48167932440       -9.91       -4.17    52.3s
    hm1_norm_ρdiff=5.367666766480923e-5 hm1_norm_Δρ=2.2552338032393303e-5  error_V_h1=3.0692052036879565  α = 0.0037
 91   -21.48167932444      -10.42       -4.29    56.2s
    hm1_norm_ρdiff=4.374674654128373e-5 hm1_norm_Δρ=1.6097427353477687e-5  error_V_h1=3.0691922863654915  α = 0.00159
 92   -21.48167932457       -9.88       -4.41    51.2s
    hm1_norm_ρdiff=4.400440617788423e-5 hm1_norm_Δρ=1.0078321917121892e-5  error_V_h1=3.069215024704035  α = 0.00432
 93   -21.48167932464      -10.15       -4.58    51.1s
    hm1_norm_ρdiff=4.525281819773921e-5 hm1_norm_Δρ=7.170977142911194e-6  error_V_h1=3.0692378337168487  α = 0.00409
 94   -21.48167932479       -9.84       -4.32    50.7s
    hm1_norm_ρdiff=4.442134194775528e-5 hm1_norm_Δρ=1.2386227312994485e-5  error_V_h1=3.069225492675249  α = 0.00427
 95   -21.48167932487      -10.06       -4.83    46.8s
    hm1_norm_ρdiff=4.2230251492291375e-5 hm1_norm_Δρ=3.606410403644928e-6  error_V_h1=3.0692224948298827  α = 0.0103
 96   -21.48167932490      -10.52       -4.71    52.5s
    hm1_norm_ρdiff=4.261682850448808e-5 hm1_norm_Δρ=5.2571863741210615e-6  error_V_h1=3.069226121233818  α = 0.00432
 97   -21.48167932493      -10.65       -4.86    51.5s
    hm1_norm_ρdiff=4.315677716684382e-5 hm1_norm_Δρ=3.5196720613687585e-6  error_V_h1=3.0692238089687  α = 0.00324
 98   -21.48167932520       -9.57       -3.88    57.1s
    hm1_norm_ρdiff=4.950033256522206e-5 hm1_norm_Δρ=3.9643502996898676e-5  error_V_h1=3.069313014189978  α = 0.00165
 99   -21.48167932522      -10.64       -4.55    53.3s
    hm1_norm_ρdiff=4.5133536536784385e-5 hm1_norm_Δρ=7.673842421358038e-6  error_V_h1=3.069322445504476  α = 0.00392
 100   -21.48167932528      -10.20       -3.61    61.6s
    hm1_norm_ρdiff=6.0453254593728985e-5 hm1_norm_Δρ=6.316816411965648e-5  error_V_h1=3.069305503208603  α = 0.000584
 101   -21.48167932531      -10.59       -4.44    52.2s
    hm1_norm_ρdiff=3.955506341733407e-5 hm1_norm_Δρ=1.1805075786046998e-5  error_V_h1=3.0693453736547247  α = 0.00359
 102   -21.48167932532      -11.02       -4.33    57.2s
    hm1_norm_ρdiff=4.614565456937755e-5 hm1_norm_Δρ=1.5768555887801812e-5  error_V_h1=3.069353604868504  α = 0.00137
 103   -21.48167932533      -10.87       -4.95    50.3s
    hm1_norm_ρdiff=4.1998383399461966e-5 hm1_norm_Δρ=3.155351880359504e-6  error_V_h1=3.0693463896480013  α = 0.00434
 104   -21.48167932536      -10.63       -4.37    57.1s
    hm1_norm_ρdiff=3.851171175592762e-5 hm1_norm_Δρ=1.1850755088670758e-5  error_V_h1=3.0693275133373654  α = 0.00157
 105   -21.48167932537      -10.79       -4.82    46.6s
    hm1_norm_ρdiff=4.2294527916086766e-5 hm1_norm_Δρ=3.832577156296394e-6  error_V_h1=3.069295754055347  α = 0.00945
 106   -21.48167932545      -10.10       -4.98    41.5s
    hm1_norm_ρdiff=4.262247226122574e-5 hm1_norm_Δρ=2.214559289737041e-6  error_V_h1=3.0691943499100938  α = 0.0225
 107   -21.48167932550      -10.31       -4.97    46.8s
    hm1_norm_ρdiff=4.275891620749547e-5 hm1_norm_Δρ=2.5031714601346895e-6  error_V_h1=3.0691527728551287  α = 0.00959
 108   -21.48167932551      -11.02       -4.39    52.5s
    hm1_norm_ρdiff=4.0927364891989294e-5 hm1_norm_Δρ=1.049869072292534e-5  error_V_h1=3.069140523782223  α = 0.00352
 109   -21.48167932551      -11.31       -4.99    47.2s
    hm1_norm_ρdiff=4.337440897825877e-5 hm1_norm_Δρ=3.151888995178611e-6  error_V_h1=3.06912996869744  α = 0.00858
 110   -21.48167932555      -10.50       -4.09    57.3s
    hm1_norm_ρdiff=4.0724028570837765e-5 hm1_norm_Δρ=2.1522374871022572e-5  error_V_h1=3.069133911297106  α = 0.00152
 111   -21.48167932557      -10.61       -4.89    47.6s
    hm1_norm_ρdiff=4.230645357321097e-5 hm1_norm_Δρ=2.9252584671219816e-6  error_V_h1=3.069147031612284  α = 0.00991
 112   -21.48167932557      -11.45       -4.46    51.9s
    hm1_norm_ρdiff=4.758380268496072e-5 hm1_norm_Δρ=1.0516778051966514e-5  error_V_h1=3.069110175511605  α = 0.00347
 113   -21.48167932559      -10.80       -5.03    52.4s
    hm1_norm_ρdiff=4.2029267949654306e-5 hm1_norm_Δρ=2.6032915049706166e-6  error_V_h1=3.069125788538525  α = 0.00449
 114   -21.48167932560      -11.05       -4.65    51.9s
    hm1_norm_ρdiff=4.378417420742804e-5 hm1_norm_Δρ=6.617293677914111e-6  error_V_h1=3.0691634007975295  α = 0.00364
 115   -21.48167932561      -10.90       -4.22    56.4s
    hm1_norm_ρdiff=3.954677990614582e-5 hm1_norm_Δρ=1.6401051729105355e-5  error_V_h1=3.0691400560950264  α = 0.00145
 116   -21.48167932563      -10.71       -4.85    46.2s
    hm1_norm_ρdiff=4.223202874062203e-5 hm1_norm_Δρ=4.18394625148547e-6  error_V_h1=3.069191412123954  α = 0.00947
 117   -21.48167932567      -10.45       -4.61    51.2s
    hm1_norm_ρdiff=4.1293932035814086e-5 hm1_norm_Δρ=6.041349006830026e-6  error_V_h1=3.069234580109185  α = 0.00425
 118   -21.48167932568      -10.89       -4.82    47.2s
    hm1_norm_ρdiff=4.12582534527342e-5 hm1_norm_Δρ=3.082311177316994e-6  error_V_h1=3.0692778111535213  α = 0.00926
 119   -21.48167932570      -10.79       -4.23    58.0s
    hm1_norm_ρdiff=4.772503295661123e-5 hm1_norm_Δρ=1.5537286129191487e-5  error_V_h1=3.0692937017390274  α = 0.00147
 120   -21.48167932570      -11.18       -4.20    57.6s
    hm1_norm_ρdiff=3.799613794443002e-5 hm1_norm_Δρ=2.24273145112144e-5  error_V_h1=3.0692859366207235  α = 0.00117
 121   -21.48167932570      -12.14       -4.55    52.3s
    hm1_norm_ρdiff=4.3818723325814825e-5 hm1_norm_Δρ=6.74267594621081e-6  error_V_h1=3.069296141182437  α = 0.00368
 122   -21.48167932574      -10.40       -4.98    46.9s
    hm1_norm_ρdiff=4.26232268978559e-5 hm1_norm_Δρ=2.3744458220021456e-6  error_V_h1=3.069297640824363  α = 0.0101
 123   -21.48167932576      -10.70       -4.64    52.6s
    hm1_norm_ρdiff=3.906261523140905e-5 hm1_norm_Δρ=7.50945775844565e-6  error_V_h1=3.069333309232346  α = 0.00382
 124   -21.48167932578      -10.82       -5.26    42.1s
    hm1_norm_ρdiff=4.234718760367488e-5 hm1_norm_Δρ=1.3140156597917981e-6  error_V_h1=3.0693370786442675  α = 0.022
 125   -21.48167932579      -11.04       -4.37    56.9s
    hm1_norm_ρdiff=4.248158491140631e-5 hm1_norm_Δρ=1.5593944065104877e-5  error_V_h1=3.0693314821686486  α = 0.00134
 126   -21.48167932579      -11.12       -4.70    52.0s
    hm1_norm_ρdiff=4.3410706150424795e-5 hm1_norm_Δρ=5.0175132829294284e-6  error_V_h1=3.0693605033274487  α = 0.00383
 127   -21.48167932583      -10.42       -4.71    52.3s
    hm1_norm_ρdiff=4.285046802130141e-5 hm1_norm_Δρ=5.162137447476922e-6  error_V_h1=3.0693398535039536  α = 0.00438
 128   -21.48167932584      -11.01       -4.88    50.7s
    hm1_norm_ρdiff=4.283083737012894e-5 hm1_norm_Δρ=3.1608883983452097e-6  error_V_h1=3.0693340849745328  α = 0.00425
 129   -21.48167932585      -11.46       -4.68    52.0s
    hm1_norm_ρdiff=4.351354736460437e-5 hm1_norm_Δρ=4.683597068080607e-6  error_V_h1=3.0693186751171586  α = 0.00357
 130   -21.48167932585      -11.07       -4.44    57.3s
    hm1_norm_ρdiff=4.2259791689206315e-5 hm1_norm_Δρ=8.598526086197278e-6  error_V_h1=3.069312730991374  α = 0.00161
 131   -21.48167932586      -11.62       -4.89    57.7s
    hm1_norm_ρdiff=4.3557214681785915e-5 hm1_norm_Δρ=3.746271558277735e-6  error_V_h1=3.0693172038198107  α = 0.00126
 132   -21.48167932587      -10.79       -4.58    51.6s
    hm1_norm_ρdiff=4.127673919095064e-5 hm1_norm_Δρ=6.823848991988766e-6  error_V_h1=3.0693243126588112  α = 0.00392
 133   -21.48167932588      -11.27       -4.94    51.8s
    hm1_norm_ρdiff=4.129869586645044e-5 hm1_norm_Δρ=2.8693742385831097e-6  error_V_h1=3.0693248716963026  α = 0.00401
 134   -21.48167932588      -11.30       -4.78    51.8s
    hm1_norm_ρdiff=4.516116848942199e-5 hm1_norm_Δρ=5.385514546583099e-6  error_V_h1=3.0693071493953004  α = 0.00361
 135   -21.48167932590      -10.87       -4.63    52.4s
    hm1_norm_ρdiff=4.094181911684381e-5 hm1_norm_Δρ=5.879600617736977e-6  error_V_h1=3.069317569191057  α = 0.00381
 136   -21.48167932590      -11.39       -4.51    57.7s
    hm1_norm_ρdiff=4.536321363490108e-5 hm1_norm_Δρ=1.1262829787265946e-5  error_V_h1=3.0693211291591367  α = 0.00132
 137   -21.48167932591      -11.21       -4.91    52.1s
    hm1_norm_ρdiff=4.1923026088539395e-5 hm1_norm_Δρ=3.1561234760871277e-6  error_V_h1=3.0693016838503753  α = 0.00399
 138   -21.48167932592      -10.88       -5.51    41.5s
    hm1_norm_ρdiff=4.228185173628798e-5 hm1_norm_Δρ=6.67060724633973e-7  error_V_h1=3.0692994811506873  α = 0.0201
 139   -21.48167932592      -11.42       -5.13    51.7s
    hm1_norm_ρdiff=4.187697511813147e-5 hm1_norm_Δρ=1.7314138205436617e-6  error_V_h1=3.069303389763478  α = 0.00442
 140   -21.48167932593      -11.02       -4.51    56.3s
    hm1_norm_ρdiff=4.1110130220637615e-5 hm1_norm_Δρ=7.668913403425393e-6  error_V_h1=3.0693082610055704  α = 0.00164
 141   -21.48167932594      -11.23       -5.02    52.4s
    hm1_norm_ρdiff=4.2349196950658755e-5 hm1_norm_Δρ=2.0503904048113354e-6  error_V_h1=3.069318769378543  α = 0.00438
 142   -21.48167932594      -12.59       -4.58    56.1s
    hm1_norm_ρdiff=4.200768520280692e-5 hm1_norm_Δρ=6.077595304710994e-6  error_V_h1=3.0693093414507415  α = 0.00146
 143   -21.48167932595      -11.20       -4.78    50.4s
    hm1_norm_ρdiff=4.35325261231266e-5 hm1_norm_Δρ=4.786766268642782e-6  error_V_h1=3.069320015631741  α = 0.00375
 144   -21.48167932595      -12.19       -4.98    53.0s
    hm1_norm_ρdiff=4.153665872172656e-5 hm1_norm_Δρ=2.6125268936288966e-6  error_V_h1=3.069319663840831  α = 0.00371
 145   -21.48167932595      -12.02       -4.76    51.3s
    hm1_norm_ρdiff=3.947066816414823e-5 hm1_norm_Δρ=5.637947980202335e-6  error_V_h1=3.069340034162138  α = 0.00337
 146   -21.48167932595      -11.61       -4.88    52.4s
    hm1_norm_ρdiff=4.318730125183511e-5 hm1_norm_Δρ=3.1391079067264292e-6  error_V_h1=3.069342432543435  α = 0.00372
 147   -21.48167932595      -11.92       -4.94    57.6s
    hm1_norm_ρdiff=4.153032020107728e-5 hm1_norm_Δρ=4.017106407516931e-6  error_V_h1=3.069343916337524  α = 0.00143
 148   -21.48167932596      -11.40       -5.14    52.3s
    hm1_norm_ρdiff=4.226974365019401e-5 hm1_norm_Δρ=1.99357007575961e-6  error_V_h1=3.069362272646669  α = 0.00419
 149   -21.48167932596      -11.58       -4.78    51.7s
    hm1_norm_ρdiff=4.0596794621684623e-5 hm1_norm_Δρ=4.094860527749908e-6  error_V_h1=3.069369326720651  α = 0.00331
 150   -21.48167932596      -11.44       -5.17    52.2s
    hm1_norm_ρdiff=4.25302223538286e-5 hm1_norm_Δρ=1.6488451883688005e-6  error_V_h1=3.069375555486667  α = 0.00421
 151   -21.48167932597      -11.41       -5.23    50.9s
    hm1_norm_ρdiff=4.209733919975296e-5 hm1_norm_Δρ=1.361075497445561e-6  error_V_h1=3.0693801766735302  α = 0.00452
 152   -21.48167932597      -11.48       -5.32    46.1s
    hm1_norm_ρdiff=4.2339635733834264e-5 hm1_norm_Δρ=1.3838890768835807e-6  error_V_h1=3.0693963290421964  α = 0.0093
 153   -21.48167932598      -11.13       -5.32    46.1s
    hm1_norm_ρdiff=4.209116051212889e-5 hm1_norm_Δρ=1.0874265928847728e-6  error_V_h1=3.0693959783784837  α = 0.0105
 154   -21.48167932598      -11.35       -4.81    57.0s
    hm1_norm_ρdiff=4.167933694707702e-5 hm1_norm_Δρ=4.794535699533863e-6  error_V_h1=3.069391671868863  α = 0.00165
 155   -21.48167932599      -11.27       -5.01    51.9s
    hm1_norm_ρdiff=4.21695679147618e-5 hm1_norm_Δρ=2.053014662527812e-6  error_V_h1=3.0693984000313304  α = 0.00432
 156   -21.48167932599      -11.17       -4.89    52.0s
    hm1_norm_ρdiff=4.426907413383859e-5 hm1_norm_Δρ=4.193545951800409e-6  error_V_h1=3.0693776106219914  α = 0.00384
 157   -21.48167932600      -11.49       -4.60    57.7s
    hm1_norm_ρdiff=4.025502475414865e-5 hm1_norm_Δρ=5.774054281785772e-6  error_V_h1=3.069378035381066  α = 0.00152
 158   -21.48167932600      -11.95       -4.63    57.3s
    hm1_norm_ρdiff=4.4643012150089954e-5 hm1_norm_Δρ=8.279014493428018e-6  error_V_h1=3.06938173181133  α = 0.00132
 159   -21.48167932600      -11.45       -5.28    51.0s
    hm1_norm_ρdiff=4.1813206692911634e-5 hm1_norm_Δρ=1.4334105484779498e-6  error_V_h1=3.0693702533413925  α = 0.00436
 160   -21.48167932600      -12.06       -5.00    52.1s
    hm1_norm_ρdiff=4.286520177723004e-5 hm1_norm_Δρ=2.273942569121001e-6  error_V_h1=3.0693609962631556  α = 0.00369
 161   -21.48167932600      -11.84       -4.90    56.6s
    hm1_norm_ρdiff=4.066991797452483e-5 hm1_norm_Δρ=3.852664688721183e-6  error_V_h1=3.06935984684219  α = 0.00137
 162   -21.48167932600      -12.01       -5.62    41.6s
    hm1_norm_ρdiff=4.2119555287500823e-5 hm1_norm_Δρ=5.394750412419394e-7  error_V_h1=3.0693502028752206  α = 0.022
 163   -21.48167932601      -11.69       -4.96    56.5s
    hm1_norm_ρdiff=4.169941670942616e-5 hm1_norm_Δρ=3.4253515027903375e-6  error_V_h1=3.0693448378092785  α = 0.00159
 164   -21.48167932601      -11.98       -5.40    47.5s
    hm1_norm_ρdiff=4.2111232679461985e-5 hm1_norm_Δρ=9.671146791448306e-7  error_V_h1=3.0693378892151784  α = 0.00951
 165   -21.48167932601      -11.88       -5.50    52.7s
    hm1_norm_ρdiff=4.228619273052926e-5 hm1_norm_Δρ=1.0073291311136138e-6  error_V_h1=3.069338973768011  α = 0.00421
 166   -21.48167932601      -11.69       -5.49    45.9s
    hm1_norm_ρdiff=4.2256135152342324e-5 hm1_norm_Δρ=7.226082519160785e-7  error_V_h1=3.0693336295514273  α = 0.00876
 167   -21.48167932601      -12.10       -5.15    51.8s
    hm1_norm_ρdiff=4.111368459783999e-5 hm1_norm_Δρ=2.3016231384073343e-6  error_V_h1=3.069345469443405  α = 0.00364
 168   -21.48167932601      -12.04       -5.34    51.8s
    hm1_norm_ρdiff=4.2386813592483955e-5 hm1_norm_Δρ=1.0421206757528436e-6  error_V_h1=3.0693457761705067  α = 0.00395
 169   -21.48167932601      -11.75       -4.92    57.8s
    hm1_norm_ρdiff=4.088188330392237e-5 hm1_norm_Δρ=4.007792801008903e-6  error_V_h1=3.069345133687535  α = 0.00142
 170   -21.48167932602      -12.07       -5.44    52.2s
    hm1_norm_ρdiff=4.197261402304621e-5 hm1_norm_Δρ=8.357058502048318e-7  error_V_h1=3.069341093878931  α = 0.00433
 171   -21.48167932602      -12.09       -4.78    57.1s
    hm1_norm_ρdiff=4.175621352325496e-5 hm1_norm_Δρ=3.418245748054768e-6  error_V_h1=3.06934774780061  α = 0.00163
 172   -21.48167932602      -12.39       -4.86    63.3s
    hm1_norm_ρdiff=4.0580876838202436e-5 hm1_norm_Δρ=4.3605326513775005e-6  error_V_h1=3.0693472081935487  α = 0.000591
 173   -21.48167932602      -11.64       -5.45    47.8s
    hm1_norm_ρdiff=4.2073976212443126e-5 hm1_norm_Δρ=8.139571162760943e-7  error_V_h1=3.0693534674959224  α = 0.0102
 174   -21.48167932602      -12.37       -5.12    58.9s
    hm1_norm_ρdiff=4.19862674449595e-5 hm1_norm_Δρ=2.1055873803702624e-6  error_V_h1=3.06934992467624  α = 0.00162
 175   -21.48167932602      -11.75       -5.30    51.6s
    hm1_norm_ρdiff=4.217972017467465e-5 hm1_norm_Δρ=1.2482219254438952e-6  error_V_h1=3.0693536345978747  α = 0.00436
 176   -21.48167932602      -12.40       -5.44    52.1s
    hm1_norm_ρdiff=4.1827420429317355e-5 hm1_norm_Δρ=1.206096074255054e-6  error_V_h1=3.069350322006652  α = 0.00363
 177   -21.48167932602      -12.76       -5.28    52.6s
    hm1_norm_ρdiff=4.148404461713185e-5 hm1_norm_Δρ=1.682469725086228e-6  error_V_h1=3.069352609981437  α = 0.00295
 178   -21.48167932602      -11.96       -5.27    52.7s
    hm1_norm_ρdiff=4.310412285693756e-5 hm1_norm_Δρ=1.8969764134381438e-6  error_V_h1=3.0693442597972647  α = 0.00362
 179   -21.48167932602      -11.87       -5.42    51.2s
    hm1_norm_ρdiff=4.198510308840866e-5 hm1_norm_Δρ=8.887271359486649e-7  error_V_h1=3.06934023228065  α = 0.00438
 180   -21.48167932602      -12.19       -5.15    56.3s
    hm1_norm_ρdiff=4.3401842366497546e-5 hm1_norm_Δρ=2.582682750384787e-6  error_V_h1=3.06933847123587  α = 0.0014
 181   -21.48167932603      -11.58       -5.74    41.2s
    hm1_norm_ρdiff=4.2185238443080835e-5 hm1_norm_Δρ=3.8519487534792204e-7  error_V_h1=3.069328015173583  α = 0.0217
 182   -21.48167932603      -11.84       -5.64    46.2s
    hm1_norm_ρdiff=4.218545487691703e-5 hm1_norm_Δρ=5.70708279257501e-7  error_V_h1=3.069328634354346  α = 0.0088
 183   -21.48167932603      -13.55       -4.70    61.4s
    hm1_norm_ρdiff=4.224093998438066e-5 hm1_norm_Δρ=5.776788459455288e-6  error_V_h1=3.069327620205491  α = 0.000514
 184   -21.48167932603      -12.24       -5.70    46.4s
    hm1_norm_ρdiff=4.2171900986908636e-5 hm1_norm_Δρ=5.15814611245295e-7  error_V_h1=3.069327862548029  α = 0.0102
 185   -21.48167932603      -13.60       -5.45     140s
    hm1_norm_ρdiff=4.225892673484801e-5 hm1_norm_Δρ=8.997345732059238e-7  error_V_h1=3.069327857161942  α = 3.22e-6
 186   -21.48167932603      -11.65       -5.72    46.2s
    hm1_norm_ρdiff=4.207419358113483e-5 hm1_norm_Δρ=3.6481549384874487e-7  error_V_h1=3.069324209583116  α = 0.0106
 187   -21.48167932603      -14.45       -5.49    56.4s
    hm1_norm_ρdiff=4.201046851682847e-5 hm1_norm_Δρ=1.054716196980964e-6  error_V_h1=3.06932186073941  α = 0.0015
 188   -21.48167932603      -12.59       -4.61    67.1s
    hm1_norm_ρdiff=4.1503833242294063e-5 hm1_norm_Δρ=5.87340066076296e-6  error_V_h1=3.0693210934947817  α = 0.000218
 189   -21.48167932603      -11.84       -5.09    56.7s
    hm1_norm_ρdiff=4.064356118806694e-5 hm1_norm_Δρ=2.9198443975172127e-6  error_V_h1=3.069324020067758  α = 0.00162
 190   -21.48167932603      -12.19       -5.54    52.8s
    hm1_norm_ρdiff=4.216839462303769e-5 hm1_norm_Δρ=6.955731952084393e-7  error_V_h1=3.0693264325902536  α = 0.00437
 191   -21.48167932604      -11.97       -4.76    62.7s
    hm1_norm_ρdiff=3.937700978947953e-5 hm1_norm_Δρ=6.5606328233563456e-6  error_V_h1=3.069326293189769  α = 0.000558
 192   -21.48167932604      -11.93       -4.98    57.9s
    hm1_norm_ρdiff=4.12796782975373e-5 hm1_norm_Δρ=2.449917332664939e-6  error_V_h1=3.0693302617892524  α = 0.00158
 193   -21.48167932604      -13.03       -5.40    52.3s
    hm1_norm_ρdiff=4.178972946699148e-5 hm1_norm_Δρ=1.1300227267971953e-6  error_V_h1=3.0693278994766566  α = 0.00321
 194   -21.48167932604      -13.03       -5.57    52.2s
    hm1_norm_ρdiff=4.196518494987507e-5 hm1_norm_Δρ=7.772481837943085e-7  error_V_h1=3.069327693793634  α = 0.0036
 195   -21.48167932604      -12.39       -5.78    47.7s
    hm1_norm_ρdiff=4.20609227562808e-5 hm1_norm_Δρ=4.336411228070525e-7  error_V_h1=3.069325287626836  α = 0.0096
 196   -21.48167932604      -12.11       -6.01    42.3s
    hm1_norm_ρdiff=4.210025998908983e-5 hm1_norm_Δρ=2.081165045673762e-7  error_V_h1=3.0693293383410745  α = 0.0229
 197   -21.48167932604      -12.23       -5.94    46.3s
    hm1_norm_ρdiff=4.210450296135696e-5 hm1_norm_Δρ=2.5681373642519824e-7  error_V_h1=3.0693249689746964  α = 0.0101
 198   -21.48167932604      -12.49       -5.64    52.1s
    hm1_norm_ρdiff=4.226098150199762e-5 hm1_norm_Δρ=7.346144777200568e-7  error_V_h1=3.069326006268616  α = 0.004
 199   -21.48167932604      -12.72       -5.73    45.9s
    hm1_norm_ρdiff=4.212337090874965e-5 hm1_norm_Δρ=4.235648643651782e-7  error_V_h1=3.069322180519067  α = 0.00944
 200   -21.48167932604      -13.17       -5.60    56.4s
    hm1_norm_ρdiff=4.2110855800109545e-5 hm1_norm_Δρ=5.410738471726882e-7  error_V_h1=3.0693216184577463  α = 0.00151
 201   -21.48167932604      -13.25       -5.85    45.6s
    hm1_norm_ρdiff=4.214719094419979e-5 hm1_norm_Δρ=3.0467887348339206e-7  error_V_h1=3.0693195117454932  α = 0.00931
 202   -21.48167932604      -13.27       -5.23    63.0s
    hm1_norm_ρdiff=4.0949911090071155e-5 hm1_norm_Δρ=2.154011402613812e-6  error_V_h1=3.069319266281936  α = 0.000582
 203   -21.48167932604      -13.15       -5.29    56.1s
    hm1_norm_ρdiff=4.199293144424872e-5 hm1_norm_Δρ=1.149249838921479e-6  error_V_h1=3.069320778369826  α = 0.00157
 204   -21.48167932604      -12.51       -6.30    40.7s
    hm1_norm_ρdiff=4.206755044067699e-5 hm1_norm_Δρ=1.0616035985659223e-7  error_V_h1=3.069323443909665  α = 0.023
 205   -21.48167932604      -12.80       -5.29    55.6s
    hm1_norm_ρdiff=4.256579269950494e-5 hm1_norm_Δρ=1.3104306330315232e-6  error_V_h1=3.0693249355689614  α = 0.00149
 206   -21.48167932604      -12.80       -5.65    50.8s
    hm1_norm_ρdiff=4.2063193218109806e-5 hm1_norm_Δρ=6.18866657095819e-7  error_V_h1=3.0693240837215017  α = 0.00409
 207   -21.48167932604      -12.60       -5.70    45.5s
    hm1_norm_ρdiff=4.1989164459358364e-5 hm1_norm_Δρ=4.300623809396627e-7  error_V_h1=3.069326907977498  α = 0.00935
 208   -21.48167932604      -12.71       -5.81    52.3s
    hm1_norm_ρdiff=4.20733826292424e-5 hm1_norm_Δρ=3.8639823036567805e-7  error_V_h1=3.0693246292047083  α = 0.00443
 209   -21.48167932604      -12.83       -5.78    52.5s
    hm1_norm_ρdiff=4.1993422297741395e-5 hm1_norm_Δρ=5.419203925970181e-7  error_V_h1=3.069323710861291  α = 0.00376
 210   -21.48167932604      -12.54       -5.63    52.1s
    hm1_norm_ρdiff=4.20478276175331e-5 hm1_norm_Δρ=6.79243334873822e-7  error_V_h1=3.0693255075507038  α = 0.00395
 211   -21.48167932604      -14.15       -5.78    47.1s
    hm1_norm_ρdiff=4.192812049895735e-5 hm1_norm_Δρ=3.671211249635193e-7  error_V_h1=3.0693314425186893  α = 0.00903
 212   -21.48167932604      -12.40       -5.91    46.5s
    hm1_norm_ρdiff=4.215076723550257e-5 hm1_norm_Δρ=2.876445453959157e-7  error_V_h1=3.0693325712851007  α = 0.00978
 213   -21.48167932604      -12.64       -6.13    46.0s
    hm1_norm_ρdiff=4.203763776857456e-5 hm1_norm_Δρ=1.883338344577523e-7  error_V_h1=3.069330777226292  α = 0.0103
 214   -21.48167932604      -13.50       -5.40    57.8s
    hm1_norm_ρdiff=4.26053100750868e-5 hm1_norm_Δρ=1.1898157007054571e-6  error_V_h1=3.069329239930473  α = 0.00137
 215   -21.48167932604      -13.85       -5.70    57.1s
    hm1_norm_ρdiff=4.1969345771272756e-5 hm1_norm_Δρ=6.095787716202054e-7  error_V_h1=3.0693285394707055  α = 0.00157
 216   -21.48167932604      -12.86       -6.15    45.9s
    hm1_norm_ρdiff=4.2160935752014344e-5 hm1_norm_Δρ=1.873812998030501e-7  error_V_h1=3.06933025314264  α = 0.0101
 217   -21.48167932604      -12.66       -5.50    52.4s
    hm1_norm_ρdiff=4.209540349161085e-5 hm1_norm_Δρ=5.888629015148379e-7  error_V_h1=3.069330131587024  α = 0.00409
 218   -21.48167932604      -12.45       -5.56    51.9s
    hm1_norm_ρdiff=4.2248735426085325e-5 hm1_norm_Δρ=6.183760629244929e-7  error_V_h1=3.0693288384493704  α = 0.00424
 219   -21.48167932604      -12.87       -6.19    47.2s
    hm1_norm_ρdiff=4.205994667629085e-5 hm1_norm_Δρ=1.640142235487848e-7  error_V_h1=3.0693298720245585  α = 0.0104
 220   -21.48167932604      -12.94       -5.67    56.7s
    hm1_norm_ρdiff=4.222205653772114e-5 hm1_norm_Δρ=7.866968253454715e-7  error_V_h1=3.06933088151237  α = 0.00159
 221   -21.48167932604      -13.13       -5.96    52.0s
    hm1_norm_ρdiff=4.208642458982885e-5 hm1_norm_Δρ=3.043226958940507e-7  error_V_h1=3.069330013415322  α = 0.00432
 222   -21.48167932604      -13.09       -5.58    55.8s
    hm1_norm_ρdiff=4.2301336359130693e-5 hm1_norm_Δρ=5.728215944183707e-7  error_V_h1=3.069329272951344  α = 0.00164
 223   -21.48167932604      -12.97       -5.65    51.1s
    hm1_norm_ρdiff=4.191831850586363e-5 hm1_norm_Δρ=5.593883802854561e-7  error_V_h1=3.069329743271762  α = 0.00371
 224   -21.48167932604      -12.94       -6.30    46.1s
    hm1_norm_ρdiff=4.206813337618745e-5 hm1_norm_Δρ=1.2304951441916854e-7  error_V_h1=3.0693317344527085  α = 0.0102
 225   -21.48167932604      -13.75       -5.20    56.4s
    hm1_norm_ρdiff=4.165926780212427e-5 hm1_norm_Δρ=1.7871915328617252e-6  error_V_h1=3.069333713249243  α = 0.00134
 226   -21.48167932604      -13.85       -5.79    57.7s
    hm1_norm_ρdiff=4.2190132326335844e-5 hm1_norm_Δρ=4.986481738346687e-7  error_V_h1=3.0693344010038204  α = 0.00155
 227   -21.48167932604      -12.93       -5.38    57.3s
    hm1_norm_ρdiff=4.155547434767939e-5 hm1_norm_Δρ=1.1152952644909106e-6  error_V_h1=3.069333342472842  α = 0.00149
 228   -21.48167932604      -12.97       -5.91    52.7s
    hm1_norm_ρdiff=4.205246243887979e-5 hm1_norm_Δρ=2.5914240254830196e-7  error_V_h1=3.069333314258421  α = 0.00434
 229   -21.48167932604      -14.15       -5.94    52.3s
    hm1_norm_ρdiff=4.2016902404021075e-5 hm1_norm_Δρ=2.7187702899881457e-7  error_V_h1=3.069333753390523  α = 0.00416
 230   -21.48167932604      -13.27       -6.37    46.5s
    hm1_norm_ρdiff=4.211215771993872e-5 hm1_norm_Δρ=1.0434854971684408e-7  error_V_h1=3.069332801311756  α = 0.0106
 231   -21.48167932604      -13.41       -5.83    55.8s
    hm1_norm_ρdiff=4.197430968051125e-5 hm1_norm_Δρ=5.216382457882501e-7  error_V_h1=3.0693322802496272  α = 0.00152
 232   -21.48167932604      -12.89       -6.03    51.9s
    hm1_norm_ρdiff=4.208086597339755e-5 hm1_norm_Δρ=2.441963739453297e-7  error_V_h1=3.0693332160503686  α = 0.00408
 233   -21.48167932604      -13.37       -6.09    46.4s
    hm1_norm_ρdiff=4.213605127268817e-5 hm1_norm_Δρ=1.8381269440418833e-7  error_V_h1=3.0693332909533817  α = 0.00898
 234   -21.48167932604      -13.25       -6.21    46.4s
    hm1_norm_ρdiff=4.212817974642442e-5 hm1_norm_Δρ=1.7160985856876055e-7  error_V_h1=3.0693322994277694  α = 0.00958
 235   -21.48167932604      -13.17       -5.74    52.4s
    hm1_norm_ρdiff=4.2021208631171024e-5 hm1_norm_Δρ=3.8151975537281414e-7  error_V_h1=3.069331903780775  α = 0.00386
 236   -21.48167932604      -13.30       -5.47    57.7s
    hm1_norm_ρdiff=4.2227131205659985e-5 hm1_norm_Δρ=8.437549612517169e-7  error_V_h1=3.069330606502301  α = 0.00152
 237   -21.48167932604      -13.60       -6.07    57.4s
    hm1_norm_ρdiff=4.202405081759542e-5 hm1_norm_Δρ=2.9146169473701654e-7  error_V_h1=3.0693306100404127  α = 0.00164
 238   -21.48167932604      -13.45       -5.97    52.8s
    hm1_norm_ρdiff=4.2198744752604745e-5 hm1_norm_Δρ=2.7824557315805855e-7  error_V_h1=3.0693316159727995  α = 0.00391
 239   -21.48167932604      -13.55       -5.90    58.0s
    hm1_norm_ρdiff=4.205772469124618e-5 hm1_norm_Δρ=3.0551594418353717e-7  error_V_h1=3.069331576643355  α = 0.00157
 240   -21.48167932604      -13.45       -6.19    51.5s
    hm1_norm_ρdiff=4.2114898499008875e-5 hm1_norm_Δρ=1.622480517852698e-7  error_V_h1=3.0693315786587343  α = 0.004
 241   -21.48167932604      -13.75       -6.03    46.9s
    hm1_norm_ρdiff=4.204423973757068e-5 hm1_norm_Δρ=1.908562201866359e-7  error_V_h1=3.0693329154066675  α = 0.00968
 242   -21.48167932604      -13.50       -6.26    51.7s
    hm1_norm_ρdiff=4.211528984567109e-5 hm1_norm_Δρ=1.3664347493546884e-7  error_V_h1=3.0693321958363184  α = 0.00397
 243   -21.48167932604      -13.85       -5.97    51.6s
    hm1_norm_ρdiff=4.213296068261151e-5 hm1_norm_Δρ=2.748271335656523e-7  error_V_h1=3.069331191893562  α = 0.00385
 244   -21.48167932604      -13.45       -5.30    57.0s
    hm1_norm_ρdiff=4.144731094160848e-5 hm1_norm_Δρ=1.4066126866112582e-6  error_V_h1=3.0693306599728687  α = 0.0012
 245   -21.48167932604      -13.37       -5.75    53.0s
    hm1_norm_ρdiff=4.196220290273207e-5 hm1_norm_Δρ=5.5935086872008e-7  error_V_h1=3.0693323313905516  α = 0.00349
 246   -21.48167932604   +    -Inf       -6.15     303s
    hm1_norm_ρdiff=4.210036788315124e-5 hm1_norm_Δρ=1.6412338612913323e-7  error_V_h1=3.0693323313905743  α = 1.36e-12
 247   -21.48167932604      -14.45       -2.78    88.9s
    hm1_norm_ρdiff=0.0003911323472175656 hm1_norm_Δρ=0.0003827106661723239  error_V_h1=3.0693326238084455  α = 2.04e-6
 248   -21.48167932604      -14.45       -5.83    51.2s
    hm1_norm_ρdiff=4.206030593410808e-5 hm1_norm_Δρ=3.6415685050373267e-7  error_V_h1=3.069334312674078  α = 0.00359
 249   -21.48167932604      -13.15       -5.73    56.0s
    hm1_norm_ρdiff=4.185598328359812e-5 hm1_norm_Δρ=5.141316772562931e-7  error_V_h1=3.0693337026282563  α = 0.00128
 250   -21.48167932604   +  -14.15       -6.04    55.7s
    hm1_norm_ρdiff=4.210231830512011e-5 hm1_norm_Δρ=2.7978454478118286e-7  error_V_h1=3.0693335946189046  α = 0.00153
 251   -21.48167932604   +    -Inf       -6.45    45.7s
    hm1_norm_ρdiff=4.207933170177687e-5 hm1_norm_Δρ=8.636319226734076e-8  error_V_h1=3.069333510424597  α = 0.00999
 252   -21.48167932604      -13.30       -6.10    46.5s
    hm1_norm_ρdiff=4.20794081670436e-5 hm1_norm_Δρ=1.5090978046007377e-7  error_V_h1=3.069331833606872  α = 0.00978
 253   -21.48167932604      -13.11       -6.62    41.0s
    hm1_norm_ρdiff=4.2077796008176756e-5 hm1_norm_Δρ=3.979295730944516e-8  error_V_h1=3.069332434831271  α = 0.0217
 254   -21.48167932604      -13.27       -5.89    56.1s
    hm1_norm_ρdiff=4.203220370651484e-5 hm1_norm_Δρ=3.809723243883505e-7  error_V_h1=3.069332616665173  α = 0.00163
 255   -21.48167932604      -13.60       -5.42    62.3s
    hm1_norm_ρdiff=4.286768231740558e-5 hm1_norm_Δρ=1.2755184447459492e-6  error_V_h1=3.069332441325783  α = 0.000516
 256   -21.48167932604      -13.67       -5.95    53.0s
    hm1_norm_ρdiff=4.2150662973713046e-5 hm1_norm_Δρ=3.3852203951923265e-7  error_V_h1=3.069330945889965  α = 0.00366
 257   -21.48167932604      -13.67       -6.65    46.7s
    hm1_norm_ρdiff=4.207097075521837e-5 hm1_norm_Δρ=5.938664853551911e-8  error_V_h1=3.0693310275188197  α = 0.00988
 258   -21.48167932604      -14.15       -6.41    52.7s
    hm1_norm_ρdiff=4.2073605203560676e-5 hm1_norm_Δρ=9.552403862190395e-8  error_V_h1=3.0693309703838914  α = 0.00442
 259   -21.48167932604      -14.15       -6.23    52.2s
    hm1_norm_ρdiff=4.207560224615711e-5 hm1_norm_Δρ=1.514750368297317e-7  error_V_h1=3.0693303237171623  α = 0.00431
 260   -21.48167932604      -13.45       -6.84    41.3s
    hm1_norm_ρdiff=4.208722566525784e-5 hm1_norm_Δρ=3.272350312433897e-8  error_V_h1=3.069331032224367  α = 0.0216
 261   -21.48167932604      -13.97       -5.99    58.3s
    hm1_norm_ρdiff=4.197534607338141e-5 hm1_norm_Δρ=3.319794632411958e-7  error_V_h1=3.0693310193507903  α = 0.0014
 262   -21.48167932604      -14.15       -6.28    72.5s
    hm1_norm_ρdiff=4.2079855360284394e-5 hm1_norm_Δρ=1.52407253227475e-7  error_V_h1=3.069331025949912  α = 0.000308
 263   -21.48167932604      -13.75       -5.96    52.4s
    hm1_norm_ρdiff=4.210550914166386e-5 hm1_norm_Δρ=2.3128147237107146e-7  error_V_h1=3.0693322894019133  α = 0.00373
 264   -21.48167932604      -13.97       -7.09    36.6s
    hm1_norm_ρdiff=4.208005420087653e-5 hm1_norm_Δρ=1.5834952720007493e-8  error_V_h1=3.069332548306153  α = 0.0442
 265   -21.48167932604   +  -13.75       -6.56    53.0s
    hm1_norm_ρdiff=4.208463337623216e-5 hm1_norm_Δρ=7.713501794771247e-8  error_V_h1=3.069332555563806  α = 0.004
 266   -21.48167932604      -14.15       -5.45    61.8s
    hm1_norm_ρdiff=4.144462307606287e-5 hm1_norm_Δρ=1.0871035168592471e-6  error_V_h1=3.0693329969269025  α = 0.000412
 267   -21.48167932604      -13.22       -6.19    52.2s
    hm1_norm_ρdiff=4.203326029299975e-5 hm1_norm_Δρ=1.9439438975479592e-7  error_V_h1=3.069334049085981  α = 0.00406
 268   -21.48167932604   +    -Inf       -6.44     106s
    hm1_norm_ρdiff=4.20857854296014e-5 hm1_norm_Δρ=9.355087106436422e-8  error_V_h1=3.069334049131991  α = 1.7e-6
 269   -21.48167932604   +    -Inf       -6.74    47.5s
    hm1_norm_ρdiff=4.20729109551621e-5 hm1_norm_Δρ=3.784987992552582e-8  error_V_h1=3.0693340967178107  α = 0.0104
Trying again without preconditioner ...
n     Energy            log10(ΔE)   log10(Δρ)   Δtime
---   ---------------   ---------   ---------   ------
  1   -21.48167932604                   -4.88    77.6s
    hm1_norm_ρdiff=3.997942876775145e-5 hm1_norm_Δρ=5.274032092954781e-6  error_V_h1=3.0693335732635614  α = 0.000164
  2   -21.48167932604      -13.55       -5.02    83.1s
    hm1_norm_ρdiff=4.30809683907831e-5 hm1_norm_Δρ=2.5708388299301325e-6  error_V_h1=3.0693334589535386  α = 4.44e-5
  3   -21.48167932604      -14.45       -5.39    67.1s
    hm1_norm_ρdiff=4.217329162828334e-5 hm1_norm_Δρ=1.0468502446713636e-6  error_V_h1=3.069333299696014  α = 0.000185
  4   -21.48167932604      -14.15       -5.26    67.1s
    hm1_norm_ρdiff=4.2423251208808695e-5 hm1_norm_Δρ=1.4221311133203817e-6  error_V_h1=3.069333195788388  α = 0.000191
  5   -21.48167932604      -14.45       -5.24    62.9s
    hm1_norm_ρdiff=4.151742967037852e-5 hm1_norm_Δρ=1.3388572491318068e-6  error_V_h1=3.069333010099067  α = 0.000471
  6   -21.48167932604      -14.45       -5.62    57.1s
    hm1_norm_ρdiff=4.214491350606435e-5 hm1_norm_Δρ=4.873618281947088e-7  error_V_h1=3.069332701852585  α = 0.00136
  7   -21.48167932604      -13.67       -5.53    62.8s
    hm1_norm_ρdiff=4.2057089559149736e-5 hm1_norm_Δρ=6.999997910278714e-7  error_V_h1=3.069332029970306  α = 0.000545
  8   -21.48167932604      -14.45       -5.60    67.3s
    hm1_norm_ρdiff=4.2158562542373705e-5 hm1_norm_Δρ=5.670625394510744e-7  error_V_h1=3.069331960362236  α = 0.000183
  9   -21.48167932604      -14.15       -5.64    61.8s
    hm1_norm_ρdiff=4.197286778657047e-5 hm1_norm_Δρ=5.152767567773918e-7  error_V_h1=3.0693324221808536  α = 0.000551
 10   -21.48167932604   +    -Inf       -5.68    57.4s
    hm1_norm_ρdiff=4.213501247813155e-5 hm1_norm_Δρ=4.088209624565753e-7  error_V_h1=3.0693332899050807  α = 0.00121
 11   -21.48167932604      -13.75       -5.78    68.4s
    hm1_norm_ρdiff=4.204349279925584e-5 hm1_norm_Δρ=3.055762358283606e-7  error_V_h1=3.069333363188543  α = 0.000166
 12   -21.48167932604      -14.45       -5.15     137s
    hm1_norm_ρdiff=4.3383331060462445e-5 hm1_norm_Δρ=2.7492523881906232e-6  error_V_h1=3.069333367490147  α = 2.24e-6
 13   -21.48167932604      -13.97       -4.99    70.8s
    hm1_norm_ρdiff=4.3152504652310455e-5 hm1_norm_Δρ=2.7409157672633383e-6  error_V_h1=3.0693332013124195  α = 6.17e-5
 14   -21.48167932604   +  -14.15       -5.31     100s
    hm1_norm_ρdiff=4.219267772311735e-5 hm1_norm_Δρ=1.2397409719203668e-6  error_V_h1=3.069333201312336  α = 0.0
 15   -21.48167932604      -14.45       -4.98    65.9s
    hm1_norm_ρdiff=4.53358379198766e-5 hm1_norm_Δρ=4.876261310369122e-6  error_V_h1=3.0693330384223168  α = 0.000153
 16   -21.48167932604      -13.60       -5.20    62.0s
    hm1_norm_ρdiff=4.204918528272196e-5 hm1_norm_Δρ=1.7707632408611897e-6  error_V_h1=3.0693322289437797  α = 0.00042
 17   -21.48167932604   +  -14.45       -5.67    92.5s
    hm1_norm_ρdiff=4.1965947856634106e-5 hm1_norm_Δρ=6.061183481844223e-7  error_V_h1=3.0693322289437983  α = 0.0
 18   -21.48167932604      -13.85       -5.25     199s
    hm1_norm_ρdiff=4.0804214198002594e-5 hm1_norm_Δρ=2.247126259561288e-6  error_V_h1=3.069332228944056  α = 8.44e-10
 19   -21.48167932604   +  -14.15       -5.48    96.4s
    hm1_norm_ρdiff=4.247000882532686e-5 hm1_norm_Δρ=1.1438637451880318e-6  error_V_h1=3.0693322289441207  α = 0.0
 20   -21.48167932604   +    -Inf       -5.25    70.6s
    hm1_norm_ρdiff=4.080429465638125e-5 hm1_norm_Δρ=2.2471140018162106e-6  error_V_h1=3.069332251213048  α = 5.89e-5
 21   -21.48167932604      -14.15       -5.34    72.7s
    hm1_norm_ρdiff=4.26741806226519e-5 hm1_norm_Δρ=1.6054555126053091e-6  error_V_h1=3.0693322984594427  α = 4.88e-5
 22   -21.48167932604      -14.15       -5.79     150s
    hm1_norm_ρdiff=4.2100048107404264e-5 hm1_norm_Δρ=4.5511145454911493e-7  error_V_h1=3.0693323054455477  α = 1.22e-5
 23   -21.48167932604   +    -Inf       -6.09    87.2s
    hm1_norm_ρdiff=4.202590325713841e-5 hm1_norm_Δρ=2.6899083967305863e-7  error_V_h1=3.0693323054455153  α = 0.0
 24   -21.48167932604   +    -Inf       -5.44     198s
    hm1_norm_ρdiff=4.115785281559055e-5 hm1_norm_Δρ=1.515637766335329e-6  error_V_h1=3.0693323054455695  α = 3.05e-12

#-- |ρε - ρref| = 4.2076227486594125e-5 vs. 5.62341325190349e-9 = δ*ε  error_V_h1=3.0693323054455695  Qε=0.9387283489881727


# --- ε=3.162277660168379e-7

n     Energy            log10(ΔE)   log10(Δρ)   Δtime
---   ---------------   ---------   ---------   ------
  1   -21.48160780260                   -0.89    80.3s
    hm1_norm_ρdiff=0.08211917941490181 hm1_norm_Δρ=0.08210109584497298  error_V_h1=5.704852914007377  α = 0.000185
  2   -21.48160938673       -5.80       -1.79    56.3s
    hm1_norm_ρdiff=0.006875441414577736 hm1_norm_Δρ=0.006871802138614118  error_V_h1=5.6299246316999225  α = 0.00125
  3   -21.48160989150       -6.30       -2.06    55.5s
    hm1_norm_ρdiff=0.003307561349924187 hm1_norm_Δρ=0.003305296209494451  error_V_h1=5.603195290228941  α = 0.0013
  4   -21.48161048954       -6.22       -2.20    55.8s
    hm1_norm_ρdiff=0.0022842567596293426 hm1_norm_Δρ=0.0022819493160680126  error_V_h1=5.570178632872904  α = 0.00142
  5   -21.48161093648       -6.35       -2.78    50.8s
    hm1_norm_ρdiff=0.00042073101883055125 hm1_norm_Δρ=0.00041761364012354575  error_V_h1=5.5456359636239325  α = 0.00444
  6   -21.48161106388       -6.89       -2.97    51.1s
    hm1_norm_ρdiff=0.00031277363872384744 hm1_norm_Δρ=0.0003107251430348191  error_V_h1=5.53863071479218  α = 0.00413
  7   -21.48161108883       -7.60       -2.84    51.3s
    hm1_norm_ρdiff=0.0003912278009201209 hm1_norm_Δρ=0.00039011705717599077  error_V_h1=5.53788417458092  α = 0.00352
  8   -21.48161117667       -7.06       -3.27    47.0s
    hm1_norm_ρdiff=0.00012206366710132583 hm1_norm_Δρ=0.00011869669110796418  error_V_h1=5.535017258777311  α = 0.0103
  9   -21.48161126180       -7.07       -3.29    45.6s
    hm1_norm_ρdiff=0.00012081162121306904 hm1_norm_Δρ=0.00011829077845324579  error_V_h1=5.531219345007296  α = 0.0101
 10   -21.48161133661       -7.13       -3.32    47.1s
    hm1_norm_ρdiff=0.00011763792836791298 hm1_norm_Δρ=0.00011537350624498924  error_V_h1=5.528500164205899  α = 0.0102
 11   -21.48161150956       -6.76       -3.30    46.5s
    hm1_norm_ρdiff=0.00011394659593201136 hm1_norm_Δρ=0.00011236327443916065  error_V_h1=5.519888077971506  α = 0.0106
 12   -21.48161156836       -7.23       -2.22    68.2s
    hm1_norm_ρdiff=0.003636687561873091 hm1_norm_Δρ=0.003654783994665617  error_V_h1=5.517218878799512  α = 0.000182
 13   -21.48161185505       -6.54       -1.86    58.4s
    hm1_norm_ρdiff=0.005107855636235558 hm1_norm_Δρ=0.005117707038937994  error_V_h1=5.508291359442373  α = 0.00117
 14   -21.48161212393       -6.57       -2.10    61.3s
    hm1_norm_ρdiff=0.002966794616359518 hm1_norm_Δρ=0.002970798988966736  error_V_h1=5.497666121943625  α = 0.000544
 15   -21.48161219567       -7.14       -2.57    57.3s
    hm1_norm_ρdiff=0.0009677999402462847 hm1_norm_Δρ=0.0009709370059233452  error_V_h1=5.496842170638138  α = 0.00137
 16   -21.48161231189       -6.93       -4.11    30.5s
    hm1_norm_ρdiff=3.4413016645907415e-5 hm1_norm_Δρ=1.3365689679330103e-5  error_V_h1=5.488483603433881  α = 0.0863
 17   -21.48161235309       -7.39       -3.16    52.7s
    hm1_norm_ρdiff=0.00018285255645742067 hm1_norm_Δρ=0.00017944890896974178  error_V_h1=5.485555816050507  α = 0.00414
 18   -21.48161241218       -7.23       -2.79    56.8s
    hm1_norm_ρdiff=0.0004847628140312697 hm1_norm_Δρ=0.00048354874688920216  error_V_h1=5.481803074870972  α = 0.00158
 19   -21.48161249814       -7.07       -3.26    46.7s
    hm1_norm_ρdiff=0.00011741176536185766 hm1_norm_Δρ=0.0001133189951372395  error_V_h1=5.476465536008215  α = 0.0103
 20   -21.48161256921       -7.15       -3.22    52.4s
    hm1_norm_ρdiff=0.00016027660408871438 hm1_norm_Δρ=0.0001556301428377534  error_V_h1=5.472968343933331  α = 0.00443
 21   -21.48161261326       -7.36       -3.26    47.3s
    hm1_norm_ρdiff=0.00014245236353398034 hm1_norm_Δρ=0.0001368297452579435  error_V_h1=5.468297487365711  α = 0.00965
 22   -21.48161280583       -6.72       -3.50    42.4s
    hm1_norm_ρdiff=8.272034554084182e-5 hm1_norm_Δρ=7.143542431864539e-5  error_V_h1=5.452622464866304  α = 0.023
 23   -21.48161287123       -7.18       -3.15    47.4s
    hm1_norm_ρdiff=0.0001603642668248678 hm1_norm_Δρ=0.00016634418471661648  error_V_h1=5.445771223330159  α = 0.00968
 24   -21.48161304835       -6.75       -2.06    61.8s
    hm1_norm_ρdiff=0.0028024740044532985 hm1_norm_Δρ=0.002786601421378528  error_V_h1=5.440261709659868  α = 0.000518
 25   -21.48161310072       -7.28       -2.17    58.3s
    hm1_norm_ρdiff=0.0015355815434057733 hm1_norm_Δρ=0.0015411330808346518  error_V_h1=5.448501666463918  α = 0.00118
 26   -21.48161312727       -7.58       -3.01    57.6s
    hm1_norm_ρdiff=0.00031539915264994624 hm1_norm_Δρ=0.0003103695618923027  error_V_h1=5.447474792619788  α = 0.0016
 27   -21.48161313048       -8.49       -3.02    57.0s
    hm1_norm_ρdiff=0.00038941860246211973 hm1_norm_Δρ=0.0003869145756257656  error_V_h1=5.446761686795414  α = 0.00123
 28   -21.48161314328       -7.89       -3.42    52.6s
    hm1_norm_ρdiff=8.7304929870447e-5 hm1_norm_Δρ=8.289905291382666e-5  error_V_h1=5.446845097949889  α = 0.00432
 29   -21.48161314597       -8.57       -3.40    56.5s
    hm1_norm_ρdiff=0.00012107030863563589 hm1_norm_Δρ=0.00011759508816381537  error_V_h1=5.446977815427511  α = 0.00157
 30   -21.48161315491       -8.05       -3.30    51.5s
    hm1_norm_ρdiff=0.00011767146392310203 hm1_norm_Δρ=0.00011512195483714134  error_V_h1=5.447092052281888  α = 0.00396
 31   -21.48161315669       -8.75       -3.80    45.8s
    hm1_norm_ρdiff=4.8337709515819444e-5 hm1_norm_Δρ=3.761276207748115e-5  error_V_h1=5.447434280216652  α = 0.00935
 32   -21.48161317609       -7.71       -3.09    51.1s
    hm1_norm_ρdiff=0.0002049722394045655 hm1_norm_Δρ=0.0002068927656234659  error_V_h1=5.448252986855439  α = 0.00376
 33   -21.48161317746       -8.86       -3.13    51.4s
    hm1_norm_ρdiff=0.00017340609357025102 hm1_norm_Δρ=0.0001782283086728803  error_V_h1=5.450304137762232  α = 0.00343
 34   -21.48161322574       -7.32       -2.27    61.4s
    hm1_norm_ρdiff=0.0013081866126334759 hm1_norm_Δρ=0.0013001097030921978  error_V_h1=5.448715611751454  α = 0.000541
 35   -21.48161323086       -8.29       -2.62    62.1s
    hm1_norm_ρdiff=0.0007401093701244074 hm1_norm_Δρ=0.0007556513343673044  error_V_h1=5.448027069998016  α = 0.000458
 36   -21.48161332953       -7.01       -2.19    61.3s
    hm1_norm_ρdiff=0.0015235019814312635 hm1_norm_Δρ=0.0015188739152213792  error_V_h1=5.440545667864421  α = 0.000554
 37   -21.48161333037       -9.08       -3.67    51.6s
    hm1_norm_ρdiff=6.2649946370212e-5 hm1_norm_Δρ=5.760104114651947e-5  error_V_h1=5.4404855443198965  α = 0.0036
 38   -21.48161333747       -8.15       -2.93    61.1s
    hm1_norm_ρdiff=0.00045616695869806444 hm1_norm_Δρ=0.00045557317364410774  error_V_h1=5.440534571021035  α = 0.000552
 39   -21.48161333854       -8.97       -4.05    50.9s
    hm1_norm_ρdiff=3.57303202644501e-5 hm1_norm_Δρ=1.9235283305168934e-5  error_V_h1=5.440293237710665  α = 0.00442
 40   -21.48161333902       -9.32       -3.88    56.2s
    hm1_norm_ρdiff=5.100109497292325e-5 hm1_norm_Δρ=4.0850516069653805e-5  error_V_h1=5.440160448312817  α = 0.00161
 41   -21.48161334150       -8.61       -3.54    51.8s
    hm1_norm_ρdiff=7.725007522361744e-5 hm1_norm_Δρ=7.009493985892044e-5  error_V_h1=5.439661360669155  α = 0.00378
 42   -21.48161334422       -8.57       -3.71    52.2s
    hm1_norm_ρdiff=5.739664672419274e-5 hm1_norm_Δρ=5.0130687281109156e-5  error_V_h1=5.43923672127043  α = 0.00411
 43   -21.48161335133       -8.15       -3.33    51.5s
    hm1_norm_ρdiff=0.0001276894433643522 hm1_norm_Δρ=0.00011995583433535105  error_V_h1=5.43783723609722  α = 0.00375
 44   -21.48161336202       -7.97       -3.16    56.5s
    hm1_norm_ρdiff=0.00018033836675536224 hm1_norm_Δρ=0.000170490315488635  error_V_h1=5.436316721993388  α = 0.00162
 45   -21.48161336311       -8.96       -3.15    62.0s
    hm1_norm_ρdiff=0.00016758450374764627 hm1_norm_Δρ=0.00017252221763456335  error_V_h1=5.436130514609009  α = 0.000556
 46   -21.48161336418       -8.97       -2.92    61.9s
    hm1_norm_ρdiff=0.0003919902272830393 hm1_norm_Δρ=0.0003756332318587439  error_V_h1=5.436365879968937  α = 0.000451
 47   -21.48161336464       -9.34       -4.25    52.3s
    hm1_norm_ρdiff=3.2859360836081993e-5 hm1_norm_Δρ=1.3509114101807112e-5  error_V_h1=5.436185497275568  α = 0.00439
 48   -21.48161336558       -9.02       -3.69    57.1s
    hm1_norm_ρdiff=6.770866405498514e-5 hm1_norm_Δρ=5.8656596140688126e-5  error_V_h1=5.436210339109684  α = 0.00159
 49   -21.48161336576       -9.75       -3.74    62.5s
    hm1_norm_ρdiff=7.872475694309735e-5 hm1_norm_Δρ=7.489772796070139e-5  error_V_h1=5.436181769102035  α = 0.000543
 50   -21.48161336581      -10.24       -4.41    46.7s
    hm1_norm_ρdiff=3.22588353711035e-5 hm1_norm_Δρ=9.262697734846683e-6  error_V_h1=5.43584544212606  α = 0.00907
 51   -21.48161336663       -9.09       -3.96    51.1s
    hm1_norm_ρdiff=3.5134758307990964e-5 hm1_norm_Δρ=2.177052612838688e-5  error_V_h1=5.435821615954699  α = 0.00429
 52   -21.48161336699       -9.44       -3.68    52.2s
    hm1_norm_ρdiff=6.576596558467441e-5 hm1_norm_Δρ=5.9555023218034024e-5  error_V_h1=5.435746082803189  α = 0.00343
 53   -21.48161336721       -9.67       -3.85    51.9s
    hm1_norm_ρdiff=5.298952988022354e-5 hm1_norm_Δρ=4.258615853127003e-5  error_V_h1=5.435799763216436  α = 0.00346
 54   -21.48161336926       -8.69       -3.59    52.5s
    hm1_norm_ρdiff=6.756006029157753e-5 hm1_norm_Δρ=6.537584021988339e-5  error_V_h1=5.436432874453552  α = 0.00373
 55   -21.48161336939       -9.88       -4.39    46.5s
    hm1_norm_ρdiff=3.3093487289770624e-5 hm1_norm_Δρ=9.996458771652494e-6  error_V_h1=5.435935882051194  α = 0.00943
 56   -21.48161336950       -9.94       -4.24    46.6s
    hm1_norm_ρdiff=2.887060424746785e-5 hm1_norm_Δρ=1.283250367865755e-5  error_V_h1=5.435705315593998  α = 0.00922
 57   -21.48161336969       -9.73       -3.46    61.3s
    hm1_norm_ρdiff=0.0001016665466707181 hm1_norm_Δρ=0.0001141935704702727  error_V_h1=5.4356068242005176  α = 0.000485
 58   -21.48161336994       -9.61       -3.90    50.5s
    hm1_norm_ρdiff=4.1720373423901976e-5 hm1_norm_Δρ=2.914699991367575e-5  error_V_h1=5.4353404402819505  α = 0.00356
 59   -21.48161337050       -9.25       -3.89    50.2s
    hm1_norm_ρdiff=4.0726221135245684e-5 hm1_norm_Δρ=2.4528958506931523e-5  error_V_h1=5.43485283921266  α = 0.00398
 60   -21.48161337054      -10.47       -4.04    57.1s
    hm1_norm_ρdiff=4.481814321416036e-5 hm1_norm_Δρ=3.5667102078402645e-5  error_V_h1=5.434796369544124  α = 0.00127
 61   -21.48161337080       -9.58       -3.72    56.2s
    hm1_norm_ρdiff=5.922666740562222e-5 hm1_norm_Δρ=5.3682789288367065e-5  error_V_h1=5.434984940905144  α = 0.00137
 62   -21.48161337094       -9.85       -4.46    46.2s
    hm1_norm_ρdiff=3.136976169704423e-5 hm1_norm_Δρ=8.164595079391323e-6  error_V_h1=5.435010724804476  α = 0.00948
 63   -21.48161337203       -8.96       -3.66    56.0s
    hm1_norm_ρdiff=7.283781217398003e-5 hm1_norm_Δρ=6.75877998378894e-5  error_V_h1=5.435123312495358  α = 0.00157
 64   -21.48161337278       -9.13       -3.79    57.2s
    hm1_norm_ρdiff=5.251236950159238e-5 hm1_norm_Δρ=4.5198471277000263e-5  error_V_h1=5.435108859433706  α = 0.00164
 65   -21.48161337348       -9.16       -3.83    50.9s
    hm1_norm_ρdiff=5.097510303601757e-5 hm1_norm_Δρ=3.7218812968914906e-5  error_V_h1=5.434751924431214  α = 0.00375
 66   -21.48161337364       -9.78       -4.08    51.0s
    hm1_norm_ρdiff=3.449589287749822e-5 hm1_norm_Δρ=2.1697423417062414e-5  error_V_h1=5.435050469457364  α = 0.00366
 67   -21.48161337394       -9.53       -3.62    56.9s
    hm1_norm_ρdiff=6.445607494094011e-5 hm1_norm_Δρ=5.000984618367104e-5  error_V_h1=5.4351524021701945  α = 0.00141
 68   -21.48161337396      -10.69       -4.14    60.8s
    hm1_norm_ρdiff=4.557478561155562e-5 hm1_norm_Δρ=2.2875686391456436e-5  error_V_h1=5.435182482304676  α = 0.000559
 69   -21.48161337421       -9.60       -3.59    57.5s
    hm1_norm_ρdiff=6.404039450833383e-5 hm1_norm_Δρ=5.9730417673005623e-5  error_V_h1=5.435412856552916  α = 0.00134
 70   -21.48161337432       -9.94       -4.06    51.2s
    hm1_norm_ρdiff=3.186384607469763e-5 hm1_norm_Δρ=1.8414698215893814e-5  error_V_h1=5.435659359321764  α = 0.00369
 71   -21.48161337444       -9.91       -3.75    62.7s
    hm1_norm_ρdiff=7.691768408414939e-5 hm1_norm_Δρ=6.821981617980192e-5  error_V_h1=5.435690209935721  α = 0.000538
 72   -21.48161337453      -10.06       -3.99    56.0s
    hm1_norm_ρdiff=4.464909403756684e-5 hm1_norm_Δρ=3.1877851110199116e-5  error_V_h1=5.435632703727717  α = 0.00138
 73   -21.48161337473       -9.71       -4.05    57.1s
    hm1_norm_ρdiff=3.592103241432161e-5 hm1_norm_Δρ=2.24769384420635e-5  error_V_h1=5.435627217890443  α = 0.00165
 74   -21.48161337475      -10.61       -4.47    51.6s
    hm1_norm_ρdiff=3.261850537890108e-5 hm1_norm_Δρ=1.0179848750539025e-5  error_V_h1=5.435569948564373  α = 0.00353
 75   -21.48161337480      -10.33       -4.83    52.4s
    hm1_norm_ρdiff=3.1010017182597836e-5 hm1_norm_Δρ=4.171879327272951e-6  error_V_h1=5.43555201499335  α = 0.00439
 76   -21.48161337507       -9.57       -4.01    51.8s
    hm1_norm_ρdiff=3.539681878770689e-5 hm1_norm_Δρ=2.4298662965927727e-5  error_V_h1=5.435767364993288  α = 0.00373
 77   -21.48161337514      -10.15       -4.17    51.7s
    hm1_norm_ρdiff=3.65743522622093e-5 hm1_norm_Δρ=1.771893773043044e-5  error_V_h1=5.4355621085709735  α = 0.00353
 78   -21.48161337520      -10.19       -4.08    57.0s
    hm1_norm_ρdiff=3.096919868904682e-5 hm1_norm_Δρ=1.7939467916216816e-5  error_V_h1=5.4355318468819265  α = 0.00151
 79   -21.48161337545       -9.62       -5.33    36.5s
    hm1_norm_ρdiff=2.9883810096384496e-5 hm1_norm_Δρ=1.0414389979955843e-6  error_V_h1=5.435393427911314  α = 0.0453
 80   -21.48161337558       -9.89       -4.01    56.0s
    hm1_norm_ρdiff=3.0041573733394644e-5 hm1_norm_Δρ=2.346599577631078e-5  error_V_h1=5.435187966536989  α = 0.00158
 81   -21.48161337578       -9.70       -3.56    62.1s
    hm1_norm_ρdiff=8.943139993073445e-5 hm1_norm_Δρ=7.384323089071249e-5  error_V_h1=5.435043220523071  α = 0.000532
 82   -21.48161337586      -10.11       -3.75    62.3s
    hm1_norm_ρdiff=6.37317356483858e-5 hm1_norm_Δρ=5.606859197991545e-5  error_V_h1=5.434942257274266  α = 0.000553
 83   -21.48161337589      -10.42       -4.05    56.5s
    hm1_norm_ρdiff=4.538084994928606e-5 hm1_norm_Δρ=3.266156500411663e-5  error_V_h1=5.434934924575052  α = 0.00128
 84   -21.48161337598      -10.05       -4.65    52.0s
    hm1_norm_ρdiff=2.9900128009683452e-5 hm1_norm_Δρ=5.568394523686415e-6  error_V_h1=5.434910234728692  α = 0.00446
 85   -21.48161337607      -10.08       -4.42    51.4s
    hm1_norm_ρdiff=3.058744606270957e-5 hm1_norm_Δρ=9.222334771359111e-6  error_V_h1=5.434928516553802  α = 0.00402
 86   -21.48161337612      -10.28       -4.45    50.7s
    hm1_norm_ρdiff=3.059643998302322e-5 hm1_norm_Δρ=7.565894730075915e-6  error_V_h1=5.434900723207962  α = 0.0039
 87   -21.48161337622       -9.98       -4.21    52.4s
    hm1_norm_ρdiff=3.6160083314224564e-5 hm1_norm_Δρ=1.5626098432821805e-5  error_V_h1=5.434776894792846  α = 0.00369
 88   -21.48161337626      -10.49       -4.27    50.9s
    hm1_norm_ρdiff=3.034749506171615e-5 hm1_norm_Δρ=1.3866714050020364e-5  error_V_h1=5.434938460345054  α = 0.00343
 89   -21.48161337629      -10.48       -5.14    41.0s
    hm1_norm_ρdiff=2.9992846739404866e-5 hm1_norm_Δρ=1.5660858207860385e-6  error_V_h1=5.4349694546289395  α = 0.0223
 90   -21.48161337634      -10.28       -4.08    56.9s
    hm1_norm_ρdiff=3.133008549884053e-5 hm1_norm_Δρ=2.253864197768505e-5  error_V_h1=5.435022697023592  α = 0.00136
 91   -21.48161337638      -10.38       -4.30    56.5s
    hm1_norm_ρdiff=3.506566216084439e-5 hm1_norm_Δρ=1.0790420111358189e-5  error_V_h1=5.435104043584336  α = 0.0016
 92   -21.48161337642      -10.48       -3.80    62.6s
    hm1_norm_ρdiff=4.280570079543722e-5 hm1_norm_Δρ=4.200080042392856e-5  error_V_h1=5.43512324119397  α = 0.000523
 93   -21.48161337644      -10.67       -4.12    62.3s
    hm1_norm_ρdiff=3.892121882101735e-5 hm1_norm_Δρ=2.4417288289371213e-5  error_V_h1=5.435144422468734  α = 0.000561
 94   -21.48161337646      -10.58       -4.24    56.0s
    hm1_norm_ρdiff=3.559219535049852e-5 hm1_norm_Δρ=2.1887076334342045e-5  error_V_h1=5.435134874262921  α = 0.0013
 95   -21.48161337650      -10.41       -4.81    50.6s
    hm1_norm_ρdiff=2.9628899230792345e-5 hm1_norm_Δρ=3.667137446422594e-6  error_V_h1=5.435199563962875  α = 0.00445
 96   -21.48161337654      -10.41       -4.67    51.8s
    hm1_norm_ρdiff=3.075569561699537e-5 hm1_norm_Δρ=5.196618362362405e-6  error_V_h1=5.435199293422988  α = 0.00415
 97   -21.48161337657      -10.62       -4.34    52.8s
    hm1_norm_ρdiff=3.145130149488585e-5 hm1_norm_Δρ=9.536514829070988e-6  error_V_h1=5.435254662858417  α = 0.0036
 98   -21.48161337663      -10.22       -4.39    52.2s
    hm1_norm_ρdiff=2.947099183285767e-5 hm1_norm_Δρ=1.0455034341866494e-5  error_V_h1=5.435366563919527  α = 0.0038
 99   -21.48161337669      -10.24       -4.27    56.3s
    hm1_norm_ρdiff=3.5409767837434117e-5 hm1_norm_Δρ=1.451250302545946e-5  error_V_h1=5.435330672941309  α = 0.00159
 100   -21.48161337671      -10.66       -4.41    53.0s
    hm1_norm_ρdiff=2.918055825687591e-5 hm1_norm_Δρ=8.389788484981053e-6  error_V_h1=5.435284682942609  α = 0.00362
 101   -21.48161337672      -11.13       -4.24    57.1s
    hm1_norm_ρdiff=3.8848649709424896e-5 hm1_norm_Δρ=1.6641245985559865e-5  error_V_h1=5.435246292237159  α = 0.00115
 102   -21.48161337672      -11.11       -4.65    56.5s
    hm1_norm_ρdiff=2.8509977074282764e-5 hm1_norm_Δρ=5.105861107269641e-6  error_V_h1=5.435214789774497  α = 0.0016
 103   -21.48161337673      -11.17       -4.27    61.0s
    hm1_norm_ρdiff=3.6479394893230794e-5 hm1_norm_Δρ=1.3993358940864303e-5  error_V_h1=5.435207044972837  α = 0.000564
 104   -21.48161337673      -11.61       -4.60    57.3s
    hm1_norm_ρdiff=3.093827067499476e-5 hm1_norm_Δρ=7.935820905324004e-6  error_V_h1=5.435179627998202  α = 0.00131
 105   -21.48161337675      -10.77       -4.38    56.9s
    hm1_norm_ρdiff=3.551526950140288e-5 hm1_norm_Δρ=1.6493003273537816e-5  error_V_h1=5.435177562967614  α = 0.00132
 106   -21.48161337677      -10.63       -4.92    51.2s
    hm1_norm_ρdiff=3.0286443809618526e-5 hm1_norm_Δρ=2.9925676202005107e-6  error_V_h1=5.435128965261381  α = 0.0043
 107   -21.48161337679      -10.80       -4.87    46.7s
    hm1_norm_ρdiff=2.973677955602912e-5 hm1_norm_Δρ=3.2158887708897904e-6  error_V_h1=5.435121672785881  α = 0.0093
 108   -21.48161337685      -10.25       -4.25    57.5s
    hm1_norm_ρdiff=3.3607289529453335e-5 hm1_norm_Δρ=1.437149397453759e-5  error_V_h1=5.435091016475632  α = 0.00155
 109   -21.48161337686      -10.74       -4.55    52.1s
    hm1_norm_ρdiff=3.2607131090885076e-5 hm1_norm_Δρ=8.166109730324005e-6  error_V_h1=5.435030493411606  α = 0.00362
 110   -21.48161337687      -11.07       -4.77    57.3s
    hm1_norm_ρdiff=2.950968018188063e-5 hm1_norm_Δρ=4.604042652531984e-6  error_V_h1=5.435032964507044  α = 0.00164
 111   -21.48161337689      -10.73       -4.47    57.8s
    hm1_norm_ρdiff=3.27077958956377e-5 hm1_norm_Δρ=7.882651455408561e-6  error_V_h1=5.435043207250295  α = 0.00159
 112   -21.48161337692      -10.47       -3.91    61.6s
    hm1_norm_ρdiff=3.7682423184229334e-5 hm1_norm_Δρ=3.586092001168941e-5  error_V_h1=5.435060847155178  α = 0.000527
 113   -21.48161337693      -11.22       -4.75    57.5s
    hm1_norm_ρdiff=2.905980139914761e-5 hm1_norm_Δρ=4.209600530856275e-6  error_V_h1=5.435032821217894  α = 0.00163
 114   -21.48161337694      -11.07       -4.29    61.2s
    hm1_norm_ρdiff=2.9378577515789198e-5 hm1_norm_Δρ=1.27565907749267e-5  error_V_h1=5.435031053219419  α = 0.0006
 115   -21.48161337696      -10.65       -4.98    46.3s
    hm1_norm_ρdiff=3.0287976042178886e-5 hm1_norm_Δρ=2.3904665576337407e-6  error_V_h1=5.4350121891416165  α = 0.0096
 116   -21.48161337697      -10.88       -4.18    61.3s
    hm1_norm_ρdiff=3.70361151986473e-5 hm1_norm_Δρ=1.753050070642163e-5  error_V_h1=5.434977933986504  α = 0.000554
 117   -21.48161337698      -11.14       -4.78    52.8s
    hm1_norm_ρdiff=3.0444539666709807e-5 hm1_norm_Δρ=4.100705217404725e-6  error_V_h1=5.434991135618167  α = 0.00404
 118   -21.48161337701      -10.49       -4.45    51.4s
    hm1_norm_ρdiff=3.040742669529554e-5 hm1_norm_Δρ=8.068567651145927e-6  error_V_h1=5.435025138988235  α = 0.00375
 119   -21.48161337702      -11.04       -4.59    58.0s
    hm1_norm_ρdiff=2.992681073705423e-5 hm1_norm_Δρ=6.6725179825947716e-6  error_V_h1=5.435034856460527  α = 0.00149
 120   -21.48161337705      -10.54       -4.55    57.8s
    hm1_norm_ρdiff=2.835318985159642e-5 hm1_norm_Δρ=8.539360053652435e-6  error_V_h1=5.435063723591034  α = 0.0016
 121   -21.48161337706      -11.08       -5.35    46.8s
    hm1_norm_ρdiff=2.9901468159076434e-5 hm1_norm_Δρ=9.992637904840061e-7  error_V_h1=5.435082103233159  α = 0.00984
 122   -21.48161337707      -11.03       -4.53    57.8s
    hm1_norm_ρdiff=2.9190822578320285e-5 hm1_norm_Δρ=6.871880528253171e-6  error_V_h1=5.435084987806565  α = 0.00158
 123   -21.48161337707      -11.44       -4.52    62.4s
    hm1_norm_ρdiff=2.8875949381105114e-5 hm1_norm_Δρ=7.791201618938496e-6  error_V_h1=5.435087429400106  α = 0.000603
 124   -21.48161337708      -10.97       -4.84    51.7s
    hm1_norm_ρdiff=3.051459492189393e-5 hm1_norm_Δρ=3.0179639647996003e-6  error_V_h1=5.435157313670086  α = 0.00396
 125   -21.48161337709      -11.14       -4.29    62.2s
    hm1_norm_ρdiff=3.06756160958758e-5 hm1_norm_Δρ=1.1874403111400844e-5  error_V_h1=5.43515899238488  α = 0.000595
 126   -21.48161337710      -10.91       -4.32    56.8s
    hm1_norm_ρdiff=2.8986211358917395e-5 hm1_norm_Δρ=1.2633281379544802e-5  error_V_h1=5.435175739571711  α = 0.00129
 127   -21.48161337711      -11.18       -4.76    57.1s
    hm1_norm_ρdiff=2.918181818040827e-5 hm1_norm_Δρ=4.50068272963403e-6  error_V_h1=5.435201101876197  α = 0.00162
 128   -21.48161337712      -10.86       -4.61    56.6s
    hm1_norm_ρdiff=2.9436679302249746e-5 hm1_norm_Δρ=7.745963664763994e-6  error_V_h1=5.435216548814806  α = 0.00154
 129   -21.48161337713      -11.36       -4.52    51.1s
    hm1_norm_ρdiff=3.210770274762018e-5 hm1_norm_Δρ=7.8592353489197e-6  error_V_h1=5.435214695094612  α = 0.00335
 130   -21.48161337713      -11.39       -4.78    52.0s
    hm1_norm_ρdiff=2.993555003089746e-5 hm1_norm_Δρ=4.808984514762844e-6  error_V_h1=5.435210373917955  α = 0.00351
 131   -21.48161337714      -11.40       -4.67    51.8s
    hm1_norm_ρdiff=3.050554759583025e-5 hm1_norm_Δρ=4.801436251845035e-6  error_V_h1=5.435181018349209  α = 0.00344
 132   -21.48161337714      -11.50       -4.59    58.1s
    hm1_norm_ρdiff=2.794165746805105e-5 hm1_norm_Δρ=7.219384975222773e-6  error_V_h1=5.4351722861987435  α = 0.00126
 133   -21.48161337714      -11.32       -4.83    57.2s
    hm1_norm_ρdiff=3.0882512611483934e-5 hm1_norm_Δρ=3.4765775461814247e-6  error_V_h1=5.435163290327656  α = 0.00161
 134   -21.48161337715      -11.61       -4.85    55.9s
    hm1_norm_ρdiff=2.9670593429879928e-5 hm1_norm_Δρ=3.6611956416156205e-6  error_V_h1=5.435161864983497  α = 0.00149
 135   -21.48161337715      -11.77       -4.85    51.6s
    hm1_norm_ρdiff=2.9089518708651625e-5 hm1_norm_Δρ=3.2841974002818016e-6  error_V_h1=5.435122541831968  α = 0.00336
 136   -21.48161337715      -11.32       -5.09    52.7s
    hm1_norm_ρdiff=2.9877291586197044e-5 hm1_norm_Δρ=1.73527153194952e-6  error_V_h1=5.435133059160887  α = 0.00428
 137   -21.48161337716      -11.56       -4.81    56.5s
    hm1_norm_ρdiff=3.112797420089491e-5 hm1_norm_Δρ=4.473408254327961e-6  error_V_h1=5.435136006700536  α = 0.00142
 138   -21.48161337716      -11.14       -4.91    51.3s
    hm1_norm_ρdiff=3.0017497003895146e-5 hm1_norm_Δρ=2.4589253824456806e-6  error_V_h1=5.435162301290008  α = 0.00403
 139   -21.48161337716      -11.85       -4.93    51.3s
    hm1_norm_ρdiff=3.048274130351865e-5 hm1_norm_Δρ=2.7647438032279905e-6  error_V_h1=5.4351566189874285  α = 0.00363
 140   -21.48161337718      -10.75       -4.28    56.3s
    hm1_norm_ρdiff=2.957313587418178e-5 hm1_norm_Δρ=1.4249590554037167e-5  error_V_h1=5.43518013250503  α = 0.00136
 141   -21.48161337719      -11.58       -4.41    55.8s
    hm1_norm_ρdiff=3.167732793960515e-5 hm1_norm_Δρ=1.1426476124888682e-5  error_V_h1=5.435173489509296  α = 0.00121
 142   -21.48161337719      -11.06       -4.61    55.6s
    hm1_norm_ρdiff=2.977711752359179e-5 hm1_norm_Δρ=6.0323727209292495e-6  error_V_h1=5.435189016225388  α = 0.00157
 143   -21.48161337720      -11.57       -4.79    56.4s
    hm1_norm_ρdiff=3.066154224905091e-5 hm1_norm_Δρ=4.300867598799984e-6  error_V_h1=5.435201845244535  α = 0.00147
 144   -21.48161337720      -11.97       -4.79    61.5s
    hm1_norm_ρdiff=2.791631065380542e-5 hm1_norm_Δρ=5.372796462493708e-6  error_V_h1=5.43520540751883  α = 0.00055
 145   -21.48161337720      -11.24       -5.63    41.6s
    hm1_norm_ρdiff=2.97060263888451e-5 hm1_norm_Δρ=5.03752825098267e-7  error_V_h1=5.435205906452502  α = 0.0225
 146   -21.48161337721      -10.97       -4.63    56.2s
    hm1_norm_ρdiff=3.186689289357242e-5 hm1_norm_Δρ=6.025154584646342e-6  error_V_h1=5.435213759761854  α = 0.00162
 147   -21.48161337722      -11.12       -4.86    51.0s
    hm1_norm_ρdiff=2.9856188804967595e-5 hm1_norm_Δρ=2.9823537814738086e-6  error_V_h1=5.435190336657853  α = 0.00395
 148   -21.48161337722      -12.31       -4.53    56.4s
    hm1_norm_ρdiff=2.9221197762816394e-5 hm1_norm_Δρ=7.935945214981183e-6  error_V_h1=5.43518481430968  α = 0.00129
 149   -21.48161337723      -11.02       -4.96    51.8s
    hm1_norm_ρdiff=2.9970764267227883e-5 hm1_norm_Δρ=2.564320255904432e-6  error_V_h1=5.435189132584653  α = 0.004
 150   -21.48161337723      -11.53       -4.93    58.0s
    hm1_norm_ρdiff=2.918508156716476e-5 hm1_norm_Δρ=2.8429467156900956e-6  error_V_h1=5.435190517729155  α = 0.00163
 151   -21.48161337724      -12.01       -4.50    57.4s
    hm1_norm_ρdiff=3.3194740456309664e-5 hm1_norm_Δρ=8.582109327125442e-6  error_V_h1=5.435186379466115  α = 0.00121
 152   -21.48161337724      -12.04       -4.49    56.3s
    hm1_norm_ρdiff=3.124349985553075e-5 hm1_norm_Δρ=9.010857297320893e-6  error_V_h1=5.435182786929762  α = 0.00121
 153   -21.48161337724      -11.88       -5.35    51.1s
    hm1_norm_ρdiff=2.953728655157036e-5 hm1_norm_Δρ=1.0646879942681582e-6  error_V_h1=5.4351855624298535  α = 0.00409
 154   -21.48161337724      -11.60       -4.90    57.2s
    hm1_norm_ρdiff=2.9567545661054223e-5 hm1_norm_Δρ=3.682757787540328e-6  error_V_h1=5.435173487760705  α = 0.00155
 155   -21.48161337724      -12.53       -4.85    56.9s
    hm1_norm_ρdiff=2.8070718398117318e-5 hm1_norm_Δρ=4.86714246694765e-6  error_V_h1=5.435176534349328  α = 0.00122
 156   -21.48161337725      -11.30       -4.87    52.7s
    hm1_norm_ρdiff=2.985180920538158e-5 hm1_norm_Δρ=2.883401166096702e-6  error_V_h1=5.435151215827407  α = 0.00381
 157   -21.48161337725      -11.26       -5.39    47.0s
    hm1_norm_ρdiff=2.988989433395144e-5 hm1_norm_Δρ=7.038197808959608e-7  error_V_h1=5.435124426525562  α = 0.01
 158   -21.48161337725      -11.42       -4.88    57.4s
    hm1_norm_ρdiff=3.0191042031869358e-5 hm1_norm_Δρ=3.593667591967686e-6  error_V_h1=5.435124247444217  α = 0.00157
 159   -21.48161337726      -11.73       -4.73    56.9s
    hm1_norm_ρdiff=2.9838558047583164e-5 hm1_norm_Δρ=3.851207240475453e-6  error_V_h1=5.435127861983996  α = 0.00148
 160   -21.48161337726      -11.74       -4.74    58.3s
    hm1_norm_ρdiff=2.900157915334917e-5 hm1_norm_Δρ=4.06730822887514e-6  error_V_h1=5.435117163010535  α = 0.00137
 161   -21.48161337726      -11.56       -5.79    41.9s
    hm1_norm_ρdiff=2.9768568981581733e-5 hm1_norm_Δρ=3.675959744883691e-7  error_V_h1=5.435112011618569  α = 0.0222
 162   -21.48161337727      -11.34       -4.42    63.6s
    hm1_norm_ρdiff=2.814262650396627e-5 hm1_norm_Δρ=1.1753207493842196e-5  error_V_h1=5.435110024866045  α = 0.000551
 163   -21.48161337727      -11.92       -4.58    57.5s
    hm1_norm_ρdiff=3.0702318515972534e-5 hm1_norm_Δρ=9.034972964335336e-6  error_V_h1=5.435110656158102  α = 0.00122
 164   -21.48161337727      -11.73       -5.34    46.9s
    hm1_norm_ρdiff=2.986675355940492e-5 hm1_norm_Δρ=9.109277511424519e-7  error_V_h1=5.435086906251732  α = 0.00954
 165   -21.48161337727      -11.87       -5.70    47.0s
    hm1_norm_ρdiff=2.9706343986339423e-5 hm1_norm_Δρ=4.73336352743164e-7  error_V_h1=5.435085971951776  α = 0.00992
 166   -21.48161337727      -12.06       -4.99    58.3s
    hm1_norm_ρdiff=3.102687454161935e-5 hm1_norm_Δρ=3.116996837775761e-6  error_V_h1=5.435088007863451  α = 0.00123
 167   -21.48161337727      -12.03       -5.07    57.8s
    hm1_norm_ρdiff=2.97367451761504e-5 hm1_norm_Δρ=2.292731374967564e-6  error_V_h1=5.435092337315925  α = 0.00161
 168   -21.48161337727      -11.72       -5.09    51.9s
    hm1_norm_ρdiff=2.9474185196221832e-5 hm1_norm_Δρ=1.4572255344178129e-6  error_V_h1=5.435108684736576  α = 0.00403
 169   -21.48161337728      -11.73       -5.26    52.0s
    hm1_norm_ρdiff=2.9943194602041507e-5 hm1_norm_Δρ=1.232776983138838e-6  error_V_h1=5.435116790295327  α = 0.00412
 170   -21.48161337728      -12.10       -4.78    61.3s
    hm1_norm_ρdiff=3.067152110753319e-5 hm1_norm_Δρ=4.920631643178203e-6  error_V_h1=5.435114321462063  α = 0.000608
 171   -21.48161337728      -12.11       -5.37    52.0s
    hm1_norm_ρdiff=2.9541119702868552e-5 hm1_norm_Δρ=1.2495084439180068e-6  error_V_h1=5.435115443306789  α = 0.0039
 172   -21.48161337728      -11.95       -5.05    51.7s
    hm1_norm_ρdiff=2.924586247220068e-5 hm1_norm_Δρ=2.244707796269392e-6  error_V_h1=5.435112655904159  α = 0.00346
 173   -21.48161337728      -12.35       -4.84    57.9s
    hm1_norm_ρdiff=3.098212136224708e-5 hm1_norm_Δρ=3.2738625000970836e-6  error_V_h1=5.435119660360442  α = 0.00129
 174   -21.48161337728      -11.41       -4.54    61.8s
    hm1_norm_ρdiff=3.0787271840972945e-5 hm1_norm_Δρ=8.979420915066575e-6  error_V_h1=5.435122924365027  α = 0.000578
 175   -21.48161337728      -11.85       -4.95    51.0s
    hm1_norm_ρdiff=2.94018132013525e-5 hm1_norm_Δρ=2.3138928229586236e-6  error_V_h1=5.435138845600536  α = 0.0035
 176   -21.48161337728      -12.64       -5.42    50.6s
    hm1_norm_ρdiff=2.9702391807824003e-5 hm1_norm_Δρ=9.918403603468238e-7  error_V_h1=5.435137307324959  α = 0.00359
 177   -21.48161337729      -12.08       -4.93    61.1s
    hm1_norm_ρdiff=2.8640348606896622e-5 hm1_norm_Δρ=3.3009223312411768e-6  error_V_h1=5.4351379887623175  α = 0.000579
 178   -21.48161337729      -11.95       -5.56    51.2s
    hm1_norm_ρdiff=2.9727116604093577e-5 hm1_norm_Δρ=7.966032375394975e-7  error_V_h1=5.435138371507457  α = 0.00413
 179   -21.48161337729      -11.90       -5.07    51.2s
    hm1_norm_ρdiff=3.0024168501127055e-5 hm1_norm_Δρ=1.795953814942723e-6  error_V_h1=5.4351376642794165  α = 0.00344
 180   -21.48161337729      -12.21       -5.10    51.9s
    hm1_norm_ρdiff=2.943678907263395e-5 hm1_norm_Δρ=1.93339217525565e-6  error_V_h1=5.435141745821032  α = 0.00357
 181   -21.48161337729      -11.80       -5.43    51.6s
    hm1_norm_ρdiff=2.983310387827451e-5 hm1_norm_Δρ=8.419868321011021e-7  error_V_h1=5.435137358290838  α = 0.00428
 182   -21.48161337729      -12.07       -5.13    57.0s
    hm1_norm_ρdiff=3.048242169209489e-5 hm1_norm_Δρ=2.213428151280413e-6  error_V_h1=5.435134084314213  α = 0.00152
 183   -21.48161337729      -11.90       -5.04    55.9s
    hm1_norm_ρdiff=3.0174455056052894e-5 hm1_norm_Δρ=2.380358752764481e-6  error_V_h1=5.435137332252017  α = 0.00154
 184   -21.48161337729      -11.89       -4.54    61.6s
    hm1_norm_ρdiff=2.8399965188645625e-5 hm1_norm_Δρ=6.216127255537362e-6  error_V_h1=5.435131757168894  α = 0.000568
 185   -21.48161337729      -12.13       -5.69    46.5s
    hm1_norm_ρdiff=2.983762414037561e-5 hm1_norm_Δρ=5.541134402867914e-7  error_V_h1=5.435133410234315  α = 0.0087
 186   -21.48161337730      -12.05       -5.07    55.9s
    hm1_norm_ρdiff=3.0260254087369663e-5 hm1_norm_Δρ=2.3274174891949228e-6  error_V_h1=5.435131125157859  α = 0.00146
 187   -21.48161337730      -12.91       -4.92    62.3s
    hm1_norm_ρdiff=3.028493500022054e-5 hm1_norm_Δρ=2.71697141599399e-6  error_V_h1=5.435131516988958  α = 0.000533
 188   -21.48161337730      -13.41       -4.95    66.8s
    hm1_norm_ρdiff=2.9162393652453716e-5 hm1_norm_Δρ=3.242668948545299e-6  error_V_h1=5.435132059771209  α = 0.000124
 189   -21.48161337730      -12.50       -5.01    62.5s
    hm1_norm_ρdiff=3.0082341213372113e-5 hm1_norm_Δρ=2.626313801693932e-6  error_V_h1=5.435132946226678  α = 0.000515
 190   -21.48161337730      -11.54       -4.43    62.3s
    hm1_norm_ρdiff=2.9718574917338375e-5 hm1_norm_Δρ=8.1798954880425e-6  error_V_h1=5.435130433144735  α = 0.000595
 191   -21.48161337730      -11.96       -5.19    57.3s
    hm1_norm_ρdiff=2.9919527348575082e-5 hm1_norm_Δρ=1.8331588175675776e-6  error_V_h1=5.435130179221889  α = 0.0016
 192   -21.48161337730      -11.98       -5.09    56.9s
    hm1_norm_ρdiff=2.9706055191039323e-5 hm1_norm_Δρ=1.7433703394962772e-6  error_V_h1=5.43513664483579  α = 0.00163
 193   -21.48161337730      -12.04       -5.11    56.4s
    hm1_norm_ρdiff=2.9322032286297098e-5 hm1_norm_Δρ=1.7692143176385617e-6  error_V_h1=5.435138871772323  α = 0.00112
 194   -21.48161337730      -12.91       -5.19    61.4s
    hm1_norm_ρdiff=2.9410987718496488e-5 hm1_norm_Δρ=1.847717026225935e-6  error_V_h1=5.435138266422808  α = 0.000551
 195   -21.48161337730      -12.83       -5.60    56.1s
    hm1_norm_ρdiff=2.9809939766211205e-5 hm1_norm_Δρ=6.333715258850727e-7  error_V_h1=5.435137950465102  α = 0.00126
 196   -21.48161337730      -11.82       -4.66    61.4s
    hm1_norm_ρdiff=2.7590549084746968e-5 hm1_norm_Δρ=7.526474018806357e-6  error_V_h1=5.435135211834012  α = 0.000524
 197   -21.48161337730      -12.03       -4.89    57.0s
    hm1_norm_ρdiff=2.962891014833942e-5 hm1_norm_Δρ=3.0973247632277787e-6  error_V_h1=5.435141833662627  α = 0.00143
 198   -21.48161337730      -12.81       -5.25    52.8s
    hm1_norm_ρdiff=3.004055573434953e-5 hm1_norm_Δρ=1.2913972657744756e-6  error_V_h1=5.435147548132058  α = 0.00338
 199   -21.48161337730      -12.73       -5.60    57.1s
    hm1_norm_ρdiff=2.952753959490424e-5 hm1_norm_Δρ=7.721822419327331e-7  error_V_h1=5.435149657066972  α = 0.00157
 200   -21.48161337730      -13.97       -5.56    52.1s
    hm1_norm_ρdiff=2.9808284107840372e-5 hm1_norm_Δρ=6.913221464602922e-7  error_V_h1=5.435150618332617  α = 0.00349
 201   -21.48161337730      -12.70       -5.05    64.4s
    hm1_norm_ρdiff=2.9703783079439797e-5 hm1_norm_Δρ=2.1853244003239537e-6  error_V_h1=5.435150754934146  α = 0.000598
 202   -21.48161337730      -12.83       -5.62    51.6s
    hm1_norm_ρdiff=2.9724907457471077e-5 hm1_norm_Δρ=6.036999478326244e-7  error_V_h1=5.435152744094563  α = 0.00384
 203   -21.48161337731      -12.72       -5.60    51.6s
    hm1_norm_ρdiff=2.9842389886035617e-5 hm1_norm_Δρ=5.800583942388227e-7  error_V_h1=5.435152860526506  α = 0.0037
 204   -21.48161337731      -12.42       -5.13    56.6s
    hm1_norm_ρdiff=2.939060136921078e-5 hm1_norm_Δρ=1.617015837429814e-6  error_V_h1=5.435155099410153  α = 0.00147
 205   -21.48161337731      -12.58       -5.59    51.9s
    hm1_norm_ρdiff=2.979798269780726e-5 hm1_norm_Δρ=5.881275680758056e-7  error_V_h1=5.43515513724987  α = 0.00366
 206   -21.48161337731      -12.60       -5.70    52.1s
    hm1_norm_ρdiff=2.9728377641524528e-5 hm1_norm_Δρ=4.20725568002896e-7  error_V_h1=5.435157144441541  α = 0.00435
 207   -21.48161337731      -12.80       -4.79    69.3s
    hm1_norm_ρdiff=2.8523858317524393e-5 hm1_norm_Δρ=4.2938257343639555e-6  error_V_h1=5.43515698676432  α = 0.000212
 208   -21.48161337731      -12.57       -5.46    56.6s
    hm1_norm_ρdiff=2.9766681989804805e-5 hm1_norm_Δρ=8.528937559608461e-7  error_V_h1=5.4351561534873545  α = 0.0013
 209   -21.48161337731      -12.17       -4.88    57.0s
    hm1_norm_ρdiff=2.921553267462171e-5 hm1_norm_Δρ=3.0446511829467046e-6  error_V_h1=5.435154011077291  α = 0.00139
 210   -21.48161337731      -13.17       -5.66    52.8s
    hm1_norm_ρdiff=2.980023362036098e-5 hm1_norm_Δρ=6.224297037850861e-7  error_V_h1=5.435151336683027  α = 0.00339
 211   -21.48161337731      -12.47       -5.06    57.3s
    hm1_norm_ρdiff=2.9198163148297908e-5 hm1_norm_Δρ=2.3207783887730796e-6  error_V_h1=5.435149579009936  α = 0.00127
 212   -21.48161337731      -12.21       -5.92    46.4s
    hm1_norm_ρdiff=2.96310546658465e-5 hm1_norm_Δρ=2.680040949449248e-7  error_V_h1=5.435147957562154  α = 0.00995
 213   -21.48161337731      -12.88       -5.44    50.8s
    hm1_norm_ρdiff=2.9797568916657524e-5 hm1_norm_Δρ=9.091714649409578e-7  error_V_h1=5.435145950589351  α = 0.00338
 214   -21.48161337731      -12.70       -5.25    56.5s
    hm1_norm_ρdiff=2.9382976433963575e-5 hm1_norm_Δρ=1.624426577637603e-6  error_V_h1=5.435146612670003  α = 0.00136
 215   -21.48161337731      -12.79       -5.29    55.9s
    hm1_norm_ρdiff=2.9960107807459213e-5 hm1_norm_Δρ=1.1399974221294244e-6  error_V_h1=5.43514485663252  α = 0.00147
 216   -21.48161337731      -13.13       -5.44    55.7s
    hm1_norm_ρdiff=2.949949535332213e-5 hm1_norm_Δρ=9.770616540470113e-7  error_V_h1=5.435144859734526  α = 0.0014
 217   -21.48161337731      -12.97       -5.80    44.3s
    hm1_norm_ρdiff=2.9752010407306956e-5 hm1_norm_Δρ=3.451772327306026e-7  error_V_h1=5.435141213064466  α = 0.00869
 218   -21.48161337731      -12.96       -5.40    53.8s
    hm1_norm_ρdiff=3.005330856606084e-5 hm1_norm_Δρ=1.0580496347332967e-6  error_V_h1=5.4351409842837075  α = 0.00151
 219   -21.48161337731      -12.31       -5.59    49.4s
    hm1_norm_ρdiff=2.96537444076685e-5 hm1_norm_Δρ=5.447705483177596e-7  error_V_h1=5.4351381825035965  α = 0.00425
 220   -21.48161337731      -12.42       -5.25    55.0s
    hm1_norm_ρdiff=2.994554743116902e-5 hm1_norm_Δρ=1.419472707028042e-6  error_V_h1=5.435137146984255  α = 0.00155
 221   -21.48161337731      -12.77       -5.14    55.6s
    hm1_norm_ρdiff=2.936282618689986e-5 hm1_norm_Δρ=2.197388838078221e-6  error_V_h1=5.4351384729528895  α = 0.00129
 222   -21.48161337731      -13.17       -5.26    55.4s
    hm1_norm_ρdiff=3.0091303242653024e-5 hm1_norm_Δρ=1.474098865513995e-6  error_V_h1=5.435139980453336  α = 0.00122
 223   -21.48161337731      -12.73       -5.64    50.3s
    hm1_norm_ρdiff=2.9838929628252488e-5 hm1_norm_Δρ=5.450406547061776e-7  error_V_h1=5.435139451588898  α = 0.00371
 224   -21.48161337731      -12.36       -5.33    55.7s
    hm1_norm_ρdiff=2.9541998927555196e-5 hm1_norm_Δρ=1.2326728308195296e-6  error_V_h1=5.435140004610619  α = 0.00159
 225   -21.48161337731      -12.63       -5.95    44.8s
    hm1_norm_ρdiff=2.9723324369684622e-5 hm1_norm_Δρ=2.4455643912599304e-7  error_V_h1=5.435136627192145  α = 0.00986
 226   -21.48161337731      -13.97       -4.96    64.2s
    hm1_norm_ρdiff=2.945741625582514e-5 hm1_norm_Δρ=2.355218120261334e-6  error_V_h1=5.4351362848246225  α = 0.000174
 227   -21.48161337731      -13.34       -5.49    59.6s
    hm1_norm_ρdiff=2.9594375504011526e-5 hm1_norm_Δρ=7.7471565602496e-7  error_V_h1=5.435136051838887  α = 0.000581
 228   -21.48161337731      -12.49       -5.30    55.3s
    hm1_norm_ρdiff=2.9429856534096415e-5 hm1_norm_Δρ=1.2645117452252606e-6  error_V_h1=5.435138017444758  α = 0.00154
 229   -21.48161337731      -13.55       -5.42    57.1s
    hm1_norm_ρdiff=2.940262008789949e-5 hm1_norm_Δρ=9.672233983066477e-7  error_V_h1=5.435137995741001  α = 0.00143
 230   -21.48161337731      -13.00       -5.85    51.2s
    hm1_norm_ρdiff=2.97967522900377e-5 hm1_norm_Δρ=3.710492306782467e-7  error_V_h1=5.435139436297537  α = 0.00376
 231   -21.48161337731      -13.75       -5.66    56.0s
    hm1_norm_ρdiff=2.9748290707794345e-5 hm1_norm_Δρ=5.587267858389618e-7  error_V_h1=5.435139540642025  α = 0.00126
 232   -21.48161337731      -12.53       -4.99    62.3s
    hm1_norm_ρdiff=3.079359214720466e-5 hm1_norm_Δρ=3.0093240254622385e-6  error_V_h1=5.435137683694674  α = 0.000577
 233   -21.48161337731      -12.79       -5.08    61.2s
    hm1_norm_ρdiff=2.9233839480231446e-5 hm1_norm_Δρ=2.602663100358888e-6  error_V_h1=5.43513683941944  α = 0.000547
 234   -21.48161337731      -12.50       -5.21    57.1s
    hm1_norm_ρdiff=2.9193840466412314e-5 hm1_norm_Δρ=1.8399370070983116e-6  error_V_h1=5.435137169436958  α = 0.00131
 235   -21.48161337731      -12.86       -5.86    52.3s
    hm1_norm_ρdiff=2.979842223254272e-5 hm1_norm_Δρ=3.432464827551651e-7  error_V_h1=5.435137425445737  α = 0.0031
 236   -21.48161337731      -12.55       -5.05    56.8s
    hm1_norm_ρdiff=2.9804305293581385e-5 hm1_norm_Δρ=1.9044391661363754e-6  error_V_h1=5.435141233043739  α = 0.00147
 237   -21.48161337731      -13.17       -6.05    52.0s
    hm1_norm_ρdiff=2.975557231836438e-5 hm1_norm_Δρ=2.1997047549253482e-7  error_V_h1=5.435141895690443  α = 0.00303
 238   -21.48161337731      -13.75       -5.03    66.1s
    hm1_norm_ρdiff=3.0182141617915586e-5 hm1_norm_Δρ=1.8713210114527817e-6  error_V_h1=5.435141819743573  α = 0.000123
 239   -21.48161337731      -13.85       -5.65    61.7s
    hm1_norm_ρdiff=2.971599790178476e-5 hm1_norm_Δρ=5.770695273833176e-7  error_V_h1=5.4351423193009385  α = 0.00046
 240   -21.48161337731      -14.15       -5.81    56.4s
    hm1_norm_ρdiff=2.9768518432319898e-5 hm1_norm_Δρ=4.489879279615889e-7  error_V_h1=5.4351433330607986  α = 0.00142
 241   -21.48161337731      -13.25       -5.06    61.7s
    hm1_norm_ρdiff=2.9451094199096684e-5 hm1_norm_Δρ=2.404975847088843e-6  error_V_h1=5.435143258715157  α = 0.000532
 242   -21.48161337731      -12.51       -5.41    57.1s
    hm1_norm_ρdiff=2.9650714536735934e-5 hm1_norm_Δρ=9.859568366976715e-7  error_V_h1=5.4351428487877  α = 0.00144
 243   -21.48161337731      -13.19       -5.89    56.7s
    hm1_norm_ρdiff=2.9589475699341904e-5 hm1_norm_Δρ=3.6871326865839333e-7  error_V_h1=5.435143359639453  α = 0.00169
 244   -21.48161337731      -13.30       -5.85    56.5s
    hm1_norm_ρdiff=2.9702975262799614e-5 hm1_norm_Δρ=3.573769766413056e-7  error_V_h1=5.435143173322874  α = 0.00162
 245   -21.48161337731      -13.17       -5.42    61.7s
    hm1_norm_ρdiff=2.983413010182617e-5 hm1_norm_Δρ=1.0392058652919512e-6  error_V_h1=5.435143541196347  α = 0.000518
 246   -21.48161337731      -14.45       -4.83    65.9s
    hm1_norm_ρdiff=2.862578176947147e-5 hm1_norm_Δρ=4.062598790222379e-6  error_V_h1=5.435144951578141  α = 0.000219
 247   -21.48161337731      -12.67       -5.74    51.0s
    hm1_norm_ρdiff=2.9692806864719742e-5 hm1_norm_Δρ=4.6113747574900827e-7  error_V_h1=5.435143861818853  α = 0.00347
 248   -21.48161337731      -13.37       -5.55    55.8s
    hm1_norm_ρdiff=2.9462978649303838e-5 hm1_norm_Δρ=7.526997808306858e-7  error_V_h1=5.435143606823643  α = 0.0014
 249   -21.48161337731      -12.91       -5.90    51.1s
    hm1_norm_ρdiff=2.973604235378594e-5 hm1_norm_Δρ=2.8033964974134873e-7  error_V_h1=5.435141817676632  α = 0.00408
 250   -21.48161337731      -12.97       -6.19    45.9s
    hm1_norm_ρdiff=2.971003029315743e-5 hm1_norm_Δρ=1.3028191668575066e-7  error_V_h1=5.4351393397837855  α = 0.00981
 251   -21.48161337731      -13.50       -5.58    61.8s
    hm1_norm_ρdiff=2.9498554560238657e-5 hm1_norm_Δρ=7.721063372135449e-7  error_V_h1=5.435138701950635  α = 0.000589
 252   -21.48161337731      -13.60       -5.89    55.6s
    hm1_norm_ρdiff=2.985742095420778e-5 hm1_norm_Δρ=4.414135310001298e-7  error_V_h1=5.4351388314921465  α = 0.00145
 253   -21.48161337731      -13.30       -5.65    56.5s
    hm1_norm_ρdiff=2.967426891900748e-5 hm1_norm_Δρ=5.94407309739831e-7  error_V_h1=5.435138490609701  α = 0.0014
 254   -21.48161337731      -13.55       -5.98    55.8s
    hm1_norm_ρdiff=2.963572887488174e-5 hm1_norm_Δρ=2.7193717473712323e-7  error_V_h1=5.435138470325609  α = 0.00163
 255   -21.48161337731      -13.85       -6.09    46.3s
    hm1_norm_ρdiff=2.9732032813004974e-5 hm1_norm_Δρ=1.7994577159850427e-7  error_V_h1=5.435137281871194  α = 0.00883
 256   -21.48161337731      -13.19       -5.61    56.2s
    hm1_norm_ρdiff=2.9567475861748006e-5 hm1_norm_Δρ=8.081090844599343e-7  error_V_h1=5.435136145705488  α = 0.00129
 257   -21.48161337731      -13.37       -5.90    51.1s
    hm1_norm_ρdiff=2.96756304802098e-5 hm1_norm_Δρ=3.005977294355819e-7  error_V_h1=5.435136051698899  α = 0.00393
 258   -21.48161337731      -12.74       -5.66    50.7s
    hm1_norm_ρdiff=2.9729431901887087e-5 hm1_norm_Δρ=4.5226272200863246e-7  error_V_h1=5.435133358345499  α = 0.00357
 259   -21.48161337731      -14.45       -5.67    56.6s
    hm1_norm_ρdiff=2.962775999245124e-5 hm1_norm_Δρ=4.518946497361552e-7  error_V_h1=5.435132861211657  α = 0.00155
 260   -21.48161337731      -13.60       -6.06    46.0s
    hm1_norm_ρdiff=2.963707630495359e-5 hm1_norm_Δρ=2.3037430053888225e-7  error_V_h1=5.43513488905693  α = 0.00846
 261   -21.48161337731      -12.88       -5.89    50.7s
    hm1_norm_ρdiff=2.9682154657818197e-5 hm1_norm_Δρ=2.8875071519263466e-7  error_V_h1=5.435135189107326  α = 0.00414
 262   -21.48161337731      -13.03       -5.66    55.3s
    hm1_norm_ρdiff=2.9635754717158787e-5 hm1_norm_Δρ=4.814278095572738e-7  error_V_h1=5.4351348935207335  α = 0.00148
 263   -21.48161337731      -12.97       -5.54    57.0s
    hm1_norm_ρdiff=3.0012717377492093e-5 hm1_norm_Δρ=8.048000423903894e-7  error_V_h1=5.435134849921582  α = 0.00146
 264   -21.48161337731      -13.13       -5.68    50.6s
    hm1_norm_ρdiff=2.9593794760354543e-5 hm1_norm_Δρ=4.470448639501546e-7  error_V_h1=5.435133937281221  α = 0.00363
 265   -21.48161337731      -13.60       -5.75    56.3s
    hm1_norm_ρdiff=2.979810103481065e-5 hm1_norm_Δρ=4.6169254122670626e-7  error_V_h1=5.435133207795813  α = 0.00153
 266   -21.48161337731      -13.03       -5.24    59.8s
    hm1_norm_ρdiff=2.926170830279665e-5 hm1_norm_Δρ=1.6027167632417255e-6  error_V_h1=5.435133459282809  α = 0.00053
 267   -21.48161337731      -13.34       -5.89    55.5s
    hm1_norm_ρdiff=2.9751907295332587e-5 hm1_norm_Δρ=3.930712649152398e-7  error_V_h1=5.435133772112183  α = 0.00156
 268   -21.48161337731      -13.55       -5.93    55.9s
    hm1_norm_ρdiff=2.964910063860617e-5 hm1_norm_Δρ=3.7803817303480803e-7  error_V_h1=5.435133591319173  α = 0.0016
 269   -21.48161337731      -13.22       -5.87    50.3s
    hm1_norm_ρdiff=2.9689919580322368e-5 hm1_norm_Δρ=2.512492136902223e-7  error_V_h1=5.435134739367891  α = 0.00411
 270   -21.48161337731      -13.27       -5.69    55.8s
    hm1_norm_ρdiff=2.9718454408477164e-5 hm1_norm_Δρ=4.917043994388136e-7  error_V_h1=5.435135293064602  α = 0.00159
 271   -21.48161337731      -13.15       -5.41    56.7s
    hm1_norm_ρdiff=3.0026714055186636e-5 hm1_norm_Δρ=1.1150519544086738e-6  error_V_h1=5.435134580926252  α = 0.00126
 272   -21.48161337731      -13.27       -6.00    51.8s
    hm1_norm_ρdiff=2.9696854107151576e-5 hm1_norm_Δρ=2.312992530137696e-7  error_V_h1=5.435134333143912  α = 0.00395
 273   -21.48161337732      -13.55       -6.14    51.2s
    hm1_norm_ρdiff=2.9680639450035444e-5 hm1_norm_Δρ=1.7406324195649347e-7  error_V_h1=5.435133986842676  α = 0.00376
 274   -21.48161337732   +    -Inf       -6.02     108s
    hm1_norm_ρdiff=2.959834430279475e-5 hm1_norm_Δρ=2.534111000458666e-7  error_V_h1=5.43513398684278  α = 8.9e-11
 275   -21.48161337732   +    -Inf       -2.74     127s
    hm1_norm_ρdiff=0.0004641679179679036 hm1_norm_Δρ=0.0004743906718211933  error_V_h1=5.43513398684282  α = 0.0
Trying again without preconditioner ...
n     Energy            log10(ΔE)   log10(Δρ)   Δtime
---   ---------------   ---------   ---------   ------
  1   -21.48161337732                   -4.51    76.7s
    hm1_norm_ρdiff=3.046588630089676e-5 hm1_norm_Δρ=8.959898680961699e-6  error_V_h1=5.435135610849043  α = 0.000156
  2   -21.48161337732      -13.03       -4.57    66.2s
    hm1_norm_ρdiff=3.0987351240776976e-5 hm1_norm_Δρ=6.954527548314731e-6  error_V_h1=5.435137457731441  α = 0.000161
  3   -21.48161337732      -13.30       -4.83    66.1s
    hm1_norm_ρdiff=2.8248754458129554e-5 hm1_norm_Δρ=3.620526816442187e-6  error_V_h1=5.4351376808478165  α = 0.000182
  4   -21.48161337732      -13.55       -4.66    66.5s
    hm1_norm_ρdiff=3.172469957324523e-5 hm1_norm_Δρ=5.31715171634744e-6  error_V_h1=5.43513768961686  α = 0.000152
  5   -21.48161337732      -13.34       -5.15    61.2s
    hm1_norm_ρdiff=3.0069873859137947e-5 hm1_norm_Δρ=1.5039015725295244e-6  error_V_h1=5.435137653133572  α = 0.000504
  6   -21.48161337732      -13.19       -5.00    60.7s
    hm1_norm_ρdiff=2.9408344619570135e-5 hm1_norm_Δρ=1.97724345939581e-6  error_V_h1=5.435139158669625  α = 0.000462
  7   -21.48161337732      -13.22       -5.04    61.1s
    hm1_norm_ρdiff=2.9692059183981984e-5 hm1_norm_Δρ=1.6571669511060897e-6  error_V_h1=5.435142239559229  α = 0.000492
  8   -21.48161337732      -14.45       -5.13    61.6s
    hm1_norm_ρdiff=2.979626436917059e-5 hm1_norm_Δρ=1.5124038729204705e-6  error_V_h1=5.43514390281684  α = 0.000458
  9   -21.48161337732      -14.15       -5.14    61.5s
    hm1_norm_ρdiff=2.9845461945850993e-5 hm1_norm_Δρ=1.5356384109834518e-6  error_V_h1=5.435144557475025  α = 0.000426
 10   -21.48161337732      -13.37       -5.33    61.1s
    hm1_norm_ρdiff=2.9627528918365573e-5 hm1_norm_Δρ=9.267289847354649e-7  error_V_h1=5.4351446675956865  α = 0.000513
 11   -21.48161337732      -13.60       -5.32    60.4s
    hm1_norm_ρdiff=2.97681837587613e-5 hm1_norm_Δρ=8.847109906788059e-7  error_V_h1=5.435144459414597  α = 0.000503
 12   -21.48161337732      -14.15       -4.58    71.4s
    hm1_norm_ρdiff=3.106868993143862e-5 hm1_norm_Δρ=7.486840286186335e-6  error_V_h1=5.435144001703436  α = 6.34e-5
 13   -21.48161337732      -13.45       -4.80    66.4s
    hm1_norm_ρdiff=2.964949053752759e-5 hm1_norm_Δρ=3.932546278546213e-6  error_V_h1=5.43514321962025  α = 0.000146
 14   -21.48161337732   +    -Inf       -5.42     129s
    hm1_norm_ρdiff=2.9993822304753636e-5 hm1_norm_Δρ=8.290019528789683e-7  error_V_h1=5.435143219632137  α = 3.69e-7
 15   -21.48161337732   +    -Inf       -4.65     249s
    hm1_norm_ρdiff=2.7820995337441334e-5 hm1_norm_Δρ=6.13431569713547e-6  error_V_h1=5.435143219632155  α = 2.12e-12

#-- |ρε - ρref| = 2.9691751798290885e-5 vs. 3.162277660168379e-9 = δ*ε  error_V_h1=5.435143219632155  Qε=0.9434254809519487


# --- ε=1.7782794100389227e-7

n     Energy            log10(ΔE)   log10(Δρ)   Δtime
---   ---------------   ---------   ---------   ------
  1   -21.48153819814                   -0.89    77.9s
    hm1_norm_ρdiff=0.08212354817162366 hm1_norm_Δρ=0.08211716909633507  error_V_h1=9.980069736375004  α = 0.000152
  2   -21.48153972105       -5.82       -1.79    60.6s
    hm1_norm_ρdiff=0.0068816620888339 hm1_norm_Δρ=0.006878413477826041  error_V_h1=9.909347585631377  α = 0.000509
  3   -21.48154016564       -6.35       -2.06    61.7s
    hm1_norm_ρdiff=0.0033209658642291795 hm1_norm_Δρ=0.003319050760905663  error_V_h1=9.887392957518104  α = 0.000527
  4   -21.48154057790       -6.38       -2.19    60.3s
    hm1_norm_ρdiff=0.002306888367285465 hm1_norm_Δρ=0.002305027090554928  error_V_h1=9.866085945995207  α = 0.000566
  5   -21.48154079897       -6.66       -2.77    51.1s
    hm1_norm_ρdiff=0.0004267905201799637 hm1_norm_Δρ=0.0004255438709382562  error_V_h1=9.851740272550952  α = 0.00386
  6   -21.48154083465       -7.45       -2.95    51.2s
    hm1_norm_ρdiff=0.000325320710606148 hm1_norm_Δρ=0.0003245274123423021  error_V_h1=9.848702486908113  α = 0.00349
  7   -21.48154088348       -7.31       -2.80    55.9s
    hm1_norm_ρdiff=0.00043162656039192053 hm1_norm_Δρ=0.00043088820480570206  error_V_h1=9.846482249223234  α = 0.00148
  8   -21.48154089291       -8.03       -3.21    45.5s
    hm1_norm_ρdiff=0.0001399436256729779 hm1_norm_Δρ=0.00013876252972623915  error_V_h1=9.846523818357769  α = 0.00912
  9   -21.48154100574       -6.95       -3.17    50.6s
    hm1_norm_ρdiff=0.0001565770691166115 hm1_norm_Δρ=0.00015556819025793546  error_V_h1=9.841024466533574  α = 0.00434
 10   -21.48154114065       -6.87       -3.16    50.8s
    hm1_norm_ρdiff=0.0001709126577322681 hm1_norm_Δρ=0.00017040530608392876  error_V_h1=9.834811853093164  α = 0.00439
 11   -21.48154130859       -6.77       -3.08    46.4s
    hm1_norm_ρdiff=0.00018088177600730787 hm1_norm_Δρ=0.0001820600131892744  error_V_h1=9.824263568048833  α = 0.00959
 12   -21.48154390857       -5.59       -1.10    65.9s
    hm1_norm_ρdiff=0.036193654215300866 hm1_norm_Δρ=0.03620541575954646  error_V_h1=9.708202855166853  α = 0.000154
 13   -21.48154398367       -7.12       -2.28    59.7s
    hm1_norm_ρdiff=0.002180720813891172 hm1_norm_Δρ=0.0021850466884398762  error_V_h1=9.705477941162913  α = 0.000471
 14   -21.48154398992       -8.20       -2.60    60.7s
    hm1_norm_ρdiff=0.0009587929208217729 hm1_norm_Δρ=0.0009608724854231852  error_V_h1=9.705652553294723  α = 0.000449
 15   -21.48154402682       -7.43       -3.86    40.0s
    hm1_norm_ρdiff=3.90072296506484e-5 hm1_norm_Δρ=2.7646597244524933e-5  error_V_h1=9.701427360583603  α = 0.0228
 16   -21.48154405558       -7.54       -2.92    50.9s
    hm1_norm_ρdiff=0.0003032976914223272 hm1_norm_Δρ=0.00030385790969619596  error_V_h1=9.701713885017972  α = 0.00345
 17   -21.48154411598       -7.22       -2.74    55.4s
    hm1_norm_ρdiff=0.0004966951122297754 hm1_norm_Δρ=0.0004965402830377528  error_V_h1=9.700019183687619  α = 0.00145
 18   -21.48154412564       -8.02       -3.08    55.2s
    hm1_norm_ρdiff=0.00023318943655315297 hm1_norm_Δρ=0.00023185103067804448  error_V_h1=9.699492611194087  α = 0.00142
 19   -21.48154418044       -7.26       -2.87    49.9s
    hm1_norm_ρdiff=0.0003009343325261498 hm1_norm_Δρ=0.000299918522881919  error_V_h1=9.695770099820665  α = 0.00367
 20   -21.48154418612       -8.25       -3.63    45.3s
    hm1_norm_ρdiff=6.618010397595907e-5 hm1_norm_Δρ=6.0033089679161184e-5  error_V_h1=9.693980742115999  α = 0.00912
 21   -21.48154422848       -7.37       -3.37    45.0s
    hm1_norm_ρdiff=0.00010035721619679652 hm1_norm_Δρ=9.487933154204144e-5  error_V_h1=9.688954282035048  α = 0.00965
 22   -21.48154438225       -6.81       -2.62    55.5s
    hm1_norm_ρdiff=0.0005364883502695328 hm1_norm_Δρ=0.0005327135693792932  error_V_h1=9.680963087516957  α = 0.0016
 23   -21.48154485131       -6.33       -1.49    66.5s
    hm1_norm_ρdiff=0.013876997652766046 hm1_norm_Δρ=0.01386844954025804  error_V_h1=9.662972170132285  α = 0.000159
 24   -21.48154487126       -7.70       -2.64    61.5s
    hm1_norm_ρdiff=0.0009338296879810802 hm1_norm_Δρ=0.0009293649513765135  error_V_h1=9.661877742561716  α = 0.00049
 25   -21.48154487799       -8.17       -2.78    61.1s
    hm1_norm_ρdiff=0.0005985277481361086 hm1_norm_Δρ=0.0005959123373188126  error_V_h1=9.661261950502404  α = 0.000481
 26   -21.48154489592       -7.75       -3.25    50.1s
    hm1_norm_ρdiff=0.0001238050503007508 hm1_norm_Δρ=0.00012373661792812988  error_V_h1=9.661380713552841  α = 0.0038
 27   -21.48154492966       -7.47       -2.80    56.2s
    hm1_norm_ρdiff=0.00045924227407578583 hm1_norm_Δρ=0.0004573698300572876  error_V_h1=9.658140029195218  α = 0.00137
 28   -21.48154494162       -7.92       -3.15    56.6s
    hm1_norm_ρdiff=0.00018633353889408095 hm1_norm_Δρ=0.00018468048983522636  error_V_h1=9.657321769303813  α = 0.00152
 29   -21.48154494415       -8.60       -3.19    56.3s
    hm1_norm_ρdiff=0.00018552290289337574 hm1_norm_Δρ=0.00018425875829022824  error_V_h1=9.657315191364367  α = 0.00128
 30   -21.48154498247       -7.42       -2.97    56.4s
    hm1_norm_ρdiff=0.0002775454384345816 hm1_norm_Δρ=0.0002769742957947342  error_V_h1=9.65630683426204  α = 0.0016
 31   -21.48154499990       -7.76       -2.99    55.3s
    hm1_norm_ρdiff=0.0002610427943857722 hm1_norm_Δρ=0.0002613907499926014  error_V_h1=9.656363066953347  α = 0.00146
 32   -21.48154502203       -7.65       -2.85    55.0s
    hm1_norm_ρdiff=0.00035155918263411555 hm1_norm_Δρ=0.00035326760909556196  error_V_h1=9.655994340548164  α = 0.0014
 33   -21.48154502858       -8.18       -3.59    49.9s
    hm1_norm_ρdiff=5.1621386070578555e-5 hm1_norm_Δρ=4.706394735595418e-5  error_V_h1=9.65651717293766  α = 0.00427
 34   -21.48154509052       -7.21       -1.92    65.2s
    hm1_norm_ρdiff=0.005695054080183122 hm1_norm_Δρ=0.005704859923812368  error_V_h1=9.652704216051964  α = 0.000154
 35   -21.48154509591       -8.27       -3.00    59.9s
    hm1_norm_ρdiff=0.0003583851271971254 hm1_norm_Δρ=0.00036184916092675914  error_V_h1=9.652532875997974  α = 0.000529
 36   -21.48154509894       -8.52       -3.07    60.7s
    hm1_norm_ρdiff=0.00027890473926042464 hm1_norm_Δρ=0.00027932569838770083  error_V_h1=9.652486219529033  α = 0.000521
 37   -21.48154510656       -8.12       -3.39    56.4s
    hm1_norm_ρdiff=0.0001214430220681529 hm1_norm_Δρ=0.000115822157796495  error_V_h1=9.651891627118617  α = 0.0015
 38   -21.48154511314       -8.18       -3.18    55.9s
    hm1_norm_ρdiff=0.00020004698213214607 hm1_norm_Δρ=0.00020008751605916358  error_V_h1=9.652255909666767  α = 0.00138
 39   -21.48154511625       -8.51       -3.38    55.0s
    hm1_norm_ρdiff=0.00011043097877234319 hm1_norm_Δρ=0.00010744010937321044  error_V_h1=9.652059563301409  α = 0.00147
 40   -21.48154511859       -8.63       -3.28    61.0s
    hm1_norm_ρdiff=0.000173025895445159 hm1_norm_Δρ=0.00017093828619357682  error_V_h1=9.651845711723867  α = 0.000568
 41   -21.48154511960       -9.00       -3.96    50.7s
    hm1_norm_ρdiff=3.546156584159233e-5 hm1_norm_Δρ=2.4944303010045996e-5  error_V_h1=9.651586759159988  α = 0.004
 42   -21.48154512163       -8.69       -3.46    55.7s
    hm1_norm_ρdiff=9.938914873309932e-5 hm1_norm_Δρ=9.50476178934029e-5  error_V_h1=9.651252620513048  α = 0.00144
 43   -21.48154512517       -8.45       -3.24    56.1s
    hm1_norm_ρdiff=0.00015110655086592154 hm1_norm_Δρ=0.0001468362785612811  error_V_h1=9.650943405953447  α = 0.00139
 44   -21.48154512679       -8.79       -4.34    45.3s
    hm1_norm_ρdiff=2.661144671437866e-5 hm1_norm_Δρ=8.61590210964065e-6  error_V_h1=9.650428382426485  α = 0.0106
 45   -21.48154513935       -7.90       -2.25    64.8s
    hm1_norm_ρdiff=0.002552063699007848 hm1_norm_Δρ=0.002542725550878454  error_V_h1=9.650386401477192  α = 0.000155
 46   -21.48154513970       -9.45       -3.65    61.0s
    hm1_norm_ρdiff=8.927638169904888e-5 hm1_norm_Δρ=8.158394659696112e-5  error_V_h1=9.650327420396676  α = 0.000552
 47   -21.48154514009       -9.41       -3.65    61.0s
    hm1_norm_ρdiff=7.706391224951184e-5 hm1_norm_Δρ=7.172002650905816e-5  error_V_h1=9.65025352702501  α = 0.000568
 48   -21.48154514205       -8.71       -3.95    50.4s
    hm1_norm_ρdiff=3.1842003324703513e-5 hm1_norm_Δρ=2.27405171365508e-5  error_V_h1=9.649853280708113  α = 0.00433
 49   -21.48154514420       -8.67       -3.51    56.4s
    hm1_norm_ρdiff=9.581022189176823e-5 hm1_norm_Δρ=9.11276138711136e-5  error_V_h1=9.649416116576829  α = 0.00146
 50   -21.48154514572       -8.82       -3.53    56.7s
    hm1_norm_ρdiff=7.654058673998872e-5 hm1_norm_Δρ=7.14303389969549e-5  error_V_h1=9.649135223091939  α = 0.00148
 51   -21.48154514682       -8.96       -3.87    51.6s
    hm1_norm_ρdiff=3.58643331402199e-5 hm1_norm_Δρ=2.6711926102970287e-5  error_V_h1=9.648856583774593  α = 0.00398
 52   -21.48154514743       -9.21       -4.05    50.3s
    hm1_norm_ρdiff=3.34084489748584e-5 hm1_norm_Δρ=2.30138802884674e-5  error_V_h1=9.648832019908708  α = 0.00389
 53   -21.48154514796       -9.28       -3.82    55.8s
    hm1_norm_ρdiff=4.7678591631104e-5 hm1_norm_Δρ=4.2312657675940994e-5  error_V_h1=9.648845253540339  α = 0.00149
 54   -21.48154514867       -9.15       -3.59    56.0s
    hm1_norm_ρdiff=7.113822389432996e-5 hm1_norm_Δρ=6.98359902967163e-5  error_V_h1=9.64891664369926  α = 0.00137
 55   -21.48154514904       -9.43       -4.19    50.9s
    hm1_norm_ρdiff=2.9650878293368558e-5 hm1_norm_Δρ=1.6828402811813885e-5  error_V_h1=9.648727179267924  α = 0.00393
 56   -21.48154515161       -8.59       -2.65    65.9s
    hm1_norm_ρdiff=0.0011593002125680836 hm1_norm_Δρ=0.0011685475584294527  error_V_h1=9.648560686778875  α = 0.000154
 57   -21.48154515247       -9.06       -3.80    50.4s
    hm1_norm_ρdiff=3.835334394746303e-5 hm1_norm_Δρ=2.9733126587494842e-5  error_V_h1=9.647963357677506  α = 0.0037
 58   -21.48154515269       -9.66       -3.76    60.4s
    hm1_norm_ρdiff=6.470289311989986e-5 hm1_norm_Δρ=5.7656772173479195e-5  error_V_h1=9.647891711276195  α = 0.000556
 59   -21.48154515362       -9.03       -3.87    50.8s
    hm1_norm_ρdiff=3.76039211235717e-5 hm1_norm_Δρ=2.6222218834902877e-5  error_V_h1=9.647349971268742  α = 0.00384
 60   -21.48154515424       -9.20       -3.93    55.8s
    hm1_norm_ρdiff=3.542318637332819e-5 hm1_norm_Δρ=2.9824063975189574e-5  error_V_h1=9.647244113786876  α = 0.00163
 61   -21.48154515471       -9.34       -4.00    50.4s
    hm1_norm_ρdiff=3.539432994070094e-5 hm1_norm_Δρ=2.4972480687988986e-5  error_V_h1=9.647085755298324  α = 0.00367
 62   -21.48154515504       -9.47       -3.93    56.5s
    hm1_norm_ρdiff=4.313886589674882e-5 hm1_norm_Δρ=3.3523083689234807e-5  error_V_h1=9.647085662056156  α = 0.00148
 63   -21.48154515558       -9.27       -3.86    54.7s
    hm1_norm_ρdiff=4.173157158358703e-5 hm1_norm_Δρ=3.2674289912857094e-5  error_V_h1=9.646928804639106  α = 0.00159
 64   -21.48154515584       -9.59       -4.07    55.0s
    hm1_norm_ρdiff=3.289672878266152e-5 hm1_norm_Δρ=2.1185263432590552e-5  error_V_h1=9.646917264841907  α = 0.00162
 65   -21.48154515610       -9.59       -3.87    54.0s
    hm1_norm_ρdiff=4.853939741766379e-5 hm1_norm_Δρ=3.925281820049306e-5  error_V_h1=9.646878635581933  α = 0.00138
 66   -21.48154515632       -9.65       -3.91    54.4s
    hm1_norm_ρdiff=3.769672412980219e-5 hm1_norm_Δρ=2.9193637424249654e-5  error_V_h1=9.64698772742247  α = 0.00147
 67   -21.48154515672       -9.40       -3.05    64.3s
    hm1_norm_ρdiff=0.0004716586762784241 hm1_norm_Δρ=0.0004618557823547135  error_V_h1=9.647029304710962  α = 0.000155
 68   -21.48154515738       -9.18       -3.64    55.0s
    hm1_norm_ρdiff=5.0557005079617185e-5 hm1_norm_Δρ=4.468215763424152e-5  error_V_h1=9.647185907186136  α = 0.00149
 69   -21.48154515747      -10.04       -4.55    49.9s
    hm1_norm_ρdiff=2.5241678160030652e-5 hm1_norm_Δρ=7.291599751288782e-6  error_V_h1=9.647180120551553  α = 0.00403
 70   -21.48154515769       -9.65       -3.64    60.9s
    hm1_norm_ρdiff=7.48807925478691e-5 hm1_norm_Δρ=7.029263958769206e-5  error_V_h1=9.64719407278806  α = 0.000533
 71   -21.48154515795       -9.59       -4.01    55.6s
    hm1_norm_ρdiff=3.0535091534494724e-5 hm1_norm_Δρ=2.3337658368805986e-5  error_V_h1=9.647259434073996  α = 0.00158
 72   -21.48154515806       -9.95       -3.98    50.5s
    hm1_norm_ρdiff=3.5021225240856574e-5 hm1_norm_Δρ=2.428574868944764e-5  error_V_h1=9.647258676225972  α = 0.0034
 73   -21.48154515814      -10.13       -4.18    55.7s
    hm1_norm_ρdiff=2.875878473458108e-5 hm1_norm_Δρ=1.751793813824111e-5  error_V_h1=9.647221821513794  α = 0.00144
 74   -21.48154515825       -9.96       -4.19    55.7s
    hm1_norm_ρdiff=2.8071160944404718e-5 hm1_norm_Δρ=1.3922528628092251e-5  error_V_h1=9.647228969093492  α = 0.00162
 75   -21.48154515840       -9.81       -4.62    46.3s
    hm1_norm_ρdiff=2.5071118852426467e-5 hm1_norm_Δρ=5.003392550663828e-6  error_V_h1=9.647076291406917  α = 0.00982
 76   -21.48154515856       -9.81       -4.08    55.3s
    hm1_norm_ρdiff=3.294643122573512e-5 hm1_norm_Δρ=2.426051341627554e-5  error_V_h1=9.647035444716117  α = 0.00147
 77   -21.48154515873       -9.77       -4.18    55.7s
    hm1_norm_ρdiff=3.0589430219890333e-5 hm1_norm_Δρ=1.6323200559321903e-5  error_V_h1=9.646898933258367  α = 0.00162
 78   -21.48154515885       -9.92       -3.35    66.0s
    hm1_norm_ρdiff=0.0002265072212851689 hm1_norm_Δρ=0.00023451762697481834  error_V_h1=9.646855772604281  α = 0.000158
 79   -21.48154515909       -9.62       -4.03    55.7s
    hm1_norm_ρdiff=3.540462642659684e-5 hm1_norm_Δρ=2.3269358669055333e-5  error_V_h1=9.646683143743804  α = 0.00153
 80   -21.48154515919      -10.02       -3.92    55.9s
    hm1_norm_ρdiff=4.078236508404495e-5 hm1_norm_Δρ=3.107273455848514e-5  error_V_h1=9.64657026253732  α = 0.0013
 81   -21.48154515923      -10.35       -4.03    54.5s
    hm1_norm_ρdiff=3.3650976079345325e-5 hm1_norm_Δρ=2.4711171368864795e-5  error_V_h1=9.646491744231353  α = 0.00125
 82   -21.48154515936       -9.91       -4.13    55.2s
    hm1_norm_ρdiff=3.0832040600024745e-5 hm1_norm_Δρ=1.7632853271721325e-5  error_V_h1=9.646386067309201  α = 0.00154
 83   -21.48154515974       -9.42       -3.98    54.9s
    hm1_norm_ρdiff=3.5850614301814865e-5 hm1_norm_Δρ=2.800990255302564e-5  error_V_h1=9.64634363377651  α = 0.00157
 84   -21.48154515981      -10.16       -4.10    56.6s
    hm1_norm_ρdiff=3.337817636055664e-5 hm1_norm_Δρ=1.8787953650882866e-5  error_V_h1=9.646321925410847  α = 0.00141
 85   -21.48154515988      -10.10       -4.27    56.6s
    hm1_norm_ρdiff=2.7574646252627988e-5 hm1_norm_Δρ=1.254742380474927e-5  error_V_h1=9.646252995136614  α = 0.00159
 86   -21.48154516007       -9.73       -4.25    50.5s
    hm1_norm_ρdiff=2.7376881756039694e-5 hm1_norm_Δρ=1.2649706663880234e-5  error_V_h1=9.646253073927904  α = 0.00386
 87   -21.48154516016      -10.08       -4.26    55.7s
    hm1_norm_ρdiff=2.9176935686192372e-5 hm1_norm_Δρ=1.3984661178549787e-5  error_V_h1=9.646227529500898  α = 0.00156
 88   -21.48154516021      -10.24       -4.40    55.8s
    hm1_norm_ρdiff=2.5283204099562963e-5 hm1_norm_Δρ=9.463211542980831e-6  error_V_h1=9.646208654951257  α = 0.00163
 89   -21.48154516022      -11.01       -4.15    64.1s
    hm1_norm_ρdiff=4.9633383924201184e-5 hm1_norm_Δρ=3.523809725460767e-5  error_V_h1=9.646208180213529  α = 0.000188
 90   -21.48154516025      -10.55       -4.16    54.6s
    hm1_norm_ρdiff=3.0344655447998133e-5 hm1_norm_Δρ=2.04994327026626e-5  error_V_h1=9.646157611581486  α = 0.00126
 91   -21.48154516027      -10.73       -4.00    55.2s
    hm1_norm_ρdiff=3.654468381600976e-5 hm1_norm_Δρ=2.835099667863337e-5  error_V_h1=9.646144365602124  α = 0.00118
 92   -21.48154516035      -10.11       -3.76    61.8s
    hm1_norm_ρdiff=5.355361762777858e-5 hm1_norm_Δρ=4.593805426874225e-5  error_V_h1=9.64617406959137  α = 0.00051
 93   -21.48154516039      -10.39       -4.45    56.4s
    hm1_norm_ρdiff=2.5773793816104916e-5 hm1_norm_Δρ=8.65764737139899e-6  error_V_h1=9.646172959665527  α = 0.0016
 94   -21.48154516046      -10.13       -4.70    49.5s
    hm1_norm_ρdiff=2.5180505063992236e-5 hm1_norm_Δρ=4.41915679736874e-6  error_V_h1=9.646147720042597  α = 0.00432
 95   -21.48154516049      -10.58       -4.12    55.5s
    hm1_norm_ρdiff=2.915037165859591e-5 hm1_norm_Δρ=2.0650413184945155e-5  error_V_h1=9.646178679280782  α = 0.00124
 96   -21.48154516051      -10.66       -4.52    51.5s
    hm1_norm_ρdiff=2.606056474252129e-5 hm1_norm_Δρ=7.1748118853765935e-6  error_V_h1=9.646193109389168  α = 0.00352
 97   -21.48154516064       -9.89       -4.25    55.9s
    hm1_norm_ρdiff=2.8678726786420948e-5 hm1_norm_Δρ=1.3410739348026494e-5  error_V_h1=9.646120099482658  α = 0.00164
 98   -21.48154516068      -10.36       -4.58    50.8s
    hm1_norm_ρdiff=2.498881440562287e-5 hm1_norm_Δρ=6.509002287600399e-6  error_V_h1=9.646132895871459  α = 0.00382
 99   -21.48154516069      -11.04       -4.53    50.6s
    hm1_norm_ρdiff=2.6540859670471416e-5 hm1_norm_Δρ=7.662883787014623e-6  error_V_h1=9.646141837394138  α = 0.00335
 100   -21.48154516071      -10.82       -3.85    65.5s
    hm1_norm_ρdiff=6.355975458612386e-5 hm1_norm_Δρ=6.81069552915355e-5  error_V_h1=9.64614269897713  α = 0.00017
 101   -21.48154516072      -10.82       -4.09    55.5s
    hm1_norm_ρdiff=3.712176158502273e-5 hm1_norm_Δρ=2.571811549010844e-5  error_V_h1=9.646172345510731  α = 0.00118
 102   -21.48154516079      -10.17       -3.96    60.7s
    hm1_norm_ρdiff=4.030368971112806e-5 hm1_norm_Δρ=3.066955284004993e-5  error_V_h1=9.64615724927431  α = 0.000565
 103   -21.48154516081      -10.71       -4.25    60.1s
    hm1_norm_ρdiff=2.8305920243884046e-5 hm1_norm_Δρ=1.6136036726916605e-5  error_V_h1=9.646150028652437  α = 0.000561
 104   -21.48154516082      -10.92       -4.52    50.2s
    hm1_norm_ρdiff=2.5845735000956623e-5 hm1_norm_Δρ=7.269698219020474e-6  error_V_h1=9.646165322089644  α = 0.00346
 105   -21.48154516087      -10.30       -4.55    50.8s
    hm1_norm_ρdiff=2.53685826143688e-5 hm1_norm_Δρ=6.426742069100342e-6  error_V_h1=9.64613382778068  α = 0.00381
 106   -21.48154516088      -11.15       -4.10    55.9s
    hm1_norm_ρdiff=3.79150702977809e-5 hm1_norm_Δρ=2.4516518125085727e-5  error_V_h1=9.646083500584314  α = 0.00116
 107   -21.48154516093      -10.25       -4.20    55.3s
    hm1_norm_ρdiff=2.8430779509981764e-5 hm1_norm_Δρ=1.6854950082393497e-5  error_V_h1=9.646074289289132  α = 0.00141
 108   -21.48154516096      -10.58       -4.98    45.2s
    hm1_norm_ρdiff=2.4641530934309813e-5 hm1_norm_Δρ=2.276515108039653e-6  error_V_h1=9.646076067908501  α = 0.00967
 109   -21.48154516100      -10.44       -4.52    55.2s
    hm1_norm_ρdiff=2.672159691774608e-5 hm1_norm_Δρ=8.706515718053395e-6  error_V_h1=9.646053585094158  α = 0.00159
 110   -21.48154516104      -10.37       -4.07    55.7s
    hm1_norm_ρdiff=3.0975527273278994e-5 hm1_norm_Δρ=2.263532225753553e-5  error_V_h1=9.646044853128924  α = 0.00128
 111   -21.48154516104      -11.31       -4.15    65.2s
    hm1_norm_ρdiff=3.094860792084123e-5 hm1_norm_Δρ=2.892982143743205e-5  error_V_h1=9.646044921917987  α = 0.000187
 112   -21.48154516110      -10.29       -4.08    61.1s
    hm1_norm_ρdiff=3.411225418902497e-5 hm1_norm_Δρ=2.643944351402658e-5  error_V_h1=9.646035108482847  α = 0.000564
 113   -21.48154516113      -10.53       -4.71    50.0s
    hm1_norm_ρdiff=2.519409440330929e-5 hm1_norm_Δρ=4.318063330808807e-6  error_V_h1=9.646056771473251  α = 0.00386
 114   -21.48154516113      -11.09       -4.45    61.5s
    hm1_norm_ρdiff=2.8589610783152483e-5 hm1_norm_Δρ=1.2138425333659684e-5  error_V_h1=9.646056866678366  α = 0.000543
 115   -21.48154516119      -10.27       -4.18    55.8s
    hm1_norm_ρdiff=2.808003100198368e-5 hm1_norm_Δρ=1.5474720588994447e-5  error_V_h1=9.646045673474834  α = 0.00143
 116   -21.48154516121      -10.57       -4.49    50.9s
    hm1_norm_ρdiff=2.5449837410130164e-5 hm1_norm_Δρ=7.5201874275370645e-6  error_V_h1=9.646105289240444  α = 0.00357
 117   -21.48154516126      -10.30       -4.07    61.7s
    hm1_norm_ρdiff=3.379542609744049e-5 hm1_norm_Δρ=2.8405160101172723e-5  error_V_h1=9.646125768878212  α = 0.000547
 118   -21.48154516129      -10.67       -4.44    54.9s
    hm1_norm_ρdiff=2.7325953070126807e-5 hm1_norm_Δρ=9.873086859681635e-6  error_V_h1=9.646134906200665  α = 0.00142
 119   -21.48154516130      -10.90       -4.63    49.6s
    hm1_norm_ρdiff=2.4802299233014625e-5 hm1_norm_Δρ=5.688348949034926e-6  error_V_h1=9.646151498546963  α = 0.00354
 120   -21.48154516136      -10.22       -5.16    45.0s
    hm1_norm_ρdiff=2.456056543498814e-5 hm1_norm_Δρ=1.4150047693402996e-6  error_V_h1=9.646191474907518  α = 0.0106
 121   -21.48154516139      -10.53       -4.26    56.0s
    hm1_norm_ρdiff=3.155369603373853e-5 hm1_norm_Δρ=1.601258635726949e-5  error_V_h1=9.646198569573233  α = 0.00132
 122   -21.48154516140      -11.06       -3.96    66.2s
    hm1_norm_ρdiff=3.6084346511958716e-5 hm1_norm_Δρ=3.4649391765266474e-5  error_V_h1=9.646209189646816  α = 0.0002
 123   -21.48154516141      -10.96       -4.46    55.5s
    hm1_norm_ρdiff=2.7795367750865263e-5 hm1_norm_Δρ=1.0411036632603832e-5  error_V_h1=9.6462369005952  α = 0.0013
 124   -21.48154516143      -10.58       -4.37    55.7s
    hm1_norm_ρdiff=2.5860373790264626e-5 hm1_norm_Δρ=1.08733549928926e-5  error_V_h1=9.646235456593486  α = 0.00142
 125   -21.48154516145      -10.99       -4.79    56.1s
    hm1_norm_ρdiff=2.4570836317374193e-5 hm1_norm_Δρ=5.3975651441837574e-6  error_V_h1=9.646246246435087  α = 0.00152
 126   -21.48154516148      -10.43       -4.15    55.7s
    hm1_norm_ρdiff=3.144066637143982e-5 hm1_norm_Δρ=1.65367833437656e-5  error_V_h1=9.646299175943868  α = 0.00134
 127   -21.48154516154      -10.27       -4.33    55.8s
    hm1_norm_ρdiff=2.7411799201568943e-5 hm1_norm_Δρ=1.1347253318760882e-5  error_V_h1=9.646292406495743  α = 0.00155
 128   -21.48154516154      -11.18       -4.89    50.8s
    hm1_norm_ρdiff=2.5065781411768443e-5 hm1_norm_Δρ=3.281812001283435e-6  error_V_h1=9.64629977148518  α = 0.00361
 129   -21.48154516155      -10.90       -4.33    56.1s
    hm1_norm_ρdiff=2.5174824430666784e-5 hm1_norm_Δρ=1.2130697891407817e-5  error_V_h1=9.6463251481875  α = 0.00125
 130   -21.48154516158      -10.67       -4.51    56.1s
    hm1_norm_ρdiff=2.6240656476661215e-5 hm1_norm_Δρ=8.129110480735674e-6  error_V_h1=9.646325420522302  α = 0.00151
 131   -21.48154516159      -10.95       -5.02    50.7s
    hm1_norm_ρdiff=2.4385525349225935e-5 hm1_norm_Δρ=1.93576565561915e-6  error_V_h1=9.64632147374277  α = 0.00408
 132   -21.48154516160      -10.78       -4.27    60.0s
    hm1_norm_ρdiff=2.6687636674636105e-5 hm1_norm_Δρ=1.6390145818456855e-5  error_V_h1=9.646320872861516  α = 0.000548
 133   -21.48154516161      -11.78       -4.68    59.6s
    hm1_norm_ρdiff=2.614602143365935e-5 hm1_norm_Δρ=5.454716984228813e-6  error_V_h1=9.646317590185017  α = 0.000568
 134   -21.48154516162      -10.92       -4.21    60.0s
    hm1_norm_ρdiff=2.9116828420788213e-5 hm1_norm_Δρ=2.021549536062027e-5  error_V_h1=9.646310252237534  α = 0.000497
 135   -21.48154516162      -11.17       -4.71    55.0s
    hm1_norm_ρdiff=2.5586953941685957e-5 hm1_norm_Δρ=5.375552979983878e-6  error_V_h1=9.646314994388451  α = 0.00143
 136   -21.48154516163      -11.61       -4.65    60.5s
    hm1_norm_ρdiff=2.623160376973656e-5 hm1_norm_Δρ=7.486951772069145e-6  error_V_h1=9.646311078527363  α = 0.000527
 137   -21.48154516165      -10.67       -4.13    61.3s
    hm1_norm_ρdiff=2.798063810787547e-5 hm1_norm_Δρ=1.8380967819312607e-5  error_V_h1=9.646296182263203  α = 0.000548
 138   -21.48154516165      -11.83       -4.97    51.3s
    hm1_norm_ρdiff=2.454112134987985e-5 hm1_norm_Δρ=2.537598920408873e-6  error_V_h1=9.64629805406313  α = 0.00341
 139   -21.48154516165      -11.41       -4.49    56.1s
    hm1_norm_ρdiff=2.5050053163574314e-5 hm1_norm_Δρ=8.088672239776519e-6  error_V_h1=9.646291264048253  α = 0.00123
 140   -21.48154516166      -10.94       -4.36    60.7s
    hm1_norm_ρdiff=2.9262039696393273e-5 hm1_norm_Δρ=1.1659177446614209e-5  error_V_h1=9.646280458093518  α = 0.00056
 141   -21.48154516167      -11.48       -4.96    55.0s
    hm1_norm_ρdiff=2.4527599527935334e-5 hm1_norm_Δρ=2.81171538386877e-6  error_V_h1=9.646277964128315  α = 0.00156
 142   -21.48154516167      -11.70       -4.96    54.4s
    hm1_norm_ρdiff=2.4912186232458635e-5 hm1_norm_Δρ=2.416903468449932e-6  error_V_h1=9.646277668231821  α = 0.00143
 143   -21.48154516167      -11.74       -5.35    50.3s
    hm1_norm_ρdiff=2.431892414876016e-5 hm1_norm_Δρ=1.0970607278978295e-6  error_V_h1=9.64627659270366  α = 0.00399
 144   -21.48154516168      -11.43       -4.84    54.7s
    hm1_norm_ρdiff=2.50769893670171e-5 hm1_norm_Δρ=2.612364820004558e-6  error_V_h1=9.646269379088373  α = 0.00163
 145   -21.48154516168      -11.41       -4.64    55.8s
    hm1_norm_ρdiff=2.4669076712764183e-5 hm1_norm_Δρ=4.968584024663281e-6  error_V_h1=9.646266724449548  α = 0.00139
 146   -21.48154516168      -11.63       -4.91    56.3s
    hm1_norm_ρdiff=2.5474884678035355e-5 hm1_norm_Δρ=4.248078871516912e-6  error_V_h1=9.646272465484316  α = 0.00133
 147   -21.48154516169      -11.46       -4.83    56.7s
    hm1_norm_ρdiff=2.4667807439200177e-5 hm1_norm_Δρ=4.433746311700395e-6  error_V_h1=9.64627030416244  α = 0.0014
 148   -21.48154516169      -11.67       -4.76    61.3s
    hm1_norm_ρdiff=2.419515980776794e-5 hm1_norm_Δρ=6.495979095494845e-6  error_V_h1=9.646272390281464  α = 0.000534
 149   -21.48154516170      -10.90       -4.83    51.0s
    hm1_norm_ρdiff=2.4879193490748218e-5 hm1_norm_Δρ=3.122981350089473e-6  error_V_h1=9.64628678150911  α = 0.00388
 150   -21.48154516171      -11.31       -4.45    56.5s
    hm1_norm_ρdiff=2.7078250631552537e-5 hm1_norm_Δρ=8.809936756369043e-6  error_V_h1=9.646307547437193  α = 0.00124
 151   -21.48154516171      -11.33       -4.92    55.6s
    hm1_norm_ρdiff=2.4085412627794028e-5 hm1_norm_Δρ=3.1314638743566877e-6  error_V_h1=9.64631748166417  α = 0.00158
 152   -21.48154516172      -11.12       -4.83    55.7s
    hm1_norm_ρdiff=2.5357898176821832e-5 hm1_norm_Δρ=3.823739617452807e-6  error_V_h1=9.6463250155354  α = 0.00155
 153   -21.48154516172      -11.68       -4.46    55.1s
    hm1_norm_ρdiff=2.4744578227387e-5 hm1_norm_Δρ=7.517912791688582e-6  error_V_h1=9.646323939121865  α = 0.0012
 154   -21.48154516173      -11.21       -4.70    54.5s
    hm1_norm_ρdiff=2.586103184188932e-5 hm1_norm_Δρ=4.948606623948319e-6  error_V_h1=9.646327698884345  α = 0.00142
 155   -21.48154516173      -11.17       -4.30    60.3s
    hm1_norm_ρdiff=2.529882882701247e-5 hm1_norm_Δρ=9.717616849730454e-6  error_V_h1=9.646340178649394  α = 0.000584
 156   -21.48154516173      -11.67       -4.61    55.9s
    hm1_norm_ρdiff=2.567598229982036e-5 hm1_norm_Δρ=6.257653627662931e-6  error_V_h1=9.646338630515384  α = 0.00124
 157   -21.48154516174      -11.42       -4.49    61.3s
    hm1_norm_ρdiff=2.5417636101912562e-5 hm1_norm_Δρ=1.1200017779425023e-5  error_V_h1=9.646334891055949  α = 0.000501
 158   -21.48154516174      -11.98       -5.21    50.7s
    hm1_norm_ρdiff=2.4700997235900876e-5 hm1_norm_Δρ=1.7532648936376553e-6  error_V_h1=9.646331903910562  α = 0.00352
 159   -21.48154516174      -11.57       -4.63    60.4s
    hm1_norm_ρdiff=2.748805933114627e-5 hm1_norm_Δρ=8.331518213949674e-6  error_V_h1=9.646329973146837  α = 0.00053
 160   -21.48154516176      -10.80       -4.60    55.3s
    hm1_norm_ρdiff=2.4886850305378678e-5 hm1_norm_Δρ=5.029020474401669e-6  error_V_h1=9.646325266286748  α = 0.00162
 161   -21.48154516177      -10.95       -4.33    60.1s
    hm1_norm_ρdiff=2.637488270971106e-5 hm1_norm_Δρ=1.2469532632202892e-5  error_V_h1=9.646315263083947  α = 0.000565
 162   -21.48154516177      -11.57       -5.18    50.1s
    hm1_norm_ρdiff=2.4754671319828785e-5 hm1_norm_Δρ=1.6085643976059693e-6  error_V_h1=9.646309849843249  α = 0.00389
 163   -21.48154516177      -11.58       -4.58    60.7s
    hm1_norm_ρdiff=2.4051745425838894e-5 hm1_norm_Δρ=7.673741539631397e-6  error_V_h1=9.646310047008592  α = 0.000541
 164   -21.48154516178      -11.72       -4.55    60.3s
    hm1_norm_ρdiff=2.6135088824839597e-5 hm1_norm_Δρ=6.891588134968042e-6  error_V_h1=9.646313747427138  α = 0.000517
 165   -21.48154516178      -11.20       -4.29    60.1s
    hm1_norm_ρdiff=2.5399712085084676e-5 hm1_norm_Δρ=1.2728017401787525e-5  error_V_h1=9.646312953110668  α = 0.000525
 166   -21.48154516179      -11.38       -5.38    50.3s
    hm1_norm_ρdiff=2.46187609774566e-5 hm1_norm_Δρ=1.0381072668354677e-6  error_V_h1=9.64631656089406  α = 0.00402
 167   -21.48154516179      -11.25       -4.42    60.0s
    hm1_norm_ρdiff=2.5782559025628304e-5 hm1_norm_Δρ=9.003444008647284e-6  error_V_h1=9.646324528119347  α = 0.000574
 168   -21.48154516179      -11.74       -5.18    50.1s
    hm1_norm_ρdiff=2.4622495696846674e-5 hm1_norm_Δρ=1.483800478844612e-6  error_V_h1=9.646327261415525  α = 0.00384
 169   -21.48154516180      -11.44       -4.39    59.8s
    hm1_norm_ρdiff=2.6338849194628917e-5 hm1_norm_Δρ=1.3279047814635653e-5  error_V_h1=9.646328570062796  α = 0.000496
 170   -21.48154516180      -11.55       -4.92    54.7s
    hm1_norm_ρdiff=2.503584650746114e-5 hm1_norm_Δρ=3.375644603669183e-6  error_V_h1=9.646336829772636  α = 0.00146
 171   -21.48154516180      -12.03       -4.81    58.7s
    hm1_norm_ρdiff=2.4056462921754703e-5 hm1_norm_Δρ=4.788670535549222e-6  error_V_h1=9.646339312265557  α = 0.00053
 172   -21.48154516180      -12.17       -5.01    50.1s
    hm1_norm_ρdiff=2.486891985781265e-5 hm1_norm_Δρ=1.9035568175773652e-6  error_V_h1=9.646344415617568  α = 0.00367
 173   -21.48154516180      -11.60       -4.72    55.9s
    hm1_norm_ρdiff=2.419769476818504e-5 hm1_norm_Δρ=5.330648956191179e-6  error_V_h1=9.646349416906565  α = 0.0013
 174   -21.48154516181      -11.86       -5.00    56.4s
    hm1_norm_ρdiff=2.459745400819286e-5 hm1_norm_Δρ=2.577941481965094e-6  error_V_h1=9.646353396546854  α = 0.00145
 175   -21.48154516181      -12.18       -4.45    61.5s
    hm1_norm_ρdiff=2.4732336697515446e-5 hm1_norm_Δρ=9.968533313863539e-6  error_V_h1=9.646351698231168  α = 0.000431
 176   -21.48154516181      -11.98       -5.18    54.9s
    hm1_norm_ρdiff=2.4646732797682595e-5 hm1_norm_Δρ=1.928819744710328e-6  error_V_h1=9.64635056778779  α = 0.00149
 177   -21.48154516181      -11.73       -5.04    56.0s
    hm1_norm_ρdiff=2.4115560675224556e-5 hm1_norm_Δρ=2.490384078577421e-6  error_V_h1=9.646348168784964  α = 0.0015
 178   -21.48154516181      -11.51       -4.72    55.0s
    hm1_norm_ρdiff=2.524641309307218e-5 hm1_norm_Δρ=3.536592312661131e-6  error_V_h1=9.646334854545549  α = 0.00145
 179   -21.48154516181      -11.69       -4.88    55.8s
    hm1_norm_ρdiff=2.4380631120253054e-5 hm1_norm_Δρ=3.269337438422253e-6  error_V_h1=9.646333994592066  α = 0.0014
 180   -21.48154516182      -12.27       -4.94    60.6s
    hm1_norm_ρdiff=2.4969029609615874e-5 hm1_norm_Δρ=3.3855611058247726e-6  error_V_h1=9.646333411726568  α = 0.000546
 181   -21.48154516182      -11.95       -4.91    61.3s
    hm1_norm_ρdiff=2.4419590993041317e-5 hm1_norm_Δρ=3.952803966602901e-6  error_V_h1=9.64633010084314  α = 0.000556
 182   -21.48154516182      -12.45       -4.91    60.3s
    hm1_norm_ρdiff=2.5475936430126918e-5 hm1_norm_Δρ=4.028414958370065e-6  error_V_h1=9.646327865083707  α = 0.00049
 183   -21.48154516182      -11.54       -4.75    56.9s
    hm1_norm_ρdiff=2.3872297807451054e-5 hm1_norm_Δρ=3.7449296568836624e-6  error_V_h1=9.646322889200807  α = 0.00141
 184   -21.48154516182      -11.63       -4.71    61.2s
    hm1_norm_ρdiff=2.5804004228971085e-5 hm1_norm_Δρ=5.298896885443734e-6  error_V_h1=9.646320004050805  α = 0.000572
 185   -21.48154516182      -12.00       -5.07    56.0s
    hm1_norm_ρdiff=2.4587517077906886e-5 hm1_norm_Δρ=2.234972756163531e-6  error_V_h1=9.646315018090155  α = 0.00143
 186   -21.48154516182      -12.33       -4.44    61.0s
    hm1_norm_ρdiff=2.7751279298841337e-5 hm1_norm_Δρ=9.941374437707474e-6  error_V_h1=9.646316469544606  α = 0.000429
 187   -21.48154516182      -12.15       -5.39    56.7s
    hm1_norm_ρdiff=2.443640628056102e-5 hm1_norm_Δρ=1.2136877999736902e-6  error_V_h1=9.646315879938243  α = 0.00159
 188   -21.48154516182      -12.18       -4.93    56.1s
    hm1_norm_ρdiff=2.5287166490582453e-5 hm1_norm_Δρ=3.252674209668215e-6  error_V_h1=9.646315486119583  α = 0.00125
 189   -21.48154516183      -11.79       -4.80    56.1s
    hm1_norm_ρdiff=2.433292311298401e-5 hm1_norm_Δρ=2.97373011405167e-6  error_V_h1=9.646321565190238  α = 0.00144
 190   -21.48154516183      -12.13       -4.98    55.4s
    hm1_norm_ρdiff=2.500180373623145e-5 hm1_norm_Δρ=2.8989370163292395e-6  error_V_h1=9.646320677266095  α = 0.00128
 191   -21.48154516183      -11.45       -5.78    45.9s
    hm1_norm_ρdiff=2.450255988548049e-5 hm1_norm_Δρ=3.638900530654488e-7  error_V_h1=9.646313391763021  α = 0.0104
 192   -21.48154516183      -11.47       -4.65    55.2s
    hm1_norm_ρdiff=2.5887066728706912e-5 hm1_norm_Δρ=5.128966937249133e-6  error_V_h1=9.646299618193272  α = 0.00128
 193   -21.48154516184      -11.87       -4.68    61.6s
    hm1_norm_ρdiff=2.4746998875322828e-5 hm1_norm_Δρ=5.914672841721223e-6  error_V_h1=9.646293395311279  α = 0.000522
 194   -21.48154516184      -12.14       -4.61    60.5s
    hm1_norm_ρdiff=2.6827651684501633e-5 hm1_norm_Δρ=6.366050396001592e-6  error_V_h1=9.646283681268727  α = 0.000535
 195   -21.48154516184      -12.39       -4.78    61.2s
    hm1_norm_ρdiff=2.394189370828644e-5 hm1_norm_Δρ=4.039671553950272e-6  error_V_h1=9.646280375497575  α = 0.000555
 196   -21.48154516184      -12.19       -5.29    55.3s
    hm1_norm_ρdiff=2.4570327396038736e-5 hm1_norm_Δρ=1.1981169220142634e-6  error_V_h1=9.646280388206193  α = 0.00144
 197   -21.48154516184      -11.61       -4.21    66.6s
    hm1_norm_ρdiff=2.7925896266096917e-5 hm1_norm_Δρ=1.5930031315687678e-5  error_V_h1=9.646276248697712  α = 0.000198
 198   -21.48154516184      -12.60       -5.10    60.3s
    hm1_norm_ρdiff=2.4613642375478192e-5 hm1_norm_Δρ=2.337100665623374e-6  error_V_h1=9.646275954409845  α = 0.000535
 199   -21.48154516184      -11.58       -4.49    61.1s
    hm1_norm_ρdiff=2.4737042512492523e-5 hm1_norm_Δρ=8.29792147328761e-6  error_V_h1=9.646271748832838  α = 0.000561
 200   -21.48154516184      -12.01       -5.24    56.1s
    hm1_norm_ρdiff=2.460615939262178e-5 hm1_norm_Δρ=1.1954642308313972e-6  error_V_h1=9.64627426044211  α = 0.00142
 201   -21.48154516185      -11.72       -4.50    59.3s
    hm1_norm_ρdiff=2.497951690410113e-5 hm1_norm_Δρ=7.879144313682595e-6  error_V_h1=9.646274136709891  α = 0.000543
 202   -21.48154516185      -12.50       -5.39    54.6s
    hm1_norm_ρdiff=2.465695004098438e-5 hm1_norm_Δρ=1.0397385310944055e-6  error_V_h1=9.646269067539674  α = 0.00147
 203   -21.48154516185      -11.44       -4.17    60.2s
    hm1_norm_ρdiff=2.7755964580245312e-5 hm1_norm_Δρ=1.8481331754461374e-5  error_V_h1=9.646275775183632  α = 0.000432
 204   -21.48154516185      -12.07       -4.80    59.8s
    hm1_norm_ρdiff=2.529514111046259e-5 hm1_norm_Δρ=4.92790260942847e-6  error_V_h1=9.646278657446288  α = 0.000506
 205   -21.48154516185      -12.16       -4.77    58.7s
    hm1_norm_ρdiff=2.3655121607883197e-5 hm1_norm_Δρ=4.112724726433447e-6  error_V_h1=9.646282224837467  α = 0.000519
 206   -21.48154516185      -12.17       -5.33    54.5s
    hm1_norm_ρdiff=2.4718860310058266e-5 hm1_norm_Δρ=1.0305495681566032e-6  error_V_h1=9.646282172730624  α = 0.00164
 207   -21.48154516185      -12.07       -4.90    54.2s
    hm1_norm_ρdiff=2.451959943702865e-5 hm1_norm_Δρ=2.971134222771041e-6  error_V_h1=9.646275578668403  α = 0.00128
 208   -21.48154516186      -11.52       -5.49    49.5s
    hm1_norm_ρdiff=2.4521039506292126e-5 hm1_norm_Δρ=7.45216073117793e-7  error_V_h1=9.646270183304246  α = 0.0035
 209   -21.48154516186      -11.61       -4.90    53.7s
    hm1_norm_ρdiff=2.5022255938431498e-5 hm1_norm_Δρ=2.9920836369732214e-6  error_V_h1=9.646268475285343  α = 0.0013
 210   -21.48154516186      -11.83       -4.93    53.0s
    hm1_norm_ρdiff=2.478277546776905e-5 hm1_norm_Δρ=2.8977448957792976e-6  error_V_h1=9.64626468632936  α = 0.00138
 211   -21.48154516186      -11.85       -5.15    52.7s
    hm1_norm_ρdiff=2.451833391427379e-5 hm1_norm_Δρ=1.4127488457324678e-6  error_V_h1=9.64625579385824  α = 0.00166
 212   -21.48154516186      -12.15       -4.92    52.9s
    hm1_norm_ρdiff=2.4846747235791034e-5 hm1_norm_Δρ=2.5857057865346587e-6  error_V_h1=9.646260321244101  α = 0.00132
 213   -21.48154516186      -12.11       -5.13    52.9s
    hm1_norm_ρdiff=2.4243970516614663e-5 hm1_norm_Δρ=1.7335546859923786e-6  error_V_h1=9.646266347848808  α = 0.00144
 214   -21.48154516186      -12.23       -4.63    58.7s
    hm1_norm_ρdiff=2.5813559701588734e-5 hm1_norm_Δρ=5.735944036768121e-6  error_V_h1=9.646267981215033  α = 0.00047
 215   -21.48154516186      -12.59       -5.12    58.3s
    hm1_norm_ρdiff=2.4794951538454855e-5 hm1_norm_Δρ=2.2390367047883715e-6  error_V_h1=9.646267354525822  α = 0.000564
 216   -21.48154516186      -12.40       -5.13    53.2s
    hm1_norm_ρdiff=2.4071216749880472e-5 hm1_norm_Δρ=1.710691664845414e-6  error_V_h1=9.6462668890509  α = 0.00128
 217   -21.48154516186      -12.31       -5.31    53.6s
    hm1_norm_ρdiff=2.477695496809297e-5 hm1_norm_Δρ=1.2151704806407454e-6  error_V_h1=9.646263702747063  α = 0.0015
 218   -21.48154516187      -12.07       -5.40    49.5s
    hm1_norm_ρdiff=2.4461388074743017e-5 hm1_norm_Δρ=8.560513467159132e-7  error_V_h1=9.64625351857473  α = 0.00395
 219   -21.48154516187      -12.50       -5.14    53.5s
    hm1_norm_ρdiff=2.473612579438218e-5 hm1_norm_Δρ=1.7848214904260917e-6  error_V_h1=9.6462524530929  α = 0.00135
 220   -21.48154516187      -12.41       -4.64    58.0s
    hm1_norm_ρdiff=2.449774016087187e-5 hm1_norm_Δρ=5.7085631559708236e-6  error_V_h1=9.646247785866597  α = 0.000452
 221   -21.48154516187      -12.26       -4.96    53.3s
    hm1_norm_ρdiff=2.444201687747265e-5 hm1_norm_Δρ=2.7682255470189694e-6  error_V_h1=9.646249207972447  α = 0.00123
 222   -21.48154516187      -12.36       -5.74    43.8s
    hm1_norm_ρdiff=2.451227892808021e-5 hm1_norm_Δρ=3.8410246522469836e-7  error_V_h1=9.64624917593917  α = 0.00882
 223   -21.48154516187      -12.13       -5.23    55.3s
    hm1_norm_ρdiff=2.4486847232518333e-5 hm1_norm_Δρ=1.3982404909954066e-6  error_V_h1=9.64624565821504  α = 0.00161
 224   -21.48154516187      -12.92       -5.31    55.6s
    hm1_norm_ρdiff=2.479527814072517e-5 hm1_norm_Δρ=1.3840634999883905e-6  error_V_h1=9.646240584483094  α = 0.00134
 225   -21.48154516187      -13.50       -4.68    59.8s
    hm1_norm_ρdiff=2.4992181869725982e-5 hm1_norm_Δρ=4.693951878278928e-6  error_V_h1=9.646238030858788  α = 0.000517
 226   -21.48154516187      -13.30       -5.24    59.7s
    hm1_norm_ρdiff=2.484238385800651e-5 hm1_norm_Δρ=1.3748671911707206e-6  error_V_h1=9.64623650826647  α = 0.000495
 227   -21.48154516187      -14.45       -5.21    65.4s
    hm1_norm_ρdiff=2.4435418763763187e-5 hm1_norm_Δρ=1.6057427414179664e-6  error_V_h1=9.646235911662913  α = 0.000145
 228   -21.48154516187      -12.56       -5.17    61.1s
    hm1_norm_ρdiff=2.4117452007339326e-5 hm1_norm_Δρ=1.8314751346678433e-6  error_V_h1=9.64623687331883  α = 0.000574
 229   -21.48154516187      -12.38       -5.14    53.0s
    hm1_norm_ρdiff=2.4937782760679284e-5 hm1_norm_Δρ=1.8454441256416294e-6  error_V_h1=9.646237559785785  α = 0.00142
 230   -21.48154516187      -11.99       -4.58    59.3s
    hm1_norm_ρdiff=2.4698496964211478e-5 hm1_norm_Δρ=6.1061854238229936e-6  error_V_h1=9.646236156627847  α = 0.000524
 231   -21.48154516187      -13.50       -5.20    59.3s
    hm1_norm_ρdiff=2.446418672169109e-5 hm1_norm_Δρ=1.6430558280359015e-6  error_V_h1=9.646234450318586  α = 0.000562
 232   -21.48154516187      -12.07       -5.22    54.6s
    hm1_norm_ρdiff=2.4497848407514265e-5 hm1_norm_Δρ=1.3096506994245104e-6  error_V_h1=9.646238067126763  α = 0.00157
 233   -21.48154516187      -11.70       -4.63    57.8s
    hm1_norm_ρdiff=2.4630626648738057e-5 hm1_norm_Δρ=6.232642357311027e-6  error_V_h1=9.646233783357783  α = 0.000518
 234   -21.48154516187      -12.42       -5.67    49.1s
    hm1_norm_ρdiff=2.450795005227605e-5 hm1_norm_Δρ=4.925760342404277e-7  error_V_h1=9.646233243247377  α = 0.00401
 235   -21.48154516187      -12.48       -4.98    59.8s
    hm1_norm_ρdiff=2.4194715258806016e-5 hm1_norm_Δρ=2.9676568201890108e-6  error_V_h1=9.646235465653385  α = 0.00052
 236   -21.48154516187      -12.35       -5.25    55.0s
    hm1_norm_ρdiff=2.4416426084476354e-5 hm1_norm_Δρ=1.3053832844804224e-6  error_V_h1=9.64623622624173  α = 0.00144
 237   -21.48154516187      -12.97       -5.39    60.1s
    hm1_norm_ρdiff=2.4187395436892928e-5 hm1_norm_Δρ=1.130340035696272e-6  error_V_h1=9.646236828316649  α = 0.000515
 238   -21.48154516187      -12.64       -5.66    49.9s
    hm1_norm_ρdiff=2.4559838347008245e-5 hm1_norm_Δρ=5.137771057534622e-7  error_V_h1=9.646236304400958  α = 0.00374
 239   -21.48154516187      -12.25       -5.18    55.4s
    hm1_norm_ρdiff=2.4631806647778502e-5 hm1_norm_Δρ=1.5224915147595331e-6  error_V_h1=9.646231928571552  α = 0.00127
 240   -21.48154516187      -12.51       -5.12    60.1s
    hm1_norm_ρdiff=2.4051055943412657e-5 hm1_norm_Δρ=2.0033694025764304e-6  error_V_h1=9.646232447470505  α = 0.000573
 241   -21.48154516188      -12.39       -4.99    57.8s
    hm1_norm_ρdiff=2.4764166892318693e-5 hm1_norm_Δρ=2.1373354199374e-6  error_V_h1=9.646233229540258  α = 0.000588
 242   -21.48154516188      -12.65       -5.57    53.2s
    hm1_norm_ρdiff=2.452878048833481e-5 hm1_norm_Δρ=6.147815414872883e-7  error_V_h1=9.64623475102477  α = 0.0016
 243   -21.48154516188      -12.88       -5.22    53.3s
    hm1_norm_ρdiff=2.466340212659616e-5 hm1_norm_Δρ=1.2689604338634652e-6  error_V_h1=9.646233440393468  α = 0.00138
 244   -21.48154516188      -12.92       -5.58    52.8s
    hm1_norm_ρdiff=2.447209645941214e-5 hm1_norm_Δρ=6.648846446557001e-7  error_V_h1=9.646231365889385  α = 0.00161
 245   -21.48154516188      -12.73       -5.40    52.8s
    hm1_norm_ρdiff=2.447347271248513e-5 hm1_norm_Δρ=9.963051056630655e-7  error_V_h1=9.646233400306764  α = 0.00143
 246   -21.48154516188      -13.05       -5.43    57.5s
    hm1_norm_ρdiff=2.4487751571573197e-5 hm1_norm_Δρ=8.754211576647971e-7  error_V_h1=9.646232908505617  α = 0.000547
 247   -21.48154516188      -13.15       -5.53    53.8s
    hm1_norm_ρdiff=2.462330995224152e-5 hm1_norm_Δρ=8.434515638937184e-7  error_V_h1=9.646231082134294  α = 0.00138
 248   -21.48154516188      -12.92       -4.88    60.0s
    hm1_norm_ρdiff=2.3805134729304654e-5 hm1_norm_Δρ=3.7515433460448062e-6  error_V_h1=9.646231668047342  α = 0.000431
 249   -21.48154516188      -12.68       -5.28    54.2s
    hm1_norm_ρdiff=2.430577361373656e-5 hm1_norm_Δρ=1.2394457494481691e-6  error_V_h1=9.64623225457978  α = 0.00133
 250   -21.48154516188      -12.45       -5.00    59.9s
    hm1_norm_ρdiff=2.4425875583796565e-5 hm1_norm_Δρ=2.666564368095358e-6  error_V_h1=9.646234034349957  α = 0.000502
 251   -21.48154516188      -13.00       -5.60    50.4s
    hm1_norm_ρdiff=2.4617276246379106e-5 hm1_norm_Δρ=5.855987070895686e-7  error_V_h1=9.646234781206374  α = 0.00338
 252   -21.48154516188      -12.74       -5.11    59.8s
    hm1_norm_ρdiff=2.4386400509492866e-5 hm1_norm_Δρ=1.6250284115219586e-6  error_V_h1=9.646234583794255  α = 0.000557
 253   -21.48154516188      -12.47       -5.84    43.7s
    hm1_norm_ρdiff=2.4484648332603727e-5 hm1_norm_Δρ=2.781982396102563e-7  error_V_h1=9.646236656035247  α = 0.00959
 254   -21.48154516188      -12.81       -5.53    48.2s
    hm1_norm_ρdiff=2.4432845689023227e-5 hm1_norm_Δρ=7.10685589552939e-7  error_V_h1=9.646235850139657  α = 0.00341
 255   -21.48154516188      -12.84       -5.42    53.3s
    hm1_norm_ρdiff=2.444468617306896e-5 hm1_norm_Δρ=8.729781174939028e-7  error_V_h1=9.646235757145417  α = 0.00135
 256   -21.48154516188      -12.54       -5.52    53.4s
    hm1_norm_ρdiff=2.4560014979477113e-5 hm1_norm_Δρ=6.787705026253822e-7  error_V_h1=9.646236068672502  α = 0.00161
 257   -21.48154516188      -12.41       -5.62    48.2s
    hm1_norm_ρdiff=2.4455387440612164e-5 hm1_norm_Δρ=4.6391074745938984e-7  error_V_h1=9.646240777692723  α = 0.00404
 258   -21.48154516188      -12.68       -4.98    57.9s
    hm1_norm_ρdiff=2.4262417326031387e-5 hm1_norm_Δρ=3.062057785437332e-6  error_V_h1=9.64624115449883  α = 0.000501
 259   -21.48154516188      -13.11       -5.06    57.4s
    hm1_norm_ρdiff=2.5131698941465774e-5 hm1_norm_Δρ=2.2784487504910967e-6  error_V_h1=9.646241070778913  α = 0.00045
 260   -21.48154516188      -13.50       -5.48    53.6s
    hm1_norm_ρdiff=2.4671993476463962e-5 hm1_norm_Δρ=8.569674072611899e-7  error_V_h1=9.646240456835864  α = 0.00134
 261   -21.48154516188      -13.97       -5.29    53.9s
    hm1_norm_ρdiff=2.4468988765254128e-5 hm1_norm_Δρ=1.2078631526409645e-6  error_V_h1=9.646242468837661  α = 0.00123
 262   -21.48154516188      -12.34       -4.98    58.7s
    hm1_norm_ρdiff=2.4045882519036525e-5 hm1_norm_Δρ=2.4512796121475047e-6  error_V_h1=9.64624196655318  α = 0.000563
 263   -21.48154516188      -12.69       -5.42    54.4s
    hm1_norm_ρdiff=2.4634804032528692e-5 hm1_norm_Δρ=8.923074316378585e-7  error_V_h1=9.646243268699415  α = 0.00136
 264   -21.48154516188      -12.62       -5.39    49.7s
    hm1_norm_ρdiff=2.4460452618947967e-5 hm1_norm_Δρ=8.105003761845876e-7  error_V_h1=9.646242662214668  α = 0.0035
 265   -21.48154516188      -12.45       -5.42    54.6s
    hm1_norm_ρdiff=2.4602161789319263e-5 hm1_norm_Δρ=1.0504108363338863e-6  error_V_h1=9.646243142612963  α = 0.00149
 266   -21.48154516188      -14.15       -5.50    54.6s
    hm1_norm_ρdiff=2.4544830117947486e-5 hm1_norm_Δρ=8.522454525054592e-7  error_V_h1=9.646243353977503  α = 0.00118
 267   -21.48154516188      -12.75       -5.71    50.0s
    hm1_norm_ρdiff=2.443461016923091e-5 hm1_norm_Δρ=3.756494332010742e-7  error_V_h1=9.646245743255168  α = 0.00394
 268   -21.48154516188      -12.46       -5.43    54.8s
    hm1_norm_ρdiff=2.4578413577585052e-5 hm1_norm_Δρ=7.88104109421335e-7  error_V_h1=9.646244791158574  α = 0.00162
 269   -21.48154516188      -13.02       -5.51    55.2s
    hm1_norm_ρdiff=2.4550585915536256e-5 hm1_norm_Δρ=7.958645459178364e-7  error_V_h1=9.646245917860734  α = 0.00137
 270   -21.48154516188      -13.30       -4.86    59.8s
    hm1_norm_ρdiff=2.415666406080542e-5 hm1_norm_Δρ=3.0263476028408626e-6  error_V_h1=9.64624660618001  α = 0.000464
 271   -21.48154516188      -12.76       -5.19    59.1s
    hm1_norm_ρdiff=2.416920435842569e-5 hm1_norm_Δρ=1.736095616358737e-6  error_V_h1=9.646247648872002  α = 0.000546
 272   -21.48154516188      -12.97       -5.24    57.8s
    hm1_norm_ρdiff=2.453399171736437e-5 hm1_norm_Δρ=1.3298800125641787e-6  error_V_h1=9.646246969015365  α = 0.000527
 273   -21.48154516188      -13.02       -5.56    52.6s
    hm1_norm_ρdiff=2.4494002241658966e-5 hm1_norm_Δρ=5.577236367445302e-7  error_V_h1=9.646247955122197  α = 0.00149
 274   -21.48154516188      -13.22       -5.35    57.9s
    hm1_norm_ρdiff=2.4165797144549645e-5 hm1_norm_Δρ=1.3395607091784643e-6  error_V_h1=9.646247519181262  α = 0.000492
 275   -21.48154516188      -12.44       -5.32    52.9s
    hm1_norm_ρdiff=2.4650266133856146e-5 hm1_norm_Δρ=9.47899681522048e-7  error_V_h1=9.646248260315524  α = 0.00153
 276   -21.48154516188      -12.94       -5.44    53.5s
    hm1_norm_ρdiff=2.4343786183955208e-5 hm1_norm_Δρ=9.240954591216735e-7  error_V_h1=9.646247161770388  α = 0.00129
 277   -21.48154516188      -12.88       -5.11    59.5s
    hm1_norm_ρdiff=2.44554052002441e-5 hm1_norm_Δρ=2.294102098266651e-6  error_V_h1=9.646247275254238  α = 0.000481
 278   -21.48154516188      -13.15       -5.64    55.2s
    hm1_norm_ρdiff=2.4540229045068447e-5 hm1_norm_Δρ=4.836608269811296e-7  error_V_h1=9.646246317963177  α = 0.00153
 279   -21.48154516188      -13.11       -5.92    50.0s
    hm1_norm_ρdiff=2.4473517203932152e-5 hm1_norm_Δρ=2.518626486537232e-7  error_V_h1=9.646246568831575  α = 0.00389
 280   -21.48154516188      -12.96       -5.23    59.7s
    hm1_norm_ρdiff=2.447656028141063e-5 hm1_norm_Δρ=1.5605778157211594e-6  error_V_h1=9.646246261142851  α = 0.000555
 281   -21.48154516188      -12.96       -5.21    59.8s
    hm1_norm_ρdiff=2.4604551221930595e-5 hm1_norm_Δρ=1.2470273715060604e-6  error_V_h1=9.646245793450895  α = 0.000547
 282   -21.48154516188      -12.99       -5.85    49.1s
    hm1_norm_ρdiff=2.4534701855352942e-5 hm1_norm_Δρ=3.012238672636989e-7  error_V_h1=9.646243680224222  α = 0.00377
 283   -21.48154516188      -13.34       -5.54    60.1s
    hm1_norm_ρdiff=2.445137594854894e-5 hm1_norm_Δρ=6.538579990734821e-7  error_V_h1=9.646244072941341  α = 0.000565
 284   -21.48154516188      -12.59       -5.75    49.7s
    hm1_norm_ρdiff=2.4466963586025772e-5 hm1_norm_Δρ=3.07857773403115e-7  error_V_h1=9.646245140376555  α = 0.00419
 285   -21.48154516188      -13.85       -5.38    59.8s
    hm1_norm_ρdiff=2.4370816468207603e-5 hm1_norm_Δρ=1.2253540788993762e-6  error_V_h1=9.646245138846783  α = 0.000499
 286   -21.48154516188      -13.13       -5.96    49.6s
    hm1_norm_ρdiff=2.4452538088600352e-5 hm1_norm_Δρ=2.3339960196917348e-7  error_V_h1=9.646243364958028  α = 0.00393
 287   -21.48154516188      -13.97       -5.19    59.8s
    hm1_norm_ρdiff=2.5417037440170478e-5 hm1_norm_Δρ=2.2845516044056495e-6  error_V_h1=9.646243843657324  α = 0.000395
 288   -21.48154516188      -13.07       -5.91    55.3s
    hm1_norm_ρdiff=2.448258420151466e-5 hm1_norm_Δρ=3.8990455891333824e-7  error_V_h1=9.646244017347735  α = 0.00149
 289   -21.48154516188      -13.34       -5.42    60.2s
    hm1_norm_ρdiff=2.4393029946389415e-5 hm1_norm_Δρ=9.702855340393475e-7  error_V_h1=9.646245038179277  α = 0.000579
 290   -21.48154516188      -12.97       -5.65    55.3s
    hm1_norm_ρdiff=2.4500095538785558e-5 hm1_norm_Δρ=4.954888731664501e-7  error_V_h1=9.646245342733154  α = 0.00159
 291   -21.48154516188      -13.07       -5.80    55.1s
    hm1_norm_ρdiff=2.4464781281996087e-5 hm1_norm_Δρ=3.7073957986775503e-7  error_V_h1=9.646245997842534  α = 0.0014
 292   -21.48154516188      -13.34       -5.97    54.9s
    hm1_norm_ρdiff=2.4488763936237443e-5 hm1_norm_Δρ=2.85526327153588e-7  error_V_h1=9.646246202625244  α = 0.00166
 293   -21.48154516188      -13.15       -5.63    55.4s
    hm1_norm_ρdiff=2.4414047807415487e-5 hm1_norm_Δρ=4.825886022474449e-7  error_V_h1=9.646248130602306  α = 0.0016
 294   -21.48154516188      -12.69       -5.80    50.2s
    hm1_norm_ρdiff=2.4511739569576038e-5 hm1_norm_Δρ=3.040071096751007e-7  error_V_h1=9.646249138766683  α = 0.00401
 295   -21.48154516188      -13.30       -5.76    54.7s
    hm1_norm_ρdiff=2.452639651981702e-5 hm1_norm_Δρ=4.091221312601924e-7  error_V_h1=9.64624927596609  α = 0.00137
 296   -21.48154516188      -13.67       -5.48    64.6s
    hm1_norm_ρdiff=2.4474916227740087e-5 hm1_norm_Δρ=1.1042017238661178e-6  error_V_h1=9.64624928748697  α = 0.000195
 297   -21.48154516188      -13.60       -5.55    54.4s
    hm1_norm_ρdiff=2.4546636597751346e-5 hm1_norm_Δρ=6.482193108565204e-7  error_V_h1=9.64625011237017  α = 0.00132
 298   -21.48154516188      -12.77       -4.82    64.4s
    hm1_norm_ρdiff=2.2907608642227193e-5 hm1_norm_Δρ=5.584049495178109e-6  error_V_h1=9.646250057051997  α = 0.000176
 299   -21.48154516188      -13.13       -5.50    60.6s
    hm1_norm_ρdiff=2.4514583974480256e-5 hm1_norm_Δρ=1.0055316184068906e-6  error_V_h1=9.646249964124067  α = 0.000482
 300   -21.48154516188      -12.93       -6.04    49.3s
    hm1_norm_ρdiff=2.4472941316857448e-5 hm1_norm_Δρ=1.927662244484531e-7  error_V_h1=9.64625037336191  α = 0.00432
Trying again without preconditioner ...
n     Energy            log10(ΔE)   log10(Δρ)   Δtime
---   ---------------   ---------   ---------   ------
  1   -21.48154516188                   -4.39    75.2s
    hm1_norm_ρdiff=2.5351332860589466e-5 hm1_norm_Δρ=9.4352732538291e-6  error_V_h1=9.646249795890794  α = 0.000155
  2   -21.48154516188      -12.99       -4.39    69.6s
    hm1_norm_ρdiff=2.8431907636736798e-5 hm1_norm_Δρ=1.0804796353935776e-5  error_V_h1=9.646249968727142  α = 6.18e-5
  3   -21.48154516188      -13.03       -4.43    64.1s
    hm1_norm_ρdiff=2.490965426056631e-5 hm1_norm_Δρ=7.39115440624701e-6  error_V_h1=9.64625109150482  α = 0.000155
  4   -21.48154516188      -13.15       -4.53    68.4s
    hm1_norm_ρdiff=2.705885520512159e-5 hm1_norm_Δρ=7.86719439334436e-6  error_V_h1=9.646251569903454  α = 6.35e-5
  5   -21.48154516188      -13.15       -4.58    63.2s
    hm1_norm_ρdiff=2.3799465377419232e-5 hm1_norm_Δρ=5.661485774608761e-6  error_V_h1=9.646252306360616  α = 0.000161
  6   -21.48154516188      -12.99       -4.64    62.8s
    hm1_norm_ρdiff=2.5476982679227905e-5 hm1_norm_Δρ=4.6394252945467475e-6  error_V_h1=9.646252055430939  α = 0.000177
  7   -21.48154516188      -13.41       -4.78    58.9s
    hm1_norm_ρdiff=2.4700152110256002e-5 hm1_norm_Δρ=3.0402785592793622e-6  error_V_h1=9.646251629057888  α = 0.000418
  8   -21.48154516188      -13.19       -4.96    58.3s
    hm1_norm_ρdiff=2.4579977702914037e-5 hm1_norm_Δρ=2.1626248334680865e-6  error_V_h1=9.64625288059064  α = 0.000452
  9   -21.48154516188      -13.17       -4.88    63.4s
    hm1_norm_ρdiff=2.4538282872570397e-5 hm1_norm_Δρ=2.7834813865451747e-6  error_V_h1=9.64625263178704  α = 0.000191
 10   -21.48154516188      -13.67       -4.92    58.4s
    hm1_norm_ρdiff=2.4620162041056918e-5 hm1_norm_Δρ=2.3803248472862886e-6  error_V_h1=9.64625242661633  α = 0.000415
 11   -21.48154516188      -13.50       -4.92    62.8s
    hm1_norm_ρdiff=2.4486418323348654e-5 hm1_norm_Δρ=2.5627955170522717e-6  error_V_h1=9.646251906773847  α = 0.000185
 12   -21.48154516188      -13.55       -4.44    62.8s
    hm1_norm_ρdiff=2.6797692718163133e-5 hm1_norm_Δρ=8.361375093995237e-6  error_V_h1=9.646251956888705  α = 0.000132
 13   -21.48154516188      -13.97       -4.92    63.1s
    hm1_norm_ρdiff=2.42479173739052e-5 hm1_norm_Δρ=2.8675163394527626e-6  error_V_h1=9.646251638047474  α = 0.000142
 14   -21.48154516188      -13.27       -4.38    68.9s
    hm1_norm_ρdiff=2.7244527052064917e-5 hm1_norm_Δρ=9.159300639330738e-6  error_V_h1=9.6462510360775  α = 5.88e-5
 15   -21.48154516188      -13.60       -5.15    63.9s
    hm1_norm_ρdiff=2.4317579561655138e-5 hm1_norm_Δρ=1.2796530981982545e-6  error_V_h1=9.646250986813701  α = 0.000189
 16   -21.48154516188      -13.60       -4.64    67.1s
    hm1_norm_ρdiff=2.7098761031245804e-5 hm1_norm_Δρ=6.77286022165108e-6  error_V_h1=9.64625101705733  α = 5.43e-5
 17   -21.48154516188      -13.97       -5.02    63.1s
    hm1_norm_ρdiff=2.4604025841120412e-5 hm1_norm_Δρ=1.7238584375379206e-6  error_V_h1=9.646250940411132  α = 0.000168
 18   -21.48154516188      -13.37       -4.71    63.3s
    hm1_norm_ρdiff=2.501181875226043e-5 hm1_norm_Δρ=4.113730497265733e-6  error_V_h1=9.646251300215306  α = 0.000166
 19   -21.48154516188      -13.41       -4.74    64.4s
    hm1_norm_ρdiff=2.434560822357037e-5 hm1_norm_Δρ=3.3877875240500156e-6  error_V_h1=9.646251700729701  α = 0.000165
 20   -21.48154516188      -13.85       -5.22    64.7s
    hm1_norm_ρdiff=2.4559559032864586e-5 hm1_norm_Δρ=1.4737034746574812e-6  error_V_h1=9.646251565956302  α = 0.000104
 21   -21.48154516188      -13.45       -4.78    64.4s
    hm1_norm_ρdiff=2.4646024347200865e-5 hm1_norm_Δρ=3.857791838339895e-6  error_V_h1=9.646251764626978  α = 0.000157
 22   -21.48154516188      -13.75       -5.25    59.7s
    hm1_norm_ρdiff=2.4490428354382473e-5 hm1_norm_Δρ=9.285830955859931e-7  error_V_h1=9.646252500701063  α = 0.000428
 23   -21.48154516188      -13.25       -4.46    67.9s
    hm1_norm_ρdiff=2.4920406186328477e-5 hm1_norm_Δρ=8.237488426572525e-6  error_V_h1=9.646252412290464  α = 6.26e-5
 24   -21.48154516188      -14.45       -4.71    66.4s
    hm1_norm_ρdiff=2.5429201371920048e-5 hm1_norm_Δρ=4.378267682110495e-6  error_V_h1=9.646252659629772  α = 5.6e-5
 25   -21.48154516188   +    -Inf       -5.05    71.1s
    hm1_norm_ρdiff=2.4339658356662205e-5 hm1_norm_Δρ=1.7609812926390373e-6  error_V_h1=9.646252715876454  α = 1.92e-5
 26   -21.48154516188      -14.15       -5.59    61.6s
    hm1_norm_ρdiff=2.4591668233160526e-5 hm1_norm_Δρ=6.457052097342345e-7  error_V_h1=9.646252829487914  α = 0.000157
 27   -21.48154516188   +    -Inf       -5.06     102s
    hm1_norm_ρdiff=2.3828143313871444e-5 hm1_norm_Δρ=2.9322898783475476e-6  error_V_h1=9.64625287829232  α = 0.0001
 28   -21.48154516188      -13.75       -5.27     109s
    hm1_norm_ρdiff=2.4448155095191793e-5 hm1_norm_Δρ=9.711121050843923e-7  error_V_h1=9.646252881333453  α = 2.06e-6
 29   -21.48154516188   +  -14.15       -5.10    98.4s
    hm1_norm_ρdiff=2.4478486024610357e-5 hm1_norm_Δρ=1.6943974602809728e-6  error_V_h1=9.646252881333645  α = 0.0
 30   -21.48154516188      -13.85       -4.69    72.4s
    hm1_norm_ρdiff=2.6679288140245055e-5 hm1_norm_Δρ=7.608422654801493e-6  error_V_h1=9.646252901443745  α = 2.1e-5
 31   -21.48154516188   +    -Inf       -5.12     206s
    hm1_norm_ρdiff=2.464289714064472e-5 hm1_norm_Δρ=2.0962624771641163e-6  error_V_h1=9.646252901444251  α = 1.66e-9
 32   -21.48154516188   +  -14.15       -5.50    96.2s
    hm1_norm_ρdiff=2.43799634447824e-5 hm1_norm_Δρ=7.61789057291653e-7  error_V_h1=9.646252901444273  α = 0.0
 33   -21.48154516188      -13.97       -5.05    67.6s
    hm1_norm_ρdiff=2.5005113782622334e-5 hm1_norm_Δρ=2.6512625151419445e-6  error_V_h1=9.646252937072733  α = 6.29e-5
 34   -21.48154516188      -13.97       -5.16     167s
    hm1_norm_ρdiff=2.4448784490171514e-5 hm1_norm_Δρ=2.132561175358067e-6  error_V_h1=9.646252937072708  α = 2.57e-9
 35   -21.48154516188   +  -14.15       -5.49    89.5s
    hm1_norm_ρdiff=2.443332540220657e-5 hm1_norm_Δρ=7.133885694108295e-7  error_V_h1=9.646252937072221  α = 0.0
 36   -21.48154516188      -13.97       -5.23     159s
    hm1_norm_ρdiff=2.430143870310164e-5 hm1_norm_Δρ=2.2812775990432455e-6  error_V_h1=9.64625293707239  α = 2.14e-10
 37   -21.48154516188   +  -14.45       -5.41    89.8s
    hm1_norm_ρdiff=2.4439819293694137e-5 hm1_norm_Δρ=9.170048911949315e-7  error_V_h1=9.6462529370723  α = 0.0
 38   -21.48154516188   +    -Inf       -5.23     196s
    hm1_norm_ρdiff=2.4301437030785218e-5 hm1_norm_Δρ=2.281261118526907e-6  error_V_h1=9.646252937071889  α = 2.61e-13
 39   -21.48154516188   +    -Inf       -3.92     185s
    hm1_norm_ρdiff=5.1380341900049457e-5 hm1_norm_Δρ=4.5745070816354107e-5  error_V_h1=9.646252937072267  α = 1.31e-12

#-- |ρε - ρref| = 2.4475592496615046e-5 vs. 1.7782794100389228e-9 = δ*ε  error_V_h1=9.646252937072267  Qε=0.9462638786427329


# --- ε=1.0e-7

n     Energy            log10(ΔE)   log10(Δρ)   Δtime
---   ---------------   ---------   ---------   ------
  1   -21.48144970316                   -0.89    79.2s
    hm1_norm_ρdiff=0.08213236639613053 hm1_norm_Δρ=0.08212679624213279  error_V_h1=17.238934925141724  α = 6.05e-5
  2   -21.48145010704       -6.39       -1.79    57.7s
    hm1_norm_ρdiff=0.006883426992358177 hm1_norm_Δρ=0.0068823614432025355  error_V_h1=17.218301570666284  α = 0.000411
  3   -21.48145024236       -6.87       -2.06    57.8s
    hm1_norm_ρdiff=0.0033235387743780036 hm1_norm_Δρ=0.0033228375910324256  error_V_h1=17.21038934243815  α = 0.000428
  4   -21.48145042287       -6.74       -2.19    58.0s
    hm1_norm_ρdiff=0.002306409128604916 hm1_norm_Δρ=0.002305667585137175  error_V_h1=17.199666028377912  α = 0.000471
  5   -21.48145056758       -6.84       -2.77    53.0s
    hm1_norm_ρdiff=0.00042641065194215586 hm1_norm_Δρ=0.00042517402293095293  error_V_h1=17.191043614695694  α = 0.00158
  6   -21.48145060518       -7.42       -2.96    53.0s
    hm1_norm_ρdiff=0.00031708627462107437 hm1_norm_Δρ=0.0003160423525643644  error_V_h1=17.188654018003493  α = 0.00142
  7   -21.48145062713       -7.66       -2.84    57.9s
    hm1_norm_ρdiff=0.00039308597848433804 hm1_norm_Δρ=0.00039215108563824084  error_V_h1=17.187599227272198  α = 0.00057
  8   -21.48145064173       -7.84       -3.27    48.4s
    hm1_norm_ρdiff=0.000120081925017456 hm1_norm_Δρ=0.00011788504112841717  error_V_h1=17.18694825628506  α = 0.00369
  9   -21.48145065589       -7.85       -3.32    48.3s
    hm1_norm_ρdiff=0.0001116009534258093 hm1_norm_Δρ=0.0001094342467558234  error_V_h1=17.185925676043357  α = 0.00355
 10   -21.48145066274       -8.16       -3.39    48.3s
    hm1_norm_ρdiff=0.0001001186263581863 hm1_norm_Δρ=9.770438905423662e-5  error_V_h1=17.185391388822097  α = 0.00359
 11   -21.48145068954       -7.57       -3.40    48.6s
    hm1_norm_ρdiff=8.860645690596182e-5 hm1_norm_Δρ=8.596267180525361e-5  error_V_h1=17.183363836183695  α = 0.00398
 12   -21.48145074611       -7.25       -1.96    68.9s
    hm1_norm_ρdiff=0.006706602399211263 hm1_norm_Δρ=0.006712354874358698  error_V_h1=17.180782449360095  α = 6.02e-5
 13   -21.48145132077       -6.24       -1.81    64.2s
    hm1_norm_ρdiff=0.006346443403863052 hm1_norm_Δρ=0.006348713188106321  error_V_h1=17.155264745149243  α = 0.000188
 14   -21.48145144223       -6.92       -2.04    63.9s
    hm1_norm_ρdiff=0.003513835463567443 hm1_norm_Δρ=0.0035151199802884643  error_V_h1=17.1504236890359  α = 0.000179
 15   -21.48145147575       -7.47       -2.47    58.7s
    hm1_norm_ρdiff=0.0012032300911210974 hm1_norm_Δρ=0.0012042360101175288  error_V_h1=17.150000043351632  α = 0.000451
 16   -21.48145148146       -8.24       -3.53    54.7s
    hm1_norm_ρdiff=7.446491867024053e-5 hm1_norm_Δρ=7.146459177778946e-5  error_V_h1=17.149857992447753  α = 0.00164
 17   -21.48145149009       -8.06       -3.05    58.5s
    hm1_norm_ρdiff=0.0002553236831800121 hm1_norm_Δρ=0.00025456769045320663  error_V_h1=17.149497521025694  α = 0.000563
 18   -21.48145150192       -7.93       -3.96    44.3s
    hm1_norm_ρdiff=2.918601516558146e-5 hm1_norm_Δρ=1.7912197038625776e-5  error_V_h1=17.147341056070406  α = 0.0106
 19   -21.48145150460       -8.57       -3.03    53.9s
    hm1_norm_ρdiff=0.00025501697005944136 hm1_norm_Δρ=0.0002539613972339149  error_V_h1=17.146492169680634  α = 0.00119
 20   -21.48145151947       -7.83       -3.25    53.8s
    hm1_norm_ρdiff=0.00012425304644756482 hm1_norm_Δρ=0.0001222555236891642  error_V_h1=17.145850331792108  α = 0.00162
 21   -21.48145152953       -8.00       -3.12    53.8s
    hm1_norm_ρdiff=0.00016862462635190193 hm1_norm_Δρ=0.00016739747727474532  error_V_h1=17.145446872343516  α = 0.00141
 22   -21.48145153162       -8.68       -3.61    49.0s
    hm1_norm_ρdiff=5.8283691978749675e-5 hm1_norm_Δρ=5.3590834930177324e-5  error_V_h1=17.14550874108484  α = 0.00352
 23   -21.48145153327       -8.78       -2.72    69.6s
    hm1_norm_ρdiff=0.0011642180977877593 hm1_norm_Δρ=0.001158312959576247  error_V_h1=17.145427065827533  α = 6.05e-5
 24   -21.48145153441       -8.94       -3.87    54.2s
    hm1_norm_ρdiff=4.816739392145829e-5 hm1_norm_Δρ=4.055451982978495e-5  error_V_h1=17.145178855418987  α = 0.00155
 25   -21.48145153725       -8.55       -2.82    64.1s
    hm1_norm_ρdiff=0.0005250225473974883 hm1_norm_Δρ=0.0005238275707516796  error_V_h1=17.144835306179832  α = 0.000181
 26   -21.48145154619       -8.05       -2.66    58.6s
    hm1_norm_ρdiff=0.0007585630488885596 hm1_norm_Δρ=0.0007579678923944296  error_V_h1=17.143415552622432  α = 0.000434
 27   -21.48145154810       -8.72       -3.52    52.7s
    hm1_norm_ρdiff=8.585396837434047e-5 hm1_norm_Δρ=8.092226561381493e-5  error_V_h1=17.1430753905437  α = 0.00138
 28   -21.48145155246       -8.36       -3.85    42.7s
    hm1_norm_ρdiff=3.215551558534527e-5 hm1_norm_Δρ=2.2897477088442416e-5  error_V_h1=17.140444438255745  α = 0.00948
 29   -21.48145155595       -8.46       -3.60    53.5s
    hm1_norm_ρdiff=5.733742096364634e-5 hm1_norm_Δρ=5.337222576744923e-5  error_V_h1=17.139931130832352  α = 0.00164
 30   -21.48145156179       -8.23       -3.06    58.3s
    hm1_norm_ρdiff=0.00027335963397075397 hm1_norm_Δρ=0.0002724741804961043  error_V_h1=17.13964319608161  α = 0.000528
 31   -21.48145156379       -8.70       -3.45    52.9s
    hm1_norm_ρdiff=9.811803129480376e-5 hm1_norm_Δρ=9.580315262676824e-5  error_V_h1=17.13960339061675  α = 0.00133
 32   -21.48145156572       -8.72       -3.55    53.1s
    hm1_norm_ρdiff=7.793955693904599e-5 hm1_norm_Δρ=7.457286969760116e-5  error_V_h1=17.139499317972618  α = 0.00141
 33   -21.48145156977       -8.39       -3.55    53.3s
    hm1_norm_ρdiff=6.403187155612169e-5 hm1_norm_Δρ=6.0367436479937913e-5  error_V_h1=17.13924031912635  α = 0.00163
 34   -21.48145156991       -9.85       -3.69    63.3s
    hm1_norm_ρdiff=0.00011062207406274698 hm1_norm_Δρ=0.0001139145132900811  error_V_h1=17.139214334486734  α = 0.000182
 35   -21.48145157166       -8.76       -3.53    53.2s
    hm1_norm_ρdiff=7.101742438819427e-5 hm1_norm_Δρ=6.750428407934262e-5  error_V_h1=17.138773451327445  α = 0.00143
 36   -21.48145157192       -9.58       -3.13    57.6s
    hm1_norm_ρdiff=0.0002254340356622272 hm1_norm_Δρ=0.00022342817633660584  error_V_h1=17.138510533198666  α = 0.000401
 37   -21.48145157816       -8.21       -2.76    61.8s
    hm1_norm_ρdiff=0.0006152028526934686 hm1_norm_Δρ=0.0006139062824976427  error_V_h1=17.138192677429426  α = 0.000191
 38   -21.48145157900       -9.08       -3.54    52.1s
    hm1_norm_ρdiff=8.164692195849346e-5 hm1_norm_Δρ=8.116539196431909e-5  error_V_h1=17.138534705313614  α = 0.00127
 39   -21.48145158314       -8.38       -3.51    52.8s
    hm1_norm_ρdiff=6.288511629991617e-5 hm1_norm_Δρ=5.784122944344854e-5  error_V_h1=17.138655145972034  α = 0.00164
 40   -21.48145158366       -9.29       -3.74    48.8s
    hm1_norm_ρdiff=4.1199095909688594e-5 hm1_norm_Δρ=3.5964265235357125e-5  error_V_h1=17.139341905801295  α = 0.00344
 41   -21.48145158383       -9.76       -3.75    53.8s
    hm1_norm_ρdiff=5.632781326226999e-5 hm1_norm_Δρ=5.1431744322881395e-5  error_V_h1=17.139362621120668  α = 0.00122
 42   -21.48145158481       -9.01       -3.50    54.4s
    hm1_norm_ρdiff=8.653806452695805e-5 hm1_norm_Δρ=8.342529263876502e-5  error_V_h1=17.139208243093584  α = 0.00128
 43   -21.48145158585       -8.98       -3.86    54.6s
    hm1_norm_ρdiff=4.216625244163252e-5 hm1_norm_Δρ=3.533986446626597e-5  error_V_h1=17.1390495626141  α = 0.00158
 44   -21.48145158731       -8.83       -4.01    49.1s
    hm1_norm_ρdiff=3.0301423217128945e-5 hm1_norm_Δρ=1.903560930342013e-5  error_V_h1=17.13855868969267  α = 0.00408
 45   -21.48145158748       -9.79       -3.90    53.9s
    hm1_norm_ρdiff=4.727977100121658e-5 hm1_norm_Δρ=4.714440207877351e-5  error_V_h1=17.138376016155483  α = 0.00122
 46   -21.48145159057       -8.51       -3.08    58.4s
    hm1_norm_ρdiff=0.00014614355945754534 hm1_norm_Δρ=0.0001427961350004379  error_V_h1=17.13772972412943  α = 0.000564
 47   -21.48145159091       -9.46       -3.24    59.7s
    hm1_norm_ρdiff=0.00018113952069140403 hm1_norm_Δρ=0.0001806871492854912  error_V_h1=17.137850783669794  α = 0.000421
 48   -21.48145159184       -9.03       -3.41    59.5s
    hm1_norm_ρdiff=0.00010802474167815327 hm1_norm_Δρ=0.00010504633477620456  error_V_h1=17.137900556723185  α = 0.000529
 49   -21.48145159235       -9.30       -3.61    53.3s
    hm1_norm_ρdiff=7.015232560363298e-5 hm1_norm_Δρ=6.454060862032437e-5  error_V_h1=17.13757580532884  α = 0.00126
 50   -21.48145159260       -9.59       -3.81    58.5s
    hm1_norm_ρdiff=5.388056575056323e-5 hm1_norm_Δρ=4.723642313619231e-5  error_V_h1=17.13747471311192  α = 0.000551
 51   -21.48145159490       -8.64       -3.67    52.9s
    hm1_norm_ρdiff=5.167947785209434e-5 hm1_norm_Δρ=4.531661182191364e-5  error_V_h1=17.13689059640383  α = 0.00164
 52   -21.48145159557       -9.17       -3.57    59.4s
    hm1_norm_ρdiff=7.774075893280558e-5 hm1_norm_Δρ=7.494011468629815e-5  error_V_h1=17.13674665649982  α = 0.000558
 53   -21.48145159598       -9.39       -3.51    54.1s
    hm1_norm_ρdiff=8.606282823110103e-5 hm1_norm_Δρ=8.355746623843774e-5  error_V_h1=17.136447697599948  α = 0.00119
 54   -21.48145159622       -9.62       -4.06    48.7s
    hm1_norm_ρdiff=3.0971297580056725e-5 hm1_norm_Δρ=2.066342857283388e-5  error_V_h1=17.13626405286614  α = 0.00346
 55   -21.48145159719       -9.01       -3.85    54.4s
    hm1_norm_ρdiff=3.5549269742769884e-5 hm1_norm_Δρ=2.8653268132647028e-5  error_V_h1=17.136050071901536  α = 0.00164
 56   -21.48145159723      -10.37       -3.02    63.4s
    hm1_norm_ρdiff=0.0003586847231049733 hm1_norm_Δρ=0.0003528802945438462  error_V_h1=17.13617597805107  α = 0.000131
 57   -21.48145159763       -9.39       -3.88    54.2s
    hm1_norm_ρdiff=3.412837581152723e-5 hm1_norm_Δρ=2.7079198832779678e-5  error_V_h1=17.136128146459473  α = 0.00149
 58   -21.48145159816       -9.28       -3.19    63.1s
    hm1_norm_ρdiff=0.00020535773174026761 hm1_norm_Δρ=0.000203174779444977  error_V_h1=17.1360298083685  α = 0.000187
 59   -21.48145159845       -9.53       -3.71    52.5s
    hm1_norm_ρdiff=4.928883691387164e-5 hm1_norm_Δρ=4.353267566439415e-5  error_V_h1=17.135558652706425  α = 0.00127
 60   -21.48145159886       -9.39       -3.58    52.2s
    hm1_norm_ρdiff=6.936120378251848e-5 hm1_norm_Δρ=6.639910033351534e-5  error_V_h1=17.13545090666574  α = 0.00124
 61   -21.48145159891      -10.33       -3.83    52.2s
    hm1_norm_ρdiff=4.6581866763417245e-5 hm1_norm_Δρ=4.1514430976869036e-5  error_V_h1=17.13533761797446  α = 0.00117
 62   -21.48145159913       -9.65       -3.74    53.1s
    hm1_norm_ρdiff=4.8597300493207725e-5 hm1_norm_Δρ=4.0439542204505974e-5  error_V_h1=17.134816683887244  α = 0.00128
 63   -21.48145159967       -9.27       -4.08    48.4s
    hm1_norm_ρdiff=2.7382315101829235e-5 hm1_norm_Δρ=1.6065167572127587e-5  error_V_h1=17.134418616531338  α = 0.00386
 64   -21.48145160057       -9.04       -3.50    58.1s
    hm1_norm_ρdiff=0.00010737871816213427 hm1_norm_Δρ=0.00010460209004240093  error_V_h1=17.134265364057708  α = 0.000529
 65   -21.48145160135       -9.11       -3.77    51.8s
    hm1_norm_ρdiff=4.6337236266957645e-5 hm1_norm_Δρ=3.968858056586758e-5  error_V_h1=17.134013108137644  α = 0.00147
 66   -21.48145160164       -9.54       -4.04    52.6s
    hm1_norm_ρdiff=3.0503662192169055e-5 hm1_norm_Δρ=2.200543457716504e-5  error_V_h1=17.134005685082023  α = 0.00151
 67   -21.48145160188       -9.63       -3.04    68.8s
    hm1_norm_ρdiff=0.0003626783062381494 hm1_norm_Δρ=0.00036717627015389896  error_V_h1=17.13394940050413  α = 6.34e-5
 68   -21.48145160211       -9.63       -3.82    54.0s
    hm1_norm_ρdiff=3.692949410378403e-5 hm1_norm_Δρ=2.792599622338703e-5  error_V_h1=17.13395845297167  α = 0.00138
 69   -21.48145160225       -9.83       -4.09    53.9s
    hm1_norm_ρdiff=3.050644955728582e-5 hm1_norm_Δρ=2.005411722420415e-5  error_V_h1=17.13384846577105  α = 0.00142
 70   -21.48145160260       -9.46       -3.56    59.2s
    hm1_norm_ρdiff=6.080298128981157e-5 hm1_norm_Δρ=5.7109848090397665e-5  error_V_h1=17.134031678842405  α = 0.000547
 71   -21.48145160300       -9.40       -3.51    59.2s
    hm1_norm_ρdiff=8.603828346456883e-5 hm1_norm_Δρ=8.216056285722409e-5  error_V_h1=17.13407488796801  α = 0.000504
 72   -21.48145160323       -9.64       -3.35    58.9s
    hm1_norm_ρdiff=0.0001278347938230219 hm1_norm_Δρ=0.000125375059963839  error_V_h1=17.134154983787266  α = 0.000431
 73   -21.48145160343       -9.69       -3.64    59.3s
    hm1_norm_ρdiff=6.514138756164054e-5 hm1_norm_Δρ=6.381933637069381e-5  error_V_h1=17.13429031425412  α = 0.000491
 74   -21.48145160373       -9.53       -3.83    54.0s
    hm1_norm_ρdiff=3.6321688597477934e-5 hm1_norm_Δρ=2.896859833277966e-5  error_V_h1=17.13454697938938  α = 0.00142
 75   -21.48145160382      -10.06       -4.18    54.2s
    hm1_norm_ρdiff=3.0033997194338136e-5 hm1_norm_Δρ=1.963515567256861e-5  error_V_h1=17.134547676270298  α = 0.00134
 76   -21.48145160400       -9.74       -3.89    53.8s
    hm1_norm_ρdiff=3.811551589848324e-5 hm1_norm_Δρ=3.0270947624251095e-5  error_V_h1=17.134503379509077  α = 0.00132
 77   -21.48145160419       -9.71       -4.22    49.5s
    hm1_norm_ρdiff=2.6044499294761572e-5 hm1_norm_Δρ=1.2301817455442886e-5  error_V_h1=17.13435151480633  α = 0.00368
 78   -21.48145160426      -10.19       -3.96    59.0s
    hm1_norm_ρdiff=4.108424505447371e-5 hm1_norm_Δρ=4.00789162560019e-5  error_V_h1=17.13429147340627  α = 0.000473
 79   -21.48145160445       -9.71       -3.60    53.9s
    hm1_norm_ρdiff=5.132262929275311e-5 hm1_norm_Δρ=4.485157728938034e-5  error_V_h1=17.133988286125756  α = 0.00119
 80   -21.48145160484       -9.41       -3.84    53.9s
    hm1_norm_ρdiff=3.8465475223038084e-5 hm1_norm_Δρ=3.127428768050975e-5  error_V_h1=17.13373403100851  α = 0.00143
 81   -21.48145160502       -9.75       -4.08    53.5s
    hm1_norm_ρdiff=2.949634220993197e-5 hm1_norm_Δρ=1.720970706894016e-5  error_V_h1=17.133488564026695  α = 0.00147
 82   -21.48145160509      -10.17       -3.60    58.7s
    hm1_norm_ρdiff=7.274407658536489e-5 hm1_norm_Δρ=6.961084408605987e-5  error_V_h1=17.133429543404795  α = 0.000425
 83   -21.48145160523       -9.86       -3.46    59.1s
    hm1_norm_ρdiff=0.00010139944815246175 hm1_norm_Δρ=9.932910165729505e-5  error_V_h1=17.133338739349018  α = 0.000431
 84   -21.48145160531      -10.09       -4.03    58.6s
    hm1_norm_ρdiff=3.723595825534699e-5 hm1_norm_Δρ=2.696761685838068e-5  error_V_h1=17.13327255116325  α = 0.000554
 85   -21.48145160544       -9.88       -3.84    53.4s
    hm1_norm_ρdiff=3.812621216303658e-5 hm1_norm_Δρ=3.0508978579925382e-5  error_V_h1=17.133043087035208  α = 0.00129
 86   -21.48145160547      -10.51       -3.90    53.4s
    hm1_norm_ρdiff=3.591999957341094e-5 hm1_norm_Δρ=2.8655400681077973e-5  error_V_h1=17.133049409930727  α = 0.00118
 87   -21.48145160565       -9.74       -3.85    58.3s
    hm1_norm_ρdiff=4.201249748560521e-5 hm1_norm_Δρ=3.6376245991288624e-5  error_V_h1=17.133064415365528  α = 0.000568
 88   -21.48145160585       -9.71       -3.97    53.4s
    hm1_norm_ρdiff=3.175774436208835e-5 hm1_norm_Δρ=2.342607241655073e-5  error_V_h1=17.133155578242626  α = 0.00142
 89   -21.48145160588      -10.49       -4.18    57.3s
    hm1_norm_ρdiff=3.441055847093048e-5 hm1_norm_Δρ=2.1489566927486127e-5  error_V_h1=17.133189913261877  α = 0.000512
 90   -21.48145160624       -9.44       -3.21    63.0s
    hm1_norm_ρdiff=0.00016536683263803303 hm1_norm_Δρ=0.00016558040223310533  error_V_h1=17.133256376325672  α = 0.000186
 91   -21.48145160633      -10.02       -3.97    53.2s
    hm1_norm_ρdiff=3.4455590061541425e-5 hm1_norm_Δρ=2.6190309113385826e-5  error_V_h1=17.133469812355322  α = 0.00128
 92   -21.48145160636      -10.56       -4.14    52.6s
    hm1_norm_ρdiff=2.549940884708636e-5 hm1_norm_Δρ=1.4313899875552497e-5  error_V_h1=17.13362624601587  α = 0.00128
 93   -21.48145160638      -10.73       -3.61    57.9s
    hm1_norm_ρdiff=7.325777532074763e-5 hm1_norm_Δρ=6.932376205594855e-5  error_V_h1=17.133675663099893  α = 0.000397
 94   -21.48145160645      -10.16       -3.59    58.0s
    hm1_norm_ρdiff=7.871223373380496e-5 hm1_norm_Δρ=7.502350016179607e-5  error_V_h1=17.133762531907873  α = 0.000426
 95   -21.48145160646      -11.08       -4.69    48.4s
    hm1_norm_ρdiff=2.270816979913683e-5 hm1_norm_Δρ=5.303945115348453e-6  error_V_h1=17.133853323606964  α = 0.00345
 96   -21.48145160659       -9.86       -3.70    58.4s
    hm1_norm_ρdiff=5.437097073752205e-5 hm1_norm_Δρ=4.845767751918213e-5  error_V_h1=17.133959224447906  α = 0.000505
 97   -21.48145160674       -9.83       -3.80    58.0s
    hm1_norm_ρdiff=4.4152120974347585e-5 hm1_norm_Δρ=3.739479722119071e-5  error_V_h1=17.1339705470744  α = 0.000549
 98   -21.48145160677      -10.60       -4.66    48.3s
    hm1_norm_ρdiff=2.3052327225101252e-5 hm1_norm_Δρ=4.984845121541142e-6  error_V_h1=17.134023333537538  α = 0.00362
 99   -21.48145160684      -10.15       -4.17    53.3s
    hm1_norm_ρdiff=2.851631504239101e-5 hm1_norm_Δρ=1.6963974202411094e-5  error_V_h1=17.133998627435307  α = 0.00136
 100   -21.48145160693      -10.05       -4.35    53.2s
    hm1_norm_ρdiff=2.4498611293351023e-5 hm1_norm_Δρ=1.0875564641179407e-5  error_V_h1=17.133925969601435  α = 0.00154
 101   -21.48145160695      -10.70       -3.64    63.2s
    hm1_norm_ρdiff=9.932759234125148e-5 hm1_norm_Δρ=9.192268767038505e-5  error_V_h1=17.133920094753307  α = 0.000146
 102   -21.48145160708       -9.88       -3.99    53.3s
    hm1_norm_ρdiff=3.313139691146513e-5 hm1_norm_Δρ=2.4969139990202486e-5  error_V_h1=17.13376107231123  α = 0.00132
 103   -21.48145160713      -10.33       -3.98    53.3s
    hm1_norm_ρdiff=3.306702377337441e-5 hm1_norm_Δρ=2.1641593913217517e-5  error_V_h1=17.133595649157037  α = 0.00122
 104   -21.48145160715      -10.60       -3.64    58.1s
    hm1_norm_ρdiff=7.60786412728442e-5 hm1_norm_Δρ=7.27252033856833e-5  error_V_h1=17.133556996374146  α = 0.000397
 105   -21.48145160723      -10.13       -3.67    57.8s
    hm1_norm_ρdiff=6.680155705186842e-5 hm1_norm_Δρ=6.352796664567596e-5  error_V_h1=17.133498092429463  α = 0.000439
 106   -21.48145160730      -10.16       -4.03    58.2s
    hm1_norm_ρdiff=3.522107904688065e-5 hm1_norm_Δρ=2.5283895125278348e-5  error_V_h1=17.13344622870681  α = 0.000551
 107   -21.48145160736      -10.21       -4.07    58.0s
    hm1_norm_ρdiff=2.9676145099331278e-5 hm1_norm_Δρ=2.096984999188584e-5  error_V_h1=17.133412403018326  α = 0.000561
 108   -21.48145160738      -10.65       -4.30    48.4s
    hm1_norm_ρdiff=2.4413370723988364e-5 hm1_norm_Δρ=9.948179468586197e-6  error_V_h1=17.133491901905522  α = 0.00341
 109   -21.48145160747      -10.03       -3.91    53.3s
    hm1_norm_ρdiff=3.693913320526788e-5 hm1_norm_Δρ=2.9067317480509674e-5  error_V_h1=17.133558235495133  α = 0.00126
 110   -21.48145160755      -10.13       -4.16    53.4s
    hm1_norm_ρdiff=2.7886516108561328e-5 hm1_norm_Δρ=1.643097060468281e-5  error_V_h1=17.1336250936523  α = 0.00138
 111   -21.48145160757      -10.68       -4.20    53.2s
    hm1_norm_ρdiff=2.774125291960151e-5 hm1_norm_Δρ=1.521169518123944e-5  error_V_h1=17.133743090371365  α = 0.00126
 112   -21.48145160764      -10.12       -3.33    67.9s
    hm1_norm_ρdiff=0.000193091157233452 hm1_norm_Δρ=0.00019663604180809586  error_V_h1=17.133747903719822  α = 6.51e-5
 113   -21.48145160771      -10.20       -4.07    53.4s
    hm1_norm_ρdiff=3.103373032626676e-5 hm1_norm_Δρ=2.049670504608797e-5  error_V_h1=17.133860687167243  α = 0.00129
 114   -21.48145160781      -10.01       -3.78    58.8s
    hm1_norm_ρdiff=4.032144040200304e-5 hm1_norm_Δρ=3.6673046006051697e-5  error_V_h1=17.133970861159455  α = 0.000509
 115   -21.48145160788      -10.16       -3.67    63.6s
    hm1_norm_ρdiff=7.548495676681372e-5 hm1_norm_Δρ=7.216228673354582e-5  error_V_h1=17.133981220859535  α = 0.000187
 116   -21.48145160791      -10.42       -3.79    59.4s
    hm1_norm_ρdiff=5.428958334813013e-5 hm1_norm_Δρ=4.8745084458988246e-5  error_V_h1=17.13402280274967  α = 0.000437
 117   -21.48145160795      -10.39       -4.82    49.0s
    hm1_norm_ρdiff=2.283105181920631e-5 hm1_norm_Δρ=3.3849703018615015e-6  error_V_h1=17.134051874148163  α = 0.00405
 118   -21.48145160799      -10.42       -4.21    57.6s
    hm1_norm_ρdiff=2.977323414978535e-5 hm1_norm_Δρ=1.6833823664632626e-5  error_V_h1=17.134056953007274  α = 0.000563
 119   -21.48145160816       -9.78       -3.84    57.2s
    hm1_norm_ρdiff=4.0981486185605826e-5 hm1_norm_Δρ=3.3813249248433074e-5  error_V_h1=17.13400018751189  α = 0.000568
 120   -21.48145160828       -9.91       -3.94    57.7s
    hm1_norm_ρdiff=3.6432201272553264e-5 hm1_norm_Δρ=2.9159683343479675e-5  error_V_h1=17.13397844676304  α = 0.00057
 121   -21.48145160830      -10.72       -4.18    53.3s
    hm1_norm_ρdiff=2.7297382635141484e-5 hm1_norm_Δρ=1.5766310941388442e-5  error_V_h1=17.13394813292311  α = 0.00122
 122   -21.48145160833      -10.59       -3.96    58.0s
    hm1_norm_ρdiff=3.3751957256144193e-5 hm1_norm_Δρ=2.622509161453574e-5  error_V_h1=17.133878769690718  α = 0.000476
 123   -21.48145160836      -10.52       -4.96    43.6s
    hm1_norm_ρdiff=2.2512940945584897e-5 hm1_norm_Δρ=2.0186727695946036e-6  error_V_h1=17.133903272181517  α = 0.00957
 124   -21.48145160838      -10.62       -3.72    63.1s
    hm1_norm_ρdiff=5.804142825798854e-5 hm1_norm_Δρ=4.970473337979863e-5  error_V_h1=17.133895240240125  α = 0.000181
 125   -21.48145160840      -10.77       -4.15    58.7s
    hm1_norm_ρdiff=3.005866122650075e-5 hm1_norm_Δρ=2.3363328981233222e-5  error_V_h1=17.133898557291463  α = 0.000462
 126   -21.48145160841      -10.97       -4.52    48.5s
    hm1_norm_ρdiff=2.3682848413889264e-5 hm1_norm_Δρ=5.772856683355089e-6  error_V_h1=17.133774088522348  α = 0.00341
 127   -21.48145160843      -10.82       -4.25    58.8s
    hm1_norm_ρdiff=2.9878034389433542e-5 hm1_norm_Δρ=2.056316319146713e-5  error_V_h1=17.133772836726735  α = 0.00047
 128   -21.48145160847      -10.37       -4.08    59.1s
    hm1_norm_ρdiff=2.9461851193273714e-5 hm1_norm_Δρ=1.876989355736554e-5  error_V_h1=17.133744146276833  α = 0.000552
 129   -21.48145160849      -10.61       -4.64    53.8s
    hm1_norm_ρdiff=2.2608187143810412e-5 hm1_norm_Δρ=5.242274453790815e-6  error_V_h1=17.133738407516244  α = 0.00159
 130   -21.48145160850      -10.93       -4.44    57.3s
    hm1_norm_ρdiff=2.5743333331199134e-5 hm1_norm_Δρ=1.0993977024907555e-5  error_V_h1=17.133738200573  α = 0.000538
 131   -21.48145160853      -10.54       -4.77    48.1s
    hm1_norm_ρdiff=2.2989279191180225e-5 hm1_norm_Δρ=3.4592984562643153e-6  error_V_h1=17.1337140684173  α = 0.00386
 132   -21.48145160858      -10.35       -4.13    58.9s
    hm1_norm_ρdiff=3.075787639772367e-5 hm1_norm_Δρ=2.0630116595702213e-5  error_V_h1=17.133722795194977  α = 0.000543
 133   -21.48145160859      -10.87       -4.17    57.7s
    hm1_norm_ρdiff=2.8971606673344544e-5 hm1_norm_Δρ=1.6837951426748334e-5  error_V_h1=17.133758474628817  α = 0.000487
 134   -21.48145160862      -10.52       -4.09    57.1s
    hm1_norm_ρdiff=2.8243791328033544e-5 hm1_norm_Δρ=1.553375891028742e-5  error_V_h1=17.133748680825775  α = 0.000556
 135   -21.48145160863      -11.18       -3.85    62.7s
    hm1_norm_ρdiff=3.930703855237857e-5 hm1_norm_Δρ=3.6056360004461864e-5  error_V_h1=17.133755948835898  α = 0.000165
 136   -21.48145160864      -11.06       -4.33    57.8s
    hm1_norm_ρdiff=2.972388282190569e-5 hm1_norm_Δρ=1.6298076080477888e-5  error_V_h1=17.133758710628406  α = 0.00046
 137   -21.48145160866      -10.57       -4.07    52.8s
    hm1_norm_ρdiff=2.672745821465915e-5 hm1_norm_Δρ=1.602621431643926e-5  error_V_h1=17.133871663697537  α = 0.00125
 138   -21.48145160867      -11.30       -4.30    62.9s
    hm1_norm_ρdiff=2.9389907755214505e-5 hm1_norm_Δρ=1.7885466180167e-5  error_V_h1=17.13387259224871  α = 0.000191
 139   -21.48145160868      -11.08       -4.70    53.3s
    hm1_norm_ρdiff=2.3027712379513945e-5 hm1_norm_Δρ=4.463483888286746e-6  error_V_h1=17.133880575192542  α = 0.00143
 140   -21.48145160868      -11.32       -4.74    49.0s
    hm1_norm_ρdiff=2.3429345586289612e-5 hm1_norm_Δρ=4.379274808559294e-6  error_V_h1=17.133868272862376  α = 0.00334
 141   -21.48145160869      -10.91       -4.50    57.9s
    hm1_norm_ρdiff=2.3867408412381886e-5 hm1_norm_Δρ=9.654120334693254e-6  error_V_h1=17.133859602634246  α = 0.000564
 142   -21.48145160874      -10.35       -4.40    53.2s
    hm1_norm_ρdiff=2.426909349188013e-5 hm1_norm_Δρ=9.520808729586155e-6  error_V_h1=17.13385922367353  α = 0.00148
 143   -21.48145160876      -10.64       -4.57    53.0s
    hm1_norm_ρdiff=2.3777987193122888e-5 hm1_norm_Δρ=6.957091286929265e-6  error_V_h1=17.133835960483125  α = 0.00147
 144   -21.48145160879      -10.59       -4.23    58.2s
    hm1_norm_ρdiff=2.6661631534312697e-5 hm1_norm_Δρ=1.5035038628026853e-5  error_V_h1=17.133799874899683  α = 0.000556
 145   -21.48145160880      -10.81       -4.24    53.5s
    hm1_norm_ρdiff=2.628592605178192e-5 hm1_norm_Δρ=1.1185490798659012e-5  error_V_h1=17.13378575316544  α = 0.0012
 146   -21.48145160881      -11.08       -3.80    62.9s
    hm1_norm_ρdiff=4.1190032461962735e-5 hm1_norm_Δρ=3.7909023278477906e-5  error_V_h1=17.133793671014775  α = 0.000178
 147   -21.48145160883      -10.73       -4.43    58.5s
    hm1_norm_ρdiff=2.4294595284113976e-5 hm1_norm_Δρ=1.269613032997923e-5  error_V_h1=17.133785699822102  α = 0.000554
 148   -21.48145160889      -10.21       -3.95    58.5s
    hm1_norm_ρdiff=3.3998625118780425e-5 hm1_norm_Δρ=2.3294604266457663e-5  error_V_h1=17.13373597839409  α = 0.000552
 149   -21.48145160892      -10.56       -4.69    53.9s
    hm1_norm_ρdiff=2.3058057272153096e-5 hm1_norm_Δρ=5.134064815224399e-6  error_V_h1=17.1337091960615  α = 0.00163
 150   -21.48145160892      -11.24       -3.85    57.0s
    hm1_norm_ρdiff=4.204189055751523e-5 hm1_norm_Δρ=3.484089657493261e-5  error_V_h1=17.13367964220696  α = 0.000398
 151   -21.48145160895      -10.65       -4.24    53.0s
    hm1_norm_ρdiff=2.5661932036950637e-5 hm1_norm_Δρ=1.4643426568919532e-5  error_V_h1=17.133684235205617  α = 0.00124
 152   -21.48145160896      -10.96       -4.69    53.1s
    hm1_norm_ρdiff=2.3408878555184427e-5 hm1_norm_Δρ=4.912264286511151e-6  error_V_h1=17.133681737824446  α = 0.00147
 153   -21.48145160897      -10.85       -4.40    58.3s
    hm1_norm_ρdiff=2.512781024021765e-5 hm1_norm_Δρ=1.149128917187844e-5  error_V_h1=17.1336688363612  α = 0.000547
 154   -21.48145160898      -10.93       -4.56    52.2s
    hm1_norm_ρdiff=2.3554510742718844e-5 hm1_norm_Δρ=6.46317768714431e-6  error_V_h1=17.133667659178787  α = 0.00138
 155   -21.48145160899      -11.44       -4.56    52.4s
    hm1_norm_ρdiff=2.4020640505088116e-5 hm1_norm_Δρ=6.466737195427513e-6  error_V_h1=17.13366153298037  α = 0.00125
 156   -21.48145160902      -10.52       -3.65    62.8s
    hm1_norm_ρdiff=5.1996576788537886e-5 hm1_norm_Δρ=4.930442212773044e-5  error_V_h1=17.133643230928254  α = 0.000176
 157   -21.48145160902      -11.73       -4.26    58.1s
    hm1_norm_ρdiff=2.629171519884628e-5 hm1_norm_Δρ=1.1478841269236822e-5  error_V_h1=17.133634675178666  α = 0.000436
 158   -21.48145160902      -11.31       -4.64    58.7s
    hm1_norm_ρdiff=2.257870505181057e-5 hm1_norm_Δρ=7.130522175566268e-6  error_V_h1=17.13362823126468  α = 0.000548
 159   -21.48145160904      -10.71       -4.83    47.7s
    hm1_norm_ρdiff=2.29513495360922e-5 hm1_norm_Δρ=3.035246099020778e-6  error_V_h1=17.133575209899586  α = 0.00382
 160   -21.48145160905      -11.10       -4.42    52.3s
    hm1_norm_ρdiff=2.36749398175999e-5 hm1_norm_Δρ=8.054674857261575e-6  error_V_h1=17.13354231616782  α = 0.00128
 161   -21.48145160907      -10.68       -3.81    61.6s
    hm1_norm_ρdiff=6.0182876452982396e-5 hm1_norm_Δρ=5.643265568572359e-5  error_V_h1=17.13352851355461  α = 0.00017
 162   -21.48145160911      -10.43       -4.19    59.4s
    hm1_norm_ρdiff=2.9393991713301955e-5 hm1_norm_Δρ=1.6250550417955014e-5  error_V_h1=17.13349738219317  α = 0.000559
 163   -21.48145160911      -11.31       -4.49    54.2s
    hm1_norm_ρdiff=2.3169906214840816e-5 hm1_norm_Δρ=7.301458107608888e-6  error_V_h1=17.13349027891204  α = 0.00119
 164   -21.48145160912      -10.96       -4.83    53.8s
    hm1_norm_ρdiff=2.294005524072111e-5 hm1_norm_Δρ=3.687231347335855e-6  error_V_h1=17.13348833969394  α = 0.00156
 165   -21.48145160913      -11.23       -4.48    53.9s
    hm1_norm_ρdiff=2.401850671949354e-5 hm1_norm_Δρ=9.016021458417596e-6  error_V_h1=17.133480513376824  α = 0.00121
 166   -21.48145160914      -11.03       -4.31    59.2s
    hm1_norm_ρdiff=2.5147089845760248e-5 hm1_norm_Δρ=1.341436768231075e-5  error_V_h1=17.133478198298874  α = 0.000495
 167   -21.48145160916      -10.79       -4.89    48.8s
    hm1_norm_ρdiff=2.2699260255833588e-5 hm1_norm_Δρ=2.394936924927305e-6  error_V_h1=17.133432415970997  α = 0.00394
 168   -21.48145160916      -11.53       -4.15    63.6s
    hm1_norm_ρdiff=3.4450453015879736e-5 hm1_norm_Δρ=2.9309860278632988e-5  error_V_h1=17.133424513218795  α = 0.000157
 169   -21.48145160916      -11.34       -4.53    53.4s
    hm1_norm_ρdiff=2.4649234983784063e-5 hm1_norm_Δρ=7.252679176648927e-6  error_V_h1=17.133388190079113  α = 0.00121
 170   -21.48145160918      -10.79       -4.20    58.7s
    hm1_norm_ρdiff=2.6535077680011508e-5 hm1_norm_Δρ=1.6251576243840358e-5  error_V_h1=17.133370308696353  α = 0.000506
 171   -21.48145160919      -10.99       -4.44    58.8s
    hm1_norm_ρdiff=2.439264497165706e-5 hm1_norm_Δρ=8.787400399744667e-6  error_V_h1=17.13337519402907  α = 0.000564
 172   -21.48145160919      -12.26       -4.54    59.0s
    hm1_norm_ρdiff=2.4916703488516572e-5 hm1_norm_Δρ=9.93126796901403e-6  error_V_h1=17.133376641957337  α = 0.0004
 173   -21.48145160920      -11.04       -4.84    53.6s
    hm1_norm_ρdiff=2.269609136788574e-5 hm1_norm_Δρ=2.7839847854637236e-6  error_V_h1=17.13336491436371  α = 0.00164
 174   -21.48145160920      -11.31       -4.34    57.4s
    hm1_norm_ρdiff=2.848409804801362e-5 hm1_norm_Δρ=1.452416722034785e-5  error_V_h1=17.133359810983205  α = 0.000446
 175   -21.48145160921      -11.31       -4.91    53.4s
    hm1_norm_ρdiff=2.268741377772751e-5 hm1_norm_Δρ=2.8570356032625336e-6  error_V_h1=17.13334625217943  α = 0.00151
 176   -21.48145160922      -10.83       -4.36    58.2s
    hm1_norm_ρdiff=2.5875575597461088e-5 hm1_norm_Δρ=1.1870638723644664e-5  error_V_h1=17.133338079715777  α = 0.000549
 177   -21.48145160923      -11.68       -4.64    59.1s
    hm1_norm_ρdiff=2.4063553511531717e-5 hm1_norm_Δρ=6.435668859685065e-6  error_V_h1=17.133333678340996  α = 0.000494
 178   -21.48145160923      -11.10       -4.76    54.1s
    hm1_norm_ρdiff=2.2873696687999974e-5 hm1_norm_Δρ=3.884724775456906e-6  error_V_h1=17.133329384719346  α = 0.0015
 179   -21.48145160924      -12.11       -4.56    63.3s
    hm1_norm_ρdiff=2.60329294307022e-5 hm1_norm_Δρ=1.0455880960918915e-5  error_V_h1=17.13333119793075  α = 0.000169
 180   -21.48145160924      -11.12       -4.24    58.8s
    hm1_norm_ρdiff=2.542041595000564e-5 hm1_norm_Δρ=1.522356765861816e-5  error_V_h1=17.133346986562927  α = 0.000465
 181   -21.48145160925      -11.54       -4.72    58.7s
    hm1_norm_ρdiff=2.3648909590581198e-5 hm1_norm_Δρ=5.166891222103286e-6  error_V_h1=17.13335037046757  α = 0.000547
 182   -21.48145160925      -11.22       -5.24    49.2s
    hm1_norm_ρdiff=2.2655644505591666e-5 hm1_norm_Δρ=1.1839096719470676e-6  error_V_h1=17.133343922379176  α = 0.00415
 183   -21.48145160925      -11.56       -4.28    64.1s
    hm1_norm_ρdiff=3.0038180574072455e-5 hm1_norm_Δρ=2.0209961484215683e-5  error_V_h1=17.133344505213348  α = 0.00017
 184   -21.48145160927      -10.90       -5.15    49.1s
    hm1_norm_ρdiff=2.2594561281617993e-5 hm1_norm_Δρ=1.3633430199645999e-6  error_V_h1=17.133343393536048  α = 0.00427
 185   -21.48145160927      -11.41       -4.43    58.6s
    hm1_norm_ρdiff=2.4162950570788885e-5 hm1_norm_Δρ=1.2349278985493351e-5  error_V_h1=17.133343906669047  α = 0.000452
 186   -21.48145160928      -11.27       -4.79    54.2s
    hm1_norm_ρdiff=2.307716350066935e-5 hm1_norm_Δρ=3.854180122447246e-6  error_V_h1=17.13334655439367  α = 0.0014
 187   -21.48145160928      -11.30       -4.90    54.6s
    hm1_norm_ρdiff=2.2779870767572214e-5 hm1_norm_Δρ=3.1881144836767706e-6  error_V_h1=17.133343201569826  α = 0.00146
 188   -21.48145160929      -11.37       -4.60    58.8s
    hm1_norm_ρdiff=2.3194509258134372e-5 hm1_norm_Δρ=7.198149432931323e-6  error_V_h1=17.133339807548122  α = 0.000528
 189   -21.48145160929      -11.28       -4.63    53.1s
    hm1_norm_ρdiff=2.3608878273557544e-5 hm1_norm_Δρ=5.203530261518957e-6  error_V_h1=17.1333225985216  α = 0.00128
 190   -21.48145160929      -11.96       -4.27    64.2s
    hm1_norm_ρdiff=2.8241938195036026e-5 hm1_norm_Δρ=1.968487368177998e-5  error_V_h1=17.133318274991492  α = 0.000156
 191   -21.48145160929      -11.64       -4.67    58.0s
    hm1_norm_ρdiff=2.428592239232746e-5 hm1_norm_Δρ=6.247926705417745e-6  error_V_h1=17.13331069791483  α = 0.000499
 192   -21.48145160930      -12.02       -4.84    53.5s
    hm1_norm_ρdiff=2.2571159512971657e-5 hm1_norm_Δρ=3.7566256023068013e-6  error_V_h1=17.13330064953327  α = 0.00119
 193   -21.48145160930      -11.67       -4.98    48.5s
    hm1_norm_ρdiff=2.267456200110327e-5 hm1_norm_Δρ=2.2844396729327997e-6  error_V_h1=17.1332884587075  α = 0.00339
 194   -21.48145160930      -11.38       -5.13    54.0s
    hm1_norm_ρdiff=2.2696694684111113e-5 hm1_norm_Δρ=2.12416814534007e-6  error_V_h1=17.13328422377274  α = 0.00162
 195   -21.48145160931      -11.27       -4.36    58.5s
    hm1_norm_ρdiff=2.5553734975565005e-5 hm1_norm_Δρ=1.073067073642634e-5  error_V_h1=17.13327790387572  α = 0.00046
 196   -21.48145160931      -11.13       -4.84    53.0s
    hm1_norm_ρdiff=2.311255369369305e-5 hm1_norm_Δρ=3.1718532309739524e-6  error_V_h1=17.13326404570224  α = 0.00155
 197   -21.48145160932      -12.03       -4.47    58.0s
    hm1_norm_ρdiff=2.3638758885882852e-5 hm1_norm_Δρ=9.837096654451828e-6  error_V_h1=17.133256166899496  α = 0.000435
 198   -21.48145160932      -11.72       -4.96    53.7s
    hm1_norm_ρdiff=2.27586674158251e-5 hm1_norm_Δρ=2.8156065587682577e-6  error_V_h1=17.133256905937674  α = 0.00134
 199   -21.48145160932      -11.74       -4.88    54.3s
    hm1_norm_ρdiff=2.2938572467999653e-5 hm1_norm_Δρ=2.9183496082453376e-6  error_V_h1=17.133259841775143  α = 0.00132
 200   -21.48145160933      -11.16       -4.27    59.0s
    hm1_norm_ρdiff=2.4566442076370446e-5 hm1_norm_Δρ=1.2197300853218591e-5  error_V_h1=17.13326921885624  α = 0.000481
 201   -21.48145160933      -12.59       -4.89    63.8s
    hm1_norm_ρdiff=2.258093474191653e-5 hm1_norm_Δρ=4.094771468194354e-6  error_V_h1=17.133267494805985  α = 0.000204
 202   -21.48145160933      -11.92       -4.93    59.1s
    hm1_norm_ρdiff=2.229179340429318e-5 hm1_norm_Δρ=3.6398901994429735e-6  error_V_h1=17.133270898110847  α = 0.000535
 203   -21.48145160933      -11.47       -4.57    58.9s
    hm1_norm_ρdiff=2.3838106933691693e-5 hm1_norm_Δρ=6.392921263713249e-6  error_V_h1=17.13327928481011  α = 0.000533
 204   -21.48145160933      -11.40       -4.69    53.4s
    hm1_norm_ρdiff=2.3064887076795684e-5 hm1_norm_Δρ=5.067605864836176e-6  error_V_h1=17.13328626262702  α = 0.00129
 205   -21.48145160933      -12.81       -5.06    53.3s
    hm1_norm_ρdiff=2.255787561378111e-5 hm1_norm_Δρ=2.185474721069554e-6  error_V_h1=17.13329176730687  α = 0.00122
 206   -21.48145160934      -11.88       -4.42    63.3s
    hm1_norm_ρdiff=2.469876467555535e-5 hm1_norm_Δρ=1.1738596744150037e-5  error_V_h1=17.13329326113858  α = 0.000177
 207   -21.48145160934      -11.56       -5.27    48.6s
    hm1_norm_ρdiff=2.2544346250091868e-5 hm1_norm_Δρ=1.0510006688158567e-6  error_V_h1=17.133297512276712  α = 0.00379
 208   -21.48145160934      -12.00       -4.49    58.7s
    hm1_norm_ρdiff=2.625059949510958e-5 hm1_norm_Δρ=1.0570101932057173e-5  error_V_h1=17.133300276177415  α = 0.000406
 209   -21.48145160934      -11.97       -5.02    53.4s
    hm1_norm_ρdiff=2.2736020836262237e-5 hm1_norm_Δρ=2.6220435013142185e-6  error_V_h1=17.13329748063242  α = 0.00128
 210   -21.48145160934      -11.74       -4.62    58.2s
    hm1_norm_ρdiff=2.2937715503989537e-5 hm1_norm_Δρ=5.661403852318492e-6  error_V_h1=17.13329461273591  α = 0.000505
 211   -21.48145160934      -11.89       -4.58    58.5s
    hm1_norm_ρdiff=2.4189880439073327e-5 hm1_norm_Δρ=6.4385073630343734e-6  error_V_h1=17.13329004966917  α = 0.00046
 212   -21.48145160934      -12.34       -5.25    58.2s
    hm1_norm_ρdiff=2.2570453580963996e-5 hm1_norm_Δρ=1.784486584924634e-6  error_V_h1=17.133288599316675  α = 0.000587
 213   -21.48145160935      -12.06       -4.73    59.0s
    hm1_norm_ρdiff=2.406108484436156e-5 hm1_norm_Δρ=5.626204706326157e-6  error_V_h1=17.13328721582189  α = 0.000461
 214   -21.48145160935      -12.13       -4.95    54.0s
    hm1_norm_ρdiff=2.2582031231388676e-5 hm1_norm_Δρ=2.6805776104416562e-6  error_V_h1=17.133279699364856  α = 0.00131
 215   -21.48145160935      -11.37       -4.69    59.1s
    hm1_norm_ρdiff=2.3460558346543793e-5 hm1_norm_Δρ=5.715987139649997e-6  error_V_h1=17.133277831337736  α = 0.000549
 216   -21.48145160935      -12.57       -4.60    59.7s
    hm1_norm_ρdiff=2.4164612361070394e-5 hm1_norm_Δρ=6.889030803774294e-6  error_V_h1=17.13327036163759  α = 0.000454
 217   -21.48145160935      -12.09       -4.55    64.3s
    hm1_norm_ρdiff=2.358686626995589e-5 hm1_norm_Δρ=8.388671828227492e-6  error_V_h1=17.13326978214926  α = 0.000192
 218   -21.48145160935      -11.61       -4.94    54.4s
    hm1_norm_ρdiff=2.2953307649678562e-5 hm1_norm_Δρ=2.7136028067209224e-6  error_V_h1=17.13325606667174  α = 0.00146
 219   -21.48145160935      -12.41       -4.35    58.9s
    hm1_norm_ρdiff=2.506285266595405e-5 hm1_norm_Δρ=1.4321357433615153e-5  error_V_h1=17.133249197908224  α = 0.000398
 220   -21.48145160935      -12.25       -4.86    54.3s
    hm1_norm_ρdiff=2.2847832421999894e-5 hm1_norm_Δρ=3.7259255504368326e-6  error_V_h1=17.133251470631702  α = 0.00117
 221   -21.48145160936      -11.83       -4.85    58.5s
    hm1_norm_ρdiff=2.3017870628136184e-5 hm1_norm_Δρ=3.1745104103914776e-6  error_V_h1=17.133252850097197  α = 0.000559
 222   -21.48145160936      -11.98       -4.41    57.6s
    hm1_norm_ρdiff=2.339860742996805e-5 hm1_norm_Δρ=9.282927359831562e-6  error_V_h1=17.13325651828898  α = 0.000426
 223   -21.48145160936      -11.54       -5.31    48.1s
    hm1_norm_ρdiff=2.2644994678620572e-5 hm1_norm_Δρ=9.980384398069547e-7  error_V_h1=17.13325225161677  α = 0.00358
 224   -21.48145160936      -11.63       -4.84    58.7s
    hm1_norm_ρdiff=2.2411908197109947e-5 hm1_norm_Δρ=4.668837073020735e-6  error_V_h1=17.13325376425488  α = 0.000553
 225   -21.48145160937      -11.58       -4.45    58.6s
    hm1_norm_ρdiff=2.4199669340509535e-5 hm1_norm_Δρ=7.421392395027079e-6  error_V_h1=17.133263190208627  α = 0.000492
 226   -21.48145160937      -11.78       -4.83    57.4s
    hm1_norm_ρdiff=2.2803771655619162e-5 hm1_norm_Δρ=4.089903897506473e-6  error_V_h1=17.133266827676955  α = 0.000508
 227   -21.48145160937      -11.96       -4.68    56.9s
    hm1_norm_ρdiff=2.2630124035854638e-5 hm1_norm_Δρ=5.832630499422915e-6  error_V_h1=17.13327268466265  α = 0.00046
 228   -21.48145160937      -11.94       -4.60    59.1s
    hm1_norm_ρdiff=2.324608149939377e-5 hm1_norm_Δρ=5.817199309610844e-6  error_V_h1=17.13327129427916  α = 0.000469
 229   -21.48145160938      -11.18       -4.93    49.5s
    hm1_norm_ρdiff=2.2562894844429402e-5 hm1_norm_Δρ=1.963981221703668e-6  error_V_h1=17.133312589618956  α = 0.00377
 230   -21.48145160938      -12.26       -4.44    59.0s
    hm1_norm_ρdiff=2.6771348852830038e-5 hm1_norm_Δρ=1.1591562302012168e-5  error_V_h1=17.133317980174585  α = 0.000407
 231   -21.48145160938      -11.45       -4.71    58.0s
    hm1_norm_ρdiff=2.3243151678371907e-5 hm1_norm_Δρ=5.209335782146851e-6  error_V_h1=17.13331788954619  α = 0.000557
 232   -21.48145160938      -12.10       -4.87    58.9s
    hm1_norm_ρdiff=2.2626205438791507e-5 hm1_norm_Δρ=3.2830096235914874e-6  error_V_h1=17.13331789600154  α = 0.000531
 233   -21.48145160938      -12.18       -4.49    59.0s
    hm1_norm_ρdiff=2.488597993733078e-5 hm1_norm_Δρ=8.342890476337889e-6  error_V_h1=17.133318219211166  α = 0.000416
 234   -21.48145160938      -12.10       -4.87    53.2s
    hm1_norm_ρdiff=2.239897113440815e-5 hm1_norm_Δρ=3.2034903187282715e-6  error_V_h1=17.1333225066081  α = 0.00103
 235   -21.48145160938      -11.93       -5.18    53.0s
    hm1_norm_ρdiff=2.2783696971207956e-5 hm1_norm_Δρ=1.5803326840980147e-6  error_V_h1=17.133323159882877  α = 0.00146
 236   -21.48145160938      -12.24       -4.53    57.5s
    hm1_norm_ρdiff=2.2980739032259075e-5 hm1_norm_Δρ=6.135868832623973e-6  error_V_h1=17.133318860512144  α = 0.000431
 237   -21.48145160938      -12.49       -5.13    57.7s
    hm1_norm_ρdiff=2.2784503054048275e-5 hm1_norm_Δρ=2.4440166396423476e-6  error_V_h1=17.133318694959932  α = 0.000473
 238   -21.48145160938      -12.57       -4.73    57.8s
    hm1_norm_ρdiff=2.3862891255037382e-5 hm1_norm_Δρ=5.364313835116538e-6  error_V_h1=17.133315599830347  α = 0.000413
 239   -21.48145160939      -11.93       -4.80    57.2s
    hm1_norm_ρdiff=2.2642245520490174e-5 hm1_norm_Δρ=3.2891151165714975e-6  error_V_h1=17.133318400491866  α = 0.000529
 240   -21.48145160939      -11.40       -4.90    52.4s
    hm1_norm_ρdiff=2.2890944446900463e-5 hm1_norm_Δρ=2.694089096161101e-6  error_V_h1=17.13331223844945  α = 0.0015
 241   -21.48145160939      -12.09       -4.40    57.3s
    hm1_norm_ρdiff=2.4108406251049182e-5 hm1_norm_Δρ=1.0963563773091982e-5  error_V_h1=17.133308681994407  α = 0.000428
 242   -21.48145160939      -11.68       -5.19    52.2s
    hm1_norm_ρdiff=2.2684809035106146e-5 hm1_norm_Δρ=1.4418215576753166e-6  error_V_h1=17.133312836560542  α = 0.0016
 243   -21.48145160939      -11.99       -5.34    52.2s
    hm1_norm_ρdiff=2.263165829691678e-5 hm1_norm_Δρ=1.3031692299302412e-6  error_V_h1=17.133316319365605  α = 0.00149
 244   -21.48145160939      -12.16       -4.40    57.4s
    hm1_norm_ρdiff=2.393030870724134e-5 hm1_norm_Δρ=1.0495996674785675e-5  error_V_h1=17.133319689844733  α = 0.00042
 245   -21.48145160939      -12.18       -4.95    57.3s
    hm1_norm_ρdiff=2.327277722107284e-5 hm1_norm_Δρ=3.3568811916263915e-6  error_V_h1=17.13331979124302  α = 0.000487
 246   -21.48145160940      -11.60       -4.64    57.4s
    hm1_norm_ρdiff=2.2611762014730572e-5 hm1_norm_Δρ=4.906031790080341e-6  error_V_h1=17.133324432628644  α = 0.000552
 247   -21.48145160940      -11.72       -4.59    57.3s
    hm1_norm_ρdiff=2.3498517096341658e-5 hm1_norm_Δρ=5.564530272222093e-6  error_V_h1=17.133331485245026  α = 0.000496
 248   -21.48145160940      -12.01       -4.61    63.4s
    hm1_norm_ρdiff=2.4023836367406925e-5 hm1_norm_Δρ=8.604234273020177e-6  error_V_h1=17.133330445560322  α = 0.000189
 249   -21.48145160940      -12.07       -4.54    62.7s
    hm1_norm_ρdiff=2.3079013908044598e-5 hm1_norm_Δρ=8.345159668161836e-6  error_V_h1=17.133330890428088  α = 0.000185
 250   -21.48145160940      -12.23       -5.11    52.7s
    hm1_norm_ρdiff=2.282014932028209e-5 hm1_norm_Δρ=1.6850200452893913e-6  error_V_h1=17.13332780739798  α = 0.00125
 251   -21.48145160940      -11.65       -5.14    53.0s
    hm1_norm_ρdiff=2.2509162680802498e-5 hm1_norm_Δρ=1.4162708080868572e-6  error_V_h1=17.133331074805085  α = 0.00157
 252   -21.48145160941      -11.56       -4.55    57.7s
    hm1_norm_ρdiff=2.38751937638005e-5 hm1_norm_Δρ=6.856268601384926e-6  error_V_h1=17.13333560140463  α = 0.000491
 253   -21.48145160941      -11.84       -5.25    53.9s
    hm1_norm_ρdiff=2.2526528252336406e-5 hm1_norm_Δρ=1.122662564995642e-6  error_V_h1=17.13333514467636  α = 0.00164
 254   -21.48145160941      -11.96       -5.26    53.3s
    hm1_norm_ρdiff=2.267528566341602e-5 hm1_norm_Δρ=1.3161213767685232e-6  error_V_h1=17.133331461880104  α = 0.00148
 255   -21.48145160941      -11.90       -4.42    58.7s
    hm1_norm_ρdiff=2.546674621527869e-5 hm1_norm_Δρ=9.831569427498744e-6  error_V_h1=17.133331930964392  α = 0.000427
 256   -21.48145160941      -12.48       -5.21    58.9s
    hm1_norm_ρdiff=2.2390060878617e-5 hm1_norm_Δρ=1.812917586228775e-6  error_V_h1=17.133332464790545  α = 0.000551
 257   -21.48145160941      -12.11       -4.86    59.0s
    hm1_norm_ρdiff=2.32357864726061e-5 hm1_norm_Δρ=3.8803544384744785e-6  error_V_h1=17.133335998203204  α = 0.000494
 258   -21.48145160941      -12.08       -4.92    58.6s
    hm1_norm_ρdiff=2.2670791408944432e-5 hm1_norm_Δρ=2.888332532632096e-6  error_V_h1=17.133335624930954  α = 0.000537
 259   -21.48145160941      -11.96       -5.23    52.8s
    hm1_norm_ρdiff=2.2582460841470333e-5 hm1_norm_Δρ=1.4287471821447393e-6  error_V_h1=17.133339041609613  α = 0.00148
 260   -21.48145160941      -12.13       -4.70    58.2s
    hm1_norm_ρdiff=2.2946569864004103e-5 hm1_norm_Δρ=4.046173839783914e-6  error_V_h1=17.133340506233118  α = 0.000532
 261   -21.48145160942      -11.84       -5.12    53.8s
    hm1_norm_ρdiff=2.2425514725288294e-5 hm1_norm_Δρ=1.6434906355226e-6  error_V_h1=17.133347699181233  α = 0.00144
 262   -21.48145160942      -12.56       -4.74    63.0s
    hm1_norm_ρdiff=2.4336224372353933e-5 hm1_norm_Δρ=6.154375579825875e-6  error_V_h1=17.133348409275946  α = 0.00017
 263   -21.48145160942      -12.26       -4.94    58.7s
    hm1_norm_ρdiff=2.2758057874626943e-5 hm1_norm_Δρ=3.1003474315154725e-6  error_V_h1=17.13334746423546  α = 0.000516
 264   -21.48145160942      -11.90       -5.37    48.7s
    hm1_norm_ρdiff=2.2626965397870535e-5 hm1_norm_Δρ=7.661914744428752e-7  error_V_h1=17.133346101532304  α = 0.00397
 265   -21.48145160942      -12.12       -5.27    53.6s
    hm1_norm_ρdiff=2.2520480348655147e-5 hm1_norm_Δρ=1.2273946912328775e-6  error_V_h1=17.133351411473512  α = 0.00142
 266   -21.48145160942      -12.07       -4.59    58.0s
    hm1_norm_ρdiff=2.3116874695604078e-5 hm1_norm_Δρ=6.975695098715124e-6  error_V_h1=17.133352268627522  α = 0.000454
 267   -21.48145160942      -12.79       -4.68    62.0s
    hm1_norm_ρdiff=2.252800641116459e-5 hm1_norm_Δρ=5.136307768006935e-6  error_V_h1=17.133352484340726  α = 0.000186
 268   -21.48145160942      -12.38       -5.00    57.8s
    hm1_norm_ρdiff=2.2563563420759135e-5 hm1_norm_Δρ=2.8043313182162334e-6  error_V_h1=17.13334952349671  α = 0.000517
 269   -21.48145160942      -12.13       -5.32    52.7s
    hm1_norm_ρdiff=2.263354575904482e-5 hm1_norm_Δρ=1.1581014010192754e-6  error_V_h1=17.1333520799252  α = 0.00148
 270   -21.48145160942      -12.20       -4.99    58.0s
    hm1_norm_ρdiff=2.2888657484970922e-5 hm1_norm_Δρ=2.6570923959952772e-6  error_V_h1=17.133350657471453  α = 0.000536
 271   -21.48145160942      -12.79       -5.12    52.5s
    hm1_norm_ρdiff=2.260943734297305e-5 hm1_norm_Δρ=1.8873885122579139e-6  error_V_h1=17.133355293491288  α = 0.0012
 272   -21.48145160942      -12.00       -5.18    52.4s
    hm1_norm_ρdiff=2.2672593628755458e-5 hm1_norm_Δρ=1.3304477210415324e-6  error_V_h1=17.133355162745033  α = 0.0015
 273   -21.48145160942      -12.60       -4.60    61.7s
    hm1_norm_ρdiff=2.279049191927162e-5 hm1_norm_Δρ=9.912783888009838e-6  error_V_h1=17.133355763386803  α = 0.000145
 274   -21.48145160942      -12.44       -5.02    57.0s
    hm1_norm_ρdiff=2.2679057338527458e-5 hm1_norm_Δρ=2.6496556906029238e-6  error_V_h1=17.133357673065635  α = 0.000487
 275   -21.48145160942      -11.93       -5.31    52.6s
    hm1_norm_ρdiff=2.2513120879800516e-5 hm1_norm_Δρ=1.0256682262279081e-6  error_V_h1=17.13336044365421  α = 0.00158
 276   -21.48145160943      -12.04       -5.30    53.7s
    hm1_norm_ρdiff=2.270653627756773e-5 hm1_norm_Δρ=1.1341827128009468e-6  error_V_h1=17.13335891111519  α = 0.00148
 277   -21.48145160943      -11.86       -4.76    58.2s
    hm1_norm_ρdiff=2.3318000256401745e-5 hm1_norm_Δρ=4.713031810216463e-6  error_V_h1=17.133360932418565  α = 0.000511
 278   -21.48145160943      -12.52       -5.23    52.9s
    hm1_norm_ρdiff=2.2477727080573288e-5 hm1_norm_Δρ=1.3355208612813284e-6  error_V_h1=17.133363972312537  α = 0.00138
 279   -21.48145160943      -12.19       -4.74    57.6s
    hm1_norm_ρdiff=2.3199772039157484e-5 hm1_norm_Δρ=4.414328776503116e-6  error_V_h1=17.133371888731187  α = 0.000467
 280   -21.48145160943      -12.01       -5.39    52.2s
    hm1_norm_ρdiff=2.2569677388428742e-5 hm1_norm_Δρ=1.0304747696340958e-6  error_V_h1=17.133374594155818  α = 0.00157
 281   -21.48145160943      -12.44       -5.16    52.2s
    hm1_norm_ρdiff=2.256345499570801e-5 hm1_norm_Δρ=1.6222721827290849e-6  error_V_h1=17.13338271597952  α = 0.00127
 282   -21.48145160943      -12.14       -4.80    56.6s
    hm1_norm_ρdiff=2.3242846579963645e-5 hm1_norm_Δρ=4.239634985737757e-6  error_V_h1=17.133381510752333  α = 0.000493
 283   -21.48145160943      -12.31       -5.35    52.1s
    hm1_norm_ρdiff=2.2602074462856703e-5 hm1_norm_Δρ=1.0234156558879717e-6  error_V_h1=17.13338400885724  α = 0.00145
 284   -21.48145160943      -12.94       -4.97    61.8s
    hm1_norm_ρdiff=2.391159281249092e-5 hm1_norm_Δρ=4.581536413355758e-6  error_V_h1=17.13338441481407  α = 0.000159
 285   -21.48145160943      -12.17       -5.48    52.2s
    hm1_norm_ρdiff=2.2562409851931912e-5 hm1_norm_Δρ=8.013422185513144e-7  error_V_h1=17.13338842893628  α = 0.00161
 286   -21.48145160943      -12.43       -5.24    52.3s
    hm1_norm_ρdiff=2.256805464414826e-5 hm1_norm_Δρ=1.4142239616412363e-6  error_V_h1=17.133400812958037  α = 0.00135
 287   -21.48145160943      -12.69       -5.09    52.5s
    hm1_norm_ρdiff=2.259163898788975e-5 hm1_norm_Δρ=2.0211550173717492e-6  error_V_h1=17.133410939371615  α = 0.00122
 288   -21.48145160943      -12.42       -5.23    52.2s
    hm1_norm_ρdiff=2.243762498264227e-5 hm1_norm_Δρ=1.3855120227777593e-6  error_V_h1=17.133413000253086  α = 0.00131
 289   -21.48145160943      -12.32       -4.84    56.9s
    hm1_norm_ρdiff=2.3189766859805147e-5 hm1_norm_Δρ=3.3577722697477805e-6  error_V_h1=17.133413613496156  α = 0.000482
 290   -21.48145160943      -12.21       -4.57    57.5s
    hm1_norm_ρdiff=2.3207363683600088e-5 hm1_norm_Δρ=5.959855404166144e-6  error_V_h1=17.133412129915065  α = 0.000467
 291   -21.48145160943      -12.25       -5.53    52.1s
    hm1_norm_ρdiff=2.259299743261583e-5 hm1_norm_Δρ=7.828601064012591e-7  error_V_h1=17.133413380706223  α = 0.00159
 292   -21.48145160943      -12.23       -5.01    57.0s
    hm1_norm_ρdiff=2.2826504577957377e-5 hm1_norm_Δρ=2.6139725004238164e-6  error_V_h1=17.13341307137451  α = 0.000534
 293   -21.48145160943      -12.21       -5.09    57.0s
    hm1_norm_ρdiff=2.24996064983377e-5 hm1_norm_Δρ=2.0623697138508358e-6  error_V_h1=17.133414817888845  α = 0.000565
 294   -21.48145160943      -12.54       -5.10    52.6s
    hm1_norm_ρdiff=2.2600668703691674e-5 hm1_norm_Δρ=1.6985420629492436e-6  error_V_h1=17.1334147545494  α = 0.00121
 295   -21.48145160944      -13.05       -4.87    64.1s
    hm1_norm_ρdiff=2.218718418258399e-5 hm1_norm_Δρ=5.638582257759949e-6  error_V_h1=17.13341389485177  α = 0.000147
 296   -21.48145160944      -12.64       -5.65    48.6s
    hm1_norm_ρdiff=2.26059344941034e-5 hm1_norm_Δρ=5.228208536122932e-7  error_V_h1=17.13341555936904  α = 0.00354
 297   -21.48145160944      -12.40       -5.04    58.3s
    hm1_norm_ρdiff=2.2734342463277845e-5 hm1_norm_Δρ=2.6720545209409117e-6  error_V_h1=17.13341301241359  α = 0.000498
 298   -21.48145160944      -12.00       -4.88    58.1s
    hm1_norm_ρdiff=2.285368248107314e-5 hm1_norm_Δρ=3.2455491997777104e-6  error_V_h1=17.133410165593904  α = 0.000545
 299   -21.48145160944      -12.83       -5.00    58.4s
    hm1_norm_ρdiff=2.2976265995531792e-5 hm1_norm_Δρ=2.4678920683447663e-6  error_V_h1=17.133408547199853  α = 0.000458
 300   -21.48145160944      -13.05       -4.80    58.0s
    hm1_norm_ρdiff=2.2413775633333098e-5 hm1_norm_Δρ=4.070784140238552e-6  error_V_h1=17.133409240635146  α = 0.000393
Trying again without preconditioner ...
n     Energy            log10(ΔE)   log10(Δρ)   Δtime
---   ---------------   ---------   ---------   ------
  1   -21.48145160944                   -3.74    77.9s
    hm1_norm_ρdiff=7.358160452192157e-5 hm1_norm_Δρ=6.872451749756906e-5  error_V_h1=17.133411293457087  α = 4.56e-5
  2   -21.48145160944      -12.22       -3.85    68.4s
    hm1_norm_ρdiff=4.1867659771089525e-5 hm1_norm_Δρ=3.6591536264182063e-5  error_V_h1=17.133413401048962  α = 5.29e-5
  3   -21.48145160944      -12.42       -4.04    68.8s
    hm1_norm_ρdiff=3.349800176414256e-5 hm1_norm_Δρ=2.265550441505188e-5  error_V_h1=17.133414471047022  α = 5.68e-5
  4   -21.48145160944      -12.56       -3.97    68.8s
    hm1_norm_ρdiff=3.138780894941255e-5 hm1_norm_Δρ=2.58715452938551e-5  error_V_h1=17.133414366119233  α = 5.26e-5
  5   -21.48145160944      -12.53       -4.22    63.8s
    hm1_norm_ρdiff=2.642604095649047e-5 hm1_norm_Δρ=1.174069960552128e-5  error_V_h1=17.133410756705747  α = 0.000151
  6   -21.48145160944      -12.33       -4.30    64.1s
    hm1_norm_ρdiff=2.4429574925061707e-5 hm1_norm_Δρ=9.770863566505607e-6  error_V_h1=17.133407907709998  α = 0.000165
  7   -21.48145160944      -12.06       -4.33    63.8s
    hm1_norm_ρdiff=2.41561397246367e-5 hm1_norm_Δρ=8.415748826097343e-6  error_V_h1=17.1334065480065  α = 0.000189
  8   -21.48145160944      -12.18       -4.26    64.1s
    hm1_norm_ρdiff=2.4658947743418392e-5 hm1_norm_Δρ=1.137824724268017e-5  error_V_h1=17.133404351424502  α = 0.000166
  9   -21.48145160944      -12.47       -4.10    64.0s
    hm1_norm_ρdiff=2.845863179988702e-5 hm1_norm_Δρ=1.596588804808933e-5  error_V_h1=17.1334021922891  α = 0.000146
 10   -21.48145160944      -12.29       -4.30    64.8s
    hm1_norm_ρdiff=2.4457776750349224e-5 hm1_norm_Δρ=9.417450613391396e-6  error_V_h1=17.133398434837396  α = 0.000168
 11   -21.48145160944      -12.50       -4.39    64.1s
    hm1_norm_ρdiff=2.4271283489701103e-5 hm1_norm_Δρ=8.732128023953216e-6  error_V_h1=17.133395496943418  α = 0.000158
 12   -21.48145160944      -12.06       -3.71    73.0s
    hm1_norm_ρdiff=7.628220807425249e-5 hm1_norm_Δρ=7.432063264666357e-5  error_V_h1=17.133394451992338  α = 2.04e-5
 13   -21.48145160944      -12.72       -4.02    68.0s
    hm1_norm_ρdiff=3.35440508206652e-5 hm1_norm_Δρ=2.3888482289553924e-5  error_V_h1=17.133393073234256  α = 5.14e-5
 14   -21.48145160944      -12.84       -4.17    68.4s
    hm1_norm_ρdiff=2.657773034127802e-5 hm1_norm_Δρ=1.664923566699127e-5  error_V_h1=17.1333921192684  α = 5.37e-5
 15   -21.48145160944      -12.85       -3.99    67.7s
    hm1_norm_ρdiff=3.6828118243997954e-5 hm1_norm_Δρ=2.576246243437693e-5  error_V_h1=17.133391788445092  α = 4.69e-5
 16   -21.48145160944      -12.49       -4.10    68.5s
    hm1_norm_ρdiff=2.6735476958466426e-5 hm1_norm_Δρ=1.683140854245762e-5  error_V_h1=17.133392790553366  α = 6.04e-5
 17   -21.48145160944      -13.25       -4.30    63.2s
    hm1_norm_ρdiff=2.4670046726528733e-5 hm1_norm_Δρ=9.400265292374269e-6  error_V_h1=17.133392744246628  α = 0.000134
 18   -21.48145160944      -12.84       -4.73    63.9s
    hm1_norm_ρdiff=2.2748538091389866e-5 hm1_norm_Δρ=2.9535545806958515e-6  error_V_h1=17.13339142985782  α = 0.00019
 19   -21.48145160944      -12.67       -4.19    69.2s
    hm1_norm_ρdiff=2.6806596053565914e-5 hm1_norm_Δρ=1.3190407358628275e-5  error_V_h1=17.13339150336593  α = 5.98e-5
 20   -21.48145160944      -12.34       -4.03    69.6s
    hm1_norm_ρdiff=2.8500717187876742e-5 hm1_norm_Δρ=1.8774981369767338e-5  error_V_h1=17.133391976063127  α = 6.09e-5
 21   -21.48145160944      -13.30       -4.50    64.9s
    hm1_norm_ρdiff=2.3274020868513163e-5 hm1_norm_Δρ=5.798875049218341e-6  error_V_h1=17.133394442319055  α = 0.000144
 22   -21.48145160944      -12.93       -4.41    68.9s
    hm1_norm_ρdiff=2.4088169681594873e-5 hm1_norm_Δρ=9.09453431273272e-6  error_V_h1=17.13339580609275  α = 6.02e-5
 23   -21.48145160944      -13.50       -4.93    68.2s
    hm1_norm_ρdiff=2.3189817229453957e-5 hm1_norm_Δρ=3.7188960956814596e-6  error_V_h1=17.13339601586731  α = 5.16e-5
 24   -21.48145160944      -13.55       -4.14    68.5s
    hm1_norm_ρdiff=2.8809644178963926e-5 hm1_norm_Δρ=1.8546417684345137e-5  error_V_h1=17.13339723497827  α = 4.56e-5
 25   -21.48145160944      -14.15       -4.36    69.0s
    hm1_norm_ρdiff=2.6081277639527528e-5 hm1_norm_Δρ=1.1016551571085771e-5  error_V_h1=17.133398064849906  α = 4.63e-5
 26   -21.48145160944      -13.41       -4.04    69.2s
    hm1_norm_ρdiff=2.975388168014155e-5 hm1_norm_Δρ=2.34707444369951e-5  error_V_h1=17.133398862375724  α = 4.34e-5
 27   -21.48145160944      -13.97       -4.91    73.9s
    hm1_norm_ρdiff=2.2858507937442056e-5 hm1_norm_Δρ=2.49405166613233e-6  error_V_h1=17.133398940028197  α = 1.87e-5
 28   -21.48145160945      -12.82       -4.26    68.6s
    hm1_norm_ρdiff=2.478181981662315e-5 hm1_norm_Δρ=1.133210783328026e-5  error_V_h1=17.13340030192173  α = 5.97e-5
 29   -21.48145160945   +    -Inf       -5.07    63.8s
    hm1_norm_ρdiff=2.277502047526719e-5 hm1_norm_Δρ=1.7437005790336014e-6  error_V_h1=17.133400232471317  α = 0.000153
 30   -21.48145160945      -14.15       -5.07    73.7s
    hm1_norm_ρdiff=2.2487697608825575e-5 hm1_norm_Δρ=1.846940294838265e-6  error_V_h1=17.133400260819485  α = 1.7e-5
 31   -21.48145160945   +    -Inf       -4.88    69.1s
    hm1_norm_ρdiff=2.277247912976547e-5 hm1_norm_Δρ=2.432477072051001e-6  error_V_h1=17.13340059364307  α = 6.44e-5
 32   -21.48145160945      -13.37       -4.55    63.2s
    hm1_norm_ρdiff=2.3128104872903953e-5 hm1_norm_Δρ=5.358613503802438e-6  error_V_h1=17.133399880766948  α = 0.000136
 33   -21.48145160945      -14.15       -5.10    63.3s
    hm1_norm_ρdiff=2.27308595065761e-5 hm1_norm_Δρ=1.700372568497395e-6  error_V_h1=17.13339896892579  α = 0.000161
 34   -21.48145160945      -13.67       -5.17    62.9s
    hm1_norm_ρdiff=2.2559133352449212e-5 hm1_norm_Δρ=1.276167321146238e-6  error_V_h1=17.133398655707623  α = 0.000193
 35   -21.48145160945      -13.27       -4.19    72.8s
    hm1_norm_ρdiff=3.1835829621718873e-5 hm1_norm_Δρ=2.0953050872843736e-5  error_V_h1=17.133398288095858  α = 2.01e-5
 36   -21.48145160945      -13.67       -4.41    68.1s
    hm1_norm_ρdiff=2.3375427536804254e-5 hm1_norm_Δρ=9.045715813545298e-6  error_V_h1=17.13339756903754  α = 5.07e-5
 37   -21.48145160945      -13.03       -4.05    72.7s
    hm1_norm_ρdiff=3.4177062865135455e-5 hm1_norm_Δρ=2.249530730280619e-5  error_V_h1=17.13339708190492  α = 2.09e-5
 38   -21.48145160945      -13.85       -4.91    62.8s
    hm1_norm_ρdiff=2.2812782540104254e-5 hm1_norm_Δρ=2.584002145159673e-6  error_V_h1=17.133397320936133  α = 0.000136
 39   -21.48145160945      -13.85       -5.23    63.1s
    hm1_norm_ρdiff=2.262679054531706e-5 hm1_norm_Δρ=1.3502663911663007e-6  error_V_h1=17.133397181107583  α = 0.000127
 40   -21.48145160945      -14.15       -4.93    62.9s
    hm1_norm_ρdiff=2.253500554965242e-5 hm1_norm_Δρ=2.502339415100043e-6  error_V_h1=17.13339732134154  α = 0.000143
 41   -21.48145160945      -14.15       -4.87    68.2s
    hm1_norm_ρdiff=2.252323901726115e-5 hm1_norm_Δρ=2.9906425468203385e-6  error_V_h1=17.13339731800914  α = 6.27e-5
 42   -21.48145160945      -14.15       -4.93    68.7s
    hm1_norm_ρdiff=2.284538897764803e-5 hm1_norm_Δρ=2.296574159078107e-6  error_V_h1=17.13339732336686  α = 6.53e-5
 43   -21.48145160945      -13.55       -4.65    68.3s
    hm1_norm_ρdiff=2.301804877631358e-5 hm1_norm_Δρ=4.454566268675198e-6  error_V_h1=17.13339791331398  α = 6.38e-5
 44   -21.48145160945   +    -Inf       -5.18    63.4s
    hm1_norm_ρdiff=2.2573941655509633e-5 hm1_norm_Δρ=1.320832390486056e-6  error_V_h1=17.133398417834993  α = 0.000159
 45   -21.48145160945      -13.30       -5.33    64.0s
    hm1_norm_ρdiff=2.2558974780814162e-5 hm1_norm_Δρ=8.220527789466233e-7  error_V_h1=17.1333979316442  α = 0.000188
 46   -21.48145160945      -13.85       -5.02    71.8s
    hm1_norm_ρdiff=2.27045542206661e-5 hm1_norm_Δρ=2.3957869893008366e-6  error_V_h1=17.133397887019715  α = 1.92e-5
 47   -21.48145160945      -13.75       -4.56    71.6s
    hm1_norm_ρdiff=2.4552003234829666e-5 hm1_norm_Δρ=6.83325640891795e-6  error_V_h1=17.133397927609444  α = 2.08e-5
 48   -21.48145160945   +    -Inf       -5.32     194s
    hm1_norm_ρdiff=2.250467034946926e-5 hm1_norm_Δρ=1.0267537744395191e-6  error_V_h1=17.13339792761189  α = 9.41e-10
 49   -21.48145160945      -14.15       -4.81     119s
    hm1_norm_ρdiff=2.2462994985534007e-5 hm1_norm_Δρ=3.6111190059788332e-6  error_V_h1=17.133397927612958  α = 1.69e-9
 50   -21.48145160945      -14.45       -4.76     148s
    hm1_norm_ρdiff=2.320969950411519e-5 hm1_norm_Δρ=3.4622180775157824e-6  error_V_h1=17.13339792761374  α = 1.62e-10
 51   -21.48145160945   +    -Inf       -4.82     137s
    hm1_norm_ρdiff=2.304009600123935e-5 hm1_norm_Δρ=3.1794020237942334e-6  error_V_h1=17.133397927613277  α = 1.81e-13
 52   -21.48145160945   +  -14.45       -1.95     131s
    hm1_norm_ρdiff=0.0023101853878222454 hm1_norm_Δρ=0.002308212150754162  error_V_h1=17.133397927613125  α = 0.0
 53   -21.48145160945      -14.15       -4.73     279s
    hm1_norm_ρdiff=2.317282416820216e-5 hm1_norm_Δρ=6.335394895271793e-6  error_V_h1=17.13339792761033  α = 1.17e-9
 54   -21.48145160945   +  -14.15       -4.86     102s
    hm1_norm_ρdiff=2.3293752804076446e-5 hm1_norm_Δρ=3.7929048602294057e-6  error_V_h1=17.133397927610233  α = 0.0
 55   -21.48145160945      -14.45       -4.73     103s
    hm1_norm_ρdiff=2.31727520083772e-5 hm1_norm_Δρ=6.335008458477591e-6  error_V_h1=17.133397927610464  α = 0.0
 56   -21.48145160945   +    -Inf       -4.73     103s
    hm1_norm_ρdiff=2.3172752657097496e-5 hm1_norm_Δρ=6.335006909863649e-6  error_V_h1=17.133397927611085  α = 0.0
 57   -21.48145160945   +  -13.97       -4.73     101s
    hm1_norm_ρdiff=2.317275387746887e-5 hm1_norm_Δρ=6.335004465781774e-6  error_V_h1=17.133397927610027  α = 0.0
 58   -21.48145160945      -14.15       -4.73     127s
    hm1_norm_ρdiff=2.3172755391977124e-5 hm1_norm_Δρ=6.335001120129786e-6  error_V_h1=17.133397927609877  α = 8.32e-12
 59   -21.48145160945   +  -14.45       -2.15     129s
    hm1_norm_ρdiff=0.0024438479295561017 hm1_norm_Δρ=0.0024449757321173913  error_V_h1=17.133397927610016  α = 0.0
 60   -21.48145160945      -14.45       -4.73    72.6s
    hm1_norm_ρdiff=2.317272333375119e-5 hm1_norm_Δρ=6.334999447332439e-6  error_V_h1=17.133397876987548  α = 2.08e-5
 61   -21.48145160945      -14.45       -4.86    73.4s
    hm1_norm_ρdiff=2.340546047619667e-5 hm1_norm_Δρ=3.89818696817625e-6  error_V_h1=17.13339784967404  α = 2.01e-5
 62   -21.48145160945      -14.45       -5.15     326s
    hm1_norm_ρdiff=2.249781326647605e-5 hm1_norm_Δρ=1.887214947729464e-6  error_V_h1=17.133397849673745  α = 5.18e-12
 63   -21.48145160945   +  -14.45       -2.52     123s
    hm1_norm_ρdiff=0.0008096471775003841 hm1_norm_Δρ=0.000811153461440977  error_V_h1=17.133397849674132  α = 0.0
 64   -21.48145160945      -14.45       -5.27     237s
    hm1_norm_ρdiff=2.2415563046560234e-5 hm1_norm_Δρ=1.7294210415061413e-6  error_V_h1=17.13339784967394  α = 2.39e-13
 65   -21.48145160945   +  -14.45       -3.42     118s
    hm1_norm_ρdiff=0.00011781131175629305 hm1_norm_Δρ=0.00011802568497694476  error_V_h1=17.13339784967445  α = 0.0
 66   -21.48145160945      -14.45       -5.27     131s
    hm1_norm_ρdiff=2.2415563682315093e-5 hm1_norm_Δρ=1.729418761811129e-6  error_V_h1=17.133397849673997  α = 2.98e-11
 67   -21.48145160945   +  -14.45       -4.14     105s
    hm1_norm_ρdiff=2.999367702400091e-5 hm1_norm_Δρ=2.3055419016954464e-5  error_V_h1=17.13339784967409  α = 0.0
 68   -21.48145160945      -14.45       -5.27     100s
    hm1_norm_ρdiff=2.2415564059214323e-5 hm1_norm_Δρ=1.729416586688441e-6  error_V_h1=17.133397849673937  α = 1.51e-11
 69   -21.48145160945   +  -14.45       -3.98     112s
    hm1_norm_ρdiff=3.6022734843676104e-5 hm1_norm_Δρ=3.055867683161622e-5  error_V_h1=17.133397849673965  α = 0.0
 70   -21.48145160945   +    -Inf       -5.27    66.5s
    hm1_norm_ρdiff=2.2415568402381865e-5 hm1_norm_Δρ=1.7294162901450772e-6  error_V_h1=17.133397833077893  α = 5.74e-5
 71   -21.48145160945      -14.15       -4.92    88.7s
    hm1_norm_ρdiff=2.30599149225842e-5 hm1_norm_Δρ=2.5012190321687183e-6  error_V_h1=17.133397833875183  α = 6.4e-6
 72   -21.48145160945   +    -Inf       -5.17     103s
    hm1_norm_ρdiff=2.240706115134006e-5 hm1_norm_Δρ=1.444209573959437e-6  error_V_h1=17.133397833874763  α = 0.0
 73   -21.48145160945   +  -14.45       -4.99     102s
    hm1_norm_ρdiff=2.3805314386072365e-5 hm1_norm_Δρ=4.6432945348369075e-6  error_V_h1=17.133397833875218  α = 0.0
 74   -21.48145160945   +    -Inf       -4.99     102s
    hm1_norm_ρdiff=2.3805314050318106e-5 hm1_norm_Δρ=4.643294001236668e-6  error_V_h1=17.133397833874767  α = 0.0
 75   -21.48145160945   +    -Inf       -4.99     255s
    hm1_norm_ρdiff=2.3805314923477158e-5 hm1_norm_Δρ=4.643295767140936e-6  error_V_h1=17.133397833875424  α = 7.06e-11

#-- |ρε - ρref| = 2.2561264566898682e-5 vs. 1.0e-9 = δ*ε  error_V_h1=17.133397833875424  Qε=0.9479498976611995

|v-vref|h1 = [1.016907184684608, 1.7454212205918507, 3.0693323054455695, 5.435143219632155, 9.646252937072267, 17.13339783387542]
|v-vref|l2 = [0.07919333606505072, 0.1150350866239399, 0.1908427923413371, 0.3309684877018102, 0.5825447922229039, 1.0308490746164514]
 ────────────────────────────────────────────────────────────────────────────────
                                        Time                    Allocations      
                               ───────────────────────   ────────────────────────
       Tot / % measured:            35.1h /  77.7%           70.2TiB /  47.0%    

 Section               ncalls     time    %tot     avg     alloc    %tot      avg
 ────────────────────────────────────────────────────────────────────────────────
 DftHamiltonian mul...  1.15M    10.3h   37.8%  32.4ms   6.52TiB   19.8%  5.96MiB
   nonlocal             1.15M    5.48h   20.1%  17.2ms   4.29TiB   13.0%  3.92MiB
   local+kinetic        4.59M    3.46h   12.7%  2.72ms   27.3GiB    0.1%  6.25KiB
 compute_density        22.7k    10.2h   37.2%   1.61s   1.14TiB    3.5%  52.8MiB
   symmetrize_ρ         22.7k    7.13h   26.1%   1.13s    504GiB    1.5%  22.7MiB
 energy_hamiltonian     20.4k    6.21h   22.8%   1.09s   24.3TiB   73.6%  1.22GiB
   ene_ops              20.4k    3.75h   13.7%   660ms   2.42TiB    7.3%   124MiB
     ene_ops: nonlocal  20.4k    2.27h    8.3%   400ms    158GiB    0.5%  7.93MiB
     ene_ops: dualmap   20.4k    1.32h    4.8%   233ms   1.79TiB    5.4%  92.0MiB
     ene_ops: kinetic   20.4k     439s    0.4%  21.5ms   5.48GiB    0.0%   281KiB
     ene_ops: hartree   20.4k    95.9s    0.1%  4.69ms    400GiB    1.2%  20.0MiB
     ene_ops: local     20.4k    12.4s    0.0%   607μs   80.7GiB    0.2%  4.04MiB
 ortho_qr                128k    1878s    1.9%  14.7ms   0.93TiB    2.8%  7.61MiB
 PlaneWaveBasis            29     271s    0.3%   9.36s    127GiB    0.4%  4.40GiB
   Instantiation At...     29     197s    0.2%   6.80s   97.9GiB    0.3%  3.38GiB
   build_kpoints           29    10.9s    0.0%   375ms   12.0GiB    0.0%   422MiB
   Instantiation At...     29    8.62s    0.0%   297ms   5.92GiB    0.0%   209MiB
     enforce_real!         29   84.5ms    0.0%  2.91ms    116KiB    0.0%  3.98KiB
   Instantiation Du...     29    8.00s    0.0%   276ms   2.50GiB    0.0%  88.3MiB
   Instantiation Ki...     29    568ms    0.0%  19.6ms   1.32GiB    0.0%  46.6MiB
   Instantiation Ewald     29    184ms    0.0%  6.33ms    104KiB    0.0%  3.59KiB
     precomp: Ewald        29    183ms    0.0%  6.32ms   62.1KiB    0.0%  2.14KiB
   Instantiation Ha...     29    153ms    0.0%  5.28ms    174MiB    0.0%  6.01MiB
     enforce_real!         29   79.9ms    0.0%  2.76ms    116KiB    0.0%  3.98KiB
   _check_kpoint_re...     29    104ms    0.0%  3.58ms     0.00B    0.0%    0.00B
   Instantiation Ps...     29    880μs    0.0%  30.3μs    378KiB    0.0%  13.0KiB
 load_scfres                1    26.4s    0.0%   26.4s   7.57GiB    0.0%  7.57GiB
   energy_hamiltonian       1    10.7s    0.0%   10.7s   1.43GiB    0.0%  1.43GiB
     ene_ops                1    9.81s    0.0%   9.81s    342MiB    0.0%   342MiB
       ene_ops: xc          1    8.36s    0.0%   8.36s    293MiB    0.0%   293MiB
       ene_ops: non...      1    544ms    0.0%   544ms   9.47MiB    0.0%  9.47MiB
       ene_ops: kin...      1   43.5ms    0.0%  43.5ms    324KiB    0.0%   324KiB
       ene_ops: har...      1   9.77ms    0.0%  9.77ms   20.0MiB    0.0%  20.0MiB
       ene_ops: local       1   1.90ms    0.0%  1.90ms   4.04MiB    0.0%  4.04MiB
   Instantiation At...      1    4.84s    0.0%   4.84s   3.45GiB    0.0%  3.45GiB
   Instantiation At...      1    1.68s    0.0%   1.68s    316MiB    0.0%   316MiB
     enforce_real!          1   3.02ms    0.0%  3.02ms   3.98KiB    0.0%  3.98KiB
   Instantiation Xc         1    415ms    0.0%   415ms    168MiB    0.0%   168MiB
     enforce_real!          1   2.77ms    0.0%  2.77ms   3.98KiB    0.0%  3.98KiB
   Instantiation Ps...      1    212ms    0.0%   212ms   20.2MiB    0.0%  20.2MiB
   build_kpoints            1    176ms    0.0%   176ms    422MiB    0.0%   422MiB
   Instantiation Ki...      1   13.0ms    0.0%  13.0ms   46.6MiB    0.0%  46.6MiB
   Instantiation Ewald      1   10.8ms    0.0%  10.8ms   43.2KiB    0.0%  43.2KiB
     precomp: Ewald         1   10.7ms    0.0%  10.7ms   40.4KiB    0.0%  40.4KiB
   Instantiation Ha...      1   4.77ms    0.0%  4.77ms   6.01MiB    0.0%  6.01MiB
     enforce_real!          1   2.64ms    0.0%  2.64ms   3.98KiB    0.0%  3.98KiB
   _check_kpoint_re...      1   3.45ms    0.0%  3.45ms     0.00B    0.0%    0.00B
 save_scfres                2    7.86s    0.0%   3.93s    711MiB    0.0%   356MiB
 symmetry_operations       29    232ms    0.0%  8.02ms   12.2MiB    0.0%   431KiB
   _check_symmetries       29   4.32ms    0.0%   149μs   5.18MiB    0.0%   183KiB
 ────────────────────────────────────────────────────────────────────────────────
