
DFTK Version      0.6.16
Julia Version     1.10.4
FFTW.jl provider  fftw v3.3.10

BLAS.get_config()
  LinearAlgebra.BLAS.LBTConfig
  Libraries: 
  └ [ILP64] libopenblas64_.so

MPI.versioninfo()
  MPIPreferences:
    binary:  MPICH_jll
    abi:     MPICH
  
  Package versions
    MPI.jl:             0.20.16
    MPIPreferences.jl:  0.1.10
    MPICH_jll:          4.1.2+1
  
  Library information:
    libmpi:  /home/herbst/.julia/artifacts/0ed4137b58af5c5e3797cb0c400e60ed7c308bae/lib/libmpi.so
    libmpi dlpath:  /home/herbst/.julia/artifacts/0ed4137b58af5c5e3797cb0c400e60ed7c308bae/lib/libmpi.so
    MPI version:  4.0.0
    Library version:  
      MPICH Version:      4.1.2
      MPICH Release date: Wed Jun  7 15:22:45 CDT 2023
      MPICH ABI:          15:1:3
      MPICH Device:       ch3:nemesis
      MPICH configure:    --prefix=/workspace/destdir --build=x86_64-linux-musl --host=x86_64-linux-gnu --enable-shared=yes --enable-static=no --with-device=ch3 --disable-dependency-tracking --enable-fast=all,O3 --docdir=/tmp --mandir=/tmp
      MPICH CC:           cc    -DNDEBUG -DNVALGRIND -O3
      MPICH CXX:          c++   -DNDEBUG -DNVALGRIND -O3
      MPICH F77:          gfortran   -O3
      MPICH FC:           gfortran   -O3
      
  


truncated grid size:(54, 54, 54)
|ρref - ρorig|hm1 = 2.6614188284137104e-5
|ρref - ρorig|l2  = 0.00012143789862439797

# --- ε=1.0

n     Energy            log10(ΔE)   log10(Δρ)   Δtime
---   ---------------   ---------   ---------   ------
  1   -21.62786602539                   -0.78    41.5s
    hm1_norm_ρdiff=0.0005824478553836714 hm1_norm_Δρ=0.10656382003814738  error_V_h1=5.087732396721767  α = 1.0
  2   -21.66354280258       -1.45       -1.40    17.3s
    hm1_norm_ρdiff=0.10599406008086919 hm1_norm_Δρ=0.024833183287903883  error_V_h1=5.089497938505268  α = 1.0
  3   -21.66518323847       -2.79       -1.81    13.3s
    hm1_norm_ρdiff=0.08224110860438864 hm1_norm_Δρ=0.008400351562228446  error_V_h1=5.09002420201258  α = 1.0
  4   -21.67119556860       -2.22       -1.93    14.0s
    hm1_norm_ρdiff=0.07435362767730902 hm1_norm_Δρ=0.0072566191037805585  error_V_h1=5.089509140365726  α = 1.0

#-- |ρε - ρref| = 0.08367865908137458 vs. 0.01 = δ*ε  error_V_h1=5.089367579464881  Qε=0.00031530899580445553


# --- ε=0.5623413251903491

n     Energy            log10(ΔE)   log10(Δρ)   Δtime
---   ---------------   ---------   ---------   ------
  1   -21.67196800302                   -2.79    32.6s
    hm1_norm_ρdiff=0.08367866162155854 hm1_norm_Δρ=0.0009475103505075871  error_V_h1=5.084742401108562  α = 1.0
  2   -21.67234451978       -3.42       -3.13    13.3s
    hm1_norm_ρdiff=0.08275827630521992 hm1_norm_Δρ=0.0003454467866157971  error_V_h1=5.084761328240648  α = 1.0

#-- |ρε - ρref| = 0.08378039032870174 vs. 0.005623413251903491 = δ*ε  error_V_h1=5.0846202562268505  Qε=0.0005918620390192855


# --- ε=0.31622776601683794

n     Energy            log10(ΔE)   log10(Δρ)   Δtime
---   ---------------   ---------   ---------   ------
  1   -21.67206707953                   -3.09    40.0s
    hm1_norm_ρdiff=0.0839196840667904 hm1_norm_Δρ=0.0003882245593206355  error_V_h1=5.076217966384644  α = 0.535
  2   -21.67209304616       -4.59       -3.48    13.6s
    hm1_norm_ρdiff=0.0836189520439913 hm1_norm_Δρ=0.00019796566557443306  error_V_h1=5.076260251677576  α = 1.0

#-- |ρε - ρref| = 0.08350549623231909 vs. 0.0031622776601683794 = δ*ε  error_V_h1=5.076248497464132  Qε=0.0010945595461964725


# --- ε=0.1778279410038923

n     Energy            log10(ΔE)   log10(Δρ)   Δtime
---   ---------------   ---------   ---------   ------
  1   -21.67142835050                   -3.26    43.7s
    hm1_norm_ρdiff=0.08359302414292118 hm1_norm_Δρ=0.0002596501372360734  error_V_h1=5.061339395179245  α = 0.526
  2   -21.67143403741       -5.25       -3.67    13.6s
    hm1_norm_ρdiff=0.08340822307349591 hm1_norm_Δρ=0.0001356955163367245  error_V_h1=5.061394742803076  α = 1.0

#-- |ρε - ρref| = 0.083268392139085 vs. 0.001778279410038923 = δ*ε  error_V_h1=5.061398959717429  Qε=0.0019191491041502151


# --- ε=0.1

n     Energy            log10(ΔE)   log10(Δρ)   Δtime
---   ---------------   ---------   ---------   ------
  1   -21.67023417913                   -3.04    34.7s
    hm1_norm_ρdiff=0.08356122026132382 hm1_norm_Δρ=0.0005625753469898023  error_V_h1=5.035111151205635  α = 0.477
  2   -21.67023565653       -5.83       -3.23    21.3s
    hm1_norm_ρdiff=0.0831864672381284 hm1_norm_Δρ=0.0003679228200604877  error_V_h1=5.035240847330913  α = 0.495

#-- |ρε - ρref| = 0.08275182396708683 vs. 0.001 = δ*ε  error_V_h1=5.0352890371421095  Qε=0.0032013044578038043


# --- ε=0.05623413251903491

n     Energy            log10(ΔE)   log10(Δρ)   Δtime
---   ---------------   ---------   ---------   ------
  1   -21.66813368995                   -2.76    31.1s
    hm1_norm_ρdiff=0.0827518245573064 hm1_norm_Δρ=0.0010808664420822096  error_V_h1=4.989931302022339  α = 1.0
  2   -21.66813711071       -5.47       -3.61    12.8s
    hm1_norm_ρdiff=0.08167220367978056 hm1_norm_Δρ=0.00015126803725648365  error_V_h1=4.989743030075672  α = 1.0
  3   -21.66813797533       -6.06       -3.56    20.1s
    hm1_norm_ρdiff=0.08173064256516831 hm1_norm_Δρ=0.00017106574352786978  error_V_h1=4.989634750121241  α = 0.501

#-- |ρε - ρref| = 0.08186668411655049 vs. 0.0005623413251903491 = δ*ε  error_V_h1=4.9896781561556685  Qε=0.005693269545834877


# --- ε=0.03162277660168379

n     Energy            log10(ΔE)   log10(Δρ)   Δtime
---   ---------------   ---------   ---------   ------
  1   -21.66450944009                   -2.48    34.0s
    hm1_norm_ρdiff=0.08186668809990656 hm1_norm_Δρ=0.002048224190077328  error_V_h1=4.912279279692543  α = 1.0
  2   -21.66452224001       -4.89       -3.20    14.4s
    hm1_norm_ρdiff=0.07982077052367327 hm1_norm_Δρ=0.000397516855713902  error_V_h1=4.911389792830474  α = 1.0
  3   -21.66452450441       -5.65       -3.51    22.8s
    hm1_norm_ρdiff=0.08011353155238138 hm1_norm_Δρ=0.00017512089884030028  error_V_h1=4.911219221026714  α = 0.473
  4   -21.66452515548       -6.19       -3.96    14.1s
    hm1_norm_ρdiff=0.0802812078696239 hm1_norm_Δρ=5.9511760018379286e-5  error_V_h1=4.911343924505494  α = 1.0

#-- |ρε - ρref| = 0.08015036711132467 vs. 0.00031622776601683794 = δ*ε  error_V_h1=4.9115062633578725  Qε=0.010279738845876666


# --- ε=0.01778279410038923

n     Energy            log10(ΔE)   log10(Δρ)   Δtime
---   ---------------   ---------   ---------   ------
  1   -21.65840046702                   -2.25    32.0s
    hm1_norm_ρdiff=0.08015038657703702 hm1_norm_Δρ=0.0034812686533242606  error_V_h1=4.783201478435684  α = 1.0
  2   -21.65844158235       -4.39       -2.90    14.2s
    hm1_norm_ρdiff=0.07667332590525545 hm1_norm_Δρ=0.0007823861860746868  error_V_h1=4.780091295764854  α = 1.0
  3   -21.65844742663       -5.23       -3.28    23.8s
    hm1_norm_ρdiff=0.07729519818942826 hm1_norm_Δρ=0.00029050924011822104  error_V_h1=4.779576525819198  α = 0.509
  4   -21.65844924032       -5.74       -3.73    13.8s
    hm1_norm_ρdiff=0.07756651373903949 hm1_norm_Δρ=0.00010502034495603644  error_V_h1=4.779975051114297  α = 1.0
  5   -21.65845028484       -5.98       -3.62    14.8s
    hm1_norm_ρdiff=0.07746721022582259 hm1_norm_Δρ=0.0001342727453684932  error_V_h1=4.780453435271358  α = 1.0

#-- |ρε - ρref| = 0.07735222382786211 vs. 0.0001778279410038923 = δ*ε  error_V_h1=4.78040082439187  Qε=0.01724141986106465


# --- ε=0.01

n     Energy            log10(ΔE)   log10(Δρ)   Δtime
---   ---------------   ---------   ---------   ------
  1   -21.64845173873                   -2.02    30.3s
    hm1_norm_ρdiff=0.07735232340188584 hm1_norm_Δρ=0.006006181842490194  error_V_h1=4.580358917639079  α = 1.0
  2   -21.64860940695       -3.80       -2.58    11.9s
    hm1_norm_ρdiff=0.07135554573059932 hm1_norm_Δρ=0.0016382506720872766  error_V_h1=4.568856609550635  α = 1.0
  3   -21.64862224184       -4.89       -3.15    19.4s
    hm1_norm_ρdiff=0.07280164366080427 hm1_norm_Δρ=0.00036442097847081887  error_V_h1=4.567894232749165  α = 0.5
  4   -21.64862683547       -5.34       -3.67    12.3s
    hm1_norm_ρdiff=0.07311007453387432 hm1_norm_Δρ=0.00011322890011513325  error_V_h1=4.56859189404208  α = 1.0
  5   -21.64862894590       -5.68       -3.46    12.3s
    hm1_norm_ρdiff=0.0730055116215679 hm1_norm_Δρ=0.00019185580872354443  error_V_h1=4.569789573768776  α = 1.0
  6   -21.64862967621       -6.14       -4.37    12.6s
    hm1_norm_ρdiff=0.07282324191653258 hm1_norm_Δρ=1.8810413236321146e-5  error_V_h1=4.569724286328267  α = 1.0
  7   -21.64863008071       -6.39       -3.93    11.8s
    hm1_norm_ρdiff=0.07283553715967248 hm1_norm_Δρ=6.723666825793008e-5  error_V_h1=4.569287941674468  α = 1.0

#-- |ρε - ρref| = 0.07289664352974656 vs. 0.0001 = δ*ε  error_V_h1=4.569314000235252  Qε=0.029538080898678595


# --- ε=0.005623413251903491

n     Energy            log10(ΔE)   log10(Δρ)   Δtime
---   ---------------   ---------   ---------   ------
  1   -21.63304704685                   -1.79    31.7s
    hm1_norm_ρdiff=0.07289712667000514 hm1_norm_Δρ=0.010154070036699237  error_V_h1=4.293169811424371  α = 1.0
  2   -21.63366618138       -3.21       -2.26    16.5s
    hm1_norm_ρdiff=0.06276364739882667 hm1_norm_Δρ=0.0034515357758327235  error_V_h1=4.250853057318671  α = 1.0
  3   -21.63369815372       -4.50       -2.91    20.2s
    hm1_norm_ρdiff=0.06592362001888129 hm1_norm_Δρ=0.0006168902409261353  error_V_h1=4.24817937139679  α = 0.512
  4   -21.63370923440       -4.96       -3.46    14.8s
    hm1_norm_ρdiff=0.06641825813292375 hm1_norm_Δρ=0.00018785164160518283  error_V_h1=4.250198388710963  α = 1.0
  5   -21.63371376717       -5.34       -3.30    13.7s
    hm1_norm_ρdiff=0.06624072228350555 hm1_norm_Δρ=0.000271357926031656  error_V_h1=4.2530220831292445  α = 1.0
  6   -21.63371589264       -5.67       -4.07    13.4s
    hm1_norm_ρdiff=0.06598883251217572 hm1_norm_Δρ=4.218785002203117e-5  error_V_h1=4.252657481855999  α = 1.0
  7   -21.63371656390       -6.17       -3.77    16.0s
    hm1_norm_ρdiff=0.06602549846325803 hm1_norm_Δρ=9.373539402251459e-5  error_V_h1=4.251688364137968  α = 1.0
  8   -21.63371711226       -6.26       -4.47    12.8s
    hm1_norm_ρdiff=0.06611321085762073 hm1_norm_Δρ=1.4552830343719478e-5  error_V_h1=4.251768678023068  α = 1.0
  9   -21.63371723415       -6.91       -4.20    15.3s
    hm1_norm_ρdiff=0.06610327353026363 hm1_norm_Δρ=3.4924451724740424e-5  error_V_h1=4.252131916917528  α = 1.0

#-- |ρε - ρref| = 0.06607492844527522 vs. 5.6234132519034914e-5 = δ*ε  error_V_h1=4.252105770076774  Qε=0.048452951760771086


# --- ε=0.0031622776601683794

n     Energy            log10(ΔE)   log10(Δρ)   Δtime
---   ---------------   ---------   ---------   ------
  1   -21.61039896150                   -1.58    29.6s
    hm1_norm_ρdiff=0.0660769598287329 hm1_norm_Δρ=0.01635252789388879  error_V_h1=3.9664374220656717  α = 1.0
  2   -21.61297697083       -2.59       -1.94    13.1s
    hm1_norm_ρdiff=0.04977704222382166 hm1_norm_Δρ=0.0070822941032260295  error_V_h1=3.8172267328221645  α = 1.0
  3   -21.61303787563       -4.22       -2.74    23.9s
    hm1_norm_ρdiff=0.05648490645997098 hm1_norm_Δρ=0.0008863523525856432  error_V_h1=3.8116826725897757  α = 0.519
  4   -21.61305975860       -4.66       -3.38    13.3s
    hm1_norm_ρdiff=0.05710598567066415 hm1_norm_Δρ=0.00021389152545797448  error_V_h1=3.8151813690073806  α = 1.0
  5   -21.61306734635       -5.12       -3.23    15.7s
    hm1_norm_ρdiff=0.05691177255933654 hm1_norm_Δρ=0.0003082781171289608  error_V_h1=3.819963263368703  α = 1.0
  6   -21.61307264300       -5.28       -3.89    15.1s
    hm1_norm_ρdiff=0.05664911100034702 hm1_norm_Δρ=5.347045554660693e-5  error_V_h1=3.819693392651303  α = 1.0
  7   -21.61307351821       -6.06       -3.66    15.6s
    hm1_norm_ρdiff=0.05668038758377793 hm1_norm_Δρ=0.00011152386216770344  error_V_h1=3.818046974261996  α = 1.0
  8   -21.61307492450       -5.85       -4.13    16.6s
    hm1_norm_ρdiff=0.056773864616077654 hm1_norm_Δρ=3.1680907911472804e-5  error_V_h1=3.818204658010545  α = 1.0
  9   -21.61307502418       -7.00       -4.07    15.0s
    hm1_norm_ρdiff=0.05675680295208512 hm1_norm_Δρ=4.365817085354719e-5  error_V_h1=3.8188714941131296  α = 1.0
 10   -21.61307539021       -6.44       -4.46    13.2s
    hm1_norm_ρdiff=0.05672029909156688 hm1_norm_Δρ=1.5151206579124401e-5  error_V_h1=3.8187822014685744  α = 1.0
 11   -21.61307545839       -7.17       -4.45    22.5s
    hm1_norm_ρdiff=0.05672101806289956 hm1_norm_Δρ=1.8255996970604573e-5  error_V_h1=3.8186398493328984  α = 0.494

#-- |ρε - ρref| = 0.05674007046060094 vs. 3.1622776601683795e-5 = δ*ε  error_V_h1=3.8185647084610697  Qε=0.07665246323460351


# --- ε=0.0017782794100389228

n     Energy            log10(ΔE)   log10(Δρ)   Δtime
---   ---------------   ---------   ---------   ------
  1   -21.58724463361                   -1.39    38.9s
    hm1_norm_ρdiff=0.06892967061245726 hm1_norm_Δρ=0.025155510357189135  error_V_h1=3.354542004558674  α = 0.516
  2   -21.58769682516       -3.34       -2.49    13.6s
    hm1_norm_ρdiff=0.04386020757566477 hm1_norm_Δρ=0.001838614442537832  error_V_h1=3.2965631936839586  α = 1.0
  3   -21.58772534020       -4.54       -2.73    12.8s
    hm1_norm_ρdiff=0.04545015421163421 hm1_norm_Δρ=0.0009219043608736476  error_V_h1=3.2767076610238863  α = 1.0
  4   -21.58782518073       -4.00       -2.96    13.7s
    hm1_norm_ρdiff=0.046156033792853775 hm1_norm_Δρ=0.0005783820358384  error_V_h1=3.2918174963046494  α = 1.0
  5   -21.58783813430       -4.89       -3.12    21.4s
    hm1_norm_ρdiff=0.04578914297267751 hm1_norm_Δρ=0.00039917533203337685  error_V_h1=3.296918715500412  α = 0.509
  6   -21.58784284959       -5.33       -3.91    14.0s
    hm1_norm_ρdiff=0.04546043685814812 hm1_norm_Δρ=6.152702376416502e-5  error_V_h1=3.2991037301089063  α = 1.0
  7   -21.58784512576       -5.64       -4.02    14.7s
    hm1_norm_ρdiff=0.04541504884747701 hm1_norm_Δρ=3.9793390086078514e-5  error_V_h1=3.298689928203896  α = 1.0
  8   -21.58784598431       -6.07       -4.09    13.5s
    hm1_norm_ρdiff=0.045436989468614894 hm1_norm_Δρ=3.311548717063328e-5  error_V_h1=3.297926063198639  α = 1.0
  9   -21.58784637102       -6.41       -4.30    15.1s
    hm1_norm_ρdiff=0.04544570286279408 hm1_norm_Δρ=2.4392233075189594e-5  error_V_h1=3.29848169186441  α = 1.0
 10   -21.58784659228       -6.66       -4.40    14.4s
    hm1_norm_ρdiff=0.04542643317883621 hm1_norm_Δρ=1.7373491873856035e-5  error_V_h1=3.298965204630062  α = 1.0
 11   -21.58784667828       -7.07       -4.72    15.0s
    hm1_norm_ρdiff=0.04541927310999827 hm1_norm_Δρ=9.705431926308287e-6  error_V_h1=3.2987067525949048  α = 1.0

#-- |ρε - ρref| = 0.045432824964932464 vs. 1.778279410038923e-5 = δ*ε  error_V_h1=3.2984406026905155  Qε=0.11497418261878516


# --- ε=0.001

n     Energy            log10(ΔE)   log10(Δρ)   Δtime
---   ---------------   ---------   ---------   ------
  1   -21.55660321606                   -1.24    38.3s
    hm1_norm_ρdiff=0.06209201451297397 hm1_norm_Δρ=0.03588487566305424  error_V_h1=3.18867730477768  α = 0.537
  2   -21.56104871343       -2.35       -1.91    14.0s
    hm1_norm_ρdiff=0.02644653769686461 hm1_norm_Δρ=0.007381211228858253  error_V_h1=2.7671783021929426  α = 1.0
  3   -21.56117521297       -3.90       -2.51    20.2s
    hm1_norm_ρdiff=0.03318254224690472 hm1_norm_Δρ=0.0015062159425512252  error_V_h1=2.745626160976129  α = 0.522
  4   -21.56121197942       -4.43       -3.10    12.3s
    hm1_norm_ρdiff=0.03400949759740662 hm1_norm_Δρ=0.00034070159339255444  error_V_h1=2.749215270075392  α = 1.0
  5   -21.56122437382       -4.91       -3.25    15.5s
    hm1_norm_ρdiff=0.0338122000801054 hm1_norm_Δρ=0.00030125296623749004  error_V_h1=2.762372286305717  α = 1.0
  6   -21.56123261157       -5.08       -3.40    14.9s
    hm1_norm_ρdiff=0.033579926229506354 hm1_norm_Δρ=0.000160815250900601  error_V_h1=2.765512417794884  α = 1.0
  7   -21.56123496802       -5.63       -3.63    12.8s
    hm1_norm_ρdiff=0.03359934928762295 hm1_norm_Δρ=0.0001254336972287603  error_V_h1=2.7590542861159135  α = 1.0
  8   -21.56123641593       -5.84       -3.78    15.7s
    hm1_norm_ρdiff=0.033696028405374084 hm1_norm_Δρ=6.948905087502132e-5  error_V_h1=2.757768967235407  α = 1.0
  9   -21.56123698897       -6.24       -3.92    17.5s
    hm1_norm_ρdiff=0.03368883484294475 hm1_norm_Δρ=5.997176655534497e-5  error_V_h1=2.7610100756970555  α = 1.0
 10   -21.56123726971       -6.55       -4.29    13.8s
    hm1_norm_ρdiff=0.033647150505111634 hm1_norm_Δρ=2.183610526989482e-5  error_V_h1=2.761276089716976  α = 1.0
 11   -21.56123740784       -6.86       -4.22    15.6s
    hm1_norm_ρdiff=0.03365215137988318 hm1_norm_Δρ=2.7760324805590293e-5  error_V_h1=2.7598528526110373  α = 1.0
 12   -21.56123747365       -7.18       -4.81    15.2s
    hm1_norm_ρdiff=0.033669187274321784 hm1_norm_Δρ=6.568722487618763e-6  error_V_h1=2.759944544737192  α = 1.0
 13   -21.56123750144       -7.56       -4.56    12.9s
    hm1_norm_ρdiff=0.03366541742517571 hm1_norm_Δρ=1.3152230663352389e-5  error_V_h1=2.7606485456081726  α = 1.0
 14   -21.56123752064       -7.72       -5.02    15.2s
    hm1_norm_ρdiff=0.03365678817699366 hm1_norm_Δρ=4.780654814284546e-6  error_V_h1=2.7604327686071195  α = 1.0
 15   -21.56123752457       -8.41       -4.91    12.7s
    hm1_norm_ρdiff=0.03366103620961549 hm1_norm_Δρ=5.1872077306073675e-6  error_V_h1=2.760225326397571  α = 1.0

#-- |ρε - ρref| = 0.03366213061502171 vs. 1.0e-5 = δ*ε  error_V_h1=2.76027687217304  Qε=0.1631675858912548


# --- ε=0.0005623413251903491

n     Energy            log10(ΔE)   log10(Δρ)   Δtime
---   ---------------   ---------   ---------   ------
  1   -21.53570768789                   -1.12    45.0s
    hm1_norm_ρdiff=0.06752825694189306 hm1_norm_Δρ=0.04750156887703719  error_V_h1=2.5209116252137482  α = 0.287
  2   -21.53689507335       -2.93       -2.21    12.9s
    hm1_norm_ρdiff=0.020344826905838893 hm1_norm_Δρ=0.0032416471923088956  error_V_h1=2.307385467910662  α = 1.0
  3   -21.53706760769       -3.76       -2.52    20.8s
    hm1_norm_ρdiff=0.022591640845132998 hm1_norm_Δρ=0.0015336776970876738  error_V_h1=2.2595387493423393  α = 0.504
  4   -21.53707896295       -4.94       -2.83    13.6s
    hm1_norm_ρdiff=0.023478301798476625 hm1_norm_Δρ=0.0005990358582124307  error_V_h1=2.2476757576702187  α = 1.0
  5   -21.53710941328       -4.52       -3.13    13.5s
    hm1_norm_ρdiff=0.023314187111512036 hm1_norm_Δρ=0.00034890741067536267  error_V_h1=2.2768210904327337  α = 1.0
  6   -21.53711035268       -6.03       -3.52    12.9s
    hm1_norm_ρdiff=0.02310894287027955 hm1_norm_Δρ=0.0001270103467205175  error_V_h1=2.28103035546206  α = 1.0
  7   -21.53711498485       -5.33       -3.60    13.6s
    hm1_norm_ρdiff=0.023140593046078642 hm1_norm_Δρ=0.00011310887074992129  error_V_h1=2.2730324792438066  α = 1.0
  8   -21.53711536314       -6.42       -3.94    15.9s
    hm1_norm_ρdiff=0.02318939985988227 hm1_norm_Δρ=5.057218586698965e-5  error_V_h1=2.272284956207638  α = 1.0
  9   -21.53711607335       -6.15       -4.30    13.9s
    hm1_norm_ρdiff=0.02317268149263038 hm1_norm_Δρ=2.4564223660799507e-5  error_V_h1=2.274883125728676  α = 1.0
 10   -21.53711612086       -7.32       -4.18    13.1s
    hm1_norm_ρdiff=0.023159037710845938 hm1_norm_Δρ=2.878483052915425e-5  error_V_h1=2.2752526865950853  α = 1.0
 11   -21.53711633324       -6.67       -4.44    14.7s
    hm1_norm_ρdiff=0.02316315913369532 hm1_norm_Δρ=1.602168158832418e-5  error_V_h1=2.2744042453441433  α = 1.0
 12   -21.53711636524       -7.49       -4.75    21.1s
    hm1_norm_ρdiff=0.0231674833838915 hm1_norm_Δρ=7.087453051762142e-6  error_V_h1=2.2743761782832297  α = 0.509
 13   -21.53711637947       -7.85       -4.89    14.0s
    hm1_norm_ρdiff=0.023166143347581346 hm1_norm_Δρ=6.08542803277778e-6  error_V_h1=2.274724781399157  α = 1.0
 14   -21.53711638885       -8.03       -4.92    13.7s
    hm1_norm_ρdiff=0.02316208077558546 hm1_norm_Δρ=6.106552217241635e-6  error_V_h1=2.274475962234235  α = 1.0
 15   -21.53711639043       -8.80       -4.99    13.6s
    hm1_norm_ρdiff=0.02316686297142076 hm1_norm_Δρ=5.331986632150047e-6  error_V_h1=2.274750776490599  α = 1.0
 16   -21.53711639272       -8.64       -5.16    13.8s
    hm1_norm_ρdiff=0.02316263995998014 hm1_norm_Δρ=3.86502918230255e-6  error_V_h1=2.274425800698782  α = 1.0

#-- |ρε - ρref| = 0.023164911032748557 vs. 5.623413251903491e-6 = δ*ε  error_V_h1=2.2745438779941813  Qε=0.22072949515367393


# --- ε=0.00031622776601683794

n     Energy            log10(ΔE)   log10(Δρ)   Δtime
---   ---------------   ---------   ---------   ------
  1   -21.51761966676                   -1.03    52.1s
    hm1_norm_ρdiff=0.07228945443600687 hm1_norm_Δρ=0.05813419039262452  error_V_h1=1.8934577072762253  α = 0.154
  2   -21.51788767635       -3.57       -2.28    20.0s
    hm1_norm_ρdiff=0.014539515920236478 hm1_norm_Δρ=0.0021990208715893115  error_V_h1=1.93819010406671  α = 0.507
  3   -21.51798511518       -4.01       -2.92    13.5s
    hm1_norm_ρdiff=0.014604653194855505 hm1_norm_Δρ=0.0006210977468142628  error_V_h1=1.8638552422194863  α = 1.0
  4   -21.51800056217       -4.81       -3.27    14.0s
    hm1_norm_ρdiff=0.01512086744922065 hm1_norm_Δρ=0.0002102868148074755  error_V_h1=1.85556966535804  α = 1.0
  5   -21.51800591306       -5.27       -3.33    13.0s
    hm1_norm_ρdiff=0.015096631403731856 hm1_norm_Δρ=0.00022535053741860173  error_V_h1=1.8712141809130431  α = 1.0
  6   -21.51801011589       -5.38       -3.41    13.6s
    hm1_norm_ρdiff=0.014983173627005672 hm1_norm_Δρ=0.00016038994530463428  error_V_h1=1.883894722890938  α = 1.0
  7   -21.51801222373       -5.68       -3.60    23.8s
    hm1_norm_ρdiff=0.014931763799972034 hm1_norm_Δρ=0.0001132870245135225  error_V_h1=1.8770264326782247  α = 0.488
  8   -21.51801240017       -6.75       -3.88    15.0s
    hm1_norm_ρdiff=0.01497777229458826 hm1_norm_Δρ=5.505895333448638e-5  error_V_h1=1.8700071048642197  α = 1.0
  9   -21.51801301789       -6.21       -4.03    15.3s
    hm1_norm_ρdiff=0.015012840879346404 hm1_norm_Δρ=4.100480069425595e-5  error_V_h1=1.8722459488848728  α = 1.0
 10   -21.51801315433       -6.87       -4.17    22.5s
    hm1_norm_ρdiff=0.015006462439239395 hm1_norm_Δρ=2.8051322622548034e-5  error_V_h1=1.8737049656525508  α = 0.506
 11   -21.51801319835       -7.36       -4.80    13.3s
    hm1_norm_ρdiff=0.014992815260924124 hm1_norm_Δρ=6.426595684644604e-6  error_V_h1=1.8736611037058273  α = 1.0
 12   -21.51801321812       -7.70       -4.86    15.1s
    hm1_norm_ρdiff=0.01499280045376183 hm1_norm_Δρ=6.221356290773568e-6  error_V_h1=1.8731717065125264  α = 1.0
 13   -21.51801322929       -7.95       -4.83    14.2s
    hm1_norm_ρdiff=0.01499764303400683 hm1_norm_Δρ=6.771101726538044e-6  error_V_h1=1.8735524281690428  α = 1.0
 14   -21.51801323416       -8.31       -4.77    20.3s
    hm1_norm_ρdiff=0.01499018215091764 hm1_norm_Δρ=8.377268046618938e-6  error_V_h1=1.8733690460869379  α = 0.513
 15   -21.51801323567       -8.82       -4.92    21.4s
    hm1_norm_ρdiff=0.014998915960141728 hm1_norm_Δρ=6.980554026931874e-6  error_V_h1=1.8737838409702388  α = 0.534
 16   -21.51801323672       -8.98       -5.24    15.0s
    hm1_norm_ρdiff=0.014992197560686956 hm1_norm_Δρ=3.2359164757361906e-6  error_V_h1=1.873452595478078  α = 1.0
 17   -21.51801323787       -8.94       -5.67    13.8s
    hm1_norm_ρdiff=0.014995122868575947 hm1_norm_Δρ=8.75158625281649e-7  error_V_h1=1.873495314425427  α = 1.0
 18   -21.51801323795      -10.08       -5.75    13.9s
    hm1_norm_ρdiff=0.014994701309621867 hm1_norm_Δρ=7.36699964326522e-7  error_V_h1=1.873529406078717  α = 1.0

#-- |ρε - ρref| = 0.014994203886634784 vs. 3.1622776601683796e-6 = δ*ε  error_V_h1=1.8735354758979892  Qε=0.2818992425471551


# --- ε=0.00017782794100389227

n     Energy            log10(ΔE)   log10(Δρ)   Δtime
---   ---------------   ---------   ---------   ------
  1   -21.50410183848                   -0.97    62.1s
    hm1_norm_ρdiff=0.07600729308386424 hm1_norm_Δρ=0.06656082824911924  error_V_h1=1.3941262568759436  α = 0.0815
  2   -21.50433979933       -3.62       -2.14    27.8s
    hm1_norm_ρdiff=0.01096606234268631 hm1_norm_Δρ=0.0031551608880161595  error_V_h1=1.508106263683452  α = 0.273
  3   -21.50437665064       -4.43       -2.80    23.9s
    hm1_norm_ρdiff=0.00966000525826035 hm1_norm_Δρ=0.0007024318731307156  error_V_h1=1.540295734741967  α = 0.512
  4   -21.50439155598       -4.83       -2.84    22.5s
    hm1_norm_ρdiff=0.009501290022685455 hm1_norm_Δρ=0.000660015156142897  error_V_h1=1.5778828920239674  α = 0.534
  5   -21.50440552228       -4.85       -3.26    13.7s
    hm1_norm_ρdiff=0.009198664222594102 hm1_norm_Δρ=0.0001973550365171479  error_V_h1=1.5435655822223453  α = 1.0
  6   -21.50440970037       -5.38       -3.56    17.4s
    hm1_norm_ρdiff=0.009231073344600545 hm1_norm_Δρ=0.00011089190360500479  error_V_h1=1.548846213622428  α = 1.0
  7   -21.50441094554       -5.90       -3.84    13.8s
    hm1_norm_ρdiff=0.009290915014529364 hm1_norm_Δρ=5.188494262292084e-5  error_V_h1=1.5467529843355556  α = 1.0
  8   -21.50441153305       -6.23       -3.99    17.1s
    hm1_norm_ρdiff=0.009283589914679001 hm1_norm_Δρ=3.9174961669332764e-5  error_V_h1=1.5486457759860777  α = 1.0
  9   -21.50441190204       -6.43       -4.27    16.2s
    hm1_norm_ρdiff=0.009266059957367583 hm1_norm_Δρ=1.788374854533597e-5  error_V_h1=1.548849139231515  α = 1.0
 10   -21.50441193868       -7.44       -4.44    14.3s
    hm1_norm_ρdiff=0.009272542662337341 hm1_norm_Δρ=1.3468403971971321e-5  error_V_h1=1.546883171082571  α = 1.0
 11   -21.50441203096       -7.03       -4.64    14.7s
    hm1_norm_ρdiff=0.00927949576666328 hm1_norm_Δρ=8.108530273804124e-6  error_V_h1=1.5477059231072021  α = 1.0
 12   -21.50441205075       -7.70       -4.62    24.9s
    hm1_norm_ρdiff=0.009280587928487178 hm1_norm_Δρ=1.0672258940970124e-5  error_V_h1=1.5485374991724035  α = 0.501
 13   -21.50441205392       -8.50       -4.62    29.6s
    hm1_norm_ρdiff=0.009262673045555635 hm1_norm_Δρ=1.4582682330550563e-5  error_V_h1=1.5478140126170086  α = 0.291
 14   -21.50441205939       -8.26       -4.96    23.5s
    hm1_norm_ρdiff=0.009278761796063191 hm1_norm_Δρ=5.126151889356943e-6  error_V_h1=1.5480655788433013  α = 0.499
 15   -21.50441206215       -8.56       -4.90    24.7s
    hm1_norm_ρdiff=0.009274808897207587 hm1_norm_Δρ=5.0225973596928885e-6  error_V_h1=1.5480741377107523  α = 0.521
 16   -21.50441206377       -8.79       -4.99    23.8s
    hm1_norm_ρdiff=0.00927499698470038 hm1_norm_Δρ=4.227100940600549e-6  error_V_h1=1.547871742574191  α = 0.52
 17   -21.50441206437       -9.22       -5.51    16.0s
    hm1_norm_ρdiff=0.009275387095916104 hm1_norm_Δρ=1.221391662719894e-6  error_V_h1=1.5481613420942855  α = 1.0
 18   -21.50441206461       -9.63       -5.50    15.5s
    hm1_norm_ρdiff=0.009274983597606094 hm1_norm_Δρ=1.1977619395765752e-6  error_V_h1=1.5481575644688812  α = 1.0

#-- |ρε - ρref| = 0.009275383882071357 vs. 1.7782794100389227e-6 = δ*ε  error_V_h1=1.5479206029796333  Qε=0.36658165453231445


# --- ε=0.0001

n     Energy            log10(ΔE)   log10(Δρ)   Δtime
---   ---------------   ---------   ---------   ------
  1   -21.49198414003                   -0.94    63.9s
    hm1_norm_ρdiff=0.0750970074740884 hm1_norm_Δρ=0.0723997711005584  error_V_h1=2.7424957570616737  α = 0.0897
  2   -21.49341535276       -2.84       -1.92    20.3s
    hm1_norm_ρdiff=0.004393417027090808 hm1_norm_Δρ=0.005003197369447885  error_V_h1=2.418179565629635  α = 0.525
  3   -21.49437861595       -3.02       -1.96    21.4s
    hm1_norm_ρdiff=0.0032980509888233494 hm1_norm_Δρ=0.005635057462794573  error_V_h1=1.7055743865303998  α = 0.536
  4   -21.49461252066       -3.63       -1.90    29.2s
    hm1_norm_ρdiff=0.007389198595168307 hm1_norm_Δρ=0.005937661918887334  error_V_h1=1.4623496529499598  α = 0.298
  5   -21.49513732248       -3.28       -2.42    12.5s
    hm1_norm_ρdiff=0.006752744848693317 hm1_norm_Δρ=0.0017399327621699296  error_V_h1=1.2195627879032038  α = 1.0
  6   -21.49537127516       -3.63       -2.50    19.8s
    hm1_norm_ρdiff=0.005717093552509424 hm1_norm_Δρ=0.0011071463379202819  error_V_h1=1.3781847316098945  α = 0.5
  7   -21.49541166354       -4.39       -2.99    13.3s
    hm1_norm_ρdiff=0.005213865627789529 hm1_norm_Δρ=0.000529791551571678  error_V_h1=1.2606803156609472  α = 1.0
  8   -21.49543039770       -4.73       -3.03    18.7s
    hm1_norm_ρdiff=0.005674658086916739 hm1_norm_Δρ=0.0003476235996988287  error_V_h1=1.2557829783529464  α = 0.509
  9   -21.49543831201       -5.10       -3.27    17.6s
    hm1_norm_ρdiff=0.005770036447599185 hm1_norm_Δρ=0.00024004211675017823  error_V_h1=1.2690353304763498  α = 0.505
 10   -21.49543927935       -6.01       -3.58    17.9s
    hm1_norm_ρdiff=0.005625400536438408 hm1_norm_Δρ=0.00010607517678663995  error_V_h1=1.2750685635326062  α = 0.526
 11   -21.49543949515       -6.67       -4.29    12.0s
    hm1_norm_ρdiff=0.005549360584172601 hm1_norm_Δρ=1.868097291836914e-5  error_V_h1=1.2750115430282314  α = 1.0
 12   -21.49543954371       -7.31       -4.46    12.1s
    hm1_norm_ρdiff=0.005558112853085213 hm1_norm_Δρ=1.3638419160284162e-5  error_V_h1=1.272790057258947  α = 1.0
 13   -21.49543959768       -7.27       -4.69    14.5s
    hm1_norm_ρdiff=0.005568175667088383 hm1_norm_Δρ=6.921128301429563e-6  error_V_h1=1.2728885043732259  α = 1.0
 14   -21.49543961043       -7.89       -4.58    22.3s
    hm1_norm_ρdiff=0.0055673070150796585 hm1_norm_Δρ=1.075401005828088e-5  error_V_h1=1.2733880056620923  α = 0.517
 15   -21.49543961321       -8.55       -4.36    31.0s
    hm1_norm_ρdiff=0.0055619778056515915 hm1_norm_Δρ=1.728045293849166e-5  error_V_h1=1.274220928427585  α = 0.296
 16   -21.49543961940       -8.21       -5.05    15.3s
    hm1_norm_ρdiff=0.005560549365716778 hm1_norm_Δρ=3.059807980456189e-6  error_V_h1=1.2739102777564983  α = 1.0
 17   -21.49543962135       -8.71       -5.14    20.1s
    hm1_norm_ρdiff=0.00556060049205643 hm1_norm_Δρ=3.030838629802307e-6  error_V_h1=1.273582777919071  α = 0.503
 18   -21.49543962177       -9.38       -4.82    39.7s
    hm1_norm_ρdiff=0.005562621393498653 hm1_norm_Δρ=6.386150132854545e-6  error_V_h1=1.273524000139275  α = 0.146
 19   -21.49543962218       -9.38       -5.47    25.2s
    hm1_norm_ρdiff=0.005562819687108489 hm1_norm_Δρ=1.1777747476390336e-6  error_V_h1=1.2736806225509463  α = 0.485
 20   -21.49543962230       -9.90       -5.64    20.4s
    hm1_norm_ρdiff=0.005562551224030567 hm1_norm_Δρ=9.729288821487697e-7  error_V_h1=1.2736965888598482  α = 0.463
 21   -21.49543962232      -10.85       -5.53    28.8s
    hm1_norm_ρdiff=0.005561314124039968 hm1_norm_Δρ=1.2525195512415458e-6  error_V_h1=1.2736367973292748  α = 0.282
 22   -21.49543962233      -10.98       -5.76    26.1s
    hm1_norm_ρdiff=0.0055626476516069815 hm1_norm_Δρ=8.076141601681696e-7  error_V_h1=1.2737009403236474  α = 0.238
 23   -21.49543962233      -11.89       -5.83    35.8s
    hm1_norm_ρdiff=0.005562016808641433 hm1_norm_Δρ=5.483255378396131e-7  error_V_h1=1.2737025410270995  α = 0.0461

#-- |ρε - ρref| = 0.005561999350677539 vs. 1.0000000000000002e-6 = δ*ε  error_V_h1=1.2737004863654684  Qε=0.4568833700709038


# --- ε=5.623413251903491e-5

n     Energy            log10(ΔE)   log10(Δρ)   Δtime
---   ---------------   ---------   ---------   ------
  1   -21.48839932338                   -0.92    68.4s
    hm1_norm_ρdiff=0.07820669164712525 hm1_norm_Δρ=0.07631571239902855  error_V_h1=2.221965467931004  α = 0.0468
  2   -21.48884814017       -3.35       -1.90    36.5s
    hm1_norm_ρdiff=0.005804610914622878 hm1_norm_Δρ=0.005212603787761948  error_V_h1=2.058357721739109  α = 0.151
  3   -21.48929325575       -3.35       -2.19    29.6s
    hm1_norm_ρdiff=0.0023845430236564824 hm1_norm_Δρ=0.0029921522182897614  error_V_h1=1.732467993046221  α = 0.277
  4   -21.48971402496       -3.38       -2.00    38.0s
    hm1_norm_ρdiff=0.0035741492155781456 hm1_norm_Δρ=0.005074689990034591  error_V_h1=1.2968162890901438  α = 0.154
  5   -21.48980744439       -4.03       -2.47    27.5s
    hm1_norm_ρdiff=0.002875186859669808 hm1_norm_Δρ=0.0012399449734944638  error_V_h1=1.0187370866920669  α = 0.281
  6   -21.48981266690       -5.28       -3.38    19.4s
    hm1_norm_ρdiff=0.0033777522493402532 hm1_norm_Δρ=0.00015126887303713838  error_V_h1=1.0162277969688278  α = 0.514
  7   -21.48981382246       -5.94       -3.42    19.7s
    hm1_norm_ρdiff=0.0033523738751837276 hm1_norm_Δρ=0.00015712290820199166  error_V_h1=1.0275670689897545  α = 0.537
  8   -21.48981491065       -5.96       -3.49    19.3s
    hm1_norm_ρdiff=0.00328451427566396 hm1_norm_Δρ=0.00010935937391645363  error_V_h1=1.0412194935495278  α = 0.529
  9   -21.48981535938       -6.35       -3.83    17.5s
    hm1_norm_ρdiff=0.00324415555875001 hm1_norm_Δρ=4.4405084177906154e-5  error_V_h1=1.0423051580208185  α = 1.0
 10   -21.48981569111       -6.48       -3.91    15.1s
    hm1_norm_ρdiff=0.0032641707506421555 hm1_norm_Δρ=3.67811902158303e-5  error_V_h1=1.0279519809095352  α = 1.0
 11   -21.48981594043       -6.60       -4.13    13.9s
    hm1_norm_ρdiff=0.003278672547562739 hm1_norm_Δρ=2.601298438969995e-5  error_V_h1=1.0313767388457142  α = 1.0
 12   -21.48981603066       -7.04       -4.29    17.4s
    hm1_norm_ρdiff=0.003268832521793598 hm1_norm_Δρ=1.7944584657953625e-5  error_V_h1=1.036388959636846  α = 1.0
 13   -21.48981610195       -7.15       -4.42    16.1s
    hm1_norm_ρdiff=0.0032621613468817026 hm1_norm_Δρ=1.3034256050824089e-5  error_V_h1=1.0362013234432834  α = 1.0
 14   -21.48981612190       -7.70       -4.08    35.7s
    hm1_norm_ρdiff=0.0032581627130352183 hm1_norm_Δρ=3.484241128459509e-5  error_V_h1=1.034185696835469  α = 0.153
 15   -21.48981613515       -7.88       -4.25    38.2s
    hm1_norm_ρdiff=0.0032604855588947127 hm1_norm_Δρ=2.3046591558023028e-5  error_V_h1=1.03394035791746  α = 0.138
 16   -21.48981615024       -7.82       -4.29    28.0s
    hm1_norm_ρdiff=0.0032755440260593704 hm1_norm_Δρ=1.9252787907990884e-5  error_V_h1=1.033145054251617  α = 0.297
 17   -21.48981615623       -8.22       -4.64    29.9s
    hm1_norm_ρdiff=0.0032717053448810423 hm1_norm_Δρ=1.0388691915441054e-5  error_V_h1=1.032973433486975  α = 0.285
 18   -21.48981616136       -8.29       -4.51    36.2s
    hm1_norm_ρdiff=0.0032606632592003465 hm1_norm_Δρ=1.0968613887943332e-5  error_V_h1=1.0328173735899553  α = 0.147
 19   -21.48981616189       -9.27       -4.70    36.7s
    hm1_norm_ρdiff=0.003269189280196674 hm1_norm_Δρ=6.482056365687e-6  error_V_h1=1.0331314782417305  α = 0.0919
 20   -21.48981616189      -13.55       -5.23     146s
    hm1_norm_ρdiff=0.0032671576297006633 hm1_norm_Δρ=1.915708304515561e-6  error_V_h1=1.0331314813674202  α = 4.34e-6
 21   -21.48981616189   +  -14.45       -5.16     138s
    hm1_norm_ρdiff=0.0032676971362033316 hm1_norm_Δρ=1.9839000113378314e-6  error_V_h1=1.0331314813673864  α = 0.0
 22   -21.48981616224       -9.46       -4.53    51.5s
    hm1_norm_ρdiff=0.003254163493120062 hm1_norm_Δρ=1.637449530867862e-5  error_V_h1=1.0330555470706597  α = 0.0406
 23   -21.48981616238       -9.85       -4.76    35.8s
    hm1_norm_ρdiff=0.00327059969744036 hm1_norm_Δρ=5.815152796893206e-6  error_V_h1=1.0335246986557232  α = 0.136
 24   -21.48981616238      -13.45       -5.20     184s
    hm1_norm_ρdiff=0.0032683290590428435 hm1_norm_Δρ=2.6608146308700404e-6  error_V_h1=1.0335247047055067  α = 9.34e-6
 25   -21.48981616238      -13.85       -5.08     154s
    hm1_norm_ρdiff=0.003268557217918759 hm1_norm_Δρ=3.124111316886519e-6  error_V_h1=1.033524704758482  α = 6.2e-8
 26   -21.48981616238      -14.15       -5.19     186s
    hm1_norm_ρdiff=0.0032670060423522353 hm1_norm_Δρ=2.613326654154233e-6  error_V_h1=1.0335247047565925  α = 2.71e-9
 27   -21.48981616238      -14.45       -5.37     141s
    hm1_norm_ρdiff=0.0032685147231359536 hm1_norm_Δρ=1.7376945383058634e-6  error_V_h1=1.0335247047565974  α = 0.0
 28   -21.48981616238   +  -14.15       -5.05     144s
    hm1_norm_ρdiff=0.003264549176015933 hm1_norm_Δρ=4.63511519662161e-6  error_V_h1=1.0335247047565963  α = 0.0
 29   -21.48981616238      -14.45       -5.05     182s
    hm1_norm_ρdiff=0.003264549176016387 hm1_norm_Δρ=4.635115196332173e-6  error_V_h1=1.0335247047565987  α = 8.77e-13
 30   -21.48981616238   +    -Inf       -3.43     175s
    hm1_norm_ρdiff=0.00313353262234863 hm1_norm_Δρ=0.00019066270228881494  error_V_h1=1.033524704756586  α = 0.0
 31   -21.48981616238   +    -Inf       -5.05     182s
    hm1_norm_ρdiff=0.003264549176017068 hm1_norm_Δρ=4.63511519570447e-6  error_V_h1=1.03352470475659  α = 1.28e-12
Trying again without preconditioner ...
n     Energy            log10(ΔE)   log10(Δρ)   Δtime
---   ---------------   ---------   ---------   ------
  1   -21.48981616242                   -4.16    86.7s
    hm1_norm_ρdiff=0.0032528514887711587 hm1_norm_Δρ=2.6954787119039753e-5  error_V_h1=1.033540402826292  α = 0.00946
  2   -21.48981616242      -13.97       -4.51     199s
    hm1_norm_ρdiff=0.0032799965637918113 hm1_norm_Δρ=1.456706103542214e-5  error_V_h1=1.0335404033296312  α = 9.9e-8
  3   -21.48981616242   +  -14.45       -4.71     155s
    hm1_norm_ρdiff=0.003265309843881502 hm1_norm_Δρ=6.942786375663349e-6  error_V_h1=1.0335404033296247  α = 0.0
  4   -21.48981616242      -13.85       -4.70     166s
    hm1_norm_ρdiff=0.003275709158802548 hm1_norm_Δρ=9.314123406277836e-6  error_V_h1=1.033540403346703  α = 5.16e-9
  5   -21.48981616242   +  -14.45       -4.46     156s
    hm1_norm_ρdiff=0.003257367688242471 hm1_norm_Δρ=1.556366191266876e-5  error_V_h1=1.0335404033466127  α = 0.0
  6   -21.48981616242      -14.15       -4.70     325s
    hm1_norm_ρdiff=0.0032757091538352903 hm1_norm_Δρ=9.314117450561657e-6  error_V_h1=1.0335404033468703  α = 3.57e-11
  7   -21.48981616242   +    -Inf       -4.43     168s
    hm1_norm_ρdiff=0.0032559226810724242 hm1_norm_Δρ=1.605246287181803e-5  error_V_h1=1.0335404033468387  α = 3.33e-15
  8   -21.48981616242   +    -Inf       -2.62     168s
    hm1_norm_ρdiff=0.0025923905389985246 hm1_norm_Δρ=0.0010219711330005138  error_V_h1=1.0335404033468507  α = 0.0

#-- |ρε - ρref| = 0.0032682275357702674 vs. 5.62341325190349e-7 = δ*ε  error_V_h1=1.0335404033468507  Qε=0.549130711300382


# --- ε=3.1622776601683795e-5

n     Energy            log10(ΔE)   log10(Δρ)   Δtime
---   ---------------   ---------   ---------   ------
  1   -21.48593534084                   -0.90    67.7s
    hm1_norm_ρdiff=0.08008523867885403 hm1_norm_Δρ=0.07873709267697682  error_V_h1=1.6094445039772913  α = 0.0232
  2   -21.48609987591       -3.78       -1.86    37.6s
    hm1_norm_ρdiff=0.0062024465382422116 hm1_norm_Δρ=0.005718324293450632  error_V_h1=1.5064906832041904  α = 0.0874
  3   -21.48612505350       -4.60       -2.25    31.9s
    hm1_norm_ρdiff=0.002438932990393485 hm1_norm_Δρ=0.0023120354269706034  error_V_h1=1.529568493393663  α = 0.165
  4   -21.48624292645       -3.93       -2.32    30.6s
    hm1_norm_ρdiff=0.0018645916961383326 hm1_norm_Δρ=0.0019410945905931276  error_V_h1=1.3782801215677125  α = 0.152
  5   -21.48632795783       -4.07       -2.66    20.4s
    hm1_norm_ρdiff=0.0013491814888617292 hm1_norm_Δρ=0.0009653406083513969  error_V_h1=0.9330840540378811  α = 0.536
  6   -21.48636323218       -4.45       -2.90    18.8s
    hm1_norm_ρdiff=0.002136903058578398 hm1_norm_Δρ=0.00041423282847999067  error_V_h1=0.809873196217461  α = 0.526
  7   -21.48638515741       -4.66       -2.81    26.3s
    hm1_norm_ρdiff=0.002275356245915242 hm1_norm_Δρ=0.0006058528039738515  error_V_h1=0.780643950109801  α = 0.289
  8   -21.48639938286       -4.85       -2.86    26.6s
    hm1_norm_ρdiff=0.002146407306312326 hm1_norm_Δρ=0.00046796301302037607  error_V_h1=0.832548302850678  α = 0.289
  9   -21.48640259447       -5.49       -3.31    18.4s
    hm1_norm_ρdiff=0.0018564901058366345 hm1_norm_Δρ=0.0001263929558697268  error_V_h1=0.8692811017494676  α = 0.529
 10   -21.48640478367       -5.66       -3.56    20.0s
    hm1_norm_ρdiff=0.0018391903702675147 hm1_norm_Δρ=9.021349844137124e-5  error_V_h1=0.8449936179954634  α = 0.519
 11   -21.48640526960       -6.31       -3.74    19.8s
    hm1_norm_ρdiff=0.0018732945352801726 hm1_norm_Δρ=6.542997199924125e-5  error_V_h1=0.8184953696439441  α = 0.533
 12   -21.48640568739       -6.38       -4.06    20.1s
    hm1_norm_ρdiff=0.0019071508513445186 hm1_norm_Δρ=2.8921704871364815e-5  error_V_h1=0.8147216425523173  α = 0.512
 13   -21.48640568972       -8.63       -3.90    32.9s
    hm1_norm_ρdiff=0.001922108794079442 hm1_norm_Δρ=5.324637525960794e-5  error_V_h1=0.8139403351421008  α = 0.155
 14   -21.48640574931       -7.22       -3.81    32.3s
    hm1_norm_ρdiff=0.0019325076219878878 hm1_norm_Δρ=5.998149243311602e-5  error_V_h1=0.8216463266268805  α = 0.154
 15   -21.48640575603       -8.17       -3.80    46.9s
    hm1_norm_ρdiff=0.0018983829171131787 hm1_norm_Δρ=5.9063427338623404e-5  error_V_h1=0.8229044393959933  α = 0.0428
 16   -21.48640575631       -9.56       -4.65    33.7s
    hm1_norm_ρdiff=0.0018911192852409154 hm1_norm_Δρ=7.221348055322588e-6  error_V_h1=0.8232871155168604  α = 0.0743
 17   -21.48640575635      -10.37       -4.14    67.5s
    hm1_norm_ρdiff=0.0019040852383937535 hm1_norm_Δρ=2.4303703001387512e-5  error_V_h1=0.8232930779264295  α = 0.00915
 18   -21.48640575635      -13.85       -4.54     146s
    hm1_norm_ρdiff=0.0018908587041813775 hm1_norm_Δρ=8.529148389394779e-6  error_V_h1=0.8232930779464384  α = 1.62e-8
 19   -21.48640575635   +    -Inf       -4.65     155s
    hm1_norm_ρdiff=0.0018913867161966323 hm1_norm_Δρ=8.020405638234099e-6  error_V_h1=0.8232930779363168  α = 5.31e-8
 20   -21.48640575635      -14.45       -4.50     148s
    hm1_norm_ρdiff=0.001891108383188351 hm1_norm_Δρ=1.0458527156519265e-5  error_V_h1=0.8232930780690327  α = 8.79e-8
 21   -21.48640575635      -13.75       -4.77     174s
    hm1_norm_ρdiff=0.0018923439771106414 hm1_norm_Δρ=4.769008721772373e-6  error_V_h1=0.8232930780695048  α = 2.08e-10
 22   -21.48640575635   +  -14.15       -4.62     128s
    hm1_norm_ρdiff=0.0018866504616221744 hm1_norm_Δρ=9.427805498602865e-6  error_V_h1=0.8232930780694961  α = 0.0
 23   -21.48640575900       -8.58       -3.88    51.8s
    hm1_norm_ρdiff=0.0018271818491725248 hm1_norm_Δρ=7.746717114997682e-5  error_V_h1=0.8226953537151214  α = 0.0228
 24   -21.48640575913       -9.90       -4.40    39.9s
    hm1_norm_ρdiff=0.0018992044577771962 hm1_norm_Δρ=1.4938014378969673e-5  error_V_h1=0.8227324531766356  α = 0.0618
 25   -21.48640575913      -14.15       -4.27     234s
    hm1_norm_ρdiff=0.0018956562798188709 hm1_norm_Δρ=1.792816161120086e-5  error_V_h1=0.8227324531860463  α = 2.88e-9
 26   -21.48640575913      -13.85       -4.60     156s
    hm1_norm_ρdiff=0.0018933024938010067 hm1_norm_Δρ=9.281991309575557e-6  error_V_h1=0.8227324531869858  α = 3.73e-10
 27   -21.48640575913   +    -Inf       -4.82     167s
    hm1_norm_ρdiff=0.0018979997741958921 hm1_norm_Δρ=5.7066296285992996e-6  error_V_h1=0.8227324531869915  α = 3.4e-15
 28   -21.48640575913   +  -14.15       -3.35     161s
    hm1_norm_ρdiff=0.0019874468029500566 hm1_norm_Δρ=0.00017160574109899648  error_V_h1=0.8227324531869868  α = 0.0
 29   -21.48640575919      -10.23       -4.45    53.2s
    hm1_norm_ρdiff=0.00190503920550231 hm1_norm_Δρ=1.7481846234260292e-5  error_V_h1=0.8227805877041587  α = 0.00827
 30   -21.48640575919      -13.85       -4.42     219s
    hm1_norm_ρdiff=0.0018813289408125316 hm1_norm_Δρ=1.7648836164025136e-5  error_V_h1=0.8227805861952305  α = 6.6e-7
 31   -21.48640575919   +    -Inf       -4.20     154s
    hm1_norm_ρdiff=0.0019025179147335427 hm1_norm_Δρ=2.082289018688902e-5  error_V_h1=0.82278058619521  α = 3.29e-15
 32   -21.48640575919   +    -Inf       -2.37     202s
    hm1_norm_ρdiff=0.00272600474782147 hm1_norm_Δρ=0.0014210310660698784  error_V_h1=0.8227805861953081  α = 9.61e-14
Trying again without preconditioner ...
n     Energy            log10(ΔE)   log10(Δρ)   Δtime
---   ---------------   ---------   ---------   ------
  1   -21.48640576092                   -3.51    74.4s
    hm1_norm_ρdiff=0.0019207340309859743 hm1_norm_Δρ=9.633493763961046e-5  error_V_h1=0.8233218014259162  α = 0.0104
  2   -21.48640576103       -9.96       -3.64    66.5s
    hm1_norm_ρdiff=0.0018688218238600224 hm1_norm_Δρ=8.301714030042722e-5  error_V_h1=0.8233754167177888  α = 0.00336
  3   -21.48640576103      -13.85       -4.00     236s
    hm1_norm_ρdiff=0.0018988919691597962 hm1_norm_Δρ=2.4625022700407745e-5  error_V_h1=0.8233754169443097  α = 1.36e-7
  4   -21.48640576103      -13.97       -4.21     227s
    hm1_norm_ρdiff=0.0018895313266465768 hm1_norm_Δρ=1.6610474086757745e-5  error_V_h1=0.8233754168018762  α = 1.18e-8
  5   -21.48640576103      -14.15       -3.99     210s
    hm1_norm_ρdiff=0.0019182099486866758 hm1_norm_Δρ=3.5638517751291696e-5  error_V_h1=0.8233754168014882  α = 2.15e-9
  6   -21.48640576103   +    -Inf       -3.87     192s
    hm1_norm_ρdiff=0.0018555508010834707 hm1_norm_Δρ=5.668113195359024e-5  error_V_h1=0.8233754168014369  α = 2.01e-12
  7   -21.48640576103      -14.45       -3.78     260s
    hm1_norm_ρdiff=0.0018735649061749644 hm1_norm_Δρ=5.301989181028556e-5  error_V_h1=0.8233754168014561  α = 1.42e-12
  8   -21.48640576103   +  -14.15       -4.01     149s
    hm1_norm_ρdiff=0.001872038289145908 hm1_norm_Δρ=3.894105936108809e-5  error_V_h1=0.823375416801428  α = 0.0
  9   -21.48640576103      -14.15       -4.07     367s
    hm1_norm_ρdiff=0.0018839137494389869 hm1_norm_Δρ=3.335459465216049e-5  error_V_h1=0.8233754168013708  α = 2.38e-11
 10   -21.48640576103   +    -Inf       -3.83     191s
    hm1_norm_ρdiff=0.0018776119642516828 hm1_norm_Δρ=5.871620499290987e-5  error_V_h1=0.8233754168014503  α = 9.41e-13
 11   -21.48640576103   +    -Inf       -3.51     183s
    hm1_norm_ρdiff=0.0019554807782192415 hm1_norm_Δρ=0.00013578573911914024  error_V_h1=0.823375416801479  α = 2.66e-16

#-- |ρε - ρref| = 0.001894936636267315 vs. 3.1622776601683797e-7 = δ*ε  error_V_h1=0.823375416801479  Qε=0.6406286069067498


# --- ε=1.778279410038923e-5

n     Energy            log10(ΔE)   log10(Δρ)   Δtime
---   ---------------   ---------   ---------   ------
  1   -21.48422304882                   -0.90    73.7s
    hm1_norm_ρdiff=0.08112637344714214 hm1_norm_Δρ=0.08017036727760736  error_V_h1=1.124897182540834  α = 0.0108
  2   -21.48432962747       -3.97       -1.84    47.2s
    hm1_norm_ρdiff=0.00649592429223398 hm1_norm_Δρ=0.006142910615921696  error_V_h1=0.8273012078913691  α = 0.0462
  3   -21.48434790466       -4.74       -2.22    46.9s
    hm1_norm_ρdiff=0.0027126032429454555 hm1_norm_Δρ=0.0024282118166173913  error_V_h1=0.7996582242802788  α = 0.0459
  4   -21.48435736554       -5.02       -2.43    39.9s
    hm1_norm_ρdiff=0.001637479190464496 hm1_norm_Δρ=0.0013095877988339119  error_V_h1=0.862185523350149  α = 0.0889
  5   -21.48436441502       -5.15       -3.17    18.4s
    hm1_norm_ρdiff=0.0009758248434807859 hm1_norm_Δρ=0.00020614853181947433  error_V_h1=0.8460381811760118  α = 0.53
  6   -21.48436984340       -5.27       -3.10    27.5s
    hm1_norm_ρdiff=0.0009928709662767625 hm1_norm_Δρ=0.00028960766118021805  error_V_h1=0.7589018417642857  α = 0.288
  7   -21.48437310439       -5.49       -2.89    39.0s
    hm1_norm_ρdiff=0.001076941674932755 hm1_norm_Δρ=0.00042905633566360366  error_V_h1=0.7098081421703649  α = 0.0766
  8   -21.48437488194       -5.75       -3.23    26.3s
    hm1_norm_ρdiff=0.0010959514888490532 hm1_norm_Δρ=0.00014919025991809855  error_V_h1=0.6360983509679976  α = 0.29
  9   -21.48437620522       -5.88       -3.55    25.4s
    hm1_norm_ρdiff=0.001119911094463177 hm1_norm_Δρ=7.693674229979272e-5  error_V_h1=0.6225264149896776  α = 0.272
 10   -21.48437693822       -6.13       -3.70    26.4s
    hm1_norm_ρdiff=0.0011220261425361371 hm1_norm_Δρ=6.740104811951399e-5  error_V_h1=0.6277559585685853  α = 0.277
 11   -21.48437694932       -7.95       -3.86    26.7s
    hm1_norm_ρdiff=0.0011052263623815542 hm1_norm_Δρ=4.441820841524182e-5  error_V_h1=0.6414744075340273  α = 0.279
 12   -21.48437694932      -13.37       -3.87     418s
    hm1_norm_ρdiff=0.0011307845140361393 hm1_norm_Δρ=5.7963335645794884e-5  error_V_h1=0.6414744075353137  α = 1.33e-10
 13   -21.48437694932   +  -13.97       -3.44     152s
    hm1_norm_ρdiff=0.0011052335815836811 hm1_norm_Δρ=0.00011880862790901842  error_V_h1=0.6414744075353357  α = 0.0
 14   -21.48437695449       -8.29       -3.69    50.8s
    hm1_norm_ρdiff=0.001002758075378852 hm1_norm_Δρ=0.00010598988623582735  error_V_h1=0.6408423751519982  α = 0.0178
 15   -21.48437695712       -8.58       -3.49    53.3s
    hm1_norm_ρdiff=0.00113412554079993 hm1_norm_Δρ=0.00010333636490250792  error_V_h1=0.6412139834821008  α = 0.00995
 16   -21.48437695712      -13.60       -4.09     168s
    hm1_norm_ρdiff=0.001086262283609796 hm1_norm_Δρ=3.0858987616701536e-5  error_V_h1=0.6412139834838875  α = 2.79e-10
 17   -21.48437695712   +  -13.97       -3.80     149s
    hm1_norm_ρdiff=0.0011043950180732883 hm1_norm_Δρ=4.7185946789007854e-5  error_V_h1=0.6412139834839361  α = 0.0
 18   -21.48437695712      -13.85       -3.98     191s
    hm1_norm_ρdiff=0.0011271078925658147 hm1_norm_Δρ=4.7708397380205427e-5  error_V_h1=0.6412139836149052  α = 5.6e-9
 19   -21.48437695712      -14.45       -3.36     185s
    hm1_norm_ρdiff=0.001017777795023135 hm1_norm_Δρ=0.00014825039779570558  error_V_h1=0.6412139836211637  α = 7.34e-10
 20   -21.48437695712   +  -14.45       -4.24     139s
    hm1_norm_ρdiff=0.0010964955451299965 hm1_norm_Δρ=2.3142065312363234e-5  error_V_h1=0.641213983621115  α = 0.0
 21   -21.48437695712      -14.45       -3.98     268s
    hm1_norm_ρdiff=0.001127107876766871 hm1_norm_Δρ=4.770838095599496e-5  error_V_h1=0.6412139836240093  α = 1.42e-10
 22   -21.48437695712      -13.97       -3.37     197s
    hm1_norm_ρdiff=0.0010178761869834038 hm1_norm_Δρ=0.0001447078809716732  error_V_h1=0.6412139836243597  α = 1.47e-11
 23   -21.48437695712   +    -Inf       -4.40     165s
    hm1_norm_ρdiff=0.0010921856686488206 hm1_norm_Δρ=1.1924667357281388e-5  error_V_h1=0.6412139836244356  α = 3.31e-12
 24   -21.48437695712   +    -Inf       -3.82     157s
    hm1_norm_ρdiff=0.0010899666363875648 hm1_norm_Δρ=3.758291853547593e-5  error_V_h1=0.6412139836244007  α = 1.17e-14
Trying again without preconditioner ...
n     Energy            log10(ΔE)   log10(Δρ)   Δtime
---   ---------------   ---------   ---------   ------
  1   -21.48437697837                   -2.78    74.3s
    hm1_norm_ρdiff=0.0012798237286770122 hm1_norm_Δρ=0.0004135014863217276  error_V_h1=0.6457372446192811  α = 0.0104
  2   -21.48437697837      -11.38       -2.96     206s
    hm1_norm_ρdiff=0.0008464289095208544 hm1_norm_Δρ=0.0004921759860250681  error_V_h1=0.6457534229259009  α = 9.05e-5
  3   -21.48437697837   +    -Inf       -3.16     163s
    hm1_norm_ρdiff=0.0011654396569482765 hm1_norm_Δρ=0.00019662619695344128  error_V_h1=0.6457534229259251  α = 0.0
  4   -21.48437697977       -8.85       -2.89    72.1s
    hm1_norm_ρdiff=0.0008127117289316339 hm1_norm_Δρ=0.0005649400965410734  error_V_h1=0.6457167797718413  α = 0.00142
  5   -21.48437697977      -13.37       -3.18     334s
    hm1_norm_ρdiff=0.0011588738944708354 hm1_norm_Δρ=0.00017957889118137266  error_V_h1=0.6457167799888825  α = 1.99e-9
  6   -21.48437697977   +    -Inf       -3.46     210s
    hm1_norm_ρdiff=0.0011149787781879613 hm1_norm_Δρ=0.00010562671769050568  error_V_h1=0.6457167799888598  α = 3.51e-15
  7   -21.48437697977   +  -14.15       -2.59     165s
    hm1_norm_ρdiff=0.0014239537698456292 hm1_norm_Δρ=0.0007931904148250946  error_V_h1=0.64571677998884  α = 0.0
  8   -21.48437697977   +    -Inf       -3.17     276s
    hm1_norm_ρdiff=0.000960464997612587 hm1_norm_Δρ=0.00024380224844693617  error_V_h1=0.6457167799888716  α = 7.34e-14
  9   -21.48437697977      -14.45       -0.77     324s
    hm1_norm_ρdiff=0.05922123622796404 hm1_norm_Δρ=0.059891487918254896  error_V_h1=0.6457167799888628  α = 1.39e-15
 10   -21.48437701413       -7.46       -2.91    61.5s
    hm1_norm_ρdiff=0.0009815642345386835 hm1_norm_Δρ=0.0003515082823239084  error_V_h1=0.6464818175524469  α = 0.00499
 11   -21.48437701413      -13.50       -3.46     261s
    hm1_norm_ρdiff=0.0012241457385353737 hm1_norm_Δρ=0.00016859496264130913  error_V_h1=0.6464818189202841  α = 1.33e-8
 12   -21.48437701413   +  -14.15       -3.19     166s
    hm1_norm_ρdiff=0.0010560039961961813 hm1_norm_Δρ=0.00018381521474056218  error_V_h1=0.6464818189202409  α = 0.0
 13   -21.48437701413   +    -Inf       -3.22     306s
    hm1_norm_ρdiff=0.0013134634541821415 hm1_norm_Δρ=0.00027810406867104226  error_V_h1=0.6464818189274365  α = 1.44e-10
 14   -21.48437701413   +  -14.45       -3.35     163s
    hm1_norm_ρdiff=0.0010437500408166111 hm1_norm_Δρ=0.00013061191415053583  error_V_h1=0.6464818189274587  α = 0.0
 15   -21.48437701413      -14.15       -3.22     182s
    hm1_norm_ρdiff=0.0013134634399255688 hm1_norm_Δρ=0.00027810405221723584  error_V_h1=0.6464818189644665  α = 7.58e-10
 16   -21.48437701413   +  -14.45       -3.35     146s
    hm1_norm_ρdiff=0.0010437732231426185 hm1_norm_Δρ=0.00013084543189702174  error_V_h1=0.646481818964466  α = 0.0
 17   -21.48437701413   +    -Inf       -3.22     339s
    hm1_norm_ρdiff=0.0013134633662185249 hm1_norm_Δρ=0.00027810396601729646  error_V_h1=0.6464818189645516  α = 2.57e-13
 18   -21.48437701413   +    -Inf       -2.48     273s
    hm1_norm_ρdiff=0.0022094125343910323 hm1_norm_Δρ=0.0013309140018007246  error_V_h1=0.6464818189645333  α = 3.08e-15

#-- |ρε - ρref| = 0.0010896336576858086 vs. 1.778279410038923e-7 = δ*ε  error_V_h1=0.6464818189645333  Qε=0.7264460395064994


# --- ε=1.0e-5

n     Energy            log10(ΔE)   log10(Δρ)   Δtime
---   ---------------   ---------   ---------   ------
  1   -21.48268546845                   -0.89    75.6s
    hm1_norm_ρdiff=0.08139490062170615 hm1_norm_Δρ=0.0811302880043007  error_V_h1=2.834881871339976  α = 0.00959
  2   -21.48276962780       -4.07       -1.81    51.7s
    hm1_norm_ρdiff=0.006627157862120589 hm1_norm_Δρ=0.006442114071553867  error_V_h1=2.6267191304437625  α = 0.0225
  3   -21.48279889285       -4.53       -2.11    46.5s
    hm1_norm_ρdiff=0.003043579376373471 hm1_norm_Δρ=0.0030478052363084253  error_V_h1=2.5666679553642022  α = 0.0464
  4   -21.48281111615       -4.91       -2.13    39.2s
    hm1_norm_ρdiff=0.002551168532212193 hm1_norm_Δρ=0.00272869641294965  error_V_h1=2.552658387566103  α = 0.0897
  5   -21.48305062813       -3.62       -2.58    25.6s
    hm1_norm_ρdiff=0.0006548081245658929 hm1_norm_Δρ=0.0010012376033597917  error_V_h1=1.5670007307495328  α = 0.279
  6   -21.48308228616       -4.50       -2.39    32.0s
    hm1_norm_ρdiff=0.001151780217514819 hm1_norm_Δρ=0.0013703861576000878  error_V_h1=1.3147471881522785  α = 0.165
  7   -21.48309293540       -4.97       -2.38    40.8s
    hm1_norm_ρdiff=0.001414147494389457 hm1_norm_Δρ=0.001398099683480976  error_V_h1=1.1777623633550733  α = 0.0895
  8   -21.48312139996       -4.55       -2.71    31.3s
    hm1_norm_ρdiff=0.0008874063474399147 hm1_norm_Δρ=0.0005196362879860588  error_V_h1=0.8998451610343882  α = 0.152
  9   -21.48314450448       -4.64       -2.94    26.7s
    hm1_norm_ρdiff=0.0008343660283931438 hm1_norm_Δρ=0.0003317061205010742  error_V_h1=0.6656149664486134  α = 0.288
 10   -21.48316236885       -4.75       -2.87    31.7s
    hm1_norm_ρdiff=0.0009049098794583164 hm1_norm_Δρ=0.00041391532268827627  error_V_h1=0.4931014900608663  α = 0.151
 11   -21.48316666094       -5.37       -3.07    30.3s
    hm1_norm_ρdiff=0.0007455088546703516 hm1_norm_Δρ=0.00027383321947472487  error_V_h1=0.509499987648839  α = 0.159
 12   -21.48316666094      -13.75       -3.29     212s
    hm1_norm_ρdiff=0.0006610506057306135 hm1_norm_Δρ=0.00011867780689474408  error_V_h1=0.5094999876291976  α = 2.18e-9
 13   -21.48317048186       -5.42       -3.68    19.9s
    hm1_norm_ρdiff=0.000615102219893878 hm1_norm_Δρ=6.4305023289618e-5  error_V_h1=0.5803640760211882  α = 0.545
 14   -21.48317063172       -6.82       -3.05    54.9s
    hm1_norm_ρdiff=0.0005886176592268614 hm1_norm_Δρ=0.00034094441414608985  error_V_h1=0.5732929197349157  α = 0.0185
 15   -21.48317077741       -6.84       -3.21    43.8s
    hm1_norm_ρdiff=0.0006188767522432639 hm1_norm_Δρ=0.00020909647907531637  error_V_h1=0.5612290363657727  α = 0.037
 16   -21.48317095291       -6.76       -2.97    54.4s
    hm1_norm_ρdiff=0.0006979164035960902 hm1_norm_Δρ=0.00037964904272764024  error_V_h1=0.5498272142311427  α = 0.0182
 17   -21.48317095291      -13.45       -3.55     283s
    hm1_norm_ρdiff=0.0006804481263661792 hm1_norm_Δρ=9.168579996030367e-5  error_V_h1=0.5498272139738853  α = 3.64e-9
 18   -21.48317095291   +  -14.15       -2.98     158s
    hm1_norm_ρdiff=0.0005867111487108508 hm1_norm_Δρ=0.00027366288472107357  error_V_h1=0.5498272139738986  α = 0.0
 19   -21.48317115086       -6.70       -2.68    57.7s
    hm1_norm_ρdiff=0.0015918958067459136 hm1_norm_Δρ=0.0010837357467047303  error_V_h1=0.5470754051368275  α = 0.0103
 20   -21.48317133482       -6.74       -3.10    48.1s
    hm1_norm_ρdiff=0.00047670104717466674 hm1_norm_Δρ=0.00032992691106898027  error_V_h1=0.5321754763290321  α = 0.0193
 21   -21.48317135330       -7.73       -3.04    58.8s
    hm1_norm_ρdiff=0.0007121008084052962 hm1_norm_Δρ=0.00032392363358476326  error_V_h1=0.5288387785058205  α = 0.0072
 22   -21.48317135330      -13.55       -3.42     353s
    hm1_norm_ρdiff=0.0006491555926595805 hm1_norm_Δρ=0.00013998065446696874  error_V_h1=0.5288387778995656  α = 3.61e-9
 23   -21.48317135330   +  -14.15       -3.65     144s
    hm1_norm_ρdiff=0.0006100827573395392 hm1_norm_Δρ=6.066559132348362e-5  error_V_h1=0.5288387778995719  α = 0.0
 24   -21.48317138255       -7.53       -2.97    66.0s
    hm1_norm_ρdiff=0.0003458320391232805 hm1_norm_Δρ=0.0005789535350027298  error_V_h1=0.5266988123652669  α = 0.00397
 25   -21.48317138255      -13.45       -3.48     227s
    hm1_norm_ρdiff=0.0006610771856071177 hm1_norm_Δρ=0.0001094581830765599  error_V_h1=0.526698812011471  α = 2.37e-9
 26   -21.48317138255   +  -14.45       -3.25     152s
    hm1_norm_ρdiff=0.0005917238904205342 hm1_norm_Δρ=0.00020526362495808202  error_V_h1=0.5266988120114089  α = 0.0
 27   -21.48317138255   +    -Inf       -3.40     219s
    hm1_norm_ρdiff=0.0005152532106405328 hm1_norm_Δρ=0.00017539642886383507  error_V_h1=0.526698811996295  α = 6.89e-11
 28   -21.48317138255   +    -Inf       -3.15     162s
    hm1_norm_ρdiff=0.000781217073539905 hm1_norm_Δρ=0.0002511242148896516  error_V_h1=0.5266988119962772  α = 0.0
Trying again without preconditioner ...
n     Energy            log10(ΔE)   log10(Δρ)   Δtime
---   ---------------   ---------   ---------   ------
  1   -21.48317140915                   -2.29    77.2s
    hm1_norm_ρdiff=0.0013509599777696438 hm1_norm_Δρ=0.001432724297248776  error_V_h1=0.5167470824843224  α = 0.00426
  2   -21.48317141070       -8.81       -2.28    77.8s
    hm1_norm_ρdiff=0.0019730266560303036 hm1_norm_Δρ=0.0016457816416191478  error_V_h1=0.5155985660692058  α = 0.000393
  3   -21.48317141070      -13.45       -2.79     239s
    hm1_norm_ρdiff=0.0004523730305703103 hm1_norm_Δρ=0.0005486284109744521  error_V_h1=0.5155985656261773  α = 5.45e-10
  4   -21.48317141070   +    -Inf       -2.76     252s
    hm1_norm_ρdiff=0.0010660647453344147 hm1_norm_Δρ=0.0006261261021075427  error_V_h1=0.5155985656261339  α = 2.44e-14
  5   -21.48317141070   +    -Inf       -2.61     259s
    hm1_norm_ρdiff=0.0012324705010547685 hm1_norm_Δρ=0.0008468273661570425  error_V_h1=0.5155985656261428  α = 6.26e-15

#-- |ρε - ρref| = 0.0006225388066025181 vs. 1.0000000000000001e-7 = δ*ε  error_V_h1=0.5155985656261428  Qε=0.8419387070506831


# --- ε=5.623413251903491e-6

n     Energy            log10(ΔE)   log10(Δρ)   Δtime
---   ---------------   ---------   ---------   ------
  1   -21.48237872232                   -0.89    81.1s
    hm1_norm_ρdiff=0.08223877556589522 hm1_norm_Δρ=0.08198791398263626  error_V_h1=1.7265052120067155  α = 0.00412
  2   -21.48239424074       -4.81       -1.81    53.5s
    hm1_norm_ρdiff=0.006533642362721463 hm1_norm_Δρ=0.006473708927162352  error_V_h1=1.6472553009195354  α = 0.0221
  3   -21.48239937429       -5.29       -2.13    50.5s
    hm1_norm_ρdiff=0.0029392488526433455 hm1_norm_Δρ=0.0029080134153899612  error_V_h1=1.6159574055246688  α = 0.0226
  4   -21.48240808358       -5.06       -2.24    53.7s
    hm1_norm_ρdiff=0.002079375623930306 hm1_norm_Δρ=0.0020510066727573587  error_V_h1=1.5449608628961575  α = 0.0228
  5   -21.48241774979       -5.01       -2.85    33.4s
    hm1_norm_ρdiff=0.00039096523255278644 hm1_norm_Δρ=0.00039113678958597233  error_V_h1=1.3666291839968454  α = 0.144
  6   -21.48242328454       -5.26       -2.74    40.1s
    hm1_norm_ρdiff=0.000570814174115108 hm1_norm_Δρ=0.0006609689718138667  error_V_h1=1.1390814728325775  α = 0.0744
  7   -21.48242744070       -5.38       -2.38    51.8s
    hm1_norm_ρdiff=0.001311030172998137 hm1_norm_Δρ=0.0014060972011702179  error_V_h1=0.9887976351209556  α = 0.0167
  8   -21.48243024098       -5.55       -2.67    49.2s
    hm1_norm_ρdiff=0.0005350870932365081 hm1_norm_Δρ=0.0006152411341552739  error_V_h1=0.8445842910293925  α = 0.0264
  9   -21.48243041346       -6.76       -2.90    44.6s
    hm1_norm_ρdiff=0.00038002313227886007 hm1_norm_Δρ=0.00034600082211335207  error_V_h1=0.7954575450880044  α = 0.0242
 10   -21.48243041346      -13.67       -3.11     228s
    hm1_norm_ρdiff=0.00031627750299904406 hm1_norm_Δρ=0.00022916520756868837  error_V_h1=0.7954575408035406  α = 2.82e-9
 11   -21.48243041346   +    -Inf       -3.15     151s
    hm1_norm_ρdiff=0.0002916392903107611 hm1_norm_Δρ=0.00022748556012324955  error_V_h1=0.7954575408040256  α = 0.0
 12   -21.48243553152       -5.29       -1.94    53.8s
    hm1_norm_ρdiff=0.007144138263430011 hm1_norm_Δρ=0.007482881335194958  error_V_h1=0.6796718626077662  α = 0.00422
 13   -21.48243643872       -6.04       -2.41    42.9s
    hm1_norm_ρdiff=0.0014754050537689712 hm1_norm_Δρ=0.0015210044501078113  error_V_h1=0.6145529263969763  α = 0.0224
 14   -21.48243719795       -6.12       -2.80    43.0s
    hm1_norm_ρdiff=0.0006137781817933391 hm1_norm_Δρ=0.0005192644133969943  error_V_h1=0.5664480273811002  α = 0.0182
 15   -21.48243732216       -6.91       -2.57    48.7s
    hm1_norm_ρdiff=0.0010616311441396557 hm1_norm_Δρ=0.0010391235194769372  error_V_h1=0.5240948938176379  α = 0.00948
 16   -21.48243732216      -13.50       -2.89     242s
    hm1_norm_ρdiff=0.0005088191099002166 hm1_norm_Δρ=0.00035661779899727084  error_V_h1=0.5240948872863305  α = 3.35e-9
 17   -21.48243732216      -14.45       -3.01     366s
    hm1_norm_ρdiff=0.0005071538216723699 hm1_norm_Δρ=0.00029329909150193625  error_V_h1=0.5240948872824246  α = 3.39e-12
 18   -21.48243732216      -14.45       -3.39     239s
    hm1_norm_ρdiff=0.00038588878100689894 hm1_norm_Δρ=0.00010108021492777688  error_V_h1=0.5240948872789387  α = 6.84e-12
 19   -21.48243732216   +  -14.45       -2.89     140s
    hm1_norm_ρdiff=0.0005358839340744697 hm1_norm_Δρ=0.0003074137181630556  error_V_h1=0.524094887279153  α = 0.0
 20   -21.48243857322       -5.90       -2.45    49.7s
    hm1_norm_ρdiff=0.0017971378619660598 hm1_norm_Δρ=0.0015716816034995517  error_V_h1=0.4942849345566794  α = 0.0105
 21   -21.48243868525       -6.95       -2.62    55.7s
    hm1_norm_ρdiff=0.0009520667661953784 hm1_norm_Δρ=0.0010981346268820896  error_V_h1=0.48575199790587453  α = 0.00403
 22   -21.48243868525      -13.34       -2.80     195s
    hm1_norm_ρdiff=0.0009376479910582433 hm1_norm_Δρ=0.0007005631349919752  error_V_h1=0.4857519769015893  α = 1.61e-8
 23   -21.48243868525   +    -Inf       -3.00     325s
    hm1_norm_ρdiff=0.00043352917584153365 hm1_norm_Δρ=0.0002840063468228372  error_V_h1=0.4857519769018811  α = 3.09e-14
 24   -21.48243868525   +  -14.45       -1.81     181s
    hm1_norm_ρdiff=0.004322598701427453 hm1_norm_Δρ=0.0043342666717091985  error_V_h1=0.48575197690152966  α = 0.0
 25   -21.48243870727       -7.66       -2.86    63.5s
    hm1_norm_ρdiff=0.0006449971636098982 hm1_norm_Δρ=0.0005742143258530412  error_V_h1=0.4818839871347858  α = 0.00305
 26   -21.48243870727      -13.60       -3.14     215s
    hm1_norm_ρdiff=0.00039005729565791766 hm1_norm_Δρ=0.00019991993866558253  error_V_h1=0.48188398700470075  α = 1.94e-10
 27   -21.48243870727      -14.45       -2.84     287s
    hm1_norm_ρdiff=0.0010335787309030924 hm1_norm_Δρ=0.0007099915113438908  error_V_h1=0.48188398699183443  α = 1.36e-11
 28   -21.48243870727   +    -Inf       -2.63     303s
    hm1_norm_ρdiff=0.0007724147415881058 hm1_norm_Δρ=0.0007815177500687263  error_V_h1=0.4818839869918462  α = 1.04e-15
 29   -21.48243870727   +    -Inf       -0.06     218s
    hm1_norm_ρdiff=0.40622419527988707 hm1_norm_Δρ=0.406370730934588  error_V_h1=0.48188398699184887  α = 0.0
Trying again without preconditioner ...
n     Energy            log10(ΔE)   log10(Δρ)   Δtime
---   ---------------   ---------   ---------   ------
  1   -21.48243892524                   -1.94    87.2s
    hm1_norm_ρdiff=0.0030126608259694793 hm1_norm_Δρ=0.0030092127774385123  error_V_h1=0.46369932982139545  α = 0.00154
  2   -21.48243892721       -8.71       -1.93    90.6s
    hm1_norm_ρdiff=0.003303283751076584 hm1_norm_Δρ=0.003331647491949303  error_V_h1=0.4595601044655975  α = 0.000335
  3   -21.48243892721      -13.55       -2.30     236s
    hm1_norm_ρdiff=0.0018732259837970357 hm1_norm_Δρ=0.0017150148200690723  error_V_h1=0.4595601029965556  α = 2.05e-10
  4   -21.48243892721   +    -Inf       -2.24     327s
    hm1_norm_ρdiff=0.0024728158222507585 hm1_norm_Δρ=0.0027327460608054742  error_V_h1=0.4595601029966155  α = 2.21e-15
  5   -21.48243892721   +    -Inf       -0.09     297s
    hm1_norm_ρdiff=0.3717467107701994 hm1_norm_Δρ=0.37197864606101627  error_V_h1=0.4595601029953287  α = 2.99e-15

#-- |ρε - ρref| = 0.0003531954269486647 vs. 5.623413251903491e-8 = δ*ε  error_V_h1=0.4595601029953287  Qε=0.8790404224991292


# --- ε=3.162277660168379e-6

n     Energy            log10(ΔE)   log10(Δρ)   Δtime
---   ---------------   ---------   ---------   ------
  1   -21.48200507581                   -0.89    85.2s
    hm1_norm_ρdiff=0.0820200152778531 hm1_norm_Δρ=0.08182472658154627  error_V_h1=1.4549849750237962  α = 0.00166
  2   -21.48202729372       -4.65       -1.80    53.5s
    hm1_norm_ρdiff=0.006821705176613703 hm1_norm_Δρ=0.0067700186789230975  error_V_h1=1.0112233636604273  α = 0.0101
  3   -21.48203082654       -5.45       -2.09    64.1s
    hm1_norm_ρdiff=0.0031660598559007645 hm1_norm_Δρ=0.003134034041044376  error_V_h1=0.8868738610336154  α = 0.0103
  4   -21.48203249171       -5.78       -2.22    59.1s
    hm1_norm_ρdiff=0.0022112863320748275 hm1_norm_Δρ=0.002177384128710694  error_V_h1=0.7727856120040651  α = 0.01
  5   -21.48203249171      -13.97       -2.84     264s
    hm1_norm_ρdiff=0.0004592198551101046 hm1_norm_Δρ=0.00038239957671795617  error_V_h1=0.7727856114809161  α = 1.54e-10
  6   -21.48203249171   +  -14.15       -2.69     161s
    hm1_norm_ρdiff=0.0006776422143339396 hm1_norm_Δρ=0.0006334030621925857  error_V_h1=0.772785611480905  α = 0.0
  7   -21.48203539640       -5.54       -1.91    59.8s
    hm1_norm_ρdiff=0.006001010707596531 hm1_norm_Δρ=0.005887224157739392  error_V_h1=0.6516681155966528  α = 0.00411
  8   -21.48203763330       -5.65       -2.18    66.6s
    hm1_norm_ρdiff=0.0032537746817242878 hm1_norm_Δρ=0.003403836198104639  error_V_h1=0.5019911826524001  α = 0.00409
  9   -21.48203763330      -13.67       -2.53     278s
    hm1_norm_ρdiff=0.001010443272696282 hm1_norm_Δρ=0.000978049457009901  error_V_h1=0.5019911698161503  α = 1.16e-9
 10   -21.48203763330   +    -Inf       -2.29     179s
    hm1_norm_ρdiff=0.001944481303642399 hm1_norm_Δρ=0.0019483047180169526  error_V_h1=0.5019911698161883  α = 0.0
 11   -21.48203813037       -6.30       -2.16    74.2s
    hm1_norm_ρdiff=0.0034103846559647767 hm1_norm_Δρ=0.003559945160689581  error_V_h1=0.4619321668358107  α = 0.00155
 12   -21.48203813037      -13.75       -2.50     232s
    hm1_norm_ρdiff=0.00127714476910836 hm1_norm_Δρ=0.0011708214750985818  error_V_h1=0.46193216185735797  α = 4.61e-10
 13   -21.48203813037   +    -Inf       -2.41     419s
    hm1_norm_ρdiff=0.0013899146089246678 hm1_norm_Δρ=0.0014283896950300404  error_V_h1=0.46193216185598013  α = 8.54e-14
 14   -21.48203813037   +    -Inf       -2.82     219s
    hm1_norm_ρdiff=0.0006262885420226759 hm1_norm_Δρ=0.0006433197661114958  error_V_h1=0.46193216183230573  α = 9.79e-12
Trying again without preconditioner ...
n     Energy            log10(ΔE)   log10(Δρ)   Δtime
---   ---------------   ---------   ---------   ------
  1   -21.48203865652                   -1.50     100s
    hm1_norm_ρdiff=0.009385965037629968 hm1_norm_Δρ=0.009406010612767711  error_V_h1=0.4187966937386658  α = 0.000526
  2   -21.48203865652      -13.50       -1.57     210s
    hm1_norm_ρdiff=0.009161072156155243 hm1_norm_Δρ=0.009053375566169421  error_V_h1=0.41879668926633096  α = 1.05e-10
  3   -21.48203865652   +  -13.97       -1.73     189s
    hm1_norm_ρdiff=0.0055448597320014665 hm1_norm_Δρ=0.00565160839076184  error_V_h1=0.4187966892665643  α = 0.0
  4   -21.48203865849       -8.71       -1.79     223s
    hm1_norm_ρdiff=0.004461884676923904 hm1_norm_Δρ=0.004387675119247029  error_V_h1=0.41615100617932493  α = 8.71e-5
  5   -21.48203865849      -14.15       -1.68     283s
    hm1_norm_ρdiff=0.00752496460350407 hm1_norm_Δρ=0.007656163343854906  error_V_h1=0.41615100617286094  α = 6.4e-13
  6   -21.48203865849   +  -14.15       -1.52     196s
    hm1_norm_ρdiff=0.009830074895807528 hm1_norm_Δρ=0.00979865327536683  error_V_h1=0.416151006172868  α = 0.0
  7   -21.48203865849      -14.15       -1.81     321s
    hm1_norm_ρdiff=0.004094751077235977 hm1_norm_Δρ=0.004026848756188705  error_V_h1=0.41615100617244966  α = 1.16e-14
  8   -21.48203865849   +  -14.45       -0.96     202s
    hm1_norm_ρdiff=0.03190561159552319 hm1_norm_Δρ=0.03180735903168902  error_V_h1=0.4161510061727086  α = 0.0
  9   -21.48203865849   +  -14.45       -1.81     185s
    hm1_norm_ρdiff=0.004094751077246275 hm1_norm_Δρ=0.004026848756194197  error_V_h1=0.4161510061725449  α = 0.0
 10   -21.48203865849   +    -Inf       -1.81     457s
    hm1_norm_ρdiff=0.0040947510771672324 hm1_norm_Δρ=0.004026848756123284  error_V_h1=0.4161510061716725  α = 2.79e-14
 11   -21.48203865849      -14.45        0.20     265s
    hm1_norm_ρdiff=0.6851566549543663 hm1_norm_Δρ=0.6852627586394917  error_V_h1=0.41615100614394535  α = 2.86e-15
 12   -21.48203865849   +    -Inf       -1.83     257s
    hm1_norm_ρdiff=0.004640921814915024 hm1_norm_Δρ=0.004733605478198663  error_V_h1=0.416151006143909  α = 5.72e-16
 13   -21.48203865849   +    -Inf        0.18     287s
    hm1_norm_ρdiff=0.7164610507392687 hm1_norm_Δρ=0.716585097188318  error_V_h1=0.41615100614318523  α = 1.04e-15

#-- |ρε - ρref| = 0.00020165598303314948 vs. 3.162277660168379e-8 = δ*ε  error_V_h1=0.41615100614318523  Qε=0.872478551963658


# --- ε=1.778279410038923e-6

n     Energy            log10(ΔE)   log10(Δρ)   Δtime
---   ---------------   ---------   ---------   ------
  1   -21.48176125059                   -0.88    86.6s
    hm1_norm_ρdiff=0.08276318081512694 hm1_norm_Δρ=0.08269191830298298  error_V_h1=2.2284860565129065  α = 0.00141
  2   -21.48177440638       -4.88       -1.79    66.5s
    hm1_norm_ρdiff=0.006843998983893577 hm1_norm_Δρ=0.0068090438434032525  error_V_h1=1.9165641701175522  α = 0.00434
  3   -21.48177640081       -5.70       -2.05    65.9s
    hm1_norm_ρdiff=0.0034554779510387367 hm1_norm_Δρ=0.0034347934296405443  error_V_h1=1.82266075415965  α = 0.00386
  4   -21.48177693730       -6.27       -2.00    66.8s
    hm1_norm_ρdiff=0.0034972457917226618 hm1_norm_Δρ=0.0034769518736004175  error_V_h1=1.7104332517425591  α = 0.00321
  5   -21.48177693730      -13.22       -2.29     274s
    hm1_norm_ρdiff=0.0012820831013173532 hm1_norm_Δρ=0.001272050146350783  error_V_h1=1.7104332513745981  α = 1.76e-11
  6   -21.48177693730      -14.45       -2.19     251s
    hm1_norm_ρdiff=0.0020414181669001085 hm1_norm_Δρ=0.0020539044030809857  error_V_h1=1.7104332513751999  α = 3.13e-16
  7   -21.48177693730   +  -14.15       -1.99     193s
    hm1_norm_ρdiff=0.0035549681652949547 hm1_norm_Δρ=0.0035642190553537797  error_V_h1=1.7104332513751688  α = 0.0
  8   -21.48179696490       -4.70       -1.25    73.0s
    hm1_norm_ρdiff=0.0338840559361397 hm1_norm_Δρ=0.03399904756500976  error_V_h1=1.0323664907900958  α = 0.0014
  9   -21.48179699833       -7.48       -2.41     193s
    hm1_norm_ρdiff=0.0015450622792219488 hm1_norm_Δρ=0.00156880605218786  error_V_h1=1.0166460119336225  α = 0.000805
 10   -21.48179699833   +    -Inf       -2.09     221s
    hm1_norm_ρdiff=0.002976596750381437 hm1_norm_Δρ=0.002979096071906772  error_V_h1=1.0166460112428692  α = 1.99e-11
 11   -21.48179699833   +  -13.97       -1.62     196s
    hm1_norm_ρdiff=0.0076902994108759126 hm1_norm_Δρ=0.007689743856359921  error_V_h1=1.016646011239655  α = 0.0
 12   -21.48180046647       -5.46       -1.58    73.2s
    hm1_norm_ρdiff=0.015452777795091395 hm1_norm_Δρ=0.015363075468405494  error_V_h1=0.8262463062283617  α = 0.00144
 13   -21.48180046647      -13.25       -2.70     219s
    hm1_norm_ρdiff=0.0007230754489625535 hm1_norm_Δρ=0.0007543424945013599  error_V_h1=0.8262463050578311  α = 9.09e-11
 14   -21.48180046647   +    -Inf       -1.83     381s
    hm1_norm_ρdiff=0.004115336937787397 hm1_norm_Δρ=0.004098942423713308  error_V_h1=0.8262463050262142  α = 7.06e-13
 15   -21.48180046647   +    -Inf       -1.38     196s
    hm1_norm_ρdiff=0.016848864582084677 hm1_norm_Δρ=0.01686557342063277  error_V_h1=0.8262463050262229  α = 0.0
Trying again without preconditioner ...
n     Energy            log10(ΔE)   log10(Δρ)   Δtime
---   ---------------   ---------   ---------   ------
  1   -21.48180105207                   -1.19    93.9s
    hm1_norm_ρdiff=0.029995422753521853 hm1_norm_Δρ=0.030088978491455465  error_V_h1=0.7501604902579097  α = 0.000515
  2   -21.48180129300       -6.62       -1.27    80.2s
    hm1_norm_ρdiff=0.013074937061281353 hm1_norm_Δρ=0.013075373989584476  error_V_h1=0.6511733386131129  α = 0.000455
  3   -21.48180129300      -13.45       -1.36     284s
    hm1_norm_ρdiff=0.013048599627989207 hm1_norm_Δρ=0.013012815862463155  error_V_h1=0.6511733381966458  α = 2.71e-12
  4   -21.48180129300   +  -14.45       -0.91     195s
    hm1_norm_ρdiff=0.048452139221062916 hm1_norm_Δρ=0.04847789023739226  error_V_h1=0.6511733381961528  α = 0.0
  5   -21.48180187951       -6.23       -1.33    84.5s
    hm1_norm_ρdiff=0.026307206360299252 hm1_norm_Δρ=0.026213975077592384  error_V_h1=0.5870526422025759  α = 0.00018
  6   -21.48180187951      -13.85       -1.73     366s
    hm1_norm_ρdiff=0.005138575775576885 hm1_norm_Δρ=0.005106545153389546  error_V_h1=0.5870526416057731  α = 1.14e-11
  7   -21.48180187951   +    -Inf       -0.70     348s
    hm1_norm_ρdiff=0.08423746227575199 hm1_norm_Δρ=0.08428926368930913  error_V_h1=0.5870526416051772  α = 1.49e-15
  8   -21.48180187951   +  -14.45        0.19     209s
    hm1_norm_ρdiff=0.7349363195261217 hm1_norm_Δρ=0.7349993043194722  error_V_h1=0.5870526416055357  α = 0.0
  9   -21.48180187951   +    -Inf       -1.88     248s
    hm1_norm_ρdiff=0.006719152601034378 hm1_norm_Δρ=0.006616648095185302  error_V_h1=0.5870526414280401  α = 2.86e-12
 10   -21.48180187951   +  -14.45       -1.01     205s
    hm1_norm_ρdiff=0.03539161580134944 hm1_norm_Δρ=0.03544271278183968  error_V_h1=0.5870526414275253  α = 0.0
 11   -21.48180187951      -14.15       -1.88     320s
    hm1_norm_ρdiff=0.006719152531149254 hm1_norm_Δρ=0.0066166480252649275  error_V_h1=0.5870526414248901  α = 1.51e-14
 12   -21.48180187951   +  -13.97       -1.40     201s
    hm1_norm_ρdiff=0.013617725695504427 hm1_norm_Δρ=0.013680098944444276  error_V_h1=0.5870526414280168  α = 0.0
 13   -21.48180187951      -14.45       -1.88     297s
    hm1_norm_ρdiff=0.006719152531456448 hm1_norm_Δρ=0.006616648025570994  error_V_h1=0.587052641428025  α = 6.95e-15
 14   -21.48180187951   +    -Inf        0.32     183s
    hm1_norm_ρdiff=0.952243562946096 hm1_norm_Δρ=0.9523079536918181  error_V_h1=0.5870526414269136  α = 0.0
 15   -21.48180187951   +    -Inf       -1.88     192s
    hm1_norm_ρdiff=0.006719152531275323 hm1_norm_Δρ=0.006616648025389984  error_V_h1=0.5870526414279718  α = 0.0

#-- |ρε - ρref| = 0.00011655480730747124 vs. 1.7782794100389228e-8 = δ*ε  error_V_h1=0.5870526414279718  Qε=0.8287066526329657


# --- ε=1.0e-6

n     Energy            log10(ΔE)   log10(Δρ)   Δtime
---   ---------------   ---------   ---------   ------
  1   -21.48165259915                   -0.87    94.1s
    hm1_norm_ρdiff=0.08531045974491709 hm1_norm_Δρ=0.08525163216781488  error_V_h1=2.029853323338099  α = 0.000564
  2   -21.48165323831       -6.19       -1.76    63.8s
    hm1_norm_ρdiff=0.0072043143950284135 hm1_norm_Δρ=0.007194696503138667  error_V_h1=1.8583327598199084  α = 0.00408
  3   -21.48165418231       -6.03       -1.85    72.9s
    hm1_norm_ρdiff=0.005430115705788647 hm1_norm_Δρ=0.005415946459849859  error_V_h1=1.730641432258016  α = 0.00115
  4   -21.48165418231      -12.97       -1.70     361s
    hm1_norm_ρdiff=0.006899538147140777 hm1_norm_Δρ=0.006888047394057578  error_V_h1=1.7306413094525714  α = 5.12e-10
  5   -21.48165418231   +  -14.15       -1.88     182s
    hm1_norm_ρdiff=0.004037478943014887 hm1_norm_Δρ=0.004047757308405041  error_V_h1=1.7306413094544622  α = 0.0
  6   -21.48166100611       -5.17       -1.70    73.4s
    hm1_norm_ρdiff=0.007992777778888264 hm1_norm_Δρ=0.008003013112800397  error_V_h1=1.3014945138546992  α = 0.00155
  7   -21.48166107139       -7.19       -1.98     181s
    hm1_norm_ρdiff=0.005502370219947822 hm1_norm_Δρ=0.005539760778106833  error_V_h1=1.2682067594901274  α = 0.000316
  8   -21.48166107139      -13.37       -1.72     324s
    hm1_norm_ρdiff=0.009911589300395133 hm1_norm_Δρ=0.009862722843965485  error_V_h1=1.26820675902696  α = 2.6e-12
  9   -21.48166107139   +  -13.97       -1.23     193s
    hm1_norm_ρdiff=0.025381824124057265 hm1_norm_Δρ=0.025406881782585194  error_V_h1=1.2682067590261235  α = 0.0
 10   -21.48166107139      -14.45       -2.45     392s
    hm1_norm_ρdiff=0.0015856744776484959 hm1_norm_Δρ=0.0015883168371468904  error_V_h1=1.2682067590255548  α = 3.16e-14
 11   -21.48166107139   +  -13.97       -0.92     207s
    hm1_norm_ρdiff=0.060468460408274846 hm1_norm_Δρ=0.060520604406320094  error_V_h1=1.2682067590246233  α = 0.0
 12   -21.48166107139      -14.15       -2.45     308s
    hm1_norm_ρdiff=0.0015856744776284269 hm1_norm_Δρ=0.0015883168371214923  error_V_h1=1.2682067590256094  α = 1.05e-14
 13   -21.48166107767       -8.20       -1.61     209s
    hm1_norm_ρdiff=0.013915022083149991 hm1_norm_Δρ=0.013962904258989006  error_V_h1=1.2632857487092322  α = 2.84e-5
 14   -21.48166108108       -8.47       -1.85     231s
    hm1_norm_ρdiff=0.0061105041798304085 hm1_norm_Δρ=0.0060851436127030804  error_V_h1=1.2571929875916734  α = 5.01e-5
 15   -21.48166108108      -13.67       -1.77     228s
    hm1_norm_ρdiff=0.005821197837558628 hm1_norm_Δρ=0.005829941057666213  error_V_h1=1.2571929875506065  α = 2.73e-13
 16   -21.48166108108   +  -14.45       -1.56     202s
    hm1_norm_ρdiff=0.011304254982642864 hm1_norm_Δρ=0.011270912989959591  error_V_h1=1.2571929875510626  α = 0.0
 17   -21.48166108108      -14.45       -2.51     380s
    hm1_norm_ρdiff=0.0013547411106195335 hm1_norm_Δρ=0.0013466890954827216  error_V_h1=1.2571929875509127  α = 1.27e-14
 18   -21.48166108108   +    -Inf       -0.54     452s
    hm1_norm_ρdiff=0.15537601550706673 hm1_norm_Δρ=0.15542683139555805  error_V_h1=1.2571929875502126  α = 1.08e-15
 19   -21.48166108108   +    -Inf       -1.17     201s
    hm1_norm_ρdiff=0.036133315206165126 hm1_norm_Δρ=0.036179386123571314  error_V_h1=1.2571929875511152  α = 0.0
Trying again without preconditioner ...
n     Energy            log10(ΔE)   log10(Δρ)   Δtime
---   ---------------   ---------   ---------   ------
  1   -21.48166164652                   -1.41    92.8s
    hm1_norm_ρdiff=0.010536315366650038 hm1_norm_Δρ=0.01052313689604671  error_V_h1=1.1205917622267503  α = 0.000369
  2   -21.48166164652      -13.34       -0.55     416s
    hm1_norm_ρdiff=0.12096419710776049 hm1_norm_Δρ=0.12100083511196469  error_V_h1=1.1205917497620874  α = 6.45e-12
  3   -21.48166164652   +    -Inf       -0.56     347s
    hm1_norm_ρdiff=0.10936199212681555 hm1_norm_Δρ=0.10937397133237155  error_V_h1=1.1205917497630948  α = 1.5e-16
  4   -21.48166164652      -14.15       -0.44     266s
    hm1_norm_ρdiff=0.14648006561623636 hm1_norm_Δρ=0.14648458284240987  error_V_h1=1.1205917493098436  α = 3.41e-13
  5   -21.48166164652   +  -13.85       -0.71     194s
    hm1_norm_ρdiff=0.07457383593500147 hm1_norm_Δρ=0.0746093816306035  error_V_h1=1.120591749307342  α = 0.0
  6   -21.48166164652   +    -Inf       -1.48     254s
    hm1_norm_ρdiff=0.011170697856773493 hm1_norm_Δρ=0.011199074479810507  error_V_h1=1.1205917491220159  α = 6.82e-13
  7   -21.48166164652   +  -14.15       -0.27     203s
    hm1_norm_ρdiff=0.22661428450718613 hm1_norm_Δρ=0.22664335321765566  error_V_h1=1.1205917491223052  α = 0.0
  8   -21.48166164652      -14.15       -1.48     274s
    hm1_norm_ρdiff=0.011170697815606874 hm1_norm_Δρ=0.011199074438585402  error_V_h1=1.1205917489373105  α = 6.84e-13
  9   -21.48166164652   +  -14.45       -0.29     170s
    hm1_norm_ρdiff=0.21558195232796196 hm1_norm_Δρ=0.2156109140361932  error_V_h1=1.1205917489367754  α = 0.0
 10   -21.48166164652   +    -Inf       -1.48     422s
    hm1_norm_ρdiff=0.011170697775068841 hm1_norm_Δρ=0.011199074397983894  error_V_h1=1.120591748936106  α = 6.04e-15
 11   -21.48166164652   +  -14.15        0.36     256s
    hm1_norm_ρdiff=1.0511706442318527 hm1_norm_Δρ=1.0512078546512937  error_V_h1=1.1205917489319126  α = 0.0
 12   -21.48166164652   +    -Inf       -1.48     371s
    hm1_norm_ρdiff=0.011170697772420586 hm1_norm_Δρ=0.011199074395326981  error_V_h1=1.1205917489329897  α = 7.49e-15
 13   -21.48166173961       -7.03       -0.83    83.4s
    hm1_norm_ρdiff=0.056871091414448884 hm1_norm_Δρ=0.056905974050341784  error_V_h1=1.0844341965830215  α = 5.18e-5
 14   -21.48166179561       -7.25       -1.01     167s
    hm1_norm_ρdiff=0.024751622826864054 hm1_norm_Δρ=0.024720948818001142  error_V_h1=1.0479475715344675  α = 4.45e-5
 15   -21.48166179561      -13.60       -1.08     255s
    hm1_norm_ρdiff=0.023701352204135155 hm1_norm_Δρ=0.02372749049875906  error_V_h1=1.0479475715015134  α = 7.93e-14
 16   -21.48166179561      -14.15       -0.78     236s
    hm1_norm_ρdiff=0.060966706277103204 hm1_norm_Δρ=0.06097879542851087  error_V_h1=1.0479475714626658  α = 2.51e-13
 17   -21.48166179561   +  -14.15       -0.41     161s
    hm1_norm_ρdiff=0.13711048765099781 hm1_norm_Δρ=0.13713247139708384  error_V_h1=1.0479475714635704  α = 0.0
 18   -21.48166179561      -14.45       -1.65     240s
    hm1_norm_ρdiff=0.0069637598801266295 hm1_norm_Δρ=0.006932989842483003  error_V_h1=1.047947571463194  α = 1.98e-15
 19   -21.48166179561   +  -14.15        0.33     150s
    hm1_norm_ρdiff=0.9888915926063327 hm1_norm_Δρ=0.9889296957348852  error_V_h1=1.0479475714662732  α = 0.0
 20   -21.48166179561   +    -Inf       -1.65     243s
    hm1_norm_ρdiff=0.006963759881387542 hm1_norm_Δρ=0.006932989843731519  error_V_h1=1.0479475714630428  α = 1.39e-14
 21   -21.48166179561   +  -14.45       -0.36     162s
    hm1_norm_ρdiff=0.20338798937342764 hm1_norm_Δρ=0.2034307116715559  error_V_h1=1.0479475714638546  α = 0.0
 22   -21.48166179561   +    -Inf       -1.65     324s
    hm1_norm_ρdiff=0.006963759880327189 hm1_norm_Δρ=0.0069329898426768195  error_V_h1=1.0479475714588928  α = 3.31e-14
 23   -21.48166179561   +    -Inf        0.06     161s
    hm1_norm_ρdiff=0.5111575913314532 hm1_norm_Δρ=0.5111898843224957  error_V_h1=1.0479475714581385  α = 0.0

#-- |ρε - ρref| = 6.657570542658235e-5 vs. 1.0e-8 = δ*ε  error_V_h1=1.0479475714581385  Qε=0.8787057823510666


# --- ε=5.62341325190349e-7

n     Energy            log10(ΔE)   log10(Δρ)   Δtime
---   ---------------   ---------   ---------   ------
  1   -21.48155961582                   -0.88    74.6s
    hm1_norm_ρdiff=0.08381220962079428 hm1_norm_Δρ=0.08379200032998174  error_V_h1=3.231533892734239  α = 0.000472
  2   -21.48156247397       -5.54       -1.80    57.0s
    hm1_norm_ρdiff=0.006717196466596004 hm1_norm_Δρ=0.006704540233929867  error_V_h1=2.985756685446056  α = 0.00133
  3   -21.48156253528       -7.21       -1.48     171s
    hm1_norm_ρdiff=0.013100868527701025 hm1_norm_Δρ=0.01309377769159571  error_V_h1=2.952768735694959  α = 8.31e-5
  4   -21.48156253528      -13.67       -1.07     186s
    hm1_norm_ρdiff=0.040145114197627216 hm1_norm_Δρ=0.04015549977746857  error_V_h1=2.9527687352638083  α = 3.24e-13
  5   -21.48156253528      -14.45       -0.85     203s
    hm1_norm_ρdiff=0.06694829199054056 hm1_norm_Δρ=0.06695925896302583  error_V_h1=2.9527687353017837  α = 1.03e-14
  6   -21.48156253528   +    -Inf       -1.30     151s
    hm1_norm_ρdiff=0.022745680069804295 hm1_norm_Δρ=0.022755777800241395  error_V_h1=2.9527687353015586  α = 0.0
  7   -21.48157043994       -5.10       -1.16    62.8s
    hm1_norm_ρdiff=0.04200882046755537 hm1_norm_Δρ=0.04204785108277222  error_V_h1=2.496990448477612  α = 0.000489
  8   -21.48157043994      -13.45       -2.02     207s
    hm1_norm_ρdiff=0.003585789175372377 hm1_norm_Δρ=0.003584942008645604  error_V_h1=2.496990444982197  α = 2.79e-11
  9   -21.48157043994      -14.15       -1.06     260s
    hm1_norm_ρdiff=0.042757591109408334 hm1_norm_Δρ=0.04278168481786089  error_V_h1=2.496990444909613  α = 4.98e-14
 10   -21.48157043994   +  -14.15       -0.80     157s
    hm1_norm_ρdiff=0.07402600225451124 hm1_norm_Δρ=0.07404072279505468  error_V_h1=2.4969904449160745  α = 0.0
 11   -21.48157212363       -5.77       -1.36    61.5s
    hm1_norm_ρdiff=0.02562784857892235 hm1_norm_Δρ=0.02560227232809241  error_V_h1=2.3442149702681174  α = 0.000527
 12   -21.48157212363      -13.75       -2.18     191s
    hm1_norm_ρdiff=0.0023043793944145428 hm1_norm_Δρ=0.002305850930860994  error_V_h1=2.3442149695460524  α = 6.62e-12
 13   -21.48157212363      -14.45       -0.34     263s
    hm1_norm_ρdiff=0.22511089212096197 hm1_norm_Δρ=0.2251267580874246  error_V_h1=2.344214969551836  α = 3.74e-16
 14   -21.48157212363   +  -14.45        0.10     161s
    hm1_norm_ρdiff=0.6316398291025819 hm1_norm_Δρ=0.6316574616677425  error_V_h1=2.3442149695503605  α = 0.0
 15   -21.48157258497       -6.34       -1.51    60.7s
    hm1_norm_ρdiff=0.0185218137605546 hm1_norm_Δρ=0.018556823120678176  error_V_h1=2.2567740009022623  α = 0.000537
 16   -21.48157258497      -13.75       -2.20     226s
    hm1_norm_ρdiff=0.00202562178891069 hm1_norm_Δρ=0.0020216045772605234  error_V_h1=2.25677399950333  α = 1.33e-11
 17   -21.48157258497   +  -14.15       -0.35     153s
    hm1_norm_ρdiff=0.2181435547929656 hm1_norm_Δρ=0.2181624713576393  error_V_h1=2.2567739995021103  α = 0.0
 18   -21.48157336729       -6.11       -1.63    66.4s
    hm1_norm_ρdiff=0.014128036524817308 hm1_norm_Δρ=0.014093864033346254  error_V_h1=2.1909421897466026  α = 0.000142
 19   -21.48157336729      -14.15       -2.12     260s
    hm1_norm_ρdiff=0.0024324199310430897 hm1_norm_Δρ=0.0024339292666852854  error_V_h1=2.1909421896109524  α = 1.12e-12
 20   -21.48157336729   +  -14.15       -0.16     155s
    hm1_norm_ρdiff=0.3412502731628944 hm1_norm_Δρ=0.341269137057797  error_V_h1=2.1909421896117007  α = 0.0
 21   -21.48157341509       -7.32       -1.89    71.9s
    hm1_norm_ρdiff=0.00755327670236013 hm1_norm_Δρ=0.007520862094446122  error_V_h1=2.1538706756480956  α = 0.000292
 22   -21.48157341509      -13.60       -1.59     232s
    hm1_norm_ρdiff=0.010756876979953641 hm1_norm_Δρ=0.010769863918520297  error_V_h1=2.1538706755360666  α = 3.43e-13
 23   -21.48157341509   +  -14.15        0.11     162s
    hm1_norm_ρdiff=0.6467994402380711 hm1_norm_Δρ=0.6468197553903163  error_V_h1=2.1538706755379584  α = 0.0
 24   -21.48157341509      -14.15       -2.62     216s
    hm1_norm_ρdiff=0.0007728640614916463 hm1_norm_Δρ=0.000749314522067729  error_V_h1=2.1538706753589287  α = 4.27e-12
 25   -21.48157341509   +    -Inf        0.06     245s
    hm1_norm_ρdiff=0.5763938941144223 hm1_norm_Δρ=0.5764144639861483  error_V_h1=2.1538706753477967  α = 1.33e-15
 26   -21.48157341509   +  -14.15       -1.33     158s
    hm1_norm_ρdiff=0.02209262468098169 hm1_norm_Δρ=0.022069428096330772  error_V_h1=2.1538706753466044  α = 0.0
 27   -21.48157341509      -13.97       -2.62     225s
    hm1_norm_ρdiff=0.0007728640597063192 hm1_norm_Δρ=0.0007493145203345414  error_V_h1=2.1538706752485606  α = 2.23e-12
 28   -21.48157341509   +  -14.45        0.11     159s
    hm1_norm_ρdiff=0.6428253276216296 hm1_norm_Δρ=0.6428457317962153  error_V_h1=2.153870675249915  α = 0.0
 29   -21.48157341509      -14.45       -2.62     309s
    hm1_norm_ρdiff=0.0007728640577490002 hm1_norm_Δρ=0.0007493145185022611  error_V_h1=2.153870675248569  α = 4.38e-16
 30   -21.48157341509   +  -13.97       -2.01     152s
    hm1_norm_ρdiff=0.0030392215026260883 hm1_norm_Δρ=0.0030218055376616676  error_V_h1=2.153870675249946  α = 0.0
 31   -21.48157341509      -14.15       -2.62     199s
    hm1_norm_ρdiff=0.0007728640577543416 hm1_norm_Δρ=0.0007493145185103902  error_V_h1=2.1538706750853467  α = 3.93e-12
 32   -21.48157341509   +    -Inf       -0.12     160s
    hm1_norm_ρdiff=0.38300349657256993 hm1_norm_Δρ=0.38302517923098656  error_V_h1=2.1538706750846432  α = 0.0
 33   -21.48157341509   +    -Inf       -2.62     296s
    hm1_norm_ρdiff=0.0007728640556170684 hm1_norm_Δρ=0.0007493145164785739  error_V_h1=2.1538706750844123  α = 3.18e-16
Trying again without preconditioner ...
n     Energy            log10(ΔE)   log10(Δρ)   Δtime
---   ---------------   ---------   ---------   ------
  1   -21.48157408355                   -1.29     153s
    hm1_norm_ρdiff=0.013218417908161808 hm1_norm_Δρ=0.013217089064574528  error_V_h1=1.916139396186102  α = 0.000304
  2   -21.48157408355      -13.67       -0.16     296s
    hm1_norm_ρdiff=0.3101623307588289 hm1_norm_Δρ=0.3101847407333569  error_V_h1=1.9161393947423024  α = 3.2e-13
  3   -21.48157408355   +  -14.15        0.15     162s
    hm1_norm_ρdiff=0.6405360557618917 hm1_norm_Δρ=0.6405563732744489  error_V_h1=1.9161393947428518  α = 0.0
  4   -21.48157408355   +    -Inf       -1.44     273s
    hm1_norm_ρdiff=0.010273977886148306 hm1_norm_Δρ=0.01027473723588678  error_V_h1=1.9161393947339196  α = 2.14e-14
  5   -21.48157408355      -13.60        0.32     258s
    hm1_norm_ρdiff=0.9537027963616658 hm1_norm_Δρ=0.9537240652363314  error_V_h1=1.9161393945260472  α = 7.29e-15
  6   -21.48157408355   +  -14.15        0.20     161s
    hm1_norm_ρdiff=0.7334925023028886 hm1_norm_Δρ=0.7335126528326316  error_V_h1=1.9161393945235539  α = 0.0
  7   -21.48157408355   +    -Inf       -1.44     357s
    hm1_norm_ρdiff=0.010273977883202634 hm1_norm_Δρ=0.010274737233095759  error_V_h1=1.9161393945233327  α = 1.73e-15
  8   -21.48157408355   +    -Inf        0.34     234s
    hm1_norm_ρdiff=1.0070899925716361 hm1_norm_Δρ=1.0071119993999331  error_V_h1=1.9161393940919436  α = 5.2e-15

#-- |ρε - ρref| = 3.9902025973729256e-5 vs. 5.62341325190349e-9 = δ*ε  error_V_h1=1.9161393940919436  Qε=0.8600473241142441


# --- ε=3.162277660168379e-7

n     Energy            log10(ΔE)   log10(Δρ)   Δtime
---   ---------------   ---------   ---------   ------
  1   -21.48151252408                   -0.89    79.3s
    hm1_norm_ρdiff=0.08210273802768094 hm1_norm_Δρ=0.0820846149249965  error_V_h1=4.120906933670606  α = 0.000188
  2   -21.48151466237       -5.67       -1.64    72.0s
    hm1_norm_ρdiff=0.009494959373644602 hm1_norm_Δρ=0.009488046009479134  error_V_h1=3.8542198942077603  α = 0.000488
  3   -21.48151466237      -13.60       -0.92     317s
    hm1_norm_ρdiff=0.05514579736793894 hm1_norm_Δρ=0.05514851812936636  error_V_h1=3.8542198928294167  α = 7.87e-13
  4   -21.48151466237   +  -14.15       -0.12     157s
    hm1_norm_ρdiff=0.3744113152859627 hm1_norm_Δρ=0.3744217150189241  error_V_h1=3.8542198928282843  α = 0.0
  5   -21.48151470178       -7.40       -1.89     183s
    hm1_norm_ρdiff=0.006274619908103708 hm1_norm_Δρ=0.006285016190235192  error_V_h1=3.8298371377362215  α = 9.67e-5
  6   -21.48151470178      -13.60       -0.21     346s
    hm1_norm_ρdiff=0.29729060553974457 hm1_norm_Δρ=0.2972985410370045  error_V_h1=3.8298371377246134  α = 1.08e-15
  7   -21.48151470178   +  -14.45        0.11     162s
    hm1_norm_ρdiff=0.6472968605601296 hm1_norm_Δρ=0.6473079025384606  error_V_h1=3.82983713772622  α = 0.0
  8   -21.48151470178      -14.45       -2.04     232s
    hm1_norm_ρdiff=0.003951138889284711 hm1_norm_Δρ=0.003956546316389541  error_V_h1=3.8298371377235627  α = 7.1e-16
  9   -21.48151470838       -8.18       -0.96     192s
    hm1_norm_ρdiff=0.06360404705571207 hm1_norm_Δρ=0.06361963262919666  error_V_h1=3.825174959610086  α = 3.95e-6
 10   -21.48151470838      -14.45       -1.27     222s
    hm1_norm_ρdiff=0.023459242569080673 hm1_norm_Δρ=0.02346109362890056  error_V_h1=3.8251749594128808  α = 1.68e-13
 11   -21.48151470838      -14.45       -0.69     214s
    hm1_norm_ρdiff=0.09250500800646907 hm1_norm_Δρ=0.09251478060915448  error_V_h1=3.825174959416699  α = 1.66e-16
 12   -21.48151470838   +  -14.45       -1.55     157s
    hm1_norm_ρdiff=0.010229769388360415 hm1_norm_Δρ=0.01023045741151317  error_V_h1=3.825174959415935  α = 0.0
 13   -21.48151470838   +    -Inf       -2.08     300s
    hm1_norm_ρdiff=0.003298203576577099 hm1_norm_Δρ=0.0032979737119473935  error_V_h1=3.8251749594115245  α = 8.36e-15
 14   -21.48151470838      -14.45       -0.69     221s
    hm1_norm_ρdiff=0.10105439115882629 hm1_norm_Δρ=0.10104320311779065  error_V_h1=3.825174959381427  α = 1.72e-14
 15   -21.48151470838   +  -14.15       -1.23     162s
    hm1_norm_ρdiff=0.026370203865220664 hm1_norm_Δρ=0.02636760712574967  error_V_h1=3.8251749593828137  α = 0.0
 16   -21.48151470838      -14.45       -2.08     268s
    hm1_norm_ρdiff=0.0032982035778587075 hm1_norm_Δρ=0.0032979737132759587  error_V_h1=3.825174959370667  α = 2.61e-14
 17   -21.48151470838   +  -14.45       -1.00     163s
    hm1_norm_ρdiff=0.06164508240298388 hm1_norm_Δρ=0.06166266762188055  error_V_h1=3.8251749593715556  α = 0.0
 18   -21.48151470838   +    -Inf       -2.08     314s
    hm1_norm_ρdiff=0.0032982035778326172 hm1_norm_Δρ=0.003297973713252662  error_V_h1=3.825174959368451  α = 3.36e-15
 19   -21.48151470838   +    -Inf       -1.05     156s
    hm1_norm_ρdiff=0.040762493867738774 hm1_norm_Δρ=0.04076518146787706  error_V_h1=3.825174959366522  α = 0.0
Trying again without preconditioner ...
n     Energy            log10(ΔE)   log10(Δρ)   Δtime
---   ---------------   ---------   ---------   ------
  1   -21.48151626580                   -0.95    88.3s
    hm1_norm_ρdiff=0.04131173708276352 hm1_norm_Δρ=0.04131879464461299  error_V_h1=3.4859033161959077  α = 0.000184
  2   -21.48151659862       -6.48        0.26     162s
    hm1_norm_ρdiff=0.8246527672950482 hm1_norm_Δρ=0.8246649958262499  error_V_h1=3.283337306336948  α = 8.45e-6
  3   -21.48151659862      -13.75        0.24     286s
    hm1_norm_ρdiff=0.7878329584022323 hm1_norm_Δρ=0.7878451156736933  error_V_h1=3.2833373059921183  α = 3.6e-14
  4   -21.48151659862   +  -14.15        0.32     168s
    hm1_norm_ρdiff=0.9628073756178572 hm1_norm_Δρ=0.9628197072367553  error_V_h1=3.2833373059934985  α = 0.0
  5   -21.48151659862      -13.75       -1.18     352s
    hm1_norm_ρdiff=0.018251096017278867 hm1_norm_Δρ=0.018252227664847288  error_V_h1=3.283337305949041  α = 2.99e-14
  6   -21.48151659862   +  -13.97        0.32     167s
    hm1_norm_ρdiff=0.9614479474370973 hm1_norm_Δρ=0.9614604989435057  error_V_h1=3.2833373059478674  α = 0.0
  7   -21.48151659862   +    -Inf       -1.18     302s
    hm1_norm_ρdiff=0.018251096012887415 hm1_norm_Δρ=0.018252227660469297  error_V_h1=3.283337305954852  α = 1.52e-16
  8   -21.48151659862   +  -14.15        0.29     167s
    hm1_norm_ρdiff=0.9059237591152673 hm1_norm_Δρ=0.9059367486633627  error_V_h1=3.2833373059570206  α = 0.0
  9   -21.48151659862      -14.45       -1.18     201s
    hm1_norm_ρdiff=0.01825109601184559 hm1_norm_Δρ=0.018252227659422696  error_V_h1=3.2833373058138524  α = 1.29e-13
 10   -21.48151659862   +  -14.15        0.32     163s
    hm1_norm_ρdiff=0.9713596442170517 hm1_norm_Δρ=0.9713720658077863  error_V_h1=3.283337305812128  α = 0.0
 11   -21.48151659862      -13.67       -1.18     340s
    hm1_norm_ρdiff=0.018251095988398712 hm1_norm_Δρ=0.018252227636039467  error_V_h1=3.2833373034063773  α = 2.14e-12
 12   -21.48151659862   +  -14.15        0.32     161s
    hm1_norm_ρdiff=0.9594820089332701 hm1_norm_Δρ=0.9594943341230134  error_V_h1=3.283337303405241  α = 0.0
 13   -21.48151659862      -14.15       -1.18     356s
    hm1_norm_ρdiff=0.01825109556730878 hm1_norm_Δρ=0.018252227215312836  error_V_h1=3.283337303406191  α = 3.14e-16
 14   -21.48151659862   +  -14.45        0.29     166s
    hm1_norm_ρdiff=0.8938677339352828 hm1_norm_Δρ=0.8938807127710322  error_V_h1=3.283337303405903  α = 0.0
 15   -21.48151659862      -14.45       -1.18     159s
    hm1_norm_ρdiff=0.01825109556666325 hm1_norm_Δρ=0.01825222721466672  error_V_h1=3.283337303406241  α = 0.0
 16   -21.48151659862   +  -14.15       -1.18     162s
    hm1_norm_ρdiff=0.01825109556669961 hm1_norm_Δρ=0.018252227214703067  error_V_h1=3.283337303401422  α = 0.0
 17   -21.48151659862   +    -Inf       -1.18     396s
    hm1_norm_ρdiff=0.01825109556634118 hm1_norm_Δρ=0.018252227214341776  error_V_h1=3.2833373034026345  α = 3.33e-16
 18   -21.48151660420       -8.25        0.07     248s
    hm1_norm_ρdiff=0.47725422568199705 hm1_norm_Δρ=0.4772640081551773  error_V_h1=3.2780294584525422  α = 3.82e-7
 19   -21.48151660420      -14.15        0.08     243s
    hm1_norm_ρdiff=0.5240225044281663 hm1_norm_Δρ=0.5240333723165643  error_V_h1=3.2780294584495557  α = 7.59e-16
 20   -21.48151660420   +  -14.45        0.30     169s
    hm1_norm_ρdiff=0.8650901466117876 hm1_norm_Δρ=0.8651011653636623  error_V_h1=3.278029458449392  α = 0.0
 21   -21.48151660420   +    -Inf       -1.19     324s
    hm1_norm_ρdiff=0.017867793868886848 hm1_norm_Δρ=0.01787135461004814  error_V_h1=3.2780294584443155  α = 4.96e-15
 22   -21.48151660420   +  -14.45        0.33     167s
    hm1_norm_ρdiff=0.9845850575028022 hm1_norm_Δρ=0.9845974054625101  error_V_h1=3.278029458444368  α = 0.0
 23   -21.48151660420      -14.45       -1.19     274s
    hm1_norm_ρdiff=0.017867793868206226 hm1_norm_Δρ=0.017871354609367916  error_V_h1=3.2780294584419334  α = 4.28e-15
 24   -21.48151660420   +    -Inf        0.33     147s
    hm1_norm_ρdiff=0.9873428451577761 hm1_norm_Δρ=0.9873552530561789  error_V_h1=3.2780294584414755  α = 0.0
 25   -21.48151660420   +  -13.97       -1.19     157s
    hm1_norm_ρdiff=0.017867793866397752 hm1_norm_Δρ=0.01787135460755579  error_V_h1=3.2780294584425724  α = 0.0
 26   -21.48151660420   +    -Inf       -1.19     290s
    hm1_norm_ρdiff=0.017867793866318087 hm1_norm_Δρ=0.01787135460747604  error_V_h1=3.278029458432897  α = 9.84e-15
 27   -21.48151660420   +    -Inf        0.32     315s
    hm1_norm_ρdiff=0.9614831864938858 hm1_norm_Δρ=0.9614952070149019  error_V_h1=3.278029458216334  α = 4.07e-15

#-- |ρε - ρref| = 2.4854502010885552e-5 vs. 3.162277660168379e-9 = δ*ε  error_V_h1=3.278029458216334  Qε=0.915854582668794


# --- ε=1.7782794100389227e-7

n     Energy            log10(ΔE)   log10(Δρ)   Δtime
---   ---------------   ---------   ---------   ------
  1   -21.48146252602                   -0.88    80.6s
    hm1_norm_ρdiff=0.0829675425893821 hm1_norm_Δρ=0.08296314307839055  error_V_h1=6.802977854615553  α = 0.000175
  2   -21.48146279342       -6.57       -1.51     160s
    hm1_norm_ρdiff=0.012764565325796217 hm1_norm_Δρ=0.012760840543831361  error_V_h1=6.719145620703302  α = 9.13e-5
  3   -21.48146279343      -13.85       -0.08     222s
    hm1_norm_ρdiff=0.41309748099696275 hm1_norm_Δρ=0.4131001875893413  error_V_h1=6.719145619728671  α = 2.01e-13
  4   -21.48146279343   +    -Inf        0.11     155s
    hm1_norm_ρdiff=0.6449698002242279 hm1_norm_Δρ=0.6449730908434169  error_V_h1=6.719145619723531  α = 0.0
  5   -21.48146415079       -5.87       -0.96    67.2s
    hm1_norm_ρdiff=0.0646530771763323 hm1_norm_Δρ=0.06466814654874475  error_V_h1=6.549088182063856  α = 0.00018
  6   -21.48146415079      -13.41       -1.61     288s
    hm1_norm_ρdiff=0.01130465441331335 hm1_norm_Δρ=0.011308128050713698  error_V_h1=6.549088181782707  α = 9.16e-13
  7   -21.48146415079   +    -Inf        0.11     156s
    hm1_norm_ρdiff=0.6494865007348865 hm1_norm_Δρ=0.6494956928693122  error_V_h1=6.549088181781014  α = 0.0
  8   -21.48146496883       -6.09       -1.03    65.6s
    hm1_norm_ρdiff=0.05603587714521217 hm1_norm_Δρ=0.056030518370484284  error_V_h1=6.410875092402468  α = 0.00018
  9   -21.48146496883      -13.97       -1.61     210s
    hm1_norm_ρdiff=0.011725257680346636 hm1_norm_Δρ=0.011727181667135805  error_V_h1=6.410875091813722  α = 1.66e-12
 10   -21.48146496883   +  -14.45        0.10     158s
    hm1_norm_ρdiff=0.6313398740347108 hm1_norm_Δρ=0.6313443506544856  error_V_h1=6.410875091825462  α = 0.0
 11   -21.48146528395       -6.50       -1.08    66.6s
    hm1_norm_ρdiff=0.04920995138045021 hm1_norm_Δρ=0.04922375394558246  error_V_h1=6.306382245092576  α = 0.00018
 12   -21.48146528395      -13.97       -1.49     220s
    hm1_norm_ρdiff=0.01549463568955024 hm1_norm_Δρ=0.015501041380763842  error_V_h1=6.306382244668998  α = 1.5e-12
 13   -21.48146528395      -14.45        0.08     157s
    hm1_norm_ρdiff=0.6040859857799757 hm1_norm_Δρ=0.6040945438621508  error_V_h1=6.306382244669326  α = 0.0
 14   -21.48146557556       -6.54       -1.16    68.7s
    hm1_norm_ρdiff=0.0417880020443602 hm1_norm_Δρ=0.04178137353168609  error_V_h1=6.202162392841498  α = 0.000177
 15   -21.48146557556      -13.85       -1.33     226s
    hm1_norm_ρdiff=0.022699333166007064 hm1_norm_Δρ=0.022703108807581952  error_V_h1=6.202162392289284  α = 1.42e-12
 16   -21.48146557556   +  -14.15        0.11     157s
    hm1_norm_ρdiff=0.6465969519948916 hm1_norm_Δρ=0.6466019862971758  error_V_h1=6.202162392299765  α = 0.0
 17   -21.48146713664       -5.81       -1.22    78.3s
    hm1_norm_ρdiff=0.03565419284033253 hm1_norm_Δρ=0.03566510604503575  error_V_h1=6.02585996457516  α = 0.000129
 18   -21.48146713664      -13.67       -1.11     278s
    hm1_norm_ρdiff=0.03825422209198746 hm1_norm_Δρ=0.038260267783615666  error_V_h1=6.025859963930882  α = 1.47e-12
 19   -21.48146713664   +  -14.45        0.12     153s
    hm1_norm_ρdiff=0.6579482995381386 hm1_norm_Δρ=0.6579554643047725  error_V_h1=6.025859963931275  α = 0.0
 20   -21.48146713664   +    -Inf       -1.72     407s
    hm1_norm_ρdiff=0.011239483532158133 hm1_norm_Δρ=0.011228370958114929  error_V_h1=6.025859963934419  α = 5.51e-15
 21   -21.48146717259       -7.44        0.09     171s
    hm1_norm_ρdiff=0.603114401376714 hm1_norm_Δρ=0.6031205404822662  error_V_h1=6.008736474922253  α = 1.13e-7
 22   -21.48146717259      -13.50       -1.07     214s
    hm1_norm_ρdiff=0.03865989208311377 hm1_norm_Δρ=0.0386600923423954  error_V_h1=6.0087364747788925  α = 2.44e-13
 23   -21.48146717259   +    -Inf       -0.25     161s
    hm1_norm_ρdiff=0.2682017294161258 hm1_norm_Δρ=0.2682062368013108  error_V_h1=6.008736474777078  α = 0.0
 24   -21.48146717259   +    -Inf       -1.93     280s
    hm1_norm_ρdiff=0.006553825434680601 hm1_norm_Δρ=0.006543354839483436  error_V_h1=6.008736474780595  α = 2.25e-15
Trying again without preconditioner ...
n     Energy            log10(ΔE)   log10(Δρ)   Δtime
---   ---------------   ---------   ---------   ------
  1   -21.48146723253                   -0.88     236s
    hm1_norm_ρdiff=0.04871478070986763 hm1_norm_Δρ=0.048716206875768255  error_V_h1=5.974265535384612  α = 1.12e-5
  2   -21.48146723253      -14.45        0.35     162s
    hm1_norm_ρdiff=1.0171583511471491 hm1_norm_Δρ=1.0171658350022914  error_V_h1=5.9742655353979215  α = 0.0
  3   -21.48146723253      -14.15       -0.89     322s
    hm1_norm_ρdiff=0.05007265815294702 hm1_norm_Δρ=0.05007627473461518  error_V_h1=5.974265534950856  α = 1.68e-13
  4   -21.48146723253   +  -14.15        0.35     161s
    hm1_norm_ρdiff=1.0167510367475905 hm1_norm_Δρ=1.016758521042016  error_V_h1=5.974265534945391  α = 0.0
  5   -21.48146723253      -14.45       -0.89     259s
    hm1_norm_ρdiff=0.0500726581774175 hm1_norm_Δρ=0.05007627475910204  error_V_h1=5.974265534338254  α = 2.28e-13
  6   -21.48146723253   +    -Inf        0.35     169s
    hm1_norm_ρdiff=1.0140421755163256 hm1_norm_Δρ=1.0140496604192408  error_V_h1=5.974265534337728  α = 0.0
  7   -21.48146723253   +    -Inf       -0.89     297s
    hm1_norm_ρdiff=0.05007265820699209 hm1_norm_Δρ=0.0500762747886987  error_V_h1=5.974265534345392  α = 3.51e-16

#-- |ρε - ρref| = 1.8575944544330402e-5 vs. 1.7782794100389228e-9 = δ*ε  error_V_h1=5.974265534345392  Qε=0.8877052398783994


# --- ε=1.0e-7

n     Energy            log10(ΔE)   log10(Δρ)   Δtime
---   ---------------   ---------   ---------   ------
  1   -21.48141667108                   -0.87    85.4s
    hm1_norm_ρdiff=0.0855205485660405 hm1_norm_Δρ=0.08551478771157107  error_V_h1=11.073290696686211  α = 5.82e-5
  2   -21.48141667108      -12.69       -0.98     205s
    hm1_norm_ρdiff=0.05104699359538963 hm1_norm_Δρ=0.05104890456515751  error_V_h1=11.073290637278935  α = 1.84e-11
  3   -21.48141667108   +    -Inf        0.11     154s
    hm1_norm_ρdiff=0.6437275529380052 hm1_norm_Δρ=0.6437317242787491  error_V_h1=11.073290637283522  α = 0.0
  4   -21.48141675287       -7.09       -1.60     222s
    hm1_norm_ρdiff=0.01196562837128567 hm1_norm_Δρ=0.011967423230154787  error_V_h1=11.047695928089428  α = 2.28e-5
  5   -21.48141675287      -13.75        0.11     314s
    hm1_norm_ρdiff=0.6402060053558627 hm1_norm_Δρ=0.6402100649199505  error_V_h1=11.047695926049332  α = 2.9e-14
  6   -21.48141675287   +  -14.15        0.12     155s
    hm1_norm_ρdiff=0.6564732424423159 hm1_norm_Δρ=0.6564774912396363  error_V_h1=11.047695926044236  α = 0.0
  7   -21.48141675287      -14.45       -1.67     285s
    hm1_norm_ρdiff=0.009831683592719454 hm1_norm_Δρ=0.009832695927817135  error_V_h1=11.047695926038065  α = 1.39e-15
  8   -21.48141675287   +  -14.45        0.00     167s
    hm1_norm_ρdiff=0.48270274219895587 hm1_norm_Δρ=0.4827057276948913  error_V_h1=11.047695926038294  α = 0.0
  9   -21.48141675287   +    -Inf       -1.67     381s
    hm1_norm_ρdiff=0.00983168359144274 hm1_norm_Δρ=0.009832695926539374  error_V_h1=11.047695926038811  α = 2.71e-16
 10   -21.48141675287   +    -Inf        0.12     161s
    hm1_norm_ρdiff=0.6498487832632998 hm1_norm_Δρ=0.6498529632414082  error_V_h1=11.04769592604046  α = 0.0
Trying again without preconditioner ...
n     Energy            log10(ΔE)   log10(Δρ)   Δtime
---   ---------------   ---------   ---------   ------
  1   -21.48141998487                   -0.42     209s
    hm1_norm_ρdiff=0.17513424316415155 hm1_norm_Δρ=0.17513851275620773  error_V_h1=10.586695031211585  α = 4.53e-5
  2   -21.48142138416       -5.85        0.35     175s
    hm1_norm_ρdiff=1.0222290670053047 hm1_norm_Δρ=1.0222327422686128  error_V_h1=10.177188075613037  α = 1.29e-6
  3   -21.48142138416      -13.55        0.34     289s
    hm1_norm_ρdiff=1.0021863024609676 hm1_norm_Δρ=1.002189955155575  error_V_h1=10.17718807403205  α = 9.5e-15
  4   -21.48142138416      -14.45        0.34     308s
    hm1_norm_ρdiff=1.001828324272336 hm1_norm_Δρ=1.001831963811589  error_V_h1=10.177188073954486  α = 5.22e-16
  5   -21.48142138416   +  -14.45        0.34     163s
    hm1_norm_ρdiff=1.0017924514030443 hm1_norm_Δρ=1.0017960895951226  error_V_h1=10.177188073937053  α = 0.0
  6   -21.48142138416   +    -Inf       -0.43     266s
    hm1_norm_ρdiff=0.17396509612667765 hm1_norm_Δρ=0.17396892492024274  error_V_h1=10.177188073946848  α = 4.77e-15
  7   -21.48142146175       -7.11        0.31     198s
    hm1_norm_ρdiff=0.9205185604480808 hm1_norm_Δρ=0.9205225498326102  error_V_h1=10.155416495809392  α = 2.63e-7
  8   -21.48142146175   +    -Inf        0.24     279s
    hm1_norm_ρdiff=0.739505942501133 hm1_norm_Δρ=0.7395094610958629  error_V_h1=10.155416495555453  α = 8.71e-15
  9   -21.48142146175      -13.67        0.32     218s
    hm1_norm_ρdiff=0.8934889420422341 hm1_norm_Δρ=0.8934925123973021  error_V_h1=10.155416493447884  α = 5.51e-15
 10   -21.48142146175   +  -13.97        0.31     168s
    hm1_norm_ρdiff=0.8747383953781886 hm1_norm_Δρ=0.8747420080596645  error_V_h1=10.155416493439425  α = 0.0
 11   -21.48142146175      -14.15       -0.44     322s
    hm1_norm_ρdiff=0.1627144074796281 hm1_norm_Δρ=0.16271795626763885  error_V_h1=10.155416493360995  α = 2.39e-14
 12   -21.48142146175   +    -Inf        0.34     166s
    hm1_norm_ρdiff=0.9988306466319885 hm1_norm_Δρ=0.9988344836055951  error_V_h1=10.155416493365625  α = 0.0
 13   -21.48142146175      -14.45       -0.44     191s
    hm1_norm_ρdiff=0.1627144074832944 hm1_norm_Δρ=0.16271795627130609  error_V_h1=10.155416492979016  α = 9.47e-14
 14   -21.48142146175   +  -14.45        0.34     145s
    hm1_norm_ρdiff=1.0073257620983223 hm1_norm_Δρ=1.0073295691408957  error_V_h1=10.155416492996379  α = 0.0
 15   -21.48142146175      -14.15       -0.44     303s
    hm1_norm_ρdiff=0.16271440745544932 hm1_norm_Δρ=0.16271795624346092  error_V_h1=10.155416492843207  α = 3.88e-14
 16   -21.48142146175   +    -Inf        0.34     163s
    hm1_norm_ρdiff=1.0046930655421134 hm1_norm_Δρ=1.0046968832234133  error_V_h1=10.155416492842015  α = 0.0
 17   -21.48142146175   +    -Inf       -0.44     385s
    hm1_norm_ρdiff=0.16271440744981697 hm1_norm_Δρ=0.16271795623782875  error_V_h1=10.155416492841502  α = 1.73e-16

#-- |ρε - ρref| = 1.4465411456520173e-5 vs. 1.0e-9 = δ*ε  error_V_h1=10.155416492841502  Qε=0.915145387005444

|v-vref|h1 = [0.5870526414279718, 1.0479475714581385, 1.9161393940919436, 3.278029458216334, 5.974265534345392, 10.1554164928415]
|v-vref|l2 = [0.20567418297481996, 0.35988375081707263, 0.6493486580762953, 1.123869638859165, 2.02738238812517, 3.511883614264546]
 ────────────────────────────────────────────────────────────────────────────────
                                        Time                    Allocations      
                               ───────────────────────   ────────────────────────
       Tot / % measured:            21.6h /  79.6%           39.7TiB /  48.7%    

 Section               ncalls     time    %tot     avg     alloc    %tot      avg
 ────────────────────────────────────────────────────────────────────────────────
 DftHamiltonian mul...   683k    6.89h   40.1%  36.3ms   3.88TiB   20.1%  5.96MiB
   nonlocal              683k    3.51h   20.4%  18.5ms   2.56TiB   13.2%  3.92MiB
   local+kinetic        2.73M    2.28h   13.2%  3.00ms   15.9GiB    0.1%  6.09KiB
 compute_density        12.7k    6.06h   35.2%   1.71s    657GiB    3.3%  52.8MiB
   symmetrize_ρ         12.7k    4.18h   24.3%   1.18s    282GiB    1.4%  22.7MiB
 energy_hamiltonian     12.2k    4.02h   23.4%   1.19s   14.4TiB   74.7%  1.22GiB
   ene_ops              12.2k    2.38h   13.8%   704ms   1.44TiB    7.5%   124MiB
     ene_ops: nonlocal  12.2k    1.41h    8.2%   417ms   94.1GiB    0.5%  7.93MiB
     ene_ops: dualmap   12.2k    3126s    5.0%   257ms   1.07TiB    5.5%  92.0MiB
     ene_ops: kinetic   12.2k     282s    0.5%  23.2ms   3.26GiB    0.0%   281KiB
     ene_ops: hartree   12.2k    63.7s    0.1%  5.24ms    238GiB    1.2%  20.0MiB
     ene_ops: local     12.2k    8.11s    0.0%   667μs   48.0GiB    0.2%  4.04MiB
 ortho_qr               32.9k     537s    0.9%  16.3ms    244GiB    1.2%  7.61MiB
 PlaneWaveBasis            29     264s    0.4%   9.09s    127GiB    0.6%  4.40GiB
   Instantiation At...     29     192s    0.3%   6.62s   97.9GiB    0.5%  3.38GiB
   build_kpoints           29    10.6s    0.0%   366ms   12.0GiB    0.1%   422MiB
   Instantiation Du...     29    8.29s    0.0%   286ms   2.50GiB    0.0%  88.3MiB
   Instantiation At...     29    7.18s    0.0%   248ms   5.92GiB    0.0%   209MiB
     enforce_real!         29   83.9ms    0.0%  2.89ms    116KiB    0.0%  3.98KiB
   Instantiation Ki...     29    558ms    0.0%  19.2ms   1.32GiB    0.0%  46.6MiB
   Instantiation Ewald     29    191ms    0.0%  6.59ms    104KiB    0.0%  3.59KiB
     precomp: Ewald        29    191ms    0.0%  6.57ms   62.1KiB    0.0%  2.14KiB
   Instantiation Ha...     29    156ms    0.0%  5.40ms    174MiB    0.0%  6.01MiB
     enforce_real!         29   82.4ms    0.0%  2.84ms    116KiB    0.0%  3.98KiB
   _check_kpoint_re...     29    100ms    0.0%  3.44ms     0.00B    0.0%    0.00B
   Instantiation Ps...     29   1.02ms    0.0%  35.0μs    378KiB    0.0%  13.0KiB
 load_scfres                1    26.8s    0.0%   26.8s   7.57GiB    0.0%  7.57GiB
   energy_hamiltonian       1    10.6s    0.0%   10.6s   1.43GiB    0.0%  1.43GiB
     ene_ops                1    10.0s    0.0%   10.0s    342MiB    0.0%   342MiB
       ene_ops: xc          1    8.47s    0.0%   8.47s    293MiB    0.0%   293MiB
       ene_ops: non...      1    563ms    0.0%   563ms   9.47MiB    0.0%  9.47MiB
       ene_ops: kin...      1   37.1ms    0.0%  37.1ms    324KiB    0.0%   324KiB
       ene_ops: har...      1   10.6ms    0.0%  10.6ms   20.0MiB    0.0%  20.0MiB
       ene_ops: local       1   2.02ms    0.0%  2.02ms   4.04MiB    0.0%  4.04MiB
   Instantiation At...      1    4.97s    0.0%   4.97s   3.45GiB    0.0%  3.45GiB
   Instantiation At...      1    1.63s    0.0%   1.63s    316MiB    0.0%   316MiB
     enforce_real!          1   2.97ms    0.0%  2.97ms   3.98KiB    0.0%  3.98KiB
   Instantiation Xc         1    407ms    0.0%   407ms    168MiB    0.0%   168MiB
     enforce_real!          1   2.97ms    0.0%  2.97ms   3.98KiB    0.0%  3.98KiB
   Instantiation Ps...      1    206ms    0.0%   206ms   20.2MiB    0.0%  20.2MiB
   build_kpoints            1    169ms    0.0%   169ms    422MiB    0.0%   422MiB
   Instantiation Ki...      1   11.7ms    0.0%  11.7ms   46.6MiB    0.0%  46.6MiB
   Instantiation Ewald      1   10.6ms    0.0%  10.6ms   43.2KiB    0.0%  43.2KiB
     precomp: Ewald         1   10.4ms    0.0%  10.4ms   40.4KiB    0.0%  40.4KiB
   Instantiation Ha...      1   4.90ms    0.0%  4.90ms   6.01MiB    0.0%  6.01MiB
     enforce_real!          1   2.71ms    0.0%  2.71ms   3.98KiB    0.0%  3.98KiB
   _check_kpoint_re...      1   3.39ms    0.0%  3.39ms     0.00B    0.0%    0.00B
 save_scfres                2    8.31s    0.0%   4.15s    711MiB    0.0%   356MiB
 symmetry_operations       29    225ms    0.0%  7.75ms   12.2MiB    0.0%   431KiB
   _check_symmetries       29   4.48ms    0.0%   154μs   5.18MiB    0.0%   183KiB
 ────────────────────────────────────────────────────────────────────────────────
