{"Rεs":[0.9998413552267109,0.9997180157811882,0.9994743384572817,0.9990650481695569,0.9984346050328335,0.9971846834889168,0.9950201015019117,0.9915411558597478,0.9855045569650024,0.9759394085678945,0.9611869230507117,0.939700143418541,0.9095087123387462,0.8682255501695337,0.8140152530587247,0.7447562863318477,0.6658200389563044,0.5845629893113468,0.5150781083847723,0.46339938066565184,0.43628532040716883,0.419435711477253,0.4418327927833205,0.4478860953519161,0.4408342781339406,0.4227365759374533,0.4176660183465775,0.4205304145900173,0.4130152570169631],"εs":[1.0,0.5623413251903491,0.31622776601683794,0.1778279410038923,0.1,0.05623413251903491,0.03162277660168379,0.01778279410038923,0.01,0.005623413251903491,0.0031622776601683794,0.0017782794100389228,0.001,0.0005623413251903491,0.00031622776601683794,0.00017782794100389227,0.0001,5.623413251903491e-5,3.1622776601683795e-5,1.778279410038923e-5,1.0e-5,5.623413251903491e-6,3.162277660168379e-6,1.778279410038923e-6,1.0e-6,5.62341325190349e-7,3.162277660168379e-7,1.7782794100389227e-7,1.0e-7],"Δρ_hm1":4.560558360590519e-5,"Sεs":[0.0004535455172751337,0.0007261038565556004,0.0012761624325313642,0.002199155557466591,0.003628783211331163,0.00645248818829643,0.011620749380907496,0.01952830755259334,0.03329714693610646,0.05435307456266819,0.0852769525753958,0.12644461722426473,0.17683394004019484,0.23539335303483802,0.29882710196941054,0.38059791800222453,0.46915325368523736,0.5636724098939155,0.656211602050172,0.7325116760151592,0.8067835929405813,0.8555654659736188,0.8517246016036265,0.8244818500121561,0.8621434085695063,0.8954936893928723,0.9159636196090254,0.8976942386074569,0.9151801941812832],"Qεs":[0.00035892684931268976,0.0006710825288230181,0.0012456787333609417,0.0021816072324488166,0.003618175305923776,0.00644652842780449,0.011617441247206053,0.019526339155163185,0.03329599253760585,0.05435236737601939,0.0852765018371029,0.126444313236194,0.17683372267472666,0.23539318974384835,0.2988269733414997,0.38059781701009765,0.46915317175601434,0.5636723417026706,0.6562115434752236,0.7325116235416747,0.8067835452978784,0.8555654210473215,0.8517245564745579,0.8244818033920059,0.8621433639857422,0.8954936464695291,0.9159635776448527,0.897694195789461,0.9151801521814804]}