{"Rεs":[0.999550003941475,0.9994174970628729,0.9991555229438239,0.9987176666004073,0.998045777597766,0.9967115609749804,0.9943982560801804,0.9906865028429803,0.9842753760718818,0.9741696234859717,0.9586997847842361,0.9363593297607818,0.9052147625351824,0.8628663711941271,0.8076718987928513,0.7368502169087184,0.6564364173462846,0.5746458786113701,0.503378096312969,0.4496231470108255,0.42020735336357634,0.4068867427689177,0.40610478453891014,0.4076811810138925,0.40093200732662987,0.40284733833351005,0.3974591156191188,0.39932126071187674,0.3951729492957865],"εs":[1.0,0.5623413251903491,0.31622776601683794,0.1778279410038923,0.1,0.05623413251903491,0.03162277660168379,0.01778279410038923,0.01,0.005623413251903491,0.0031622776601683794,0.0017782794100389228,0.001,0.0005623413251903491,0.00031622776601683794,0.00017782794100389227,0.0001,5.623413251903491e-5,3.1622776601683795e-5,1.778279410038923e-5,1.0e-5,5.623413251903491e-6,3.162277660168379e-6,1.778279410038923e-6,1.0e-6,5.62341325190349e-7,3.162277660168379e-7,1.7782794100389227e-7,1.0e-7],"Δρ_hm1":3.266984760454799e-5,"Sεs":[0.023678880252728948,0.023686446184740362,0.02371254121161326,0.023788117990771573,0.02398203543719356,0.02463652006407213,0.026663682585166878,0.03140294627858189,0.042352222586367706,0.06192460969945606,0.09257711615768313,0.1342607449245427,0.18539964977216167,0.2445600785503962,0.3068661148914005,0.3902735451483055,0.47920460604236875,0.5718750212184374,0.6642497758312007,0.7472577358437344,0.8084364605842145,0.8471112914624886,0.8693901714562089,0.9081068775717513,0.8953206992235977,0.8990822216685778,0.9305143030470994,0.9143377887230252,0.9227729713789141],"Qεs":[0.0003800884688413216,0.0007091051283794447,0.0013189798846654837,0.0023086045045680697,0.0038200944045542026,0.006812724730364056,0.01226405586391995,0.020630078337299858,0.03511646131432797,0.05721986004719676,0.08949847782578116,0.13215673545043233,0.18388171533081968,0.24341135371610245,0.3059514137336625,0.38955473959457926,0.47861937857705605,0.571384717148655,0.6638277033901303,0.7468825736858447,0.8080897016416667,0.846780370120038,0.8690677334486627,0.9077981913344977,0.8950076030714879,0.8987704358827019,0.9302130526242327,0.9140312067891052,0.9224691928757848]}