
DFTK Version      0.6.16
Julia Version     1.10.4
FFTW.jl provider  fftw v3.3.10

BLAS.get_config()
  LinearAlgebra.BLAS.LBTConfig
  Libraries: 
  └ [ILP64] libopenblas64_.so

MPI.versioninfo()
  MPIPreferences:
    binary:  MPICH_jll
    abi:     MPICH
  
  Package versions
    MPI.jl:             0.20.16
    MPIPreferences.jl:  0.1.10
    MPICH_jll:          4.1.2+1
  
  Library information:
    libmpi:  /home/herbst/.julia/artifacts/0ed4137b58af5c5e3797cb0c400e60ed7c308bae/lib/libmpi.so
    libmpi dlpath:  /home/herbst/.julia/artifacts/0ed4137b58af5c5e3797cb0c400e60ed7c308bae/lib/libmpi.so
    MPI version:  4.0.0
    Library version:  
      MPICH Version:      4.1.2
      MPICH Release date: Wed Jun  7 15:22:45 CDT 2023
      MPICH ABI:          15:1:3
      MPICH Device:       ch3:nemesis
      MPICH configure:    --prefix=/workspace/destdir --build=x86_64-linux-musl --host=x86_64-linux-gnu --enable-shared=yes --enable-static=no --with-device=ch3 --disable-dependency-tracking --enable-fast=all,O3 --docdir=/tmp --mandir=/tmp
      MPICH CC:           cc    -DNDEBUG -DNVALGRIND -O3
      MPICH CXX:          c++   -DNDEBUG -DNVALGRIND -O3
      MPICH F77:          gfortran   -O3
      MPICH FC:           gfortran   -O3
      
  


truncated grid size:(32, 32, 32)
|ρref - ρorig|hm1 = 0.0001471473062860398
|ρref - ρorig|l2  = 0.0007035224367904506

# --- ε=1.0

n     Energy            log10(ΔE)   log10(Δρ)   Δtime
---   ---------------   ---------   ---------   ------
  1   -21.62786618498                   -0.78    35.7s
    hm1_norm_ρdiff=0.0006225330897160194 hm1_norm_Δρ=0.10656387283568312  error_V_h1=5.08773149120978  α = 1.0
  2   -21.66354298258       -1.45       -1.40    15.1s
    hm1_norm_ρdiff=0.10597048238545474 hm1_norm_Δρ=0.02483319913335418  error_V_h1=5.08949703485908  α = 1.0
  3   -21.66518341263       -2.79       -1.81    10.9s
    hm1_norm_ρdiff=0.08221391152348217 hm1_norm_Δρ=0.008400334620248584  error_V_h1=5.090023297643772  α = 1.0
  4   -21.67119574000       -2.22       -1.93    13.4s
    hm1_norm_ρdiff=0.07432935952099799 hm1_norm_Δρ=0.007256612012672017  error_V_h1=5.08950823624273  α = 1.0

#-- |ρε - ρref| = 0.08365328875568148 vs. 0.01 = δ*ε  error_V_h1=5.089366675394869  Qε=0.0003819006298402391


# --- ε=0.5623413251903491

n     Energy            log10(ΔE)   log10(Δρ)   Δtime
---   ---------------   ---------   ---------   ------
  1   -21.67196830590                   -2.79    29.9s
    hm1_norm_ρdiff=0.08365329129013813 hm1_norm_Δρ=0.0009474697743633852  error_V_h1=5.084740783998859  α = 1.0
  2   -21.67234482180       -3.42       -3.13    13.4s
    hm1_norm_ρdiff=0.0827330940841321 hm1_norm_Δρ=0.00034544484669328984  error_V_h1=5.084759710009539  α = 1.0

#-- |ρε - ρref| = 0.08375498420282611 vs. 0.005623413251903491 = δ*ε  error_V_h1=5.084618639233811  Qε=0.0007134892109657403


# --- ε=0.31622776601683794

n     Energy            log10(ΔE)   log10(Δρ)   Δtime
---   ---------------   ---------   ---------   ------
  1   -21.67206761491                   -3.09    37.6s
    hm1_norm_ρdiff=0.08389414980710339 hm1_norm_Δρ=0.00038815558519882977  error_V_h1=5.0762150675460065  α = 0.535
  2   -21.67209358145       -4.59       -3.48    12.2s
    hm1_norm_ρdiff=0.08359368933838786 hm1_norm_Δρ=0.00019793718548764334  error_V_h1=5.076257346425537  α = 1.0

#-- |ρε - ρref| = 0.08348017401686637 vs. 0.0031622776601683794 = δ*ε  error_V_h1=5.076245592260298  Qε=0.0013253038303914705


# --- ε=0.1778279410038923

n     Energy            log10(ΔE)   log10(Δρ)   Δtime
---   ---------------   ---------   ---------   ------
  1   -21.67142929837                   -3.26    40.0s
    hm1_norm_ρdiff=0.08356758435427575 hm1_norm_Δρ=0.0002595502512337493  error_V_h1=5.061334159247859  α = 0.526
  2   -21.67143498503       -5.25       -3.67    13.1s
    hm1_norm_ρdiff=0.0833830302551841 hm1_norm_Δρ=0.0001356457726427491  error_V_h1=5.061389488721548  α = 1.0

#-- |ρε - ρref| = 0.0832432259873932 vs. 0.001778279410038923 = δ*ε  error_V_h1=5.06139370522062  Qε=0.0023215211002747837


# --- ε=0.1

n     Energy            log10(ΔE)   log10(Δρ)   Δtime
---   ---------------   ---------   ---------   ------
  1   -21.67023585274                   -3.04    36.1s
    hm1_norm_ρdiff=0.08353596972335058 hm1_norm_Δρ=0.0005623757202130291  error_V_h1=5.035101560935457  α = 0.477
  2   -21.67023732948       -5.83       -3.23    20.7s
    hm1_norm_ρdiff=0.08316137237414628 hm1_norm_Δρ=0.0003678101578742797  error_V_h1=5.035231237943657  α = 0.495

#-- |ρε - ρref| = 0.08272685269380936 vs. 0.001 = δ*ε  error_V_h1=5.035279431260117  Qε=0.003848716753534571


# --- ε=0.05623413251903491

n     Energy            log10(ΔE)   log10(Δρ)   Δtime
---   ---------------   ---------   ---------   ------
  1   -21.66813662801                   -2.76    35.8s
    hm1_norm_ρdiff=0.08272685328344768 hm1_norm_Δρ=0.001080489365327313  error_V_h1=4.989913317111946  α = 1.0
  2   -21.66814004670       -5.47       -3.61    14.7s
    hm1_norm_ρdiff=0.08164762991033747 hm1_norm_Δρ=0.00015123045699214595  error_V_h1=4.989725095167046  α = 1.0
  3   -21.66814091110       -6.06       -3.56    22.0s
    hm1_norm_ρdiff=0.081706050739021 hm1_norm_Δρ=0.00017102861195960627  error_V_h1=4.989616838128303  α = 0.501

#-- |ρε - ρref| = 0.08184207668499881 vs. 0.0005623413251903491 = δ*ε  error_V_h1=4.989660210049341  Qε=0.006855017931280008


# --- ε=0.03162277660168379

n     Energy            log10(ΔE)   log10(Δρ)   Δtime
---   ---------------   ---------   ---------   ------
  1   -21.66451454949                   -2.48    30.7s
    hm1_norm_ρdiff=0.08184208066473575 hm1_norm_Δρ=0.00204755731774718  error_V_h1=4.912244543830796  α = 1.0
  2   -21.66452734182       -4.89       -3.20    13.5s
    hm1_norm_ρdiff=0.07979686447300184 hm1_norm_Δρ=0.00039739917006699835  error_V_h1=4.911355304985585  α = 1.0
  3   -21.66452960575       -5.65       -3.51    22.5s
    hm1_norm_ρdiff=0.0800895322414083 hm1_norm_Δρ=0.00017517483252208287  error_V_h1=4.911184658367537  α = 0.473
  4   -21.66453025622       -6.19       -3.96    14.7s
    hm1_norm_ρdiff=0.08025722487517221 hm1_norm_Δρ=5.950135868865776e-5  error_V_h1=4.911309341773621  α = 1.0

#-- |ρε - ρref| = 0.08012643493420435 vs. 0.00031622776601683794 = δ*ε  error_V_h1=4.911471617260934  Qε=0.012351057997190495


# --- ε=0.01778279410038923

n     Energy            log10(ΔE)   log10(Δρ)   Δtime
---   ---------------   ---------   ---------   ------
  1   -21.65840919984                   -2.25    31.7s
    hm1_norm_ρdiff=0.08012645438264336 hm1_norm_Δρ=0.0034801487377970237  error_V_h1=4.783131434784611  α = 1.0
  2   -21.65845029337       -4.39       -2.90    14.0s
    hm1_norm_ρdiff=0.07665056445902008 hm1_norm_Δρ=0.0007821233225837164  error_V_h1=4.780022198895355  α = 1.0
  3   -21.65845614169       -5.23       -3.28    21.4s
    hm1_norm_ρdiff=0.0772721637938386 hm1_norm_Δρ=0.0002907065674957931  error_V_h1=4.779506992419709  α = 0.509
  4   -21.65845795469       -5.74       -3.73    15.1s
    hm1_norm_ρdiff=0.07754359220521621 hm1_norm_Δρ=0.0001050205270846164  error_V_h1=4.77990554914854  α = 1.0
  5   -21.65845899917       -5.98       -3.62    14.3s
    hm1_norm_ρdiff=0.07744427376497945 hm1_norm_Δρ=0.00013423715945916177  error_V_h1=4.780383940068125  α = 1.0

#-- |ρε - ρref| = 0.07732932440773473 vs. 0.0001778279410038923 = δ*ε  error_V_h1=4.780331353035575  Qε=0.020774180056585326


# --- ε=0.01

n     Energy            log10(ΔE)   log10(Δρ)   Δtime
---   ---------------   ---------   ---------   ------
  1   -21.64846628567                   -2.02    34.4s
    hm1_norm_ρdiff=0.07732942389054877 hm1_norm_Δρ=0.006004198563150217  error_V_h1=4.580210190555601  α = 1.0
  2   -21.64862387433       -3.80       -2.58    13.7s
    hm1_norm_ρdiff=0.07133471674317048 hm1_norm_Δρ=0.0016377090744390057  error_V_h1=4.568710741139301  α = 1.0
  3   -21.64863671687       -4.89       -3.15    23.5s
    hm1_norm_ρdiff=0.07278020763888556 hm1_norm_Δρ=0.0003649000673358999  error_V_h1=4.567746172716208  α = 0.5
  4   -21.64864130544       -5.34       -3.67    15.7s
    hm1_norm_ρdiff=0.07308899946631121 hm1_norm_Δρ=0.00011329436366036541  error_V_h1=4.568444612854437  α = 1.0
  5   -21.64864341889       -5.68       -3.46    13.3s
    hm1_norm_ρdiff=0.07298434515876961 hm1_norm_Δρ=0.0001918721676125749  error_V_h1=4.569642678233828  α = 1.0
  6   -21.64864414769       -6.14       -4.37    14.6s
    hm1_norm_ρdiff=0.07280207609670736 hm1_norm_Δρ=1.8792438116799606e-5  error_V_h1=4.569577450599472  α = 1.0
  7   -21.64864455326       -6.39       -3.93    15.1s
    hm1_norm_ρdiff=0.07281435284275464 hm1_norm_Δρ=6.723780679664369e-5  error_V_h1=4.569140982599725  α = 1.0

#-- |ρε - ρref| = 0.07287550076051906 vs. 0.0001 = δ*ε  error_V_h1=4.569166765863665  Qε=0.03541927792447868


# --- ε=0.005623413251903491

n     Energy            log10(ΔE)   log10(Δρ)   Δtime
---   ---------------   ---------   ---------   ------
  1   -21.63307032315                   -1.79    28.6s
    hm1_norm_ρdiff=0.07287598346925166 hm1_norm_Δρ=0.010150798886351701  error_V_h1=4.292839993191707  α = 1.0
  2   -21.63368914637       -3.21       -2.26    12.7s
    hm1_norm_ρdiff=0.06274599375030056 hm1_norm_Δρ=0.00345040904882584  error_V_h1=4.250530010150902  α = 1.0
  3   -21.63372114014       -4.49       -2.91    19.1s
    hm1_norm_ρdiff=0.0659046880869309 hm1_norm_Δρ=0.0006176948458218593  error_V_h1=4.247849263383319  α = 0.512
  4   -21.63373221483       -4.96       -3.46    12.4s
    hm1_norm_ρdiff=0.06639992381921377 hm1_norm_Δρ=0.00018804077770936503  error_V_h1=4.249871488557261  α = 1.0
  5   -21.63373674796       -5.34       -3.30    11.7s
    hm1_norm_ρdiff=0.06622218153467968 hm1_norm_Δρ=0.0002714238766769021  error_V_h1=4.252697175896622  α = 1.0
  6   -21.63373887342       -5.67       -4.07    12.9s
    hm1_norm_ρdiff=0.06597026763576541 hm1_norm_Δρ=4.225148579133389e-5  error_V_h1=4.252331421632197  α = 1.0
  7   -21.63373954473       -6.17       -3.77    16.3s
    hm1_norm_ρdiff=0.0660070008210392 hm1_norm_Δρ=9.380534933560518e-5  error_V_h1=4.2513610767832954  α = 1.0
  8   -21.63374009303       -6.26       -4.47    13.9s
    hm1_norm_ρdiff=0.06609476241159352 hm1_norm_Δρ=1.4584230896167867e-5  error_V_h1=4.2514419816897755  α = 1.0
  9   -21.63374021491       -6.91       -4.20    13.2s
    hm1_norm_ρdiff=0.06608478521104061 hm1_norm_Δρ=3.495476814690189e-5  error_V_h1=4.251805701308429  α = 1.0

#-- |ρε - ρref| = 0.06605643574032605 vs. 5.6234132519034914e-5 = δ*ε  error_V_h1=4.251779285761064  Qε=0.057835571239864166


# --- ε=0.0031622776601683794

n     Energy            log10(ΔE)   log10(Δρ)   Δtime
---   ---------------   ---------   ---------   ------
  1   -21.61043444528                   -1.58    32.1s
    hm1_norm_ρdiff=0.06605846526957675 hm1_norm_Δρ=0.01634712473424854  error_V_h1=3.96570075808344  α = 1.0
  2   -21.61301109660       -2.59       -1.94    13.0s
    hm1_norm_ρdiff=0.0497644770967472 hm1_norm_Δρ=0.00707992452252731  error_V_h1=3.8164900202166834  α = 1.0
  3   -21.61307202355       -4.22       -2.74    23.4s
    hm1_norm_ρdiff=0.056469778922180684 hm1_norm_Δρ=0.0008871903948257442  error_V_h1=3.8109274065121954  α = 0.519
  4   -21.61309390310       -4.66       -3.38    16.0s
    hm1_norm_ρdiff=0.05709140583396401 hm1_norm_Δρ=0.00021412404415237164  error_V_h1=3.8144332835320003  α = 1.0
  5   -21.61310148652       -5.12       -3.23    14.8s
    hm1_norm_ρdiff=0.056896973444011865 hm1_norm_Δρ=0.0003083784169223925  error_V_h1=3.8192213659595007  α = 1.0
  6   -21.61310678717       -5.28       -3.89    14.6s
    hm1_norm_ρdiff=0.05663431306324898 hm1_norm_Δρ=5.356288172126589e-5  error_V_h1=3.8189480388739345  α = 1.0
  7   -21.61310766087       -6.06       -3.66    17.0s
    hm1_norm_ρdiff=0.05666569088477636 hm1_norm_Δρ=0.00011160505655418141  error_V_h1=3.817298552624602  α = 1.0
  8   -21.61310906830       -5.85       -4.13    13.2s
    hm1_norm_ρdiff=0.056759197256890895 hm1_norm_Δρ=3.175531895155671e-5  error_V_h1=3.8174584243597467  α = 1.0
  9   -21.61310916747       -7.00       -4.07    13.8s
    hm1_norm_ρdiff=0.056742060271226046 hm1_norm_Δρ=4.370066447840064e-5  error_V_h1=3.8181265967795386  α = 1.0
 10   -21.61310953380       -6.44       -4.45    14.2s
    hm1_norm_ρdiff=0.05670553483997211 hm1_norm_Δρ=1.5184146667927529e-5  error_V_h1=3.8180363110652986  α = 1.0
 11   -21.61310960193       -7.17       -4.45    22.3s
    hm1_norm_ρdiff=0.056706282981202845 hm1_norm_Δρ=1.8270268868657403e-5  error_V_h1=3.817893667297244  α = 0.494

#-- |ρε - ρref| = 0.05672533236206123 vs. 3.1622776601683795e-5 = δ*ε  error_V_h1=3.817818677075238  Qε=0.09076123273274672


# --- ε=0.0017782794100389228

n     Energy            log10(ΔE)   log10(Δρ)   Δtime
---   ---------------   ---------   ---------   ------
  1   -21.58729128720                   -1.39    38.6s
    hm1_norm_ρdiff=0.06891046874290704 hm1_norm_Δρ=0.025147171186493608  error_V_h1=3.3528566189578637  α = 0.516
  2   -21.58774323350       -3.34       -2.49    13.2s
    hm1_norm_ρdiff=0.043850283086427966 hm1_norm_Δρ=0.00183823594975233  error_V_h1=3.2948939138978184  α = 1.0
  3   -21.58777171951       -4.55       -2.73    14.8s
    hm1_norm_ρdiff=0.04544007878208162 hm1_norm_Δρ=0.0009220437476385406  error_V_h1=3.2749774568145904  α = 1.0
  4   -21.58787154831       -4.00       -2.96    13.7s
    hm1_norm_ρdiff=0.04614583418030732 hm1_norm_Δρ=0.0005786127584458033  error_V_h1=3.2901114049652054  α = 1.0
  5   -21.58788449749       -4.89       -3.12    23.3s
    hm1_norm_ρdiff=0.04577889395718383 hm1_norm_Δρ=0.0003991837519223415  error_V_h1=3.2952222546936993  α = 0.509
  6   -21.58788921184       -5.33       -3.91    13.3s
    hm1_norm_ρdiff=0.04545037390439595 hm1_norm_Δρ=6.157421320944126e-5  error_V_h1=3.297408624192744  α = 1.0
  7   -21.58789148770       -5.64       -4.02    12.5s
    hm1_norm_ρdiff=0.045405021249233735 hm1_norm_Δρ=3.9805634498957514e-5  error_V_h1=3.2969922493666424  α = 1.0
  8   -21.58789234613       -6.07       -4.09    13.9s
    hm1_norm_ρdiff=0.045426954601800865 hm1_norm_Δρ=3.317128714576751e-5  error_V_h1=3.2962282131978187  α = 1.0
  9   -21.58789273261       -6.41       -4.30    14.9s
    hm1_norm_ρdiff=0.045435651202344794 hm1_norm_Δρ=2.440433672738124e-5  error_V_h1=3.2967854893557442  α = 1.0
 10   -21.58789295381       -6.66       -4.40    13.7s
    hm1_norm_ρdiff=0.04541637699425446 hm1_norm_Δρ=1.739511227714393e-5  error_V_h1=3.297269268504859  α = 1.0
 11   -21.58789303975       -7.07       -4.72    14.9s
    hm1_norm_ρdiff=0.04540921956950958 hm1_norm_Δρ=9.710399960007418e-6  error_V_h1=3.297010109071013  α = 1.0

#-- |ρε - ρref| = 0.04542277102517869 vs. 1.778279410038923e-5 = δ*ε  error_V_h1=3.2967437711141883  Qε=0.13463381383003753


# --- ε=0.001

n     Energy            log10(ΔE)   log10(Δρ)   Δtime
---   ---------------   ---------   ---------   ------
  1   -21.55666228757                   -1.24    40.6s
    hm1_norm_ρdiff=0.06207570873320499 hm1_norm_Δρ=0.03587291939621873  error_V_h1=3.1854465448490106  α = 0.537
  2   -21.56110537317       -2.35       -1.91    13.7s
    hm1_norm_ρdiff=0.026444705289977277 hm1_norm_Δρ=0.007378938348575428  error_V_h1=2.7635735737054654  α = 1.0
  3   -21.56123170690       -3.90       -2.51    22.6s
    hm1_norm_ρdiff=0.03317823211075904 hm1_norm_Δρ=0.0015048764694377253  error_V_h1=2.7418882010528387  α = 0.522
  4   -21.56126841365       -4.44       -3.10    14.3s
    hm1_norm_ρdiff=0.0340039022430736 hm1_norm_Δρ=0.0003406769261401387  error_V_h1=2.745477830002337  α = 1.0
  5   -21.56128082297       -4.91       -3.25    13.4s
    hm1_norm_ρdiff=0.03380715598336487 hm1_norm_Δρ=0.0003010306922269841  error_V_h1=2.758676091971276  α = 1.0
  6   -21.56128903230       -5.09       -3.40    14.1s
    hm1_norm_ρdiff=0.03357522970376916 hm1_norm_Δρ=0.00016081213806736034  error_V_h1=2.7618256091559004  α = 1.0
  7   -21.56129139941       -5.63       -3.63    14.9s
    hm1_norm_ρdiff=0.03359430940425184 hm1_norm_Δρ=0.00012537322717486488  error_V_h1=2.7553516870397945  α = 1.0
  8   -21.56129283680       -5.84       -3.78    14.7s
    hm1_norm_ρdiff=0.033690834694912485 hm1_norm_Δρ=6.949428961427403e-5  error_V_h1=2.754058546740629  α = 1.0
  9   -21.56129341394       -6.24       -3.92    13.8s
    hm1_norm_ρdiff=0.03368383122525587 hm1_norm_Δρ=5.991567994688177e-5  error_V_h1=2.757301959222301  α = 1.0
 10   -21.56129369149       -6.56       -4.29    15.2s
    hm1_norm_ρdiff=0.03364224901130039 hm1_norm_Δρ=2.1853293217589354e-5  error_V_h1=2.757574100201237  α = 1.0
 11   -21.56129383092       -6.86       -4.22    13.8s
    hm1_norm_ρdiff=0.03364714164170191 hm1_norm_Δρ=2.768685417411161e-5  error_V_h1=2.756153151105338  α = 1.0
 12   -21.56129389575       -7.19       -4.81    13.1s
    hm1_norm_ρdiff=0.03366409885265213 hm1_norm_Δρ=6.5454037075486775e-6  error_V_h1=2.7562396699272362  α = 1.0
 13   -21.56129392398       -7.55       -4.56    17.4s
    hm1_norm_ρdiff=0.03366039978189236 hm1_norm_Δρ=1.3077774050271696e-5  error_V_h1=2.7569405240551803  α = 1.0
 14   -21.56129394284       -7.72       -5.02    13.8s
    hm1_norm_ρdiff=0.0336518315555732 hm1_norm_Δρ=4.729091635919452e-6  error_V_h1=2.7567288864479393  α = 1.0
 15   -21.56129394691       -8.39       -4.91    14.1s
    hm1_norm_ρdiff=0.03365602761177041 hm1_norm_Δρ=5.145920501687552e-6  error_V_h1=2.756522889934977  α = 1.0

#-- |ρε - ρref| = 0.033657114680271244 vs. 1.0e-5 = δ*ε  error_V_h1=2.756572583055831  Qε=0.188399677367854


# --- ε=0.0005623413251903491

n     Energy            log10(ΔE)   log10(Δρ)   Δtime
---   ---------------   ---------   ---------   ------
  1   -21.53576941312                   -1.12    49.9s
    hm1_norm_ρdiff=0.06751050082073996 hm1_norm_Δρ=0.04748591971775643  error_V_h1=2.5139471552065955  α = 0.287
  2   -21.53695631163       -2.93       -2.21    14.2s
    hm1_norm_ρdiff=0.020346477224073393 hm1_norm_Δρ=0.0032418097143326738  error_V_h1=2.300241764545629  α = 1.0
  3   -21.53712852917       -3.76       -2.52    24.3s
    hm1_norm_ρdiff=0.022592385948219048 hm1_norm_Δρ=0.0015317370799885917  error_V_h1=2.2519895324415216  α = 0.503
  4   -21.53713978313       -4.95       -2.84    13.5s
    hm1_norm_ρdiff=0.02347672396409018 hm1_norm_Δρ=0.0005984087883099399  error_V_h1=2.2400667131122343  α = 1.0
  5   -21.53717023355       -4.52       -3.13    13.4s
    hm1_norm_ρdiff=0.02331369729903027 hm1_norm_Δρ=0.0003485488231364469  error_V_h1=2.2692511976140404  α = 1.0
  6   -21.53717118471       -6.02       -3.52    14.4s
    hm1_norm_ρdiff=0.023108923185980422 hm1_norm_Δρ=0.00012659701949698163  error_V_h1=2.2734674952531457  α = 1.0
  7   -21.53717579101       -5.34       -3.60    15.3s
    hm1_norm_ρdiff=0.023140367770186635 hm1_norm_Δρ=0.00011251168006807006  error_V_h1=2.265501686916521  α = 1.0
  8   -21.53717617206       -6.42       -3.94    12.9s
    hm1_norm_ρdiff=0.02318895098911665 hm1_norm_Δρ=5.0846669419545235e-5  error_V_h1=2.26473655196332  α = 1.0
  9   -21.53717687998       -6.15       -4.30    13.8s
    hm1_norm_ρdiff=0.023172352260540575 hm1_norm_Δρ=2.4479584042133274e-5  error_V_h1=2.2673353337571616  α = 1.0
 10   -21.53717692733       -7.32       -4.18    14.6s
    hm1_norm_ρdiff=0.02315872731467265 hm1_norm_Δρ=2.880156771605114e-5  error_V_h1=2.2677162246104268  α = 1.0
 11   -21.53717713929       -6.67       -4.44    17.9s
    hm1_norm_ρdiff=0.023162791443895468 hm1_norm_Δρ=1.6137933055540113e-5  error_V_h1=2.2668647876147623  α = 1.0
 12   -21.53717717121       -7.50       -4.75    20.6s
    hm1_norm_ρdiff=0.023167115710802908 hm1_norm_Δρ=7.026245723004992e-6  error_V_h1=2.266833743595408  α = 0.509
 13   -21.53717718540       -7.85       -4.89    13.9s
    hm1_norm_ρdiff=0.023165792858742703 hm1_norm_Δρ=6.0964721766633435e-6  error_V_h1=2.267182384639873  α = 1.0
 14   -21.53717719480       -8.03       -4.92    13.8s
    hm1_norm_ρdiff=0.0231617332912391 hm1_norm_Δρ=6.104110707454184e-6  error_V_h1=2.2669334096096954  α = 1.0
 15   -21.53717719635       -8.81       -4.99    15.5s
    hm1_norm_ρdiff=0.023166511314930947 hm1_norm_Δρ=5.334745395691326e-6  error_V_h1=2.267211323077639  α = 1.0
 16   -21.53717719864       -8.64       -5.16    14.7s
    hm1_norm_ρdiff=0.023162272338914006 hm1_norm_Δρ=3.880671987694834e-6  error_V_h1=2.26688269156498  α = 1.0

#-- |ρε - ρref| = 0.023164567503246608 vs. 5.623413251903491e-6 = δ*ε  error_V_h1=2.2670010966922134  Qε=0.25095691597397995


# --- ε=0.00031622776601683794

n     Energy            log10(ΔE)   log10(Δρ)   Δtime
---   ---------------   ---------   ---------   ------
  1   -21.51767698057                   -1.03    60.3s
    hm1_norm_ρdiff=0.07227088587016745 hm1_norm_Δρ=0.05811579606927645  error_V_h1=1.8788795925608655  α = 0.154
  2   -21.51794516435       -3.57       -2.28    23.2s
    hm1_norm_ρdiff=0.014546139019354417 hm1_norm_Δρ=0.002203973149163035  error_V_h1=1.924629439324756  α = 0.507
  3   -21.51804254214       -4.01       -2.91    12.5s
    hm1_norm_ρdiff=0.014608522914444266 hm1_norm_Δρ=0.000621713246826998  error_V_h1=1.849791598027881  α = 1.0
  4   -21.51805778832       -4.82       -3.26    13.2s
    hm1_norm_ρdiff=0.01512368246498988 hm1_norm_Δρ=0.00021999537829090873  error_V_h1=1.841547357433783  α = 1.0
  5   -21.51806303565       -5.28       -3.30    14.1s
    hm1_norm_ρdiff=0.015100263949187896 hm1_norm_Δρ=0.00024046892442232325  error_V_h1=1.8565604469291415  α = 1.0
  6   -21.51806732598       -5.37       -3.38    14.7s
    hm1_norm_ρdiff=0.014987162144714381 hm1_norm_Δρ=0.00017184710852018284  error_V_h1=1.8702845956867995  α = 1.0
  7   -21.51806788855       -6.25       -3.60    14.5s
    hm1_norm_ρdiff=0.014957849329346134 hm1_norm_Δρ=0.00011334725776393178  error_V_h1=1.856059601376802  α = 1.0
  8   -21.51806984279       -5.71       -3.73    13.7s
    hm1_norm_ρdiff=0.015004956774667266 hm1_norm_Δρ=7.196477738025323e-5  error_V_h1=1.8557085314144868  α = 1.0
  9   -21.51807008658       -6.61       -3.98    13.8s
    hm1_norm_ρdiff=0.015016305347311064 hm1_norm_Δρ=4.7385962543765715e-5  error_V_h1=1.861042863624631  α = 1.0
 10   -21.51807048978       -6.39       -4.23    14.5s
    hm1_norm_ρdiff=0.014991625533887153 hm1_norm_Δρ=2.243064657856974e-5  error_V_h1=1.8609138398608993  α = 1.0
 11   -21.51807055415       -7.19       -4.38    12.9s
    hm1_norm_ρdiff=0.01499059401859575 hm1_norm_Δρ=1.71942018086886e-5  error_V_h1=1.8582202582972176  α = 1.0
 12   -21.51807064007       -7.07       -4.70    13.4s
    hm1_norm_ρdiff=0.015001963851376978 hm1_norm_Δρ=6.954044027342117e-6  error_V_h1=1.8588141389138255  α = 1.0
 13   -21.51807066550       -7.59       -4.54    23.1s
    hm1_norm_ρdiff=0.015009088965670459 hm1_norm_Δρ=1.4493538970357851e-5  error_V_h1=1.859661843915272  α = 0.504
 14   -21.51807067119       -8.25       -4.70    21.5s
    hm1_norm_ρdiff=0.01499219370188139 hm1_norm_Δρ=1.0236959546370595e-5  error_V_h1=1.85928159137571  α = 0.522
 15   -21.51807067580       -8.34       -4.80    21.9s
    hm1_norm_ρdiff=0.01500398172788748 hm1_norm_Δρ=8.490208598699698e-6  error_V_h1=1.8596616686617007  α = 0.516
 16   -21.51807067835       -8.59       -5.21    13.9s
    hm1_norm_ρdiff=0.014996307291529 hm1_norm_Δρ=3.106610072820343e-6  error_V_h1=1.8592786478054195  α = 1.0
 17   -21.51807068057       -8.65       -5.51    14.7s
    hm1_norm_ρdiff=0.01499841970107929 hm1_norm_Δρ=1.3541133285035687e-6  error_V_h1=1.8594029463760913  α = 1.0

#-- |ρε - ρref| = 0.01499770463515634 vs. 3.1622776601683796e-6 = δ*ε  error_V_h1=1.8594819159330103  Qε=0.32433595705946416


# --- ε=0.00017782794100389227

n     Energy            log10(ΔE)   log10(Δρ)   Δtime
---   ---------------   ---------   ---------   ------
  1   -21.50414676365                   -0.97    60.7s
    hm1_norm_ρdiff=0.0759904747321107 hm1_norm_Δρ=0.06654284834143386  error_V_h1=1.366072662998301  α = 0.0815
  2   -21.50438582129       -3.62       -2.14    29.8s
    hm1_norm_ρdiff=0.010978226903463107 hm1_norm_Δρ=0.00316268742364678  error_V_h1=1.4827233862710993  α = 0.273
  3   -21.50442268726       -4.43       -2.79    23.1s
    hm1_norm_ρdiff=0.009667333940587726 hm1_norm_Δρ=0.0007085246103084792  error_V_h1=1.5166715440176033  α = 0.513
  4   -21.50443795089       -4.82       -2.84    19.2s
    hm1_norm_ρdiff=0.009507152185449272 hm1_norm_Δρ=0.0006592969231032891  error_V_h1=1.5547002703298998  α = 0.534
  5   -21.50445175235       -4.86       -3.26    12.2s
    hm1_norm_ρdiff=0.009205155571814528 hm1_norm_Δρ=0.0001968170177168855  error_V_h1=1.519581293367713  α = 1.0
  6   -21.50445599037       -5.37       -3.55    17.4s
    hm1_norm_ρdiff=0.009237263714159472 hm1_norm_Δρ=0.00011169450406747822  error_V_h1=1.5247455285089273  α = 1.0
  7   -21.50445724567       -5.90       -3.83    15.1s
    hm1_norm_ρdiff=0.009296970793629955 hm1_norm_Δρ=5.3420535596078034e-5  error_V_h1=1.5232155243239847  α = 1.0
  8   -21.50445787667       -6.20       -3.97    13.9s
    hm1_norm_ρdiff=0.009290004154420148 hm1_norm_Δρ=4.025342198592933e-5  error_V_h1=1.524832791040491  α = 1.0
  9   -21.50445823552       -6.45       -4.27    18.2s
    hm1_norm_ρdiff=0.00927238259533975 hm1_norm_Δρ=1.7598459680686697e-5  error_V_h1=1.524952679344621  α = 1.0
 10   -21.50445827770       -7.37       -4.44    15.6s
    hm1_norm_ρdiff=0.009278665561595113 hm1_norm_Δρ=1.3552460631376306e-5  error_V_h1=1.5231458144877856  α = 1.0
 11   -21.50445836831       -7.04       -4.62    13.5s
    hm1_norm_ρdiff=0.009285596357748229 hm1_norm_Δρ=8.323006355652564e-6  error_V_h1=1.523906370961639  α = 1.0
 12   -21.50445838909       -7.68       -4.62    25.8s
    hm1_norm_ρdiff=0.009286796076973775 hm1_norm_Δρ=1.0678536385636177e-5  error_V_h1=1.5247216770488743  α = 0.498
 13   -21.50445839279       -8.43       -4.61    30.1s
    hm1_norm_ρdiff=0.009268681815430507 hm1_norm_Δρ=1.4903905294844995e-5  error_V_h1=1.5239669562239295  α = 0.291
 14   -21.50445839852       -8.24       -4.95    21.2s
    hm1_norm_ρdiff=0.009285162452561302 hm1_norm_Δρ=5.309421889839128e-6  error_V_h1=1.5242502799993531  α = 0.497
 15   -21.50445840118       -8.58       -4.90    21.0s
    hm1_norm_ρdiff=0.009281049101161076 hm1_norm_Δρ=5.0766642808367415e-6  error_V_h1=1.5242700733505175  α = 0.521
 16   -21.50445840283       -8.78       -4.99    23.2s
    hm1_norm_ρdiff=0.009281127659842533 hm1_norm_Δρ=4.253266780623408e-6  error_V_h1=1.5240686119478402  α = 0.519
 17   -21.50445840355       -9.14       -5.51    13.6s
    hm1_norm_ρdiff=0.00928150528486746 hm1_norm_Δρ=1.209192361561704e-6  error_V_h1=1.5243568837445314  α = 1.0
 18   -21.50445840389       -9.47       -5.50    14.7s
    hm1_norm_ρdiff=0.00928111900341488 hm1_norm_Δρ=1.2148576860944336e-6  error_V_h1=1.5243481309957843  α = 1.0

#-- |ρε - ρref| = 0.009281548674441371 vs. 1.7782794100389227e-6 = δ*ε  error_V_h1=1.5241067271166004  Qε=0.40598906499437365


# --- ε=0.0001

n     Energy            log10(ΔE)   log10(Δρ)   Δtime
---   ---------------   ---------   ---------   ------
  1   -21.49201382699                   -0.94    66.4s
    hm1_norm_ρdiff=0.07508068762431637 hm1_norm_Δρ=0.07238102003777952  error_V_h1=2.7251929333614004  α = 0.0897
  2   -21.49343708837       -2.85       -1.92    24.9s
    hm1_norm_ρdiff=0.004417424006136399 hm1_norm_Δρ=0.005013904687644536  error_V_h1=2.40024110668869  α = 0.525
  3   -21.49440062341       -3.02       -1.96    21.0s
    hm1_norm_ρdiff=0.0033195327995733637 hm1_norm_Δρ=0.0056354667119984355  error_V_h1=1.6866479748097054  α = 0.536
  4   -21.49464150702       -3.62       -1.89    31.0s
    hm1_norm_ρdiff=0.00738847740575341 hm1_norm_Δρ=0.005952514383982383  error_V_h1=1.4315463883192971  α = 0.298
  5   -21.49515632246       -3.29       -2.42    13.4s
    hm1_norm_ρdiff=0.006758413324608663 hm1_norm_Δρ=0.001744137769786951  error_V_h1=1.1819504282301188  α = 1.0
  6   -21.49539826531       -3.62       -2.49    20.8s
    hm1_norm_ρdiff=0.005743883445878307 hm1_norm_Δρ=0.001120025029940305  error_V_h1=1.3429253197993496  α = 0.499
  7   -21.49543733103       -4.41       -2.97    13.0s
    hm1_norm_ρdiff=0.0052198322632836455 hm1_norm_Δρ=0.0005434481828448376  error_V_h1=1.230942854843689  α = 1.0
  8   -21.49545831778       -4.68       -2.99    21.5s
    hm1_norm_ρdiff=0.005677118475667361 hm1_norm_Δρ=0.00038320576642788775  error_V_h1=1.2185432942138892  α = 0.51
  9   -21.49546743650       -5.04       -3.26    21.8s
    hm1_norm_ρdiff=0.0057897737997142425 hm1_norm_Δρ=0.0002483812656422032  error_V_h1=1.2316321666284216  α = 0.502
 10   -21.49546847521       -5.98       -3.58    21.4s
    hm1_norm_ρdiff=0.005638465051375471 hm1_norm_Δρ=0.00010762694652084689  error_V_h1=1.2386781042288098  α = 0.526
 11   -21.49546869732       -6.65       -4.28    14.3s
    hm1_norm_ρdiff=0.005558565822941565 hm1_norm_Δρ=1.870427822848491e-5  error_V_h1=1.239056802186269  α = 1.0
 12   -21.49546875557       -7.23       -4.46    14.0s
    hm1_norm_ρdiff=0.0055657335781035665 hm1_norm_Δρ=1.3448392905895674e-5  error_V_h1=1.236774407945851  α = 1.0
 13   -21.49546881042       -7.26       -4.67    12.5s
    hm1_norm_ρdiff=0.005575296170896204 hm1_norm_Δρ=6.9395081909218375e-6  error_V_h1=1.2367828760988764  α = 1.0
 14   -21.49546882615       -7.80       -4.60    20.1s
    hm1_norm_ρdiff=0.005574770013843655 hm1_norm_Δρ=1.0028701446319878e-5  error_V_h1=1.2372970255459232  α = 0.511
 15   -21.49546882920       -8.51       -4.37    25.8s
    hm1_norm_ρdiff=0.005569702630826058 hm1_norm_Δρ=1.6975624794301768e-5  error_V_h1=1.2380994419816391  α = 0.298
 16   -21.49546883785       -8.06       -5.04    12.6s
    hm1_norm_ρdiff=0.005568611703505431 hm1_norm_Δρ=3.1614344676277028e-6  error_V_h1=1.2378322843346425  α = 1.0
 17   -21.49546884058       -8.57       -5.15    21.4s
    hm1_norm_ρdiff=0.005568385599389503 hm1_norm_Δρ=2.9822777625632636e-6  error_V_h1=1.2375026616786389  α = 0.502
 18   -21.49546884115       -9.24       -4.81    42.1s
    hm1_norm_ρdiff=0.005570295981988062 hm1_norm_Δρ=6.538118150566446e-6  error_V_h1=1.2374440952358772  α = 0.147
 19   -21.49546884182       -9.17       -5.43    28.0s
    hm1_norm_ρdiff=0.005570433269444619 hm1_norm_Δρ=1.2765201315067165e-6  error_V_h1=1.2376136945130873  α = 0.5
 20   -21.49546884199       -9.78       -5.61    12.9s
    hm1_norm_ρdiff=0.00556991794874931 hm1_norm_Δρ=9.127027990394822e-7  error_V_h1=1.2375718425289357  α = 1.0
 21   -21.49546884205      -10.20       -5.66    16.2s
    hm1_norm_ρdiff=0.005569533678083926 hm1_norm_Δρ=9.558946244714702e-7  error_V_h1=1.2375420325810813  α = 1.0

#-- |ρε - ρref| = 0.0055695722915877904 vs. 1.0000000000000002e-6 = δ*ε  error_V_h1=1.2377622457696944  Qε=0.5020897852434416


# --- ε=5.623413251903491e-5

n     Energy            log10(ΔE)   log10(Δρ)   Δtime
---   ---------------   ---------   ---------   ------
  1   -21.48840496943                   -0.92    65.1s
    hm1_norm_ρdiff=0.07818775111642368 hm1_norm_Δρ=0.07629472528284086  error_V_h1=2.2018296560792865  α = 0.0468
  2   -21.48885632356       -3.35       -1.89    37.9s
    hm1_norm_ρdiff=0.0058336127587017405 hm1_norm_Δρ=0.005229155471741475  error_V_h1=2.033322086745452  α = 0.151
  3   -21.48929779688       -3.36       -2.18    26.7s
    hm1_norm_ρdiff=0.002421417766567509 hm1_norm_Δρ=0.0030101226432201677  error_V_h1=1.706673790471058  α = 0.278
  4   -21.48971852219       -3.38       -2.01    37.1s
    hm1_norm_ρdiff=0.003571111173066792 hm1_norm_Δρ=0.00503395906225632  error_V_h1=1.2597301024184084  α = 0.153
  5   -21.48981595824       -4.01       -2.46    27.6s
    hm1_norm_ρdiff=0.0028603083181912726 hm1_norm_Δρ=0.0012583711020736164  error_V_h1=0.974144626940772  α = 0.28
  6   -21.48982118169       -5.28       -3.35    19.2s
    hm1_norm_ρdiff=0.0033829317221691774 hm1_norm_Δρ=0.00016266809238661676  error_V_h1=0.9672073497487313  α = 0.519
  7   -21.48982244422       -5.90       -3.38    22.5s
    hm1_norm_ρdiff=0.00335985348986345 hm1_norm_Δρ=0.0001663727209688591  error_V_h1=0.9792590764201081  α = 0.538
  8   -21.48982408098       -5.79       -3.48    21.3s
    hm1_norm_ρdiff=0.003293247991001266 hm1_norm_Δρ=0.00010845331187507364  error_V_h1=0.9926336983977503  α = 0.523
  9   -21.48982441843       -6.47       -3.82    16.0s
    hm1_norm_ρdiff=0.0032537538527462654 hm1_norm_Δρ=4.493308736517194e-5  error_V_h1=0.9942663818451312  α = 1.0
 10   -21.48982493794       -6.28       -3.90    13.2s
    hm1_norm_ρdiff=0.003273033726636844 hm1_norm_Δρ=3.6213626794724244e-5  error_V_h1=0.9814747234187592  α = 1.0
 11   -21.48982508297       -6.84       -4.12    14.2s
    hm1_norm_ρdiff=0.00328552557189103 hm1_norm_Δρ=2.6282641757615328e-5  error_V_h1=0.9835320331353231  α = 1.0
 12   -21.48982529962       -6.66       -4.29    15.1s
    hm1_norm_ρdiff=0.0032763799805664135 hm1_norm_Δρ=1.7666543255763396e-5  error_V_h1=0.987942710622143  α = 1.0
 13   -21.48982532241       -7.64       -4.41    14.3s
    hm1_norm_ρdiff=0.0032712671405137105 hm1_norm_Δρ=1.3684985444928187e-5  error_V_h1=0.9886770634998856  α = 1.0
 14   -21.48982533536       -7.89       -4.08    27.7s
    hm1_norm_ρdiff=0.00326963451140246 hm1_norm_Δρ=3.3905399707534305e-5  error_V_h1=0.9851122470807221  α = 0.298
 15   -21.48982536054       -7.60       -4.16    26.2s
    hm1_norm_ρdiff=0.0032725089406775835 hm1_norm_Δρ=2.8122733014980606e-5  error_V_h1=0.984567355420592  α = 0.293
 16   -21.48982537263       -7.92       -4.11    25.1s
    hm1_norm_ρdiff=0.0032982379457438178 hm1_norm_Δρ=3.5439839698637124e-5  error_V_h1=0.9853545664843599  α = 0.3
 17   -21.48982539596       -7.63       -4.75    16.1s
    hm1_norm_ρdiff=0.0032747024555501696 hm1_norm_Δρ=5.5974885495507595e-6  error_V_h1=0.9849911690211667  α = 1.0
 18   -21.48982540219       -8.21       -4.16    48.3s
    hm1_norm_ρdiff=0.003293228750489915 hm1_norm_Δρ=2.9348496839490913e-5  error_V_h1=0.9854339704373921  α = 0.0826
 19   -21.48982541020       -8.10       -4.52    30.0s
    hm1_norm_ρdiff=0.00327434084891899 hm1_norm_Δρ=1.1036866963133564e-5  error_V_h1=0.986146836114387  α = 0.279
 20   -21.48982541409       -8.41       -4.97    21.6s
    hm1_norm_ρdiff=0.003276641334589637 hm1_norm_Δρ=2.9360898760485e-6  error_V_h1=0.9857721429943896  α = 0.519
 21   -21.48982541505       -9.02       -5.52    13.4s
    hm1_norm_ρdiff=0.0032766895126088696 hm1_norm_Δρ=8.837791045774209e-7  error_V_h1=0.9857991256389321  α = 1.0
 22   -21.48982541548       -9.36       -5.58    22.7s
    hm1_norm_ρdiff=0.003276352022994624 hm1_norm_Δρ=8.399999944974099e-7  error_V_h1=0.9859566006674232  α = 0.496
 23   -21.48982541577       -9.55       -5.26    29.4s
    hm1_norm_ρdiff=0.0032753160283288106 hm1_norm_Δρ=1.860039220726741e-6  error_V_h1=0.9858210556930195  α = 0.281
 24   -21.48982541591       -9.83       -5.71    22.4s
    hm1_norm_ρdiff=0.003276250843139804 hm1_norm_Δρ=6.213220475889095e-7  error_V_h1=0.9857762733107966  α = 0.513
 25   -21.48982541600      -10.07       -5.88    23.7s
    hm1_norm_ρdiff=0.003276420377159152 hm1_norm_Δρ=4.5979883572741393e-7  error_V_h1=0.9858996149399673  α = 0.506
 26   -21.48982541603      -10.49       -5.81    28.2s
    hm1_norm_ρdiff=0.003276232827681939 hm1_norm_Δρ=5.702443782019033e-7  error_V_h1=0.9858882017540596  α = 0.267
 27   -21.48982541606      -10.47       -5.50    38.1s
    hm1_norm_ρdiff=0.0032768619798027336 hm1_norm_Δρ=1.3538123097168678e-6  error_V_h1=0.9858593875185322  α = 0.159
 28   -21.48982541608      -10.88       -5.92    28.2s
    hm1_norm_ρdiff=0.003276131566373334 hm1_norm_Δρ=4.6582624945125906e-7  error_V_h1=0.985833049787869  α = 0.282
 29   -21.48982541608      -11.22       -5.94    33.6s
    hm1_norm_ρdiff=0.0032766484955515005 hm1_norm_Δρ=5.287992883199453e-7  error_V_h1=0.9858697539798922  α = 0.152

#-- |ρε - ρref| = 0.0032763146087735383 vs. 5.62341325190349e-7 = δ*ε  error_V_h1=0.9858727123398079  Qε=0.6015655105187815


# --- ε=3.1622776601683795e-5

n     Energy            log10(ΔE)   log10(Δρ)   Δtime
---   ---------------   ---------   ---------   ------
  1   -21.48591763792                   -0.90    77.3s
    hm1_norm_ρdiff=0.08006988323265418 hm1_norm_Δρ=0.07872018994434594  error_V_h1=1.5982420234312966  α = 0.0232
  2   -21.48608619867       -3.77       -1.86    47.3s
    hm1_norm_ρdiff=0.006235836620620173 hm1_norm_Δρ=0.00574163322446091  error_V_h1=1.4822804894229347  α = 0.0873
  3   -21.48611117334       -4.60       -2.24    37.2s
    hm1_norm_ρdiff=0.0024861784641701918 hm1_norm_Δρ=0.0023512643277170783  error_V_h1=1.503241530419883  α = 0.165
  4   -21.48622786738       -3.93       -2.31    39.5s
    hm1_norm_ρdiff=0.0019107366848081396 hm1_norm_Δρ=0.0019639390991539416  error_V_h1=1.3394038436664824  α = 0.153
  5   -21.48632178178       -4.03       -2.66    22.6s
    hm1_norm_ρdiff=0.001362775108165105 hm1_norm_Δρ=0.0009527994165818109  error_V_h1=0.8941494198782846  α = 0.535
  6   -21.48634766998       -4.59       -2.86    23.3s
    hm1_norm_ρdiff=0.0021231696962544675 hm1_norm_Δρ=0.00044423282132998354  error_V_h1=0.7797876582957659  α = 0.533
  7   -21.48637094019       -4.63       -2.79    32.4s
    hm1_norm_ρdiff=0.002268463012750556 hm1_norm_Δρ=0.0006081934270062737  error_V_h1=0.737443399946846  α = 0.288
  8   -21.48639034509       -4.71       -2.88    29.2s
    hm1_norm_ρdiff=0.0021645227624013446 hm1_norm_Δρ=0.00044919203846004993  error_V_h1=0.765010695508475  α = 0.28
  9   -21.48639296347       -5.58       -3.28    22.6s
    hm1_norm_ρdiff=0.0018847219351184948 hm1_norm_Δρ=0.00013581638600437224  error_V_h1=0.811472414676811  α = 0.535
 10   -21.48639554057       -5.59       -3.55    23.9s
    hm1_norm_ρdiff=0.0018560883492710976 hm1_norm_Δρ=8.603106918118222e-5  error_V_h1=0.7967510429585718  α = 0.514
 11   -21.48639630723       -6.12       -3.70    21.1s
    hm1_norm_ρdiff=0.0018761912276004623 hm1_norm_Δρ=6.87177604991585e-5  error_V_h1=0.7698932551245895  α = 0.532
 12   -21.48639668251       -6.43       -4.02    26.4s
    hm1_norm_ρdiff=0.001910468882174962 hm1_norm_Δρ=3.193845628531248e-5  error_V_h1=0.7640862549807329  α = 0.52
 13   -21.48639673432       -7.29       -3.85    37.6s
    hm1_norm_ρdiff=0.0019281442880999303 hm1_norm_Δρ=5.957494692869422e-5  error_V_h1=0.7622037835399359  α = 0.162
 14   -21.48639685519       -6.92       -3.81    38.2s
    hm1_norm_ρdiff=0.0019349685306008569 hm1_norm_Δρ=5.7814532821234195e-5  error_V_h1=0.7678054949081371  α = 0.152
 15   -21.48639686708       -7.92       -3.62    48.7s
    hm1_norm_ρdiff=0.001914649808427177 hm1_norm_Δρ=8.439582757764989e-5  error_V_h1=0.772177209384721  α = 0.0897
 16   -21.48639688376       -7.78       -4.58    23.0s
    hm1_norm_ρdiff=0.001899164511883506 hm1_norm_Δρ=9.746856020366481e-6  error_V_h1=0.7742652854067175  α = 0.533
 17   -21.48639690304       -7.72       -3.94    46.4s
    hm1_norm_ρdiff=0.0019160581541922672 hm1_norm_Δρ=3.746861420978468e-5  error_V_h1=0.7738405843742925  α = 0.0842
 18   -21.48639691142       -8.08       -4.55    31.7s
    hm1_norm_ρdiff=0.001900537955865664 hm1_norm_Δρ=8.021098924901868e-6  error_V_h1=0.7729200955901057  α = 0.273
 19   -21.48639691631       -8.31       -4.69    30.4s
    hm1_norm_ρdiff=0.0019040559742493212 hm1_norm_Δρ=6.4925392513109884e-6  error_V_h1=0.7725821032666411  α = 0.284
 20   -21.48639691938       -8.51       -4.55    38.2s
    hm1_norm_ρdiff=0.0018989296093960284 hm1_norm_Δρ=9.375693565647606e-6  error_V_h1=0.7716599444958041  α = 0.157
 21   -21.48639692005       -9.17       -4.94    34.3s
    hm1_norm_ρdiff=0.0019037961223107136 hm1_norm_Δρ=3.7065637365112153e-6  error_V_h1=0.7718582976204774  α = 0.295
 22   -21.48639692083       -9.11       -4.93    32.4s
    hm1_norm_ρdiff=0.001901344237689001 hm1_norm_Δρ=3.4817428098655785e-6  error_V_h1=0.7712483760106172  α = 0.297
 23   -21.48639692214       -8.88       -5.14    21.4s
    hm1_norm_ρdiff=0.001902878737575953 hm1_norm_Δρ=2.283796665417226e-6  error_V_h1=0.7715543901864891  α = 0.525
 24   -21.48639692301       -9.06       -5.42    24.2s
    hm1_norm_ρdiff=0.0019024082946515041 hm1_norm_Δρ=1.0814226257415335e-6  error_V_h1=0.7717331048604714  α = 0.51
 25   -21.48639692310      -10.03       -4.73    47.0s
    hm1_norm_ρdiff=0.0018989127723245671 hm1_norm_Δρ=7.942107335657972e-6  error_V_h1=0.7719322654963159  α = 0.0896
 26   -21.48639692331       -9.70       -5.16    42.2s
    hm1_norm_ρdiff=0.0019033509017250829 hm1_norm_Δρ=2.3471879602514846e-6  error_V_h1=0.7721149983335507  α = 0.152
 27   -21.48639692346       -9.81       -5.24    38.4s
    hm1_norm_ρdiff=0.0019020850458175292 hm1_norm_Δρ=1.953881841915139e-6  error_V_h1=0.7719582198323255  α = 0.153
 28   -21.48639692356      -10.00       -5.52    30.5s
    hm1_norm_ρdiff=0.001902600845671205 hm1_norm_Δρ=9.876797878499579e-7  error_V_h1=0.7718687505597657  α = 0.284
 29   -21.48639692361      -10.33       -5.19    46.8s
    hm1_norm_ρdiff=0.001904281747523882 hm1_norm_Δρ=2.8680796165483842e-6  error_V_h1=0.7718935714864726  α = 0.0882
 30   -21.48639692366      -10.31       -5.77    30.0s
    hm1_norm_ρdiff=0.001902427276600714 hm1_norm_Δρ=5.121169667051547e-7  error_V_h1=0.7718633442037505  α = 0.275
 31   -21.48639692368      -10.67       -5.96    33.4s
    hm1_norm_ρdiff=0.0019024904496633785 hm1_norm_Δρ=3.2595559770586385e-7  error_V_h1=0.7718068834848621  α = 0.269
 32   -21.48639692369      -11.09       -6.02    32.6s
    hm1_norm_ρdiff=0.0019023175673687793 hm1_norm_Δρ=3.712553960322801e-7  error_V_h1=0.7717653262638959  α = 0.292
 33   -21.48639692369      -11.42       -5.89    30.7s
    hm1_norm_ρdiff=0.0019026157079535951 hm1_norm_Δρ=3.769421912091365e-7  error_V_h1=0.771859861126631  α = 0.301
 34   -21.48639692370      -11.02       -6.01    30.2s
    hm1_norm_ρdiff=0.001902407191757763 hm1_norm_Δρ=3.2780518368209744e-7  error_V_h1=0.7718429491077158  α = 0.286
 35   -21.48639692370      -11.31       -5.92    32.4s
    hm1_norm_ρdiff=0.0019025767913352165 hm1_norm_Δρ=3.52081853796692e-7  error_V_h1=0.7718585076938267  α = 0.296
 36   -21.48639692371      -11.84       -5.81    45.6s
    hm1_norm_ρdiff=0.0019023002729786015 hm1_norm_Δρ=5.752235145460012e-7  error_V_h1=0.7718528418745  α = 0.0889
 37   -21.48639692371      -11.62       -6.11    33.3s
    hm1_norm_ρdiff=0.0019026153020360614 hm1_norm_Δρ=2.66885293801947e-7  error_V_h1=0.7718673776769934  α = 0.296
 38   -21.48639692371      -11.63       -5.93    37.8s
    hm1_norm_ρdiff=0.0019024511516394398 hm1_norm_Δρ=4.0210743605297334e-7  error_V_h1=0.771828963543953  α = 0.164
 39   -21.48639692371      -12.09       -6.19    28.4s
    hm1_norm_ρdiff=0.001902539169815017 hm1_norm_Δρ=2.072596335995218e-7  error_V_h1=0.7718223388213656  α = 0.299
 40   -21.48639692371      -12.17       -5.98    44.5s
    hm1_norm_ρdiff=0.0019027366773394024 hm1_norm_Δρ=4.559666178633924e-7  error_V_h1=0.7718344264088709  α = 0.0892
 41   -21.48639692372      -11.55       -6.49    31.3s
    hm1_norm_ρdiff=0.0019024499432813578 hm1_norm_Δρ=1.154199656139254e-7  error_V_h1=0.7718329903353052  α = 0.268
 42   -21.48639692372      -12.03       -6.83    24.0s
    hm1_norm_ρdiff=0.0019024994570677868 hm1_norm_Δρ=4.1332599336343785e-8  error_V_h1=0.7718248265948047  α = 0.525

#-- |ρε - ρref| = 0.0019025206349711475 vs. 3.1622776601683797e-7 = δ*ε  error_V_h1=0.7718298066491898  Qε=0.6994172120939524


# --- ε=1.778279410038923e-5

n     Energy            log10(ΔE)   log10(Δρ)   Δtime
---   ---------------   ---------   ---------   ------
  1   -21.48418794426                   -0.90    92.1s
    hm1_norm_ρdiff=0.08112243172619821 hm1_norm_Δρ=0.08016529323598874  error_V_h1=1.1615202274814145  α = 0.0108
  2   -21.48429859982       -3.96       -1.83    53.4s
    hm1_norm_ρdiff=0.006535362734114315 hm1_norm_Δρ=0.006174925622201957  error_V_h1=0.8393365848214296  α = 0.0462
  3   -21.48431908706       -4.69       -2.20    56.0s
    hm1_norm_ρdiff=0.002781271494175162 hm1_norm_Δρ=0.0024894742844197596  error_V_h1=0.7930026315902899  α = 0.0459
  4   -21.48432973060       -4.97       -2.41    42.5s
    hm1_norm_ρdiff=0.0017003676310612353 hm1_norm_Δρ=0.0013746847695647278  error_V_h1=0.8284891009261107  α = 0.0891
  5   -21.48433738035       -5.12       -3.13    22.3s
    hm1_norm_ρdiff=0.0009870645043827415 hm1_norm_Δρ=0.00022220983468389634  error_V_h1=0.8078210962066587  α = 0.537
  6   -21.48434698248       -5.02       -3.10    28.7s
    hm1_norm_ρdiff=0.0010081931202636425 hm1_norm_Δρ=0.0002876216707731358  error_V_h1=0.7252849502297272  α = 0.287
  7   -21.48435016895       -5.50       -2.84    41.6s
    hm1_norm_ρdiff=0.0010732087736716465 hm1_norm_Δρ=0.0004616096998580976  error_V_h1=0.6668600119041345  α = 0.165
  8   -21.48435453881       -5.36       -3.18    31.3s
    hm1_norm_ρdiff=0.001118594999954783 hm1_norm_Δρ=0.0001689750784355599  error_V_h1=0.5975889199402932  α = 0.286
  9   -21.48435672393       -5.66       -3.47    29.8s
    hm1_norm_ρdiff=0.0011424495353321345 hm1_norm_Δρ=9.122603305191292e-5  error_V_h1=0.583458125788064  α = 0.268
 10   -21.48435781867       -5.96       -3.60    29.3s
    hm1_norm_ρdiff=0.0011408941074220764 hm1_norm_Δρ=8.271678683029622e-5  error_V_h1=0.5970610760120377  α = 0.284
 11   -21.48435813686       -6.50       -3.82    34.2s
    hm1_norm_ρdiff=0.0011127245409446119 hm1_norm_Δρ=5.028188834278125e-5  error_V_h1=0.611249721132061  α = 0.288
 12   -21.48435826232       -6.90       -4.13    29.9s
    hm1_norm_ρdiff=0.0010998402562047251 hm1_norm_Δρ=2.0191343929997302e-5  error_V_h1=0.615652895701902  α = 0.266
 13   -21.48435828316       -7.68       -3.32    60.0s
    hm1_norm_ρdiff=0.0009935770250091406 hm1_norm_Δρ=0.00020700519921611243  error_V_h1=0.617261650191911  α = 0.0229
 14   -21.48435830059       -7.76       -4.44    23.7s
    hm1_norm_ρdiff=0.001091513286834115 hm1_norm_Δρ=1.2816798071728048e-5  error_V_h1=0.6144036425646168  α = 0.54
 15   -21.48435831853       -7.75       -4.05    46.1s
    hm1_norm_ρdiff=0.0011021931464539909 hm1_norm_Δρ=3.269822252144976e-5  error_V_h1=0.6131051557020976  α = 0.0849
 16   -21.48435832594       -8.13       -4.07    45.3s
    hm1_norm_ρdiff=0.0011010594027037425 hm1_norm_Δρ=3.0081452885885266e-5  error_V_h1=0.6121978771575755  α = 0.0888
 17   -21.48435834357       -7.75       -4.03    46.2s
    hm1_norm_ρdiff=0.001095128497410609 hm1_norm_Δρ=2.9979810330291924e-5  error_V_h1=0.6120011563967955  α = 0.0834
 18   -21.48435835412       -7.98       -4.31    37.1s
    hm1_norm_ρdiff=0.0011002329951797615 hm1_norm_Δρ=1.7570329046648675e-5  error_V_h1=0.612688797818251  α = 0.161
 19   -21.48435836624       -7.92       -4.34    38.2s
    hm1_norm_ρdiff=0.0010962106982048852 hm1_norm_Δρ=1.2629367869456524e-5  error_V_h1=0.6118169830811439  α = 0.153
 20   -21.48435836963       -8.47       -4.74    32.4s
    hm1_norm_ρdiff=0.0010939846231793565 hm1_norm_Δρ=4.518476182617774e-6  error_V_h1=0.6120821986897256  α = 0.288
 21   -21.48435837182       -8.66       -4.43    45.5s
    hm1_norm_ρdiff=0.0011022577058152501 hm1_norm_Δρ=1.2805981066841998e-5  error_V_h1=0.6131964527309408  α = 0.086
 22   -21.48435837271       -9.05       -4.81    29.7s
    hm1_norm_ρdiff=0.001095303612271111 hm1_norm_Δρ=4.961960022527737e-6  error_V_h1=0.6141983879916085  α = 0.298
 23   -21.48435837374       -8.99       -4.76    36.5s
    hm1_norm_ρdiff=0.00109147626363239 hm1_norm_Δρ=5.388750396605869e-6  error_V_h1=0.6132379232990034  α = 0.162
 24   -21.48435837414       -9.39       -4.28    57.7s
    hm1_norm_ρdiff=0.0010872825772101408 hm1_norm_Δρ=1.9595817058352248e-5  error_V_h1=0.6134270180555285  α = 0.0234
 25   -21.48435837586       -8.76       -4.98    26.8s
    hm1_norm_ρdiff=0.0010945891567104554 hm1_norm_Δρ=3.670574511308235e-6  error_V_h1=0.612846953734303  α = 0.289
 26   -21.48435837665       -9.10       -5.21    26.1s
    hm1_norm_ρdiff=0.001095745035597836 hm1_norm_Δρ=1.894027643254372e-6  error_V_h1=0.6129574816905399  α = 0.285
 27   -21.48435837695       -9.53       -4.47    47.4s
    hm1_norm_ρdiff=0.0010964884164323316 hm1_norm_Δρ=1.37539121306724e-5  error_V_h1=0.6130303138453415  α = 0.0468
 28   -21.48435837730       -9.45       -5.30    25.3s
    hm1_norm_ρdiff=0.0010950525321866136 hm1_norm_Δρ=1.296694966151092e-6  error_V_h1=0.61326145932129  α = 0.283
 29   -21.48435837756       -9.59       -4.99    40.1s
    hm1_norm_ρdiff=0.0010958929777697822 hm1_norm_Δρ=3.6641580793335384e-6  error_V_h1=0.6131674100698377  α = 0.0841
 30   -21.48435837760      -10.35       -5.43    27.6s
    hm1_norm_ρdiff=0.0010951159997012998 hm1_norm_Δρ=1.169841375064294e-6  error_V_h1=0.6127808759131693  α = 0.299
 31   -21.48435837770       -9.98       -5.47    27.3s
    hm1_norm_ρdiff=0.0010950917952082296 hm1_norm_Δρ=8.969996116738687e-7  error_V_h1=0.6128407535877207  α = 0.292
 32   -21.48435837774      -10.44       -5.35    35.6s
    hm1_norm_ρdiff=0.001095972352991653 hm1_norm_Δρ=1.4608142039062497e-6  error_V_h1=0.6130584822941664  α = 0.164
 33   -21.48435837776      -10.76       -5.51    24.5s
    hm1_norm_ρdiff=0.0010949571996577373 hm1_norm_Δρ=1.0912760086299374e-6  error_V_h1=0.6130147068541691  α = 0.3
 34   -21.48435837778      -10.57       -5.46    35.3s
    hm1_norm_ρdiff=0.0010959764903572318 hm1_norm_Δρ=1.2051979485413105e-6  error_V_h1=0.6131507855047748  α = 0.164
 35   -21.48435837781      -10.66       -5.23    45.9s
    hm1_norm_ρdiff=0.0010942135518845599 hm1_norm_Δρ=2.151545374007971e-6  error_V_h1=0.6131429610974615  α = 0.0471
 36   -21.48435837787      -10.19       -5.19    41.0s
    hm1_norm_ρdiff=0.0010949906707914479 hm1_norm_Δρ=2.1407991668005114e-6  error_V_h1=0.6129833872495919  α = 0.0858
 37   -21.48435837791      -10.47       -5.48    35.3s
    hm1_norm_ρdiff=0.001095473093840312 hm1_norm_Δρ=9.538856963324978e-7  error_V_h1=0.6130378379456852  α = 0.159
 38   -21.48435837792      -10.84       -5.19    46.3s
    hm1_norm_ρdiff=0.001095301164839006 hm1_norm_Δρ=2.8061267172689477e-6  error_V_h1=0.613046633091244  α = 0.0465
 39   -21.48435837793      -10.83       -5.88    33.4s
    hm1_norm_ρdiff=0.0010950729612001404 hm1_norm_Δρ=3.8411623342282886e-7  error_V_h1=0.6130594340993292  α = 0.151
 40   -21.48435837794      -10.99       -5.83    33.2s
    hm1_norm_ρdiff=0.001095220504284729 hm1_norm_Δρ=4.706856813581209e-7  error_V_h1=0.6130217729401772  α = 0.159
 41   -21.48435837795      -11.47       -5.66    33.3s
    hm1_norm_ρdiff=0.0010950513779549812 hm1_norm_Δρ=7.561214616522564e-7  error_V_h1=0.6129556553659402  α = 0.166
 42   -21.48435837795      -11.58       -6.10    25.6s
    hm1_norm_ρdiff=0.0010952095793468756 hm1_norm_Δρ=2.498053950617699e-7  error_V_h1=0.612960159297354  α = 0.297
 43   -21.48435837795      -11.93       -5.85    35.8s
    hm1_norm_ρdiff=0.0010954586870338724 hm1_norm_Δρ=4.48797996679244e-7  error_V_h1=0.6130081609336168  α = 0.166
 44   -21.48435837795      -11.75       -6.05    28.2s
    hm1_norm_ρdiff=0.0010951776569718785 hm1_norm_Δρ=2.9924619311179473e-7  error_V_h1=0.6129758428281888  α = 0.3
 45   -21.48435837796      -11.64       -5.48    46.7s
    hm1_norm_ρdiff=0.0010960117132342818 hm1_norm_Δρ=1.2013765773353421e-6  error_V_h1=0.6130053490337445  α = 0.0466
 46   -21.48435837796      -11.76       -6.37    26.1s
    hm1_norm_ρdiff=0.0010952381952768454 hm1_norm_Δρ=1.4492580242970316e-7  error_V_h1=0.6130133463530744  α = 0.299
 47   -21.48435837796      -11.54       -5.63    41.0s
    hm1_norm_ρdiff=0.0010953071491286077 hm1_norm_Δρ=7.256052861346616e-7  error_V_h1=0.6129824252249336  α = 0.0894
 48   -21.48435837796      -11.43       -5.84    38.8s
    hm1_norm_ρdiff=0.0010954021656022323 hm1_norm_Δρ=4.47297733267233e-7  error_V_h1=0.6130022898828497  α = 0.0829
 49   -21.48435837797      -11.92       -5.90    45.8s
    hm1_norm_ρdiff=0.0010952500167322715 hm1_norm_Δρ=5.337458280087183e-7  error_V_h1=0.6130049458660257  α = 0.0455
 50   -21.48435837797      -11.85       -6.26    35.2s
    hm1_norm_ρdiff=0.0010951821729447233 hm1_norm_Δρ=1.654685671543613e-7  error_V_h1=0.6130031367834293  α = 0.159
 51   -21.48435837797      -11.91       -6.14    32.8s
    hm1_norm_ρdiff=0.0010952650566410003 hm1_norm_Δρ=1.9333012434211774e-7  error_V_h1=0.612985907122723  α = 0.163
 52   -21.48435837797      -12.50       -6.35    31.7s
    hm1_norm_ρdiff=0.001095220682166224 hm1_norm_Δρ=1.487159777171096e-7  error_V_h1=0.6129811546483466  α = 0.165
 53   -21.48435837797      -12.38       -6.56    30.4s
    hm1_norm_ρdiff=0.0010952289884842584 hm1_norm_Δρ=9.852124616749288e-8  error_V_h1=0.6129833609833314  α = 0.158

#-- |ρε - ρref| = 0.0010952529672496759 vs. 1.778279410038923e-7 = δ*ε  error_V_h1=0.6129942163623421  Qε=0.784378210440806


# --- ε=1.0e-5

n     Energy            log10(ΔE)   log10(Δρ)   Δtime
---   ---------------   ---------   ---------   ------
  1   -21.48264647410                   -0.89    76.5s
    hm1_norm_ρdiff=0.08126097312934218 hm1_norm_Δρ=0.08099517060325116  error_V_h1=2.8761706072236484  α = 0.00959
  2   -21.48273383145       -4.06       -1.81    51.9s
    hm1_norm_ρdiff=0.00666795335939058 hm1_norm_Δρ=0.006476959239128044  error_V_h1=2.655483433441382  α = 0.0225
  3   -21.48276559995       -4.50       -2.10    47.2s
    hm1_norm_ρdiff=0.003132345481877382 hm1_norm_Δρ=0.0031306143009302624  error_V_h1=2.5808391043768943  α = 0.0464
  4   -21.48283799452       -4.14       -2.12    45.7s
    hm1_norm_ρdiff=0.002747779372128596 hm1_norm_Δρ=0.0027930909237602604  error_V_h1=2.358493460044737  α = 0.0442
  5   -21.48304855523       -3.68       -2.58    26.7s
    hm1_norm_ρdiff=0.0006070808841534905 hm1_norm_Δρ=0.0009813726787384121  error_V_h1=1.4224818991293553  α = 0.284
  6   -21.48308655780       -4.42       -2.42    33.5s
    hm1_norm_ρdiff=0.001090338349215031 hm1_norm_Δρ=0.001343210286906725  error_V_h1=1.2042554964374614  α = 0.165
  7   -21.48309873076       -4.91       -2.35    41.6s
    hm1_norm_ρdiff=0.0014329860185830921 hm1_norm_Δρ=0.0014732747153174133  error_V_h1=1.117833574367271  α = 0.0896
  8   -21.48312335412       -4.61       -2.72    32.6s
    hm1_norm_ρdiff=0.0008510925966653236 hm1_norm_Δρ=0.0004956938146138321  error_V_h1=0.9082702632839759  α = 0.153
  9   -21.48314168755       -4.74       -3.00    26.2s
    hm1_norm_ρdiff=0.0008121403682363188 hm1_norm_Δρ=0.00028300833140847717  error_V_h1=0.7035390049069681  α = 0.285
 10   -21.48314460500       -5.53       -2.93    27.9s
    hm1_norm_ρdiff=0.0008478949282431754 hm1_norm_Δρ=0.00036628866583006766  error_V_h1=0.7037238280623687  α = 0.301
 11   -21.48315283523       -5.08       -3.09    33.7s
    hm1_norm_ρdiff=0.0007293698460551004 hm1_norm_Δρ=0.00027553367588079925  error_V_h1=0.646610888608169  α = 0.15
 12   -21.48315833333       -5.26       -3.24    29.0s
    hm1_norm_ρdiff=0.0006096236086556741 hm1_norm_Δρ=0.00012945995659904735  error_V_h1=0.640157500732565  α = 0.281
 13   -21.48316247812       -5.38       -3.47    25.7s
    hm1_norm_ρdiff=0.0005637384749847622 hm1_norm_Δρ=0.00011481646814908676  error_V_h1=0.5816056967919444  α = 0.274
 14   -21.48316318748       -6.15       -3.07    48.4s
    hm1_norm_ρdiff=0.0005070450264036684 hm1_norm_Δρ=0.00035996322236621174  error_V_h1=0.5537108966191285  α = 0.046
 15   -21.48316348183       -6.53       -3.28    41.1s
    hm1_norm_ρdiff=0.000625476198895852 hm1_norm_Δρ=0.00014997540782734825  error_V_h1=0.5457691482695113  α = 0.0886
 16   -21.48316352421       -7.37       -3.02    54.4s
    hm1_norm_ρdiff=0.0007839780936667356 hm1_norm_Δρ=0.00033855789669103297  error_V_h1=0.5426095684475968  α = 0.0223
 17   -21.48316358336       -7.23       -3.73    40.8s
    hm1_norm_ρdiff=0.0006137715279037336 hm1_norm_Δρ=5.5423311744217186e-5  error_V_h1=0.542586518724217  α = 0.0876
 18   -21.48316360844       -7.60       -3.48    40.5s
    hm1_norm_ρdiff=0.0006560683582924391 hm1_norm_Δρ=9.874101036392781e-5  error_V_h1=0.5432032861860068  α = 0.09
 19   -21.48316367494       -7.18       -3.75    41.2s
    hm1_norm_ρdiff=0.0006279066702981966 hm1_norm_Δρ=5.6560261629349926e-5  error_V_h1=0.5395758157068201  α = 0.0874
 20   -21.48316372482       -7.30       -3.78    42.3s
    hm1_norm_ρdiff=0.0006455902720379867 hm1_norm_Δρ=5.21602942732899e-5  error_V_h1=0.5374584349448844  α = 0.0878
 21   -21.48316378412       -7.23       -3.80    31.9s
    hm1_norm_ρdiff=0.0006296172459999382 hm1_norm_Δρ=3.935084294745462e-5  error_V_h1=0.5409922434497639  α = 0.163
 22   -21.48316382260       -7.41       -4.09    34.5s
    hm1_norm_ρdiff=0.000625406880689467 hm1_norm_Δρ=2.3858072737511307e-5  error_V_h1=0.54326208372445  α = 0.159
 23   -21.48316384565       -7.64       -3.83    40.8s
    hm1_norm_ρdiff=0.0006378967956659277 hm1_norm_Δρ=3.6057080548792886e-5  error_V_h1=0.5467888010831734  α = 0.0884
 24   -21.48316385077       -8.29       -3.81    55.7s
    hm1_norm_ρdiff=0.0005978724361957185 hm1_norm_Δρ=5.207269720267849e-5  error_V_h1=0.5463790667292792  α = 0.0232
 25   -21.48316386218       -7.94       -4.16    33.5s
    hm1_norm_ρdiff=0.000625370482697373 hm1_norm_Δρ=1.990008529370093e-5  error_V_h1=0.5452038088522783  α = 0.165
 26   -21.48316386754       -8.27       -4.09    38.9s
    hm1_norm_ρdiff=0.0006200889450288291 hm1_norm_Δρ=2.4703954378090226e-5  error_V_h1=0.5437324849781807  α = 0.0896
 27   -21.48316387258       -8.30       -3.89    54.2s
    hm1_norm_ρdiff=0.0006383416882685571 hm1_norm_Δρ=4.5551751831224506e-5  error_V_h1=0.543243646654585  α = 0.0228
 28   -21.48316387606       -8.46       -4.28    39.1s
    hm1_norm_ρdiff=0.0006158185252512224 hm1_norm_Δρ=1.994925797324288e-5  error_V_h1=0.5415586392481515  α = 0.0889
 29   -21.48316388285       -8.17       -3.86    48.5s
    hm1_norm_ρdiff=0.0006385502913749398 hm1_norm_Δρ=4.1004052462039144e-5  error_V_h1=0.5412062673220124  α = 0.0466
 30   -21.48316388774       -8.31       -4.26    40.5s
    hm1_norm_ρdiff=0.0006293025747566471 hm1_norm_Δρ=1.4544276262992563e-5  error_V_h1=0.5414387263331444  α = 0.0871
 31   -21.48316389093       -8.50       -4.46    40.0s
    hm1_norm_ρdiff=0.0006291861275512894 hm1_norm_Δρ=1.0310072370827858e-5  error_V_h1=0.5416196923356259  α = 0.0848
 32   -21.48316389318       -8.65       -4.50    41.8s
    hm1_norm_ρdiff=0.0006254697289677368 hm1_norm_Δρ=9.159886871491278e-6  error_V_h1=0.5416320046982168  α = 0.0854
 33   -21.48316389563       -8.61       -4.48    40.7s
    hm1_norm_ρdiff=0.0006288627516715657 hm1_norm_Δρ=9.113383429950265e-6  error_V_h1=0.5411203657539907  α = 0.0854
 34   -21.48316389681       -8.93       -4.91    33.6s
    hm1_norm_ρdiff=0.0006277173524663484 hm1_norm_Δρ=3.5883193047695906e-6  error_V_h1=0.5417955939610998  α = 0.155
 35   -21.48316389699       -9.75       -4.94    33.0s
    hm1_norm_ρdiff=0.0006257921674007031 hm1_norm_Δρ=3.0904420797605424e-6  error_V_h1=0.5420275579118293  α = 0.166
 36   -21.48316389727       -9.56       -4.34    54.8s
    hm1_norm_ρdiff=0.0006351157433776206 hm1_norm_Δρ=1.4447716297777237e-5  error_V_h1=0.5423181112539112  α = 0.023
 37   -21.48316389742       -9.83       -4.76    46.1s
    hm1_norm_ρdiff=0.0006260656338197397 hm1_norm_Δρ=5.570720916428977e-6  error_V_h1=0.5422746386642378  α = 0.0467
 38   -21.48316389753       -9.95       -5.05    40.2s
    hm1_norm_ρdiff=0.0006263587092547585 hm1_norm_Δρ=3.1226522570465433e-6  error_V_h1=0.5423747227664533  α = 0.0889
 39   -21.48316389771       -9.74       -4.80    47.9s
    hm1_norm_ρdiff=0.0006282601084826562 hm1_norm_Δρ=4.836667102364329e-6  error_V_h1=0.5424714391974559  α = 0.0458
 40   -21.48316389779      -10.10       -5.08    46.8s
    hm1_norm_ρdiff=0.00062531838603647 hm1_norm_Δρ=3.1329165150266845e-6  error_V_h1=0.5423905974283012  α = 0.0452
 41   -21.48316389784      -10.25       -4.95    42.1s
    hm1_norm_ρdiff=0.0006276260048570403 hm1_norm_Δρ=3.3281150955528065e-6  error_V_h1=0.5424119717202227  α = 0.0894
 42   -21.48316389792      -10.14       -5.27    38.3s
    hm1_norm_ρdiff=0.0006270038787842471 hm1_norm_Δρ=1.6111785395120684e-6  error_V_h1=0.5424377670928969  α = 0.0856
 43   -21.48316389800      -10.07       -5.33    33.5s
    hm1_norm_ρdiff=0.0006267033960584443 hm1_norm_Δρ=1.3020054575423929e-6  error_V_h1=0.5423215115214992  α = 0.162
 44   -21.48316389802      -10.90       -5.13    42.0s
    hm1_norm_ρdiff=0.0006261668220825394 hm1_norm_Δρ=2.2738805387265784e-6  error_V_h1=0.5422297796178592  α = 0.0898
 45   -21.48316389803      -10.73       -5.37    34.9s
    hm1_norm_ρdiff=0.0006270179634196992 hm1_norm_Δρ=1.0603978744110898e-6  error_V_h1=0.5420464690596516  α = 0.166
 46   -21.48316389807      -10.50       -5.39    39.9s
    hm1_norm_ρdiff=0.0006263226173937561 hm1_norm_Δρ=1.2412790637498455e-6  error_V_h1=0.5420536719359479  α = 0.0877
 47   -21.48316389807      -11.06       -5.12    46.8s
    hm1_norm_ρdiff=0.0006279362915142916 hm1_norm_Δρ=2.1746914259707263e-6  error_V_h1=0.5421321939012346  α = 0.0464
 48   -21.48316389811      -10.45       -5.20    47.8s
    hm1_norm_ρdiff=0.0006264961961794662 hm1_norm_Δρ=1.8100507985658158e-6  error_V_h1=0.542140482252416  α = 0.0444
 49   -21.48316389814      -10.53       -5.49    42.5s
    hm1_norm_ρdiff=0.0006266207796056805 hm1_norm_Δρ=9.559657886641927e-7  error_V_h1=0.5421590937789889  α = 0.0836
 50   -21.48316389814      -11.23       -5.33    56.8s
    hm1_norm_ρdiff=0.0006272977153847668 hm1_norm_Δρ=1.5336524267328584e-6  error_V_h1=0.5421775265112159  α = 0.0224
 51   -21.48316389817      -10.69       -5.83    25.2s
    hm1_norm_ρdiff=0.0006267799190719319 hm1_norm_Δρ=3.5168240619275805e-7  error_V_h1=0.5422202282061664  α = 0.295
 52   -21.48316389817      -11.30       -5.65    40.6s
    hm1_norm_ρdiff=0.000626996208563007 hm1_norm_Δρ=7.02801707351307e-7  error_V_h1=0.5422167847648047  α = 0.0891
 53   -21.48316389818      -11.21       -5.54    46.2s
    hm1_norm_ρdiff=0.0006261762961520141 hm1_norm_Δρ=1.119546501965777e-6  error_V_h1=0.542170882740244  α = 0.0462
 54   -21.48316389819      -11.07       -6.13    27.7s
    hm1_norm_ρdiff=0.0006268379573427277 hm1_norm_Δρ=1.795896703732536e-7  error_V_h1=0.5422390655294353  α = 0.288
 55   -21.48316389819      -11.55       -5.92    38.9s
    hm1_norm_ρdiff=0.0006267780075593117 hm1_norm_Δρ=3.9049047426123245e-7  error_V_h1=0.5422493898781101  α = 0.0871
 56   -21.48316389819      -11.55       -6.04    34.3s
    hm1_norm_ρdiff=0.0006267701376790471 hm1_norm_Δρ=2.6789477388459886e-7  error_V_h1=0.5422204143584559  α = 0.163
 57   -21.48316389819      -11.65       -5.90    39.6s
    hm1_norm_ρdiff=0.0006268506052599448 hm1_norm_Δρ=3.638060215074285e-7  error_V_h1=0.5421936782779813  α = 0.0883
 58   -21.48316389819      -12.16       -5.86    51.1s
    hm1_norm_ρdiff=0.0006271290705809071 hm1_norm_Δρ=5.078582398083736e-7  error_V_h1=0.5421990102701344  α = 0.0229
 59   -21.48316389820      -11.88       -5.92    39.9s
    hm1_norm_ρdiff=0.0006267238959048651 hm1_norm_Δρ=3.220925339314911e-7  error_V_h1=0.5421958876332266  α = 0.0893
 60   -21.48316389820      -12.06       -6.14    39.5s
    hm1_norm_ρdiff=0.0006268340040600274 hm1_norm_Δρ=2.1040014334449364e-7  error_V_h1=0.5421955040022105  α = 0.0884
 61   -21.48316389820      -12.18       -6.48    29.3s
    hm1_norm_ρdiff=0.0006267939735600841 hm1_norm_Δρ=9.676529483088045e-8  error_V_h1=0.5421857875380156  α = 0.299
 62   -21.48316389820      -12.23       -5.91    45.8s
    hm1_norm_ρdiff=0.0006269580559529249 hm1_norm_Δρ=3.5902851778311454e-7  error_V_h1=0.5421938413049735  α = 0.0466
 63   -21.48316389820      -12.05       -6.19    40.7s
    hm1_norm_ρdiff=0.0006268547852314488 hm1_norm_Δρ=2.1207365124821475e-7  error_V_h1=0.5421982879118978  α = 0.0869
 64   -21.48316389820      -13.15       -6.16    44.4s
    hm1_norm_ρdiff=0.000626671905958938 hm1_norm_Δρ=2.671140217585979e-7  error_V_h1=0.542196269195948  α = 0.0462
 65   -21.48316389820      -12.12       -6.69    24.6s
    hm1_norm_ρdiff=0.0006268258566112907 hm1_norm_Δρ=6.194813819710511e-8  error_V_h1=0.542230546537813  α = 0.293
 66   -21.48316389820      -12.40       -6.43    41.5s
    hm1_norm_ρdiff=0.0006267790510163652 hm1_norm_Δρ=1.0658022859388084e-7  error_V_h1=0.5422256223001598  α = 0.0842
 67   -21.48316389820      -12.88       -6.32    50.8s
    hm1_norm_ρdiff=0.0006267918474008337 hm1_norm_Δρ=1.510691071207172e-7  error_V_h1=0.5422212544302356  α = 0.0441
 68   -21.48316389820      -12.96       -6.51    40.7s
    hm1_norm_ρdiff=0.0006268230524411707 hm1_norm_Δρ=9.63285521739409e-8  error_V_h1=0.5422154277814251  α = 0.0892
 69   -21.48316389820      -13.07       -6.29    52.3s
    hm1_norm_ρdiff=0.0006269115377189797 hm1_norm_Δρ=1.8451697779178586e-7  error_V_h1=0.5422161960520853  α = 0.0234
 70   -21.48316389820      -12.72       -6.32    48.1s
    hm1_norm_ρdiff=0.0006267706687162913 hm1_norm_Δρ=1.1830824554989268e-7  error_V_h1=0.5422125109457053  α = 0.0439
 71   -21.48316389820      -13.50       -6.76    39.6s
    hm1_norm_ρdiff=0.0006268133696872794 hm1_norm_Δρ=5.335865840573478e-8  error_V_h1=0.5422107526818203  α = 0.0868
 72   -21.48316389820      -12.99       -6.78    41.5s
    hm1_norm_ρdiff=0.0006267971301315796 hm1_norm_Δρ=5.254678612311927e-8  error_V_h1=0.5422074945367898  α = 0.0858

#-- |ρε - ρref| = 0.0006268066497758616 vs. 1.0000000000000001e-7 = δ*ε  error_V_h1=0.5422081953633341  Qε=0.8503390595118553


# --- ε=5.623413251903491e-6

n     Energy            log10(ΔE)   log10(Δρ)   Δtime
---   ---------------   ---------   ---------   ------
  1   -21.48235276431                   -0.89    84.7s
    hm1_norm_ρdiff=0.08174390770418205 hm1_norm_Δρ=0.08149161481467702  error_V_h1=1.8825229102647005  α = 0.00412
  2   -21.48237122432       -4.73       -1.80    51.7s
    hm1_norm_ρdiff=0.006713173604582279 hm1_norm_Δρ=0.006653742457432795  error_V_h1=1.7723299773688084  α = 0.0222
  3   -21.48237915915       -5.10       -2.10    53.0s
    hm1_norm_ρdiff=0.0030948688918041897 hm1_norm_Δρ=0.0030588636239966033  error_V_h1=1.7142471534427952  α = 0.0226
  4   -21.48239179558       -4.90       -2.23    53.9s
    hm1_norm_ρdiff=0.0021357408850033667 hm1_norm_Δρ=0.002101443933538445  error_V_h1=1.6040155919005334  α = 0.0231
  5   -21.48241138465       -4.71       -2.82    32.3s
    hm1_norm_ρdiff=0.0004164001279410062 hm1_norm_Δρ=0.0004114130991394895  error_V_h1=1.4032706703219815  α = 0.159
  6   -21.48241828272       -5.16       -2.81    33.8s
    hm1_norm_ρdiff=0.00045604370551956925 hm1_norm_Δρ=0.0005498125748865992  error_V_h1=1.3181957491422092  α = 0.166
  7   -21.48243469791       -4.78       -2.46    46.8s
    hm1_norm_ρdiff=0.0010467065332527468 hm1_norm_Δρ=0.0011518522531413391  error_V_h1=1.1460249846402781  α = 0.0457
  8   -21.48244341008       -5.06       -2.71    34.2s
    hm1_norm_ρdiff=0.00045948291478234643 hm1_norm_Δρ=0.0005530707127079031  error_V_h1=1.06425815573579  α = 0.166
  9   -21.48244513258       -5.76       -2.87    33.5s
    hm1_norm_ρdiff=0.0004703819952022919 hm1_norm_Δρ=0.0003523750133366597  error_V_h1=1.00723929366971  α = 0.166
 10   -21.48245165662       -5.19       -3.04    33.3s
    hm1_norm_ρdiff=0.00048688380854396525 hm1_norm_Δρ=0.0002526503162973996  error_V_h1=0.8954417651168467  α = 0.16
 11   -21.48245950747       -5.11       -3.05    33.0s
    hm1_norm_ρdiff=0.0005185122037488447 hm1_norm_Δρ=0.0002509296259392065  error_V_h1=0.7316451496256506  α = 0.158
 12   -21.48246060475       -5.96       -2.60    61.1s
    hm1_norm_ρdiff=0.0013422104969561153 hm1_norm_Δρ=0.0010929054871894415  error_V_h1=0.7193268772551635  α = 0.0106
 13   -21.48246494431       -5.36       -2.62    46.1s
    hm1_norm_ρdiff=0.0010737276544347744 hm1_norm_Δρ=0.0008673896912026845  error_V_h1=0.6915486993669221  α = 0.0465
 14   -21.48246653543       -5.80       -2.41    61.0s
    hm1_norm_ρdiff=0.0016130937744817115 hm1_norm_Δρ=0.0014747235220727854  error_V_h1=0.6695998553167698  α = 0.0106
 15   -21.48246694885       -6.38       -3.02    55.1s
    hm1_norm_ρdiff=0.0004943225236406732 hm1_norm_Δρ=0.0003299204789184443  error_V_h1=0.6643957355638358  α = 0.0229
 16   -21.48246767068       -6.14       -3.04    46.4s
    hm1_norm_ρdiff=0.0003811574040115267 hm1_norm_Δρ=0.00023213736005039303  error_V_h1=0.6525778265197731  α = 0.0458
 17   -21.48246842448       -6.12       -3.04    47.0s
    hm1_norm_ρdiff=0.0004311957327538748 hm1_norm_Δρ=0.00026810550254303587  error_V_h1=0.6405225747716964  α = 0.0461
 18   -21.48246930846       -6.05       -3.42    32.1s
    hm1_norm_ρdiff=0.0003497404696692342 hm1_norm_Δρ=8.175858595654133e-5  error_V_h1=0.6424763895117708  α = 0.16
 19   -21.48246946399       -6.81       -3.05    49.7s
    hm1_norm_ρdiff=0.00032251071933383433 hm1_norm_Δρ=0.00026307677522968324  error_V_h1=0.6463686628941553  α = 0.0465
 20   -21.48246974954       -6.54       -3.25    45.1s
    hm1_norm_ρdiff=0.0003953505622421426 hm1_norm_Δρ=0.0001691033647319586  error_V_h1=0.6390699812342148  α = 0.0462
 21   -21.48246998367       -6.63       -3.48    40.8s
    hm1_norm_ρdiff=0.0003433058058730032 hm1_norm_Δρ=9.71735861830517e-5  error_V_h1=0.6320921538593777  α = 0.0884
 22   -21.48247014571       -6.79       -3.59    41.0s
    hm1_norm_ρdiff=0.00034458510782447494 hm1_norm_Δρ=8.091694891661118e-5  error_V_h1=0.6298471526155052  α = 0.0881
 23   -21.48247017280       -7.57       -3.37    62.1s
    hm1_norm_ρdiff=0.0004895842017347502 hm1_norm_Δρ=0.00018803990120402477  error_V_h1=0.6295416765141407  α = 0.0108
 24   -21.48247030008       -6.90       -3.01    53.1s
    hm1_norm_ρdiff=0.00034376322129592204 hm1_norm_Δρ=0.0002537018894935256  error_V_h1=0.6178203079847487  α = 0.0229
 25   -21.48247032326       -7.64       -3.65    45.7s
    hm1_norm_ρdiff=0.0003660701580649609 hm1_norm_Δρ=7.433812258437086e-5  error_V_h1=0.616213365253616  α = 0.0466
 26   -21.48247037565       -7.28       -3.45    53.7s
    hm1_norm_ρdiff=0.0004256391424051879 hm1_norm_Δρ=0.00013623005723288595  error_V_h1=0.6156634819849105  α = 0.023
 27   -21.48247043085       -7.26       -3.76    40.7s
    hm1_norm_ρdiff=0.0003896456990704025 hm1_norm_Δρ=5.545112499225117e-5  error_V_h1=0.6150548953216064  α = 0.0892
 28   -21.48247049566       -7.19       -3.82    39.6s
    hm1_norm_ρdiff=0.00036406791179137177 hm1_norm_Δρ=3.5967628469474205e-5  error_V_h1=0.6118926781694028  α = 0.085
 29   -21.48247052790       -7.49       -3.96    39.3s
    hm1_norm_ρdiff=0.0003634336064121137 hm1_norm_Δρ=3.0429084832166576e-5  error_V_h1=0.6098270187410227  α = 0.0876
 30   -21.48247055007       -7.65       -4.02    39.5s
    hm1_norm_ρdiff=0.00036389701595467374 hm1_norm_Δρ=2.2296832580774246e-5  error_V_h1=0.6077057842370605  α = 0.0873
 31   -21.48247055960       -8.02       -3.95    45.6s
    hm1_norm_ρdiff=0.0003550291057499755 hm1_norm_Δρ=3.357021473700213e-5  error_V_h1=0.6077465383617091  α = 0.0465
 32   -21.48247056817       -8.07       -4.09    40.0s
    hm1_norm_ρdiff=0.00036093966726619397 hm1_norm_Δρ=2.2465218644941944e-5  error_V_h1=0.609410961793483  α = 0.0892
 33   -21.48247057982       -7.93       -4.23    38.8s
    hm1_norm_ρdiff=0.0003582012311241245 hm1_norm_Δρ=1.6401995121087517e-5  error_V_h1=0.6103356272511282  α = 0.0858
 34   -21.48247058160       -8.75       -4.23    47.1s
    hm1_norm_ρdiff=0.0003449576502506768 hm1_norm_Δρ=2.0485475319050352e-5  error_V_h1=0.6109076956278258  α = 0.0468
 35   -21.48247058753       -8.23       -3.52    60.3s
    hm1_norm_ρdiff=0.0003899228846581807 hm1_norm_Δρ=7.99342252295947e-5  error_V_h1=0.6121816821321293  α = 0.0107
 36   -21.48247058856       -8.99       -4.01    60.6s
    hm1_norm_ρdiff=0.0003534728531867903 hm1_norm_Δρ=3.8093000076796584e-5  error_V_h1=0.6120057744075784  α = 0.0107
 37   -21.48247058965       -8.96       -4.40    54.3s
    hm1_norm_ρdiff=0.0003505530792508017 hm1_norm_Δρ=1.7714750162327137e-5  error_V_h1=0.6116499310087467  α = 0.0228
 38   -21.48247059252       -8.54       -4.23    47.4s
    hm1_norm_ρdiff=0.00035058272902284524 hm1_norm_Δρ=1.8252668134022247e-5  error_V_h1=0.6109905632297998  α = 0.0466
 39   -21.48247059589       -8.47       -4.56    42.1s
    hm1_norm_ρdiff=0.00036003366567046894 hm1_norm_Δρ=6.494870028216464e-6  error_V_h1=0.6110519340931883  α = 0.0822
 40   -21.48247059644       -9.26       -4.63    39.7s
    hm1_norm_ρdiff=0.00035690243804337325 hm1_norm_Δρ=6.808185216178265e-6  error_V_h1=0.6111153402812088  α = 0.0894
 41   -21.48247059758       -8.94       -4.76    40.9s
    hm1_norm_ρdiff=0.00035730667025237183 hm1_norm_Δρ=4.357110934228846e-6  error_V_h1=0.6109519350999937  α = 0.0829
 42   -21.48247059793       -9.46       -4.77    46.5s
    hm1_norm_ρdiff=0.0003592435205331715 hm1_norm_Δρ=4.849794827436044e-6  error_V_h1=0.6107087669407447  α = 0.045
 43   -21.48247059840       -9.33       -4.54    41.4s
    hm1_norm_ρdiff=0.00035712061910872533 hm1_norm_Δρ=7.73198774185209e-6  error_V_h1=0.6103813713235718  α = 0.0464
 44   -21.48247059862       -9.66       -5.08    42.7s
    hm1_norm_ρdiff=0.000357949760667382 hm1_norm_Δρ=2.398229111285537e-6  error_V_h1=0.6103493161798104  α = 0.086
 45   -21.48247059864      -10.61       -4.24    59.4s
    hm1_norm_ρdiff=0.00037161870566374694 hm1_norm_Δρ=2.1993869104937175e-5  error_V_h1=0.6102699989870265  α = 0.00933
 46   -21.48247059873      -10.08       -5.05    46.6s
    hm1_norm_ρdiff=0.00035695256451836 hm1_norm_Δρ=2.650066024674814e-6  error_V_h1=0.6101876275648164  α = 0.0457
 47   -21.48247059885       -9.92       -4.79    55.8s
    hm1_norm_ρdiff=0.00035754270850540086 hm1_norm_Δρ=5.322300180826868e-6  error_V_h1=0.6102916239263964  α = 0.0229
 48   -21.48247059901       -9.79       -4.62    52.7s
    hm1_norm_ρdiff=0.0003602634687684211 hm1_norm_Δρ=6.260697120610973e-6  error_V_h1=0.6105918735649571  α = 0.0231
 49   -21.48247059906      -10.28       -4.96    51.6s
    hm1_norm_ρdiff=0.0003575440652726257 hm1_norm_Δρ=3.846374337403312e-6  error_V_h1=0.6106234952580736  α = 0.0233
 50   -21.48247059909      -10.54       -4.99    49.0s
    hm1_norm_ρdiff=0.0003591682343058258 hm1_norm_Δρ=3.2191621498472746e-6  error_V_h1=0.6107055451465484  α = 0.0463
 51   -21.48247059915      -10.22       -5.13    39.5s
    hm1_norm_ρdiff=0.00035753280782159513 hm1_norm_Δρ=2.1465991329744917e-6  error_V_h1=0.6105965900710513  α = 0.0892
 52   -21.48247059925      -10.01       -5.77    24.6s
    hm1_norm_ρdiff=0.00035740871522481186 hm1_norm_Δρ=4.223479424101607e-7  error_V_h1=0.6106614952504943  α = 0.282
 53   -21.48247059930      -10.34       -5.47    34.9s
    hm1_norm_ρdiff=0.00035746907171846576 hm1_norm_Δρ=8.25565671230759e-7  error_V_h1=0.6105029691227669  α = 0.163
 54   -21.48247059932      -10.61       -5.33    46.8s
    hm1_norm_ρdiff=0.00035681873118571545 hm1_norm_Δρ=1.3542518963374754e-6  error_V_h1=0.6105403572219084  α = 0.0448
 55   -21.48247059934      -10.73       -5.36    40.8s
    hm1_norm_ρdiff=0.0003575029420317563 hm1_norm_Δρ=1.0059372532219818e-6  error_V_h1=0.6105949518981747  α = 0.0889
 56   -21.48247059934      -11.54       -5.06    59.7s
    hm1_norm_ρdiff=0.0003589700381478212 hm1_norm_Δρ=3.1942068755822732e-6  error_V_h1=0.6105953072836102  α = 0.0103
 57   -21.48247059935      -11.11       -5.67    40.5s
    hm1_norm_ρdiff=0.00035745995664946816 hm1_norm_Δρ=5.546721060167755e-7  error_V_h1=0.6105650604363911  α = 0.0876
 58   -21.48247059935      -11.60       -5.11    52.3s
    hm1_norm_ρdiff=0.0003575373725366466 hm1_norm_Δρ=2.507914876475179e-6  error_V_h1=0.6106144195806519  α = 0.0223
 59   -21.48247059936      -11.37       -5.67    49.4s
    hm1_norm_ρdiff=0.000357847985689916 hm1_norm_Δρ=7.474589232483892e-7  error_V_h1=0.61065087994628  α = 0.0465
 60   -21.48247059936      -11.66       -5.38    47.8s
    hm1_norm_ρdiff=0.00035747011204098226 hm1_norm_Δρ=1.302643617667349e-6  error_V_h1=0.6106246129134801  α = 0.0463
 61   -21.48247059937      -11.02       -5.58    46.0s
    hm1_norm_ρdiff=0.00035740587429491965 hm1_norm_Δρ=6.486189102125747e-7  error_V_h1=0.6106194084347878  α = 0.044
 62   -21.48247059938      -10.88       -5.48    46.9s
    hm1_norm_ρdiff=0.0003579903465335557 hm1_norm_Δρ=1.0008813518912417e-6  error_V_h1=0.6106703694385889  α = 0.046
 63   -21.48247059939      -11.32       -6.02    41.3s
    hm1_norm_ρdiff=0.0003575640254199067 hm1_norm_Δρ=3.0391370642546017e-7  error_V_h1=0.6106502511384909  α = 0.0842
 64   -21.48247059939      -11.91       -5.92    33.4s
    hm1_norm_ρdiff=0.00035755319785963263 hm1_norm_Δρ=2.4670231508973164e-7  error_V_h1=0.610640273095413  α = 0.166
 65   -21.48247059939      -12.07       -5.69    54.6s
    hm1_norm_ρdiff=0.0003580022222447978 hm1_norm_Δρ=6.781517611687117e-7  error_V_h1=0.61062827649634  α = 0.0229
 66   -21.48247059939      -11.56       -5.81    45.9s
    hm1_norm_ρdiff=0.0003574747580097045 hm1_norm_Δρ=4.101894823175058e-7  error_V_h1=0.6106196629430368  α = 0.0441
 67   -21.48247059939      -12.50       -5.74    54.8s
    hm1_norm_ρdiff=0.00035778417191558576 hm1_norm_Δρ=6.338857151743243e-7  error_V_h1=0.6106141705913725  α = 0.0227
 68   -21.48247059939      -12.64       -6.13    33.6s
    hm1_norm_ρdiff=0.0003575043934465342 hm1_norm_Δρ=2.0036943255813586e-7  error_V_h1=0.6106012516866783  α = 0.166
 69   -21.48247059939      -12.34       -5.81    54.5s
    hm1_norm_ρdiff=0.0003575391424283962 hm1_norm_Δρ=4.92371076351593e-7  error_V_h1=0.6106070965876933  α = 0.0231
 70   -21.48247059939      -12.09       -6.07    45.9s
    hm1_norm_ρdiff=0.0003576231999232777 hm1_norm_Δρ=2.5947360835984103e-7  error_V_h1=0.6106071430922321  α = 0.0458
 71   -21.48247059939      -12.77       -6.15    40.9s
    hm1_norm_ρdiff=0.0003575257082382535 hm1_norm_Δρ=2.1837180860002693e-7  error_V_h1=0.6105914014395079  α = 0.0899
 72   -21.48247059939      -11.91       -5.84    47.3s
    hm1_norm_ρdiff=0.0003577586118879797 hm1_norm_Δρ=3.380645455357597e-7  error_V_h1=0.6106168496609546  α = 0.0464
 73   -21.48247059939      -12.17       -6.09    46.5s
    hm1_norm_ρdiff=0.00035757852875016816 hm1_norm_Δρ=2.853192814921276e-7  error_V_h1=0.6106157213105712  α = 0.0466
 74   -21.48247059940      -12.19       -6.04    42.2s
    hm1_norm_ρdiff=0.0003575484829784023 hm1_norm_Δρ=2.313009392849621e-7  error_V_h1=0.6106121683974204  α = 0.0895
 75   -21.48247059940      -12.45       -6.18    39.4s
    hm1_norm_ρdiff=0.00035764821442089094 hm1_norm_Δρ=1.839717255997799e-7  error_V_h1=0.610626915275042  α = 0.0891
 76   -21.48247059940      -12.45       -6.16    48.6s
    hm1_norm_ρdiff=0.0003574934920371469 hm1_norm_Δρ=2.0098563128158928e-7  error_V_h1=0.6106350749652569  α = 0.0467
 77   -21.48247059940      -12.62       -5.85    55.8s
    hm1_norm_ρdiff=0.00035777206584272663 hm1_norm_Δρ=4.2520771165776835e-7  error_V_h1=0.6106314912210605  α = 0.0223
 78   -21.48247059940      -13.05       -6.03    54.3s
    hm1_norm_ρdiff=0.0003575168384021359 hm1_norm_Δρ=3.2062972270151383e-7  error_V_h1=0.6106328163833667  α = 0.0228
 79   -21.48247059940      -12.72       -6.02    48.1s
    hm1_norm_ρdiff=0.00035766996286319984 hm1_norm_Δρ=2.42374178045932e-7  error_V_h1=0.6106290761832331  α = 0.0461
 80   -21.48247059940      -12.62       -5.98    53.1s
    hm1_norm_ρdiff=0.00035758453349048517 hm1_norm_Δρ=3.3598501302772195e-7  error_V_h1=0.6106224012090031  α = 0.0232
 81   -21.48247059940      -12.96       -6.44    33.4s
    hm1_norm_ρdiff=0.00035754420806666985 hm1_norm_Δρ=8.575204292123742e-8  error_V_h1=0.6106173877143519  α = 0.165
 82   -21.48247059940      -12.44       -6.00    53.7s
    hm1_norm_ρdiff=0.0003576328181518089 hm1_norm_Δρ=3.451218015843424e-7  error_V_h1=0.6106210155558751  α = 0.0231
 83   -21.48247059940      -13.00       -5.93    54.8s
    hm1_norm_ρdiff=0.0003574115728362472 hm1_norm_Δρ=3.1614040078600914e-7  error_V_h1=0.610611645793706  α = 0.0225
 84   -21.48247059940      -13.30       -6.23    53.2s
    hm1_norm_ρdiff=0.0003575594988979644 hm1_norm_Δρ=2.254994033673912e-7  error_V_h1=0.6106108006297698  α = 0.023
 85   -21.48247059940      -12.45       -6.46    39.6s
    hm1_norm_ρdiff=0.00035756777039728697 hm1_norm_Δρ=8.346851856587055e-8  error_V_h1=0.6106160973957078  α = 0.0869
 86   -21.48247059940      -13.05       -6.29    42.8s
    hm1_norm_ρdiff=0.0003574835649168907 hm1_norm_Δρ=1.646345363693009e-7  error_V_h1=0.6106093208863985  α = 0.0457
 87   -21.48247059940      -13.15       -6.40    48.6s
    hm1_norm_ρdiff=0.00035759830872594286 hm1_norm_Δρ=1.0717787034751414e-7  error_V_h1=0.6106080494374682  α = 0.0202
 88   -21.48247059940      -13.41       -6.09    52.8s
    hm1_norm_ρdiff=0.0003574761515484446 hm1_norm_Δρ=2.4166718399265937e-7  error_V_h1=0.6106116859668983  α = 0.022
 89   -21.48247059940      -13.50       -6.09    60.9s
    hm1_norm_ρdiff=0.00035760633708177233 hm1_norm_Δρ=2.7464650228786505e-7  error_V_h1=0.610612045576816  α = 0.0101
 90   -21.48247059940      -13.55       -6.29    47.2s
    hm1_norm_ρdiff=0.000357533374627218 hm1_norm_Δρ=1.261348537990758e-7  error_V_h1=0.6106162032180086  α = 0.0463
 91   -21.48247059940      -13.45       -6.24    52.6s
    hm1_norm_ρdiff=0.00035757760748815487 hm1_norm_Δρ=1.7854170402391806e-7  error_V_h1=0.6106206553670326  α = 0.023
 92   -21.48247059940      -12.72       -6.23    45.0s
    hm1_norm_ρdiff=0.0003576360370035502 hm1_norm_Δρ=1.4834275210224256e-7  error_V_h1=0.6106228793333807  α = 0.0464
 93   -21.48247059940      -13.37       -6.60    53.1s
    hm1_norm_ρdiff=0.0003575656865043906 hm1_norm_Δρ=8.646209199348081e-8  error_V_h1=0.6106218702124206  α = 0.0228
 94   -21.48247059940      -13.07       -6.01    63.4s
    hm1_norm_ρdiff=0.0003577168757858953 hm1_norm_Δρ=2.7645720796582917e-7  error_V_h1=0.6106247855419946  α = 0.00954
 95   -21.48247059940      -13.85       -6.57     130s
    hm1_norm_ρdiff=0.0003575858381161205 hm1_norm_Δρ=1.019808214315215e-7  error_V_h1=0.6106248029313607  α = 0.000775
 96   -21.48247059940      -13.41       -6.82    39.8s
    hm1_norm_ρdiff=0.0003575863023052257 hm1_norm_Δρ=4.203532673164352e-8  error_V_h1=0.610622153480877  α = 0.0885
 97   -21.48247059940      -13.34       -6.39    50.7s
    hm1_norm_ρdiff=0.0003576515330358602 hm1_norm_Δρ=1.386662810282931e-7  error_V_h1=0.6106249455118213  α = 0.0227
 98   -21.48247059940      -12.97       -7.22    27.1s
    hm1_norm_ρdiff=0.0003575719845230681 hm1_norm_Δρ=1.352583121047566e-8  error_V_h1=0.6106227706444979  α = 0.276
 99   -21.48247059940      -13.60       -6.84    45.6s
    hm1_norm_ρdiff=0.0003575769890887726 hm1_norm_Δρ=3.451143372128164e-8  error_V_h1=0.6106214119842831  α = 0.0393

#-- |ρε - ρref| = 0.00035757019222150974 vs. 5.623413251903491e-8 = δ*ε  error_V_h1=0.6106211803923038  Qε=0.8971571362331321


# --- ε=3.162277660168379e-6

n     Energy            log10(ΔE)   log10(Δρ)   Δtime
---   ---------------   ---------   ---------   ------
  1   -21.48202006667                   -0.89    90.5s
    hm1_norm_ρdiff=0.08197095080632168 hm1_norm_Δρ=0.08177543919508937  error_V_h1=1.8008611270509571  α = 0.00166
  2   -21.48204568220       -4.59       -1.79    60.3s
    hm1_norm_ρdiff=0.00682005050515425 hm1_norm_Δρ=0.006765648396478845  error_V_h1=1.4059567321167081  α = 0.0101
  3   -21.48205283019       -5.15       -2.08    58.3s
    hm1_norm_ρdiff=0.003215956998327775 hm1_norm_Δρ=0.00317965126907692  error_V_h1=1.265223220606972  α = 0.0103
  4   -21.48205889249       -5.22       -2.23    61.7s
    hm1_norm_ρdiff=0.002167328828292338 hm1_norm_Δρ=0.0021286068085205694  error_V_h1=1.1208580733099271  α = 0.0107
  5   -21.48206224035       -5.48       -2.83    47.0s
    hm1_norm_ρdiff=0.00044347889077900397 hm1_norm_Δρ=0.0003746478324529645  error_V_h1=1.025655444355225  α = 0.0455
  6   -21.48206314866       -6.04       -3.04    48.6s
    hm1_norm_ρdiff=0.000346910386788394 hm1_norm_Δρ=0.0002751424597723567  error_V_h1=1.0021569966163373  α = 0.0465
  7   -21.48206393970       -6.10       -2.90    51.5s
    hm1_norm_ρdiff=0.0004072578734944086 hm1_norm_Δρ=0.00034642131017265283  error_V_h1=0.991035307232278  α = 0.023
  8   -21.48206447320       -6.27       -3.32    32.9s
    hm1_norm_ρdiff=0.00023123535149019648 hm1_norm_Δρ=0.00011609539632511501  error_V_h1=1.0118359610745518  α = 0.166
  9   -21.48206598693       -5.82       -3.27    40.7s
    hm1_norm_ρdiff=0.0002482364965139051 hm1_norm_Δρ=0.0001497973286520359  error_V_h1=0.9777846768253615  α = 0.0866
 10   -21.48206694858       -6.02       -3.25    39.7s
    hm1_norm_ρdiff=0.0002540350734575466 hm1_norm_Δρ=0.0001632377684409389  error_V_h1=0.9627579414185308  α = 0.0887
 11   -21.48206767849       -6.14       -3.27    39.7s
    hm1_norm_ρdiff=0.00023987746806524693 hm1_norm_Δρ=0.00014068766840069437  error_V_h1=0.9338224733727795  α = 0.0886
 12   -21.48206814695       -6.33       -3.48    41.2s
    hm1_norm_ρdiff=0.00024187100640597013 hm1_norm_Δρ=7.441605498595336e-5  error_V_h1=0.9159736432032474  α = 0.085
 13   -21.48206830038       -6.81       -2.47    64.2s
    hm1_norm_ρdiff=0.0011935664500352847 hm1_norm_Δρ=0.0013722340975385059  error_V_h1=0.9061805685343444  α = 0.00396
 14   -21.48206837915       -7.10       -3.36    54.4s
    hm1_norm_ρdiff=0.0002568957241981226 hm1_norm_Δρ=0.00014969281278755464  error_V_h1=0.903675697202128  α = 0.0232
 15   -21.48206843844       -7.23       -3.08    51.6s
    hm1_norm_ρdiff=0.0003390756019496554 hm1_norm_Δρ=0.0002648026749439349  error_V_h1=0.8996732034037122  α = 0.0221
 16   -21.48206850412       -7.18       -3.30    47.2s
    hm1_norm_ρdiff=0.0002603569297700402 hm1_norm_Δρ=0.00013927917029050025  error_V_h1=0.889204138670727  α = 0.0463
 17   -21.48206873101       -6.64       -3.48    48.2s
    hm1_norm_ρdiff=0.00023332564876981843 hm1_norm_Δρ=8.896480437781247e-5  error_V_h1=0.8775479503302582  α = 0.0443
 18   -21.48206880689       -7.12       -3.48    47.6s
    hm1_norm_ρdiff=0.00022670363321843567 hm1_norm_Δρ=9.648024468984557e-5  error_V_h1=0.8721681121266603  α = 0.0465
 19   -21.48206884847       -7.38       -3.35    45.3s
    hm1_norm_ρdiff=0.0002360839427347673 hm1_norm_Δρ=0.00010647133479561932  error_V_h1=0.8754030623097673  α = 0.0465
 20   -21.48206889098       -7.37       -3.67    49.1s
    hm1_norm_ρdiff=0.0002177949700308254 hm1_norm_Δρ=6.472814717973893e-5  error_V_h1=0.8760890820419907  α = 0.0464
 21   -21.48206897658       -7.07       -3.66    40.7s
    hm1_norm_ρdiff=0.0002090776227218841 hm1_norm_Δρ=5.1564098368298393e-5  error_V_h1=0.8795693400513778  α = 0.0891
 22   -21.48206906299       -7.06       -3.66    46.7s
    hm1_norm_ρdiff=0.00020933128927477015 hm1_norm_Δρ=5.55296510645747e-5  error_V_h1=0.8820610748869592  α = 0.045
 23   -21.48206907848       -7.81       -3.77    49.3s
    hm1_norm_ρdiff=0.00019020115487361245 hm1_norm_Δρ=3.933588788699933e-5  error_V_h1=0.8852031433605829  α = 0.0464
 24   -21.48206908427       -8.24       -3.18    66.9s
    hm1_norm_ρdiff=0.000459577744834737 hm1_norm_Δρ=0.00027554639929334155  error_V_h1=0.8860952849658752  α = 0.00394
 25   -21.48206909461       -7.99       -3.58    57.4s
    hm1_norm_ρdiff=0.0002143837996883848 hm1_norm_Δρ=8.694295799020735e-5  error_V_h1=0.8855354353293228  α = 0.0108
 26   -21.48206911768       -7.64       -3.32    61.4s
    hm1_norm_ρdiff=0.00023955142214357778 hm1_norm_Δρ=0.0001551740603673267  error_V_h1=0.8847224013967896  α = 0.0105
 27   -21.48206916315       -7.34       -3.40    55.0s
    hm1_norm_ρdiff=0.00021714208718200223 hm1_norm_Δρ=0.0001105638291940764  error_V_h1=0.8864158285216656  α = 0.0229
 28   -21.48206917586       -7.90       -4.02    46.2s
    hm1_norm_ρdiff=0.00021157022443627402 hm1_norm_Δρ=2.701242445584526e-5  error_V_h1=0.8857197301570424  α = 0.0462
 29   -21.48206919638       -7.69       -3.60    53.0s
    hm1_norm_ρdiff=0.00021162763415624776 hm1_norm_Δρ=6.803215152590146e-5  error_V_h1=0.88625177215622  α = 0.023
 30   -21.48206921864       -7.65       -3.49    52.6s
    hm1_norm_ρdiff=0.00021445784720238332 hm1_norm_Δρ=8.119840081560574e-5  error_V_h1=0.8841577573897824  α = 0.0231
 31   -21.48206922415       -8.26       -3.88    53.5s
    hm1_norm_ρdiff=0.00020442692314704474 hm1_norm_Δρ=4.212797985403674e-5  error_V_h1=0.8832615525998452  α = 0.0228
 32   -21.48206924094       -7.77       -3.91    46.8s
    hm1_norm_ρdiff=0.00020734077629362756 hm1_norm_Δρ=2.7097298472207577e-5  error_V_h1=0.8808321453727838  α = 0.0458
 33   -21.48206924186       -9.04       -4.46    38.4s
    hm1_norm_ρdiff=0.00020470740358594482 hm1_norm_Δρ=8.018642284669257e-6  error_V_h1=0.8789462186258397  α = 0.0896
 34   -21.48206924583       -8.40       -3.57    53.4s
    hm1_norm_ρdiff=0.00024306787802869876 hm1_norm_Δρ=6.805205775101372e-5  error_V_h1=0.8780855385150851  α = 0.0103
 35   -21.48206924626       -9.36       -3.73    67.4s
    hm1_norm_ρdiff=0.00014832586895066732 hm1_norm_Δρ=7.685572039104073e-5  error_V_h1=0.8778071954908068  α = 0.0039
 36   -21.48206924689       -9.20       -4.21    61.1s
    hm1_norm_ρdiff=0.00020710698652778582 hm1_norm_Δρ=1.974669788117626e-5  error_V_h1=0.8778894481874009  α = 0.0107
 37   -21.48206924769       -9.10       -4.17    56.4s
    hm1_norm_ρdiff=0.00020729259968036085 hm1_norm_Δρ=1.9801203958994376e-5  error_V_h1=0.8783205346008541  α = 0.0227
 38   -21.48206925260       -8.31       -3.72    59.7s
    hm1_norm_ρdiff=0.00021657411074785826 hm1_norm_Δρ=5.860419079460422e-5  error_V_h1=0.8780297831320879  α = 0.0107
 39   -21.48206925317       -9.25       -4.29    47.7s
    hm1_norm_ρdiff=0.00020256512736434665 hm1_norm_Δρ=1.2599895136703639e-5  error_V_h1=0.8785719744108855  α = 0.0464
 40   -21.48206925455       -8.86       -4.21    51.8s
    hm1_norm_ρdiff=0.0002070803104149635 hm1_norm_Δρ=1.675846459985911e-5  error_V_h1=0.8784114422301963  α = 0.0231
 41   -21.48206925579       -8.91       -3.96    56.2s
    hm1_norm_ρdiff=0.00021001308195227192 hm1_norm_Δρ=3.0045061127447967e-5  error_V_h1=0.8790617767656462  α = 0.0224
 42   -21.48206925622       -9.37       -4.44    53.2s
    hm1_norm_ρdiff=0.00020672780630933497 hm1_norm_Δρ=1.2553556724847332e-5  error_V_h1=0.8792499712856559  α = 0.0228
 43   -21.48206925679       -9.24       -4.69    47.9s
    hm1_norm_ρdiff=0.0002043072802920179 hm1_norm_Δρ=5.351719548202498e-6  error_V_h1=0.87937159490551  α = 0.046
 44   -21.48206925734       -9.26       -4.41    45.9s
    hm1_norm_ρdiff=0.00020410332825621487 hm1_norm_Δρ=9.677573041669044e-6  error_V_h1=0.8802602988647775  α = 0.0465
 45   -21.48206925760       -9.59       -4.15    53.4s
    hm1_norm_ρdiff=0.00019594557457973627 hm1_norm_Δρ=1.838601508192099e-5  error_V_h1=0.8804352223283222  α = 0.0102
 46   -21.48206925766      -10.16       -4.13    66.0s
    hm1_norm_ρdiff=0.00022782634861109462 hm1_norm_Δρ=2.8691644911343245e-5  error_V_h1=0.8805249044947666  α = 0.00398
 47   -21.48206925804       -9.42       -5.06    33.1s
    hm1_norm_ρdiff=0.00020415945346016745 hm1_norm_Δρ=2.0783646023014544e-6  error_V_h1=0.8805110372844145  α = 0.164
 48   -21.48206925830       -9.59       -4.07    66.4s
    hm1_norm_ρdiff=0.00020488473876130477 hm1_norm_Δρ=2.9298283573555428e-5  error_V_h1=0.880475193397801  α = 0.00448
 49   -21.48206925855       -9.60       -4.76    47.8s
    hm1_norm_ρdiff=0.00020368852538649664 hm1_norm_Δρ=4.903301187575098e-6  error_V_h1=0.8803687069317548  α = 0.0464
 50   -21.48206925915       -9.23       -4.48    45.7s
    hm1_norm_ρdiff=0.00020553314290906732 hm1_norm_Δρ=7.714542202240396e-6  error_V_h1=0.8797899127961155  α = 0.0467
 51   -21.48206925940       -9.59       -4.59    54.3s
    hm1_norm_ρdiff=0.0002031054246809241 hm1_norm_Δρ=7.130056615508062e-6  error_V_h1=0.879559882269845  α = 0.0231
 52   -21.48206925955       -9.84       -4.43    53.7s
    hm1_norm_ρdiff=0.00020411746159363316 hm1_norm_Δρ=1.1496298774080346e-5  error_V_h1=0.8792380801035801  α = 0.0223
 53   -21.48206925967       -9.90       -4.93    43.9s
    hm1_norm_ρdiff=0.00020454286738052127 hm1_norm_Δρ=3.347569977883671e-6  error_V_h1=0.8791609682620236  α = 0.0464
 54   -21.48206925979       -9.94       -5.23    35.5s
    hm1_norm_ρdiff=0.0002046429261893814 hm1_norm_Δρ=1.5191915240912265e-6  error_V_h1=0.8789550502509801  α = 0.164
 55   -21.48206925998       -9.72       -4.71    44.8s
    hm1_norm_ρdiff=0.0002040746193958381 hm1_norm_Δρ=4.810366334601772e-6  error_V_h1=0.8788448725454423  α = 0.0466
 56   -21.48206926003      -10.30       -4.81    57.3s
    hm1_norm_ρdiff=0.00020249459074955683 hm1_norm_Δρ=4.605984736586861e-6  error_V_h1=0.8789610417382142  α = 0.0228
 57   -21.48206926025       -9.66       -5.16    40.3s
    hm1_norm_ρdiff=0.0002044222983905968 hm1_norm_Δρ=1.6601452447474807e-6  error_V_h1=0.879350191782334  α = 0.0854
 58   -21.48206926026      -10.90       -4.70    67.5s
    hm1_norm_ρdiff=0.0001976853009515778 hm1_norm_Δρ=8.624389410463655e-6  error_V_h1=0.8793240625646978  α = 0.00428
 59   -21.48206926028      -10.82       -4.56    64.2s
    hm1_norm_ρdiff=0.00020464627487917368 hm1_norm_Δρ=9.375980484963977e-6  error_V_h1=0.8792738326291251  α = 0.00949
 60   -21.48206926036      -10.07       -5.14    45.1s
    hm1_norm_ρdiff=0.00020491824646018977 hm1_norm_Δρ=1.8582748016526768e-6  error_V_h1=0.879248748837591  α = 0.0451
 61   -21.48206926039      -10.56       -4.97    48.6s
    hm1_norm_ρdiff=0.0002041911850651888 hm1_norm_Δρ=2.6508938843050917e-6  error_V_h1=0.8792911844530044  α = 0.0466
 62   -21.48206926052       -9.88       -5.34    39.1s
    hm1_norm_ρdiff=0.00020424975058596376 hm1_norm_Δρ=1.187151260372498e-6  error_V_h1=0.879387549063215  α = 0.0847
 63   -21.48206926056      -10.44       -5.06    47.1s
    hm1_norm_ρdiff=0.00020444988276906433 hm1_norm_Δρ=2.5595814756353156e-6  error_V_h1=0.8794470900093472  α = 0.0465
 64   -21.48206926061      -10.29       -5.05    47.2s
    hm1_norm_ρdiff=0.00020411701287537107 hm1_norm_Δρ=2.715384244635108e-6  error_V_h1=0.8794641977943798  α = 0.0463
 65   -21.48206926063      -10.61       -5.12    48.7s
    hm1_norm_ρdiff=0.0002042332234636929 hm1_norm_Δρ=2.0263181462547756e-6  error_V_h1=0.8794430844028704  α = 0.0466
 66   -21.48206926064      -10.96       -5.19    52.3s
    hm1_norm_ρdiff=0.00020505290240966674 hm1_norm_Δρ=2.6099575667139277e-6  error_V_h1=0.8794535937993004  α = 0.0225
 67   -21.48206926066      -10.76       -5.23    55.5s
    hm1_norm_ρdiff=0.00020376359901610924 hm1_norm_Δρ=1.7061796678498065e-6  error_V_h1=0.8794667959644993  α = 0.023
 68   -21.48206926066      -11.55       -5.25    46.5s
    hm1_norm_ρdiff=0.0002047355170193768 hm1_norm_Δρ=1.4040669487499185e-6  error_V_h1=0.8793941558636704  α = 0.0461
 69   -21.48206926067      -11.10       -4.66    67.2s
    hm1_norm_ρdiff=0.00019785657875478194 hm1_norm_Δρ=8.869049484666826e-6  error_V_h1=0.8793499884053254  α = 0.0041
 70   -21.48206926068      -11.05       -4.78    58.6s
    hm1_norm_ρdiff=0.000204690066682111 hm1_norm_Δρ=5.872156481562948e-6  error_V_h1=0.8793439986462205  α = 0.00959
 71   -21.48206926070      -10.70       -5.24    46.0s
    hm1_norm_ρdiff=0.0002045323415101545 hm1_norm_Δρ=1.4141683166855527e-6  error_V_h1=0.8792894713222038  α = 0.0467
 72   -21.48206926071      -11.39       -5.28    45.1s
    hm1_norm_ρdiff=0.00020442960142065102 hm1_norm_Δρ=1.4209182906647147e-6  error_V_h1=0.8793160863570149  α = 0.0465
 73   -21.48206926072      -10.72       -5.45    48.3s
    hm1_norm_ρdiff=0.00020407581248268976 hm1_norm_Δρ=9.7346116868149e-7  error_V_h1=0.8793758394108251  α = 0.0455
 74   -21.48206926074      -10.75       -5.21    52.5s
    hm1_norm_ρdiff=0.0002042919863892004 hm1_norm_Δρ=1.754857783368916e-6  error_V_h1=0.8793647396443373  α = 0.0231
 75   -21.48206926075      -10.88       -5.20    57.0s
    hm1_norm_ρdiff=0.00020444424580970484 hm1_norm_Δρ=1.9502104627982396e-6  error_V_h1=0.8793741488195344  α = 0.0229
 76   -21.48206926077      -10.95       -5.31    54.9s
    hm1_norm_ρdiff=0.00020419096662522288 hm1_norm_Δρ=1.3239758786967478e-6  error_V_h1=0.8793802155418707  α = 0.023
 77   -21.48206926077      -11.21       -5.25    61.4s
    hm1_norm_ρdiff=0.00020372338932264704 hm1_norm_Δρ=2.0650008726438923e-6  error_V_h1=0.8793804559744849  α = 0.0107
 78   -21.48206926078      -11.36       -5.83    50.9s
    hm1_norm_ρdiff=0.00020442677707636106 hm1_norm_Δρ=3.9927422543701424e-7  error_V_h1=0.8793792658137284  α = 0.0434
 79   -21.48206926078      -11.15       -4.88    58.8s
    hm1_norm_ρdiff=0.00020287569726273194 hm1_norm_Δρ=3.5740520675490134e-6  error_V_h1=0.8794059310364848  α = 0.01
 80   -21.48206926078      -11.96       -5.11    66.1s
    hm1_norm_ρdiff=0.00020639026864716024 hm1_norm_Δρ=2.9496399530331314e-6  error_V_h1=0.8794186646726396  α = 0.00419
 81   -21.48206926079      -11.15       -4.86    67.8s
    hm1_norm_ρdiff=0.00020406661532784123 hm1_norm_Δρ=5.0636911860149776e-6  error_V_h1=0.879419613838731  α = 0.00441
 82   -21.48206926080      -11.43       -5.30    52.5s
    hm1_norm_ρdiff=0.00020409089298051915 hm1_norm_Δρ=1.2458599323762441e-6  error_V_h1=0.879428989246433  α = 0.0228
 83   -21.48206926080      -11.24       -5.46    53.6s
    hm1_norm_ρdiff=0.0002042078285640086 hm1_norm_Δρ=9.714481185801729e-7  error_V_h1=0.8794048668649993  α = 0.0232
 84   -21.48206926080      -11.81       -5.80    51.7s
    hm1_norm_ρdiff=0.00020442473846412856 hm1_norm_Δρ=4.568884919780337e-7  error_V_h1=0.8793880498706993  α = 0.0228
 85   -21.48206926080      -12.13       -6.00    47.9s
    hm1_norm_ρdiff=0.00020433642732523155 hm1_norm_Δρ=2.7283176779051234e-7  error_V_h1=0.8793887271929294  α = 0.0466
 86   -21.48206926080      -11.94       -5.65    50.7s
    hm1_norm_ρdiff=0.00020429270787203322 hm1_norm_Δρ=7.371236649323457e-7  error_V_h1=0.8793853009718922  α = 0.0225
 87   -21.48206926081      -11.97       -6.40    40.3s
    hm1_norm_ρdiff=0.0002043322204132318 hm1_norm_Δρ=1.0525890074160875e-7  error_V_h1=0.8793803600270449  α = 0.0832
 88   -21.48206926081      -11.91       -5.93    53.8s
    hm1_norm_ρdiff=0.00020447997279737752 hm1_norm_Δρ=4.309118405746663e-7  error_V_h1=0.8793777550937716  α = 0.0226
 89   -21.48206926081      -11.77       -5.73    53.9s
    hm1_norm_ρdiff=0.0002042182289638024 hm1_norm_Δρ=4.558681330596555e-7  error_V_h1=0.8793762718092246  α = 0.0229
 90   -21.48206926081      -12.22       -5.50    59.2s
    hm1_norm_ρdiff=0.00020468033018833647 hm1_norm_Δρ=9.760892365633307e-7  error_V_h1=0.8793763548005353  α = 0.0101
 91   -21.48206926081      -12.39       -5.21    65.9s
    hm1_norm_ρdiff=0.00020276535281113687 hm1_norm_Δρ=2.302013430267788e-6  error_V_h1=0.8793687543966199  α = 0.00408
 92   -21.48206926081      -11.94       -6.37    32.7s
    hm1_norm_ρdiff=0.00020432969434586607 hm1_norm_Δρ=1.0805087083644475e-7  error_V_h1=0.8793979859519541  α = 0.163
 93   -21.48206926081      -13.03       -5.77    60.7s
    hm1_norm_ρdiff=0.00020432766316310304 hm1_norm_Δρ=6.452425093086625e-7  error_V_h1=0.8793995863530129  α = 0.00986
 94   -21.48206926081      -12.34       -6.22    39.3s
    hm1_norm_ρdiff=0.0002043109915524051 hm1_norm_Δρ=1.3351104072061463e-7  error_V_h1=0.8793930345248038  α = 0.0883
 95   -21.48206926081      -12.68       -6.34    40.8s
    hm1_norm_ρdiff=0.00020432015129760408 hm1_norm_Δρ=1.1675000248629747e-7  error_V_h1=0.8793784744704649  α = 0.09
 96   -21.48206926081      -12.35       -6.24    44.1s
    hm1_norm_ρdiff=0.00020426602753076934 hm1_norm_Δρ=1.5212894584448066e-7  error_V_h1=0.8793858273177227  α = 0.0461
 97   -21.48206926081      -12.31       -6.29    48.2s
    hm1_norm_ρdiff=0.00020428313635819127 hm1_norm_Δρ=1.5029157976118683e-7  error_V_h1=0.8793914631687724  α = 0.0458
 98   -21.48206926081      -12.78       -6.09    46.2s
    hm1_norm_ρdiff=0.00020424752135534237 hm1_norm_Δρ=2.3371160694423275e-7  error_V_h1=0.8793969935943513  α = 0.046
 99   -21.48206926081      -12.30       -6.21    46.6s
    hm1_norm_ρdiff=0.00020422587134513354 hm1_norm_Δρ=1.8271413737558672e-7  error_V_h1=0.879389658627506  α = 0.0457
 100   -21.48206926081      -12.77       -6.08    54.2s
    hm1_norm_ρdiff=0.000204347184645499 hm1_norm_Δρ=2.32053530786402e-7  error_V_h1=0.8793858718082262  α = 0.0232
 101   -21.48206926081      -12.70       -6.12    51.8s
    hm1_norm_ρdiff=0.0002042100666415688 hm1_norm_Δρ=2.0351992869537155e-7  error_V_h1=0.8793875661008929  α = 0.0231
 102   -21.48206926081      -13.25       -5.72    66.8s
    hm1_norm_ρdiff=0.00020468410767015985 hm1_norm_Δρ=6.68513198561292e-7  error_V_h1=0.879389422641792  α = 0.00423
 103   -21.48206926081      -12.89       -6.17    49.9s
    hm1_norm_ρdiff=0.00020423409334206864 hm1_norm_Δρ=2.1296277782125669e-7  error_V_h1=0.8793840582642396  α = 0.0226
 104   -21.48206926081      -13.37       -5.96    65.5s
    hm1_norm_ρdiff=0.00020427236693847467 hm1_norm_Δρ=4.1128093071135203e-7  error_V_h1=0.8793834717341454  α = 0.00443
 105   -21.48206926081      -14.15       -6.20    46.7s
    hm1_norm_ρdiff=0.00020430308265390263 hm1_norm_Δρ=1.5068896387756158e-7  error_V_h1=0.8793851321119307  α = 0.0459
 106   -21.48206926081      -12.84       -6.25    45.7s
    hm1_norm_ρdiff=0.00020430298049225218 hm1_norm_Δρ=1.3698732574333372e-7  error_V_h1=0.8793916750286772  α = 0.0467
 107   -21.48206926081      -12.82       -6.80    39.7s
    hm1_norm_ρdiff=0.00020432036198849676 hm1_norm_Δρ=4.224716458890223e-8  error_V_h1=0.8793899813626538  α = 0.0871
 108   -21.48206926081      -12.89       -6.30    53.0s
    hm1_norm_ρdiff=0.00020432162645955183 hm1_norm_Δρ=1.5075335809459638e-7  error_V_h1=0.8793890307436684  α = 0.023
 109   -21.48206926081      -12.67       -5.91    61.7s
    hm1_norm_ρdiff=0.00020438637179235472 hm1_norm_Δρ=3.90561733361038e-7  error_V_h1=0.8793872573280356  α = 0.0106
 110   -21.48206926081      -13.67       -6.40    45.7s
    hm1_norm_ρdiff=0.0002043638006679438 hm1_norm_Δρ=1.278218211661782e-7  error_V_h1=0.8793910424630985  α = 0.0453
 111   -21.48206926081      -13.17       -6.32    51.3s
    hm1_norm_ρdiff=0.00020427582747809434 hm1_norm_Δρ=1.3801492242618552e-7  error_V_h1=0.8793918890444226  α = 0.0231
 112   -21.48206926081      -12.99       -6.77    40.3s
    hm1_norm_ρdiff=0.0002042807507187977 hm1_norm_Δρ=4.883613745285978e-8  error_V_h1=0.8793874839229288  α = 0.0881
 113   -21.48206926081      -13.22       -6.14    56.9s
    hm1_norm_ρdiff=0.00020440484694541838 hm1_norm_Δρ=1.8326699129804492e-7  error_V_h1=0.8793856685207548  α = 0.0106
 114   -21.48206926081      -13.60       -6.22    53.1s
    hm1_norm_ρdiff=0.00020428256075773912 hm1_norm_Δρ=1.6177164438216401e-7  error_V_h1=0.8793827238588855  α = 0.0227
 115   -21.48206926081      -13.22       -6.76    46.5s
    hm1_norm_ρdiff=0.00020431432175355174 hm1_norm_Δρ=4.810718253640525e-8  error_V_h1=0.8793852886967812  α = 0.0465
 116   -21.48206926081      -13.30       -6.54    53.9s
    hm1_norm_ρdiff=0.00020430497179834103 hm1_norm_Δρ=8.853065625847e-8  error_V_h1=0.8793868883129092  α = 0.0233
 117   -21.48206926081      -13.67       -6.30    53.1s
    hm1_norm_ρdiff=0.00020426652041662078 hm1_norm_Δρ=1.3972510176968694e-7  error_V_h1=0.8793878310964675  α = 0.0225
 118   -21.48206926081   +    -Inf       -6.68    45.6s
    hm1_norm_ρdiff=0.0002042972064861786 hm1_norm_Δρ=5.1384145388720633e-8  error_V_h1=0.8793862438644855  α = 0.0465
 119   -21.48206926082      -13.67       -6.85    46.5s
    hm1_norm_ρdiff=0.00020432280057328087 hm1_norm_Δρ=3.9075337434393583e-8  error_V_h1=0.8793846046060432  α = 0.0463
 120   -21.48206926082      -13.37       -6.76    47.4s
    hm1_norm_ρdiff=0.000204295514929774 hm1_norm_Δρ=5.090606701286677e-8  error_V_h1=0.8793848766964041  α = 0.0225
 121   -21.48206926082      -14.45       -6.52    50.5s
    hm1_norm_ρdiff=0.00020426697423871253 hm1_norm_Δρ=9.674031945234616e-8  error_V_h1=0.879384028839565  α = 0.0227
 122   -21.48206926082      -13.50       -6.60    52.9s
    hm1_norm_ρdiff=0.00020432395819866244 hm1_norm_Δρ=7.508311323721446e-8  error_V_h1=0.8793837978044342  α = 0.0231
 123   -21.48206926082      -14.15       -6.32    58.1s
    hm1_norm_ρdiff=0.00020438790461665022 hm1_norm_Δρ=1.556435860285579e-7  error_V_h1=0.8793850903509475  α = 0.00969
 124   -21.48206926082      -13.97       -6.36    61.7s
    hm1_norm_ρdiff=0.00020427054296265077 hm1_norm_Δρ=1.0581197151309629e-7  error_V_h1=0.8793859423610961  α = 0.0102
 125   -21.48206926082      -14.45       -6.61    66.7s
    hm1_norm_ρdiff=0.00020430964768848435 hm1_norm_Δρ=6.55650100768853e-8  error_V_h1=0.879386028219774  α = 0.00302
 126   -21.48206926082      -14.15       -6.77     318s
    hm1_norm_ρdiff=0.0002042959811857345 hm1_norm_Δρ=4.9704550538883416e-8  error_V_h1=0.879386028219755  α = 1.63e-10
 127   -21.48206926082      -13.67       -4.72     148s
    hm1_norm_ρdiff=0.00020346040675969971 hm1_norm_Δρ=5.425897112718654e-6  error_V_h1=0.8793860261848518  α = 3.84e-7
 128   -21.48206926082   +  -13.97       -6.78     101s
    hm1_norm_ρdiff=0.00020430553097540538 hm1_norm_Δρ=4.6874612008152245e-8  error_V_h1=0.8793860261848391  α = 0.0
 129   -21.48206926082      -14.45       -6.40    64.8s
    hm1_norm_ρdiff=0.00020413350717798373 hm1_norm_Δρ=2.1420364849761155e-7  error_V_h1=0.8793857577611421  α = 0.00407
 130   -21.48206926082   +    -Inf       -6.44     142s
    hm1_norm_ρdiff=0.00020434198236368215 hm1_norm_Δρ=1.198035701250512e-7  error_V_h1=0.8793857577611327  α = 2.99e-9
 131   -21.48206926082      -13.85       -6.48    60.4s
    hm1_norm_ρdiff=0.00020432976614011755 hm1_norm_Δρ=9.319140095060775e-8  error_V_h1=0.8793859360480576  α = 0.00985
 132   -21.48206926082      -14.45       -6.58    67.2s
    hm1_norm_ρdiff=0.00020434496035963204 hm1_norm_Δρ=1.0276464653449123e-7  error_V_h1=0.8793859079464954  α = 0.00408
 133   -21.48206926082      -13.97       -6.92    62.5s
    hm1_norm_ρdiff=0.0002042965598860723 hm1_norm_Δρ=3.791105412248304e-8  error_V_h1=0.8793857281274944  α = 0.00762
 134   -21.48206926082      -14.15       -6.97     109s
    hm1_norm_ρdiff=0.0002043033358908804 hm1_norm_Δρ=2.5002469026121323e-8  error_V_h1=0.879385728131088  α = 2.48e-6
 135   -21.48206926082   +    -Inf       -7.38    92.4s
    hm1_norm_ρdiff=0.0002043059934084369 hm1_norm_Δρ=1.3516717871972435e-8  error_V_h1=0.8793857281310128  α = 5.75e-9

#-- |ρε - ρref| = 0.00020430473049250038 vs. 3.162277660168379e-8 = δ*ε  error_V_h1=0.8793857281309867  Qε=0.9281513281351659


# --- ε=1.778279410038923e-6

n     Energy            log10(ΔE)   log10(Δρ)   Δtime
---   ---------------   ---------   ---------   ------
  1   -21.48178071887                   -0.89    71.4s
    hm1_norm_ρdiff=0.08200677927823577 hm1_norm_Δρ=0.08193480309595749  error_V_h1=2.656746372204047  α = 0.00141
  2   -21.48179726685       -4.78       -1.79    72.7s
    hm1_norm_ρdiff=0.006868840506926759 hm1_norm_Δρ=0.006831299116466762  error_V_h1=2.3550934266646806  α = 0.00436
  3   -21.48180212653       -5.31       -2.06     108s
    hm1_norm_ρdiff=0.0033217170362920194 hm1_norm_Δρ=0.003300025427419851  error_V_h1=2.2526448208935057  α = 0.00441
  4   -21.48180474154       -5.58       -2.19    92.7s
    hm1_norm_ρdiff=0.0023209059623762102 hm1_norm_Δρ=0.002313049975417209  error_V_h1=2.169642493771386  α = 0.00965
  5   -21.48180706712       -5.63       -2.76    57.5s
    hm1_norm_ρdiff=0.0004401985437205827 hm1_norm_Δρ=0.00043643999991809526  error_V_h1=2.0806248156211935  α = 0.0466
  6   -21.48180769631       -6.20       -2.89    62.2s
    hm1_norm_ρdiff=0.00037904489460055914 hm1_norm_Δρ=0.00038661498980607263  error_V_h1=2.0516183123581766  α = 0.0462
  7   -21.48180934185       -5.78       -2.63    67.3s
    hm1_norm_ρdiff=0.0006545121689306685 hm1_norm_Δρ=0.0006702596107004713  error_V_h1=2.019500998522132  α = 0.0228
  8   -21.48181523251       -5.23       -2.96    55.9s
    hm1_norm_ρdiff=0.00025251206727411985 hm1_norm_Δρ=0.00028856976095634646  error_V_h1=1.907590978434503  α = 0.0885
  9   -21.48182202571       -5.17       -2.80    50.1s
    hm1_norm_ρdiff=0.00040080783445340897 hm1_norm_Δρ=0.0004420538143141344  error_V_h1=1.7453113069223163  α = 0.046
 10   -21.48182583124       -5.42       -2.81    44.0s
    hm1_norm_ρdiff=0.00042891266484243825 hm1_norm_Δρ=0.00046638977593352804  error_V_h1=1.6711887335195301  α = 0.0465
 11   -21.48182839988       -5.59       -2.85    41.5s
    hm1_norm_ρdiff=0.0003506695215217855 hm1_norm_Δρ=0.0003725149583932446  error_V_h1=1.600545706274937  α = 0.0466
 12   -21.48182858294       -6.74       -2.43    53.3s
    hm1_norm_ρdiff=0.0008168503400017461 hm1_norm_Δρ=0.0008679672751775913  error_V_h1=1.594520574825018  α = 0.0093
 13   -21.48182862000       -7.43       -3.00    45.2s
    hm1_norm_ρdiff=0.00033768745400615286 hm1_norm_Δρ=0.0003452248579184515  error_V_h1=1.5971828748742671  α = 0.0218
 14   -21.48182935124       -6.14       -2.68    50.2s
    hm1_norm_ρdiff=0.0006366667894264474 hm1_norm_Δρ=0.0006157824467626573  error_V_h1=1.580927949685409  α = 0.0106
 15   -21.48182997759       -6.20       -2.45    55.8s
    hm1_norm_ρdiff=0.0012046724234095916 hm1_norm_Δρ=0.00117285492826726  error_V_h1=1.5633698968022858  α = 0.00425
 16   -21.48183054216       -6.25       -2.91    44.6s
    hm1_norm_ρdiff=0.00039402016096312155 hm1_norm_Δρ=0.00034121448452548896  error_V_h1=1.5445057726238716  α = 0.0229
 17   -21.48183098632       -6.35       -2.87    50.2s
    hm1_norm_ρdiff=0.00047196966567961623 hm1_norm_Δρ=0.0004371940384974944  error_V_h1=1.5298488760486502  α = 0.0106
 18   -21.48183131273       -6.49       -2.82    51.1s
    hm1_norm_ρdiff=0.00048656148690607757 hm1_norm_Δρ=0.0004509553973538161  error_V_h1=1.5141823656062963  α = 0.0105
 19   -21.48183156784       -6.59       -2.46    50.1s
    hm1_norm_ρdiff=0.0009156147725913725 hm1_norm_Δρ=0.0008752669581990366  error_V_h1=1.4940232046740578  α = 0.00954
 20   -21.48183163996       -7.14       -2.79    55.2s
    hm1_norm_ρdiff=0.0004931997136314386 hm1_norm_Δρ=0.0004336596505792373  error_V_h1=1.4911596758695218  α = 0.00954
 21   -21.48183200427       -6.44       -2.48    52.7s
    hm1_norm_ρdiff=0.0010180883132840204 hm1_norm_Δρ=0.0009729013557458715  error_V_h1=1.4731749749874707  α = 0.00954
 22   -21.48183254451       -6.27       -2.68    53.6s
    hm1_norm_ρdiff=0.0005863176242568526 hm1_norm_Δρ=0.0005401674803646858  error_V_h1=1.4624854536747476  α = 0.0105
 23   -21.48183276708       -6.65       -2.27    55.9s
    hm1_norm_ρdiff=0.0013404600406420545 hm1_norm_Δρ=0.001285401311134441  error_V_h1=1.467466358562941  α = 0.00387
 24   -21.48183304518       -6.56       -2.52    62.7s
    hm1_norm_ρdiff=0.0010477042715412398 hm1_norm_Δρ=0.0010163977279012474  error_V_h1=1.4582992487622943  α = 0.00423
 25   -21.48183306725       -7.66       -2.97    61.4s
    hm1_norm_ρdiff=0.0003049659297179025 hm1_norm_Δρ=0.00030219828819187336  error_V_h1=1.4554496241119905  α = 0.0093
 26   -21.48183315756       -7.04       -3.63    38.3s
    hm1_norm_ρdiff=0.00011412405340404446 hm1_norm_Δρ=5.105144946154035e-5  error_V_h1=1.4607660890047454  α = 0.0897
 27   -21.48183327846       -6.92       -2.88    57.9s
    hm1_norm_ρdiff=0.00035152504346488874 hm1_norm_Δρ=0.00039098169026025373  error_V_h1=1.458022836363181  α = 0.00978
 28   -21.48183330926       -7.51       -3.25    59.4s
    hm1_norm_ρdiff=0.00020095319988073582 hm1_norm_Δρ=0.00016246338525364112  error_V_h1=1.4564345806932233  α = 0.0103
 29   -21.48183334051       -7.51       -3.40    52.3s
    hm1_norm_ρdiff=0.00015264552698673685 hm1_norm_Δρ=0.0001219637733122181  error_V_h1=1.4606353605785687  α = 0.0224
 30   -21.48183350120       -6.79       -2.74    58.0s
    hm1_norm_ρdiff=0.00041896552165954026 hm1_norm_Δρ=0.0004430593149308059  error_V_h1=1.466097176573092  α = 0.01
 31   -21.48183354124       -7.40       -3.04    57.5s
    hm1_norm_ρdiff=0.0002289021681647381 hm1_norm_Δρ=0.00024467882393417525  error_V_h1=1.4650836931158013  α = 0.0099
 32   -21.48183370772       -6.78       -2.77    58.5s
    hm1_norm_ρdiff=0.0004570682878921239 hm1_norm_Δρ=0.00048410918117243056  error_V_h1=1.4643011437324729  α = 0.00991
 33   -21.48183375909       -7.29       -3.53    50.8s
    hm1_norm_ρdiff=0.0001408264436666883 hm1_norm_Δρ=8.270244472175414e-5  error_V_h1=1.4619276142739182  α = 0.023
 34   -21.48183378829       -7.53       -2.63    64.3s
    hm1_norm_ρdiff=0.0005564852805375654 hm1_norm_Δρ=0.0006080113789576307  error_V_h1=1.4568200996803105  α = 0.00368
 35   -21.48183380580       -7.76       -3.22    64.3s
    hm1_norm_ρdiff=0.00021399249196816356 hm1_norm_Δρ=0.00019697468560277303  error_V_h1=1.4565386389408594  α = 0.00443
 36   -21.48183384903       -7.36       -2.88    70.3s
    hm1_norm_ρdiff=0.0004486847938477958 hm1_norm_Δρ=0.00040492320386373396  error_V_h1=1.4564405938635132  α = 0.00418
 37   -21.48183392012       -7.15       -3.30    53.2s
    hm1_norm_ρdiff=0.00018532669268692917 hm1_norm_Δρ=0.00011697433314114218  error_V_h1=1.4494365422771955  α = 0.0229
 38   -21.48183393212       -7.92       -3.10    59.2s
    hm1_norm_ρdiff=0.00030968385056473946 hm1_norm_Δρ=0.00023568836565411992  error_V_h1=1.4478353222781426  α = 0.00906
 39   -21.48183394070       -8.07       -3.37    59.6s
    hm1_norm_ρdiff=0.0001713565926497038 hm1_norm_Δρ=0.00012759882035307378  error_V_h1=1.4478501820734972  α = 0.00974
 40   -21.48183395947       -7.73       -3.28    63.4s
    hm1_norm_ρdiff=0.00021771538762481362 hm1_norm_Δρ=0.0001679414557107917  error_V_h1=1.444711037703085  α = 0.00988
 41   -21.48183399665       -7.43       -3.08    60.5s
    hm1_norm_ρdiff=0.0002649202027305132 hm1_norm_Δρ=0.00020501751127356653  error_V_h1=1.4381698755549799  α = 0.0101
 42   -21.48183400327       -8.18       -3.29    57.6s
    hm1_norm_ρdiff=0.00020960370793222672 hm1_norm_Δρ=0.00013622549533054616  error_V_h1=1.4382263744211075  α = 0.00957
 43   -21.48183403960       -7.44       -3.11    58.1s
    hm1_norm_ρdiff=0.0002889118770208667 hm1_norm_Δρ=0.00023225819368427193  error_V_h1=1.4359096860237093  α = 0.00986
 44   -21.48183405168       -7.92       -3.97    42.6s
    hm1_norm_ρdiff=0.00012186876654574774 hm1_norm_Δρ=2.4040002661317168e-5  error_V_h1=1.4355908940201374  α = 0.0465
 45   -21.48183406025       -8.07       -2.86    67.9s
    hm1_norm_ρdiff=0.0004311764107909284 hm1_norm_Δρ=0.0003605279122277051  error_V_h1=1.4380805278302005  α = 0.00364
 46   -21.48183406661       -8.20       -4.37    43.6s
    hm1_norm_ρdiff=0.00011598920105352439 hm1_norm_Δρ=1.0943076411535284e-5  error_V_h1=1.4379271321740863  α = 0.088
 47   -21.48183407129       -8.33       -3.50    69.0s
    hm1_norm_ρdiff=0.00013045348964799 hm1_norm_Δρ=0.00011244049516219319  error_V_h1=1.4374978724708138  α = 0.00435
 48   -21.48183408350       -7.91       -3.61    58.2s
    hm1_norm_ρdiff=0.0001291581911357326 hm1_norm_Δρ=7.67378750502863e-5  error_V_h1=1.4379103275657612  α = 0.0107
 49   -21.48183409298       -8.02       -3.31    60.0s
    hm1_norm_ρdiff=0.00013874598682983753 hm1_norm_Δρ=0.00015694405397573695  error_V_h1=1.43865773083705  α = 0.00942
 50   -21.48183409916       -8.21       -3.44    59.5s
    hm1_norm_ρdiff=0.0001528925829705462 hm1_norm_Δρ=0.00010603788828350601  error_V_h1=1.4392294026494377  α = 0.00976
 51   -21.48183410607       -8.16       -3.62    56.5s
    hm1_norm_ρdiff=0.0001336854402286775 hm1_norm_Δρ=7.744494773972898e-5  error_V_h1=1.4403693417737082  α = 0.0103
 52   -21.48183411342       -8.13       -3.53    59.0s
    hm1_norm_ρdiff=0.00012552882344096065 hm1_norm_Δρ=7.315908370667841e-5  error_V_h1=1.4419049345458812  α = 0.0104
 53   -21.48183411812       -8.33       -3.73    60.6s
    hm1_norm_ρdiff=0.00011098158794021354 hm1_norm_Δρ=5.081263106849277e-5  error_V_h1=1.441889782847159  α = 0.0105
 54   -21.48183412561       -8.13       -3.57    58.3s
    hm1_norm_ρdiff=0.00012659308578483167 hm1_norm_Δρ=7.865916658264882e-5  error_V_h1=1.4417836717330126  α = 0.0102
 55   -21.48183412837       -8.56       -3.90    52.4s
    hm1_norm_ρdiff=0.0001154185034602654 hm1_norm_Δρ=3.0606625706905706e-5  error_V_h1=1.4431864612754082  α = 0.0225
 56   -21.48183413131       -8.53       -3.09    67.7s
    hm1_norm_ρdiff=0.00019456298215740934 hm1_norm_Δρ=0.0002184656678270495  error_V_h1=1.4413182386422725  α = 0.00364
 57   -21.48183413465       -8.48       -3.96    54.9s
    hm1_norm_ρdiff=0.00012729653255009552 hm1_norm_Δρ=2.8454681172806487e-5  error_V_h1=1.4410787544494539  α = 0.0227
 58   -21.48183413518       -9.27       -4.23    62.3s
    hm1_norm_ρdiff=0.00012910812487828267 hm1_norm_Δρ=2.1132624737789452e-5  error_V_h1=1.4411519820188259  α = 0.0101
 59   -21.48183413787       -8.57       -4.24    51.9s
    hm1_norm_ρdiff=0.00012367009232271708 hm1_norm_Δρ=1.6079641205375362e-5  error_V_h1=1.4406228742185483  α = 0.023
 60   -21.48183414325       -8.27       -3.49    65.3s
    hm1_norm_ρdiff=0.00019168628920036666 hm1_norm_Δρ=0.0001052125330223858  error_V_h1=1.4401746543461387  α = 0.00439
 61   -21.48183414522       -8.71       -3.59    59.1s
    hm1_norm_ρdiff=0.00014194042524848092 hm1_norm_Δρ=7.30773428454756e-5  error_V_h1=1.4397338614027801  α = 0.00952
 62   -21.48183414621       -9.00       -4.02    60.7s
    hm1_norm_ρdiff=0.00012596016028767603 hm1_norm_Δρ=2.9936394062010835e-5  error_V_h1=1.439195017203231  α = 0.0102
 63   -21.48183414725       -8.98       -4.13    57.8s
    hm1_norm_ρdiff=0.00012430814130503538 hm1_norm_Δρ=1.903755731083637e-5  error_V_h1=1.4387347846137324  α = 0.0106
 64   -21.48183414871       -8.83       -4.36    52.3s
    hm1_norm_ρdiff=0.0001183389454731308 hm1_norm_Δρ=1.1964744476940137e-5  error_V_h1=1.4388290819153582  α = 0.0232
 65   -21.48183415029       -8.80       -3.90    57.0s
    hm1_norm_ρdiff=0.00013605854427727417 hm1_norm_Δρ=3.413042969828428e-5  error_V_h1=1.4388116447709047  α = 0.0102
 66   -21.48183415149       -8.92       -4.03    52.5s
    hm1_norm_ρdiff=0.00012742036375026425 hm1_norm_Δρ=2.3772905518896823e-5  error_V_h1=1.4382551550281384  α = 0.0224
 67   -21.48183415203       -9.27       -3.71    64.4s
    hm1_norm_ρdiff=0.00014281063280870384 hm1_norm_Δρ=4.9699936758949774e-5  error_V_h1=1.4388407577592575  α = 0.00412
 68   -21.48183415357       -8.81       -4.01    58.1s
    hm1_norm_ρdiff=0.00011577925139117508 hm1_norm_Δρ=2.4710832671542813e-5  error_V_h1=1.4390906876051388  α = 0.0107
 69   -21.48183415379       -9.65       -4.16    62.2s
    hm1_norm_ρdiff=0.00011018391606815331 hm1_norm_Δρ=2.5661636468793878e-5  error_V_h1=1.439043989032284  α = 0.00431
 70   -21.48183415400       -9.69       -4.31    52.2s
    hm1_norm_ρdiff=0.00011623246022179951 hm1_norm_Δρ=1.3388286852087075e-5  error_V_h1=1.4394556943590173  α = 0.0221
 71   -21.48183415497       -9.01       -4.52    48.8s
    hm1_norm_ρdiff=0.00012180935717570608 hm1_norm_Δρ=7.867453966917849e-6  error_V_h1=1.4394594778366485  α = 0.0446
 72   -21.48183415554       -9.24       -4.16    51.7s
    hm1_norm_ρdiff=0.00011462884027878161 hm1_norm_Δρ=1.9710259013534148e-5  error_V_h1=1.439763153794008  α = 0.0222
 73   -21.48183415591       -9.43       -4.04    68.3s
    hm1_norm_ρdiff=0.00011720745649026856 hm1_norm_Δρ=2.559374016403774e-5  error_V_h1=1.4399161209996387  α = 0.00442
 74   -21.48183415625       -9.47       -4.30    58.8s
    hm1_norm_ρdiff=0.00011933730343579214 hm1_norm_Δρ=1.5295235007961898e-5  error_V_h1=1.440122262862263  α = 0.0104
 75   -21.48183415633      -10.09       -4.41    54.6s
    hm1_norm_ρdiff=0.00011919910617691556 hm1_norm_Δρ=9.66806363576894e-6  error_V_h1=1.4398407516875293  α = 0.0226
 76   -21.48183415643      -10.01       -3.96    58.2s
    hm1_norm_ρdiff=0.00010732273553467908 hm1_norm_Δρ=2.91803307030942e-5  error_V_h1=1.4398565144993176  α = 0.00931
 77   -21.48183415722       -9.11       -4.23    52.7s
    hm1_norm_ρdiff=0.00011703487789992998 hm1_norm_Δρ=1.4168017103018324e-5  error_V_h1=1.4394351574171695  α = 0.0227
 78   -21.48183415748       -9.58       -3.77    65.5s
    hm1_norm_ρdiff=0.00011072684748273877 hm1_norm_Δρ=5.2668521328705673e-5  error_V_h1=1.4389914651580673  α = 0.00386
 79   -21.48183415790       -9.38       -4.58    47.1s
    hm1_norm_ρdiff=0.00011995933799131156 hm1_norm_Δρ=6.069840487310934e-6  error_V_h1=1.4386247295489085  α = 0.023
 80   -21.48183415800      -10.00       -4.51    50.3s
    hm1_norm_ρdiff=0.00012152251658653565 hm1_norm_Δρ=9.535784149636673e-6  error_V_h1=1.438700539518348  α = 0.0103
 81   -21.48183415830       -9.52       -4.22    63.5s
    hm1_norm_ρdiff=0.00011684391899178544 hm1_norm_Δρ=1.589266208216037e-5  error_V_h1=1.438675264631968  α = 0.0103
 82   -21.48183415871       -9.39       -3.82    68.2s
    hm1_norm_ρdiff=9.969369630636944e-5 hm1_norm_Δρ=4.414260286680006e-5  error_V_h1=1.438748475231476  α = 0.00393
 83   -21.48183415948       -9.11       -4.22    60.4s
    hm1_norm_ρdiff=0.00012447324459430854 hm1_norm_Δρ=1.7167129986015045e-5  error_V_h1=1.438467244973885  α = 0.0106
 84   -21.48183415955      -10.19       -4.83    51.5s
    hm1_norm_ρdiff=0.00011925216061241321 hm1_norm_Δρ=4.088825109408176e-6  error_V_h1=1.4382379317914957  α = 0.0227
 85   -21.48183415973       -9.74       -4.53    59.6s
    hm1_norm_ρdiff=0.00011911611045836506 hm1_norm_Δρ=8.769506289110879e-6  error_V_h1=1.4380821097469787  α = 0.0107
 86   -21.48183415995       -9.65       -4.19    59.8s
    hm1_norm_ρdiff=0.00011971259951340556 hm1_norm_Δρ=1.577771150948419e-5  error_V_h1=1.4382333449160876  α = 0.0101
 87   -21.48183416028       -9.48       -3.89    64.5s
    hm1_norm_ρdiff=0.00013626157049301626 hm1_norm_Δρ=3.396638515563786e-5  error_V_h1=1.4382415994307731  α = 0.00426
 88   -21.48183416050       -9.66       -4.56    50.0s
    hm1_norm_ρdiff=0.00011960852263830958 hm1_norm_Δρ=6.6125792249687575e-6  error_V_h1=1.4384868042362415  α = 0.0228
 89   -21.48183416059      -10.06       -4.06    60.9s
    hm1_norm_ρdiff=0.00012738619812974352 hm1_norm_Δρ=2.6048502024480535e-5  error_V_h1=1.4387544069586709  α = 0.00401
 90   -21.48183416064      -10.28       -5.13    47.7s
    hm1_norm_ρdiff=0.00011801606700566174 hm1_norm_Δρ=1.609010176836036e-6  error_V_h1=1.438901163199489  α = 0.0464
 91   -21.48183416067      -10.53       -4.54    68.9s
    hm1_norm_ρdiff=0.00011673996156069808 hm1_norm_Δρ=8.353389858250578e-6  error_V_h1=1.4388617478419237  α = 0.00442
 92   -21.48183416073      -10.27       -4.51    60.2s
    hm1_norm_ρdiff=0.00012125266872431125 hm1_norm_Δρ=7.971657996945959e-6  error_V_h1=1.4388179364684224  α = 0.01
 93   -21.48183416074      -11.11       -4.41    68.1s
    hm1_norm_ρdiff=0.0001267545351626725 hm1_norm_Δρ=1.2860164414607013e-5  error_V_h1=1.438779689468688  α = 0.00365
 94   -21.48183416079      -10.29       -5.43    40.4s
    hm1_norm_ρdiff=0.00011833365236184509 hm1_norm_Δρ=9.94336390957957e-7  error_V_h1=1.4386257373601483  α = 0.0821
 95   -21.48183416083      -10.35       -4.59    53.2s
    hm1_norm_ρdiff=0.000118096400305997 hm1_norm_Δρ=7.701702252014462e-6  error_V_h1=1.4387405668975208  α = 0.0105
 96   -21.48183416090      -10.20       -4.93    57.3s
    hm1_norm_ρdiff=0.00011816135589793423 hm1_norm_Δρ=3.237839479211229e-6  error_V_h1=1.4387610071190067  α = 0.0199
 97   -21.48183416091      -10.88       -4.59    62.8s
    hm1_norm_ρdiff=0.00011875702277499767 hm1_norm_Δρ=7.4024955986243134e-6  error_V_h1=1.4386110119805149  α = 0.00989
 98   -21.48183416095      -10.43       -4.42    69.8s
    hm1_norm_ρdiff=0.0001154954568500733 hm1_norm_Δρ=9.745136915793214e-6  error_V_h1=1.4386029617886953  α = 0.00437
 99   -21.48183416098      -10.42       -4.94    52.8s
    hm1_norm_ρdiff=0.00011839160277758666 hm1_norm_Δρ=2.8141660286449564e-6  error_V_h1=1.4384866881590972  α = 0.0226
 100   -21.48183416104      -10.27       -4.15    66.7s
    hm1_norm_ρdiff=0.00011672678384359015 hm1_norm_Δρ=1.9380245564677073e-5  error_V_h1=1.4382412780096188  α = 0.0043
 101   -21.48183416108      -10.33       -5.08    52.4s
    hm1_norm_ρdiff=0.00011881060821061793 hm1_norm_Δρ=2.1982878351162928e-6  error_V_h1=1.4381956494609172  α = 0.0227
 102   -21.48183416111      -10.62       -4.49    68.6s
    hm1_norm_ρdiff=0.00012080401230820425 hm1_norm_Δρ=9.221205743872506e-6  error_V_h1=1.438250673041715  α = 0.00438
 103   -21.48183416115      -10.33       -4.57    59.8s
    hm1_norm_ρdiff=0.00011404510318392536 hm1_norm_Δρ=8.215936001883495e-6  error_V_h1=1.4383561000863079  α = 0.0093
 104   -21.48183416122      -10.20       -4.01    74.9s
    hm1_norm_ρdiff=0.00010174419042429126 hm1_norm_Δρ=3.0631956178206375e-5  error_V_h1=1.4383566965975378  α = 0.00171
 105   -21.48183416125      -10.47       -4.97    51.7s
    hm1_norm_ρdiff=0.00011754874836640457 hm1_norm_Δρ=3.174943582225276e-6  error_V_h1=1.438465937409288  α = 0.0219
 106   -21.48183416126      -10.88       -4.92    64.3s
    hm1_norm_ρdiff=0.0001181593639537128 hm1_norm_Δρ=3.512767647285035e-6  error_V_h1=1.4384483211960608  α = 0.0104
 107   -21.48183416127      -11.16       -4.82    59.2s
    hm1_norm_ρdiff=0.00011780054342644199 hm1_norm_Δρ=4.904154851258316e-6  error_V_h1=1.4384313246451579  α = 0.00925
 108   -21.48183416127      -11.75       -4.73    61.8s
    hm1_norm_ρdiff=0.00011790372133205252 hm1_norm_Δρ=5.398950350646654e-6  error_V_h1=1.4385443633678534  α = 0.00963
 109   -21.48183416127      -11.72       -4.95    60.6s
    hm1_norm_ρdiff=0.0001190368054203794 hm1_norm_Δρ=2.955387169584829e-6  error_V_h1=1.4385735013437757  α = 0.01
 110   -21.48183416130      -10.66       -5.16    53.6s
    hm1_norm_ρdiff=0.00011822263110915202 hm1_norm_Δρ=1.6471082049988557e-6  error_V_h1=1.4386461287469927  α = 0.0228
 111   -21.48183416133      -10.54       -4.56    64.9s
    hm1_norm_ρdiff=0.0001183727718984798 hm1_norm_Δρ=7.345883959490592e-6  error_V_h1=1.438764159815047  α = 0.00441
 112   -21.48183416137      -10.39       -5.40    50.3s
    hm1_norm_ρdiff=0.00011821979244016096 hm1_norm_Δρ=1.0139659875468238e-6  error_V_h1=1.4388136326417846  α = 0.0465
 113   -21.48183416137      -11.25       -4.77    60.9s
    hm1_norm_ρdiff=0.0001178356257977664 hm1_norm_Δρ=4.585418936623964e-6  error_V_h1=1.4387641012696617  α = 0.00938
 114   -21.48183416141      -10.46       -4.53    69.0s
    hm1_norm_ρdiff=0.00012603748885580364 hm1_norm_Δρ=1.0988095955176973e-5  error_V_h1=1.43872149815841  α = 0.00401
 115   -21.48183416141      -11.48       -5.18    60.5s
    hm1_norm_ρdiff=0.00011918220285279891 hm1_norm_Δρ=1.8220750762785244e-6  error_V_h1=1.4387354018662384  α = 0.0105
 116   -21.48183416141      -11.41       -5.18    50.1s
    hm1_norm_ρdiff=0.00011887332984430231 hm1_norm_Δρ=2.2333189016261498e-6  error_V_h1=1.4386943060305364  α = 0.0212
 117   -21.48183416142      -11.01       -5.14    61.1s
    hm1_norm_ρdiff=0.00011850121802744161 hm1_norm_Δρ=1.7079907221032588e-6  error_V_h1=1.4387897303351644  α = 0.0222
 118   -21.48183416142      -11.89       -5.00    60.9s
    hm1_norm_ρdiff=0.0001185422339762513 hm1_norm_Δρ=3.408045406068476e-6  error_V_h1=1.4388202289625016  α = 0.00911
 119   -21.48183416143      -11.29       -5.02    62.5s
    hm1_norm_ρdiff=0.00011854728976670393 hm1_norm_Δρ=2.8509505899287578e-6  error_V_h1=1.438757321655173  α = 0.0102
 120   -21.48183416143      -11.40       -4.77    65.4s
    hm1_norm_ρdiff=0.00011724942714226641 hm1_norm_Δρ=4.852393058039924e-6  error_V_h1=1.4387511696437785  α = 0.00429
 121   -21.48183416144      -11.26       -5.49    54.1s
    hm1_norm_ρdiff=0.0001183630809079875 hm1_norm_Δρ=7.568866221680345e-7  error_V_h1=1.438718900471128  α = 0.0218
 122   -21.48183416144      -12.52       -5.34    61.5s
    hm1_norm_ρdiff=0.00011854818855664876 hm1_norm_Δρ=1.2806027137921042e-6  error_V_h1=1.4386921687305056  α = 0.00924
 123   -21.48183416145      -10.97       -5.29    56.5s
    hm1_norm_ρdiff=0.00011823615545143583 hm1_norm_Δρ=1.297656478153058e-6  error_V_h1=1.4387007750031109  α = 0.023
 124   -21.48183416146      -11.00       -4.76    69.0s
    hm1_norm_ρdiff=0.00011872269103613515 hm1_norm_Δρ=4.82644048874166e-6  error_V_h1=1.4387408354719902  α = 0.00447
 125   -21.48183416147      -11.29       -4.89    67.5s
    hm1_norm_ρdiff=0.00011438096415142078 hm1_norm_Δρ=5.410666049145007e-6  error_V_h1=1.4387550532888558  α = 0.00391
 126   -21.48183416147      -11.76       -5.14    67.9s
    hm1_norm_ρdiff=0.00011764114049009577 hm1_norm_Δρ=1.8657748805674853e-6  error_V_h1=1.4387515220553488  α = 0.00398
 127   -21.48183416148      -10.88       -4.81    68.0s
    hm1_norm_ρdiff=0.00011671948556958917 hm1_norm_Δρ=5.528334526726728e-6  error_V_h1=1.4387564190696223  α = 0.00427
 128   -21.48183416149      -11.05       -5.37    59.4s
    hm1_norm_ρdiff=0.00011792365337593413 hm1_norm_Δρ=1.1046790056787505e-6  error_V_h1=1.4387026978269255  α = 0.0221
 129   -21.48183416150      -11.24       -4.93    69.7s
    hm1_norm_ρdiff=0.0001183510559616269 hm1_norm_Δρ=3.662501990872734e-6  error_V_h1=1.4386860332123628  α = 0.00448
 130   -21.48183416150      -11.53       -5.26    58.7s
    hm1_norm_ρdiff=0.00011814695291393666 hm1_norm_Δρ=1.6443851647601583e-6  error_V_h1=1.4387172542725548  α = 0.0103
 131   -21.48183416150      -12.79       -5.05    62.1s
    hm1_norm_ρdiff=0.00011870424361718728 hm1_norm_Δρ=2.3562402078655248e-6  error_V_h1=1.4387331913619152  α = 0.0092
 132   -21.48183416151      -11.14       -5.88    43.5s
    hm1_norm_ρdiff=0.00011828188012153631 hm1_norm_Δρ=2.7463793521631417e-7  error_V_h1=1.4387562239877576  α = 0.0881
 133   -21.48183416151      -11.45       -5.35    62.5s
    hm1_norm_ρdiff=0.00011805493727374908 hm1_norm_Δρ=1.1785046800591378e-6  error_V_h1=1.4387768166171138  α = 0.0108
 134   -21.48183416151      -11.74       -5.43    62.3s
    hm1_norm_ρdiff=0.00011842206575161212 hm1_norm_Δρ=1.0653235358529329e-6  error_V_h1=1.4387612337599327  α = 0.0103
 135   -21.48183416151      -11.47       -5.81    49.5s
    hm1_norm_ρdiff=0.00011826094002179906 hm1_norm_Δρ=3.552144581253878e-7  error_V_h1=1.4387468714302674  α = 0.0463
 136   -21.48183416152      -12.18       -5.23    68.5s
    hm1_norm_ρdiff=0.00012013863691786655 hm1_norm_Δρ=2.6546859696571176e-6  error_V_h1=1.4387448872401547  α = 0.00377
 137   -21.48183416152      -11.88       -5.54    55.8s
    hm1_norm_ρdiff=0.00011815563395252306 hm1_norm_Δρ=7.316987231534908e-7  error_V_h1=1.4387337441704575  α = 0.0226
 138   -21.48183416152      -11.43       -5.59    56.6s
    hm1_norm_ρdiff=0.00011809259301569908 hm1_norm_Δρ=6.703995151439926e-7  error_V_h1=1.4387517634967448  α = 0.0227
 139   -21.48183416152      -11.64       -5.01    67.2s
    hm1_norm_ρdiff=0.00011971072187875128 hm1_norm_Δρ=3.0129271524332843e-6  error_V_h1=1.4387629003626707  α = 0.00414
 140   -21.48183416153      -11.49       -5.51    54.0s
    hm1_norm_ρdiff=0.00011832296406607691 hm1_norm_Δρ=8.14571733941911e-7  error_V_h1=1.4387185361034311  α = 0.0228
 141   -21.48183416153      -11.96       -5.53    59.1s
    hm1_norm_ρdiff=0.00011814028459647742 hm1_norm_Δρ=8.401725634803757e-7  error_V_h1=1.4387257999835652  α = 0.0105
 142   -21.48183416153      -12.73       -5.26    62.8s
    hm1_norm_ρdiff=0.00011802631952893055 hm1_norm_Δρ=1.6785233921791255e-6  error_V_h1=1.4387175325928436  α = 0.00909
 143   -21.48183416153      -11.95       -5.84    49.9s
    hm1_norm_ρdiff=0.00011822808672445896 hm1_norm_Δρ=3.732340871021137e-7  error_V_h1=1.4386776339322158  α = 0.0462
 144   -21.48183416153      -11.90       -5.80    53.2s
    hm1_norm_ρdiff=0.00011817758330677626 hm1_norm_Δρ=4.017729050460825e-7  error_V_h1=1.4386852219925184  α = 0.0228
 145   -21.48183416153      -12.94       -5.65    53.7s
    hm1_norm_ρdiff=0.00011819927966981922 hm1_norm_Δρ=6.557626821204875e-7  error_V_h1=1.4386939111769192  α = 0.0215
 146   -21.48183416153      -11.92       -5.53    59.3s
    hm1_norm_ρdiff=0.00011833830962183364 hm1_norm_Δρ=7.122783609581834e-7  error_V_h1=1.4386878003687416  α = 0.0108
 147   -21.48183416153      -12.62       -5.41    64.7s
    hm1_norm_ρdiff=0.00011704446879718336 hm1_norm_Δρ=1.7088073307079133e-6  error_V_h1=1.4386911131088176  α = 0.00374
 148   -21.48183416153      -12.12       -5.64    60.5s
    hm1_norm_ρdiff=0.00011832291672749635 hm1_norm_Δρ=5.783374623139228e-7  error_V_h1=1.438695216685856  α = 0.0108
 149   -21.48183416153      -12.29       -5.40    58.1s
    hm1_norm_ρdiff=0.00011846221592098028 hm1_norm_Δρ=1.1264634392419198e-6  error_V_h1=1.4386921213258586  α = 0.0093
 150   -21.48183416153      -13.03       -5.83    62.8s
    hm1_norm_ρdiff=0.00011803787356125503 hm1_norm_Δρ=4.6025671673697443e-7  error_V_h1=1.4386916910663619  α = 0.00991
 151   -21.48183416153      -11.89       -5.54    62.2s
    hm1_norm_ρdiff=0.00011824589542638938 hm1_norm_Δρ=7.782956995057363e-7  error_V_h1=1.4387184577465406  α = 0.0104
 152   -21.48183416153      -12.43       -5.87    60.7s
    hm1_norm_ρdiff=0.00011836236446680105 hm1_norm_Δρ=3.830802609538787e-7  error_V_h1=1.4387157270888287  α = 0.0107
 153   -21.48183416153      -12.06       -5.40    65.6s
    hm1_norm_ρdiff=0.00011840877246447496 hm1_norm_Δρ=1.3034832638105991e-6  error_V_h1=1.43871996938612  α = 0.00442
 154   -21.48183416154      -12.24       -5.70    52.4s
    hm1_norm_ρdiff=0.00011837154587168665 hm1_norm_Δρ=5.462306242809359e-7  error_V_h1=1.438731781532646  α = 0.022
 155   -21.48183416154      -12.66       -5.82    63.0s
    hm1_norm_ρdiff=0.0001183779579833982 hm1_norm_Δρ=4.1656363889730613e-7  error_V_h1=1.4387260905714392  α = 0.0102
 156   -21.48183416154      -12.24       -5.45    61.2s
    hm1_norm_ρdiff=0.00011837927659432962 hm1_norm_Δρ=1.0882182249863288e-6  error_V_h1=1.438718081898586  α = 0.00949
 157   -21.48183416154      -12.76       -5.91    60.9s
    hm1_norm_ρdiff=0.00011825482915326373 hm1_norm_Δρ=2.789268764251041e-7  error_V_h1=1.4387177289754982  α = 0.0107
 158   -21.48183416154      -12.99       -5.63    66.4s
    hm1_norm_ρdiff=0.00011893020713884396 hm1_norm_Δρ=9.742461441183845e-7  error_V_h1=1.4387166902875204  α = 0.00373
 159   -21.48183416154      -12.14       -6.52    40.2s
    hm1_norm_ρdiff=0.00011825727658135653 hm1_norm_Δρ=6.637883516620034e-8  error_V_h1=1.4387136266714111  α = 0.0807
 160   -21.48183416154      -12.40       -5.54    73.3s
    hm1_norm_ρdiff=0.00011813706489662712 hm1_norm_Δρ=9.680209941011419e-7  error_V_h1=1.4387160238008414  α = 0.00408
 161   -21.48183416154      -12.41       -6.30    39.3s
    hm1_norm_ρdiff=0.00011824857386807159 hm1_norm_Δρ=1.0111192799765719e-7  error_V_h1=1.4387135498553898  α = 0.0892
 162   -21.48183416154      -13.13       -5.83    59.9s
    hm1_norm_ρdiff=0.00011812151604059547 hm1_norm_Δρ=4.7033643492700424e-7  error_V_h1=1.4387042974421747  α = 0.00993
 163   -21.48183416154      -12.11       -6.00    52.1s
    hm1_norm_ρdiff=0.00011834906742690218 hm1_norm_Δρ=2.6161103212664885e-7  error_V_h1=1.4386994960180386  α = 0.0228
 164   -21.48183416154      -12.97       -5.63    60.8s
    hm1_norm_ρdiff=0.00011804523142089308 hm1_norm_Δρ=7.717114553926514e-7  error_V_h1=1.4386998297282596  α = 0.00939
 165   -21.48183416154      -12.21       -5.79    56.2s
    hm1_norm_ρdiff=0.00011814755489445075 hm1_norm_Δρ=4.1645090419865135e-7  error_V_h1=1.4387085118319933  α = 0.0224
 166   -21.48183416154      -12.42       -6.02    58.8s
    hm1_norm_ρdiff=0.00011820369438912806 hm1_norm_Δρ=2.9074914232804394e-7  error_V_h1=1.4387195926266378  α = 0.0229
 167   -21.48183416154      -12.30       -5.92    54.9s
    hm1_norm_ρdiff=0.00011841276598489092 hm1_norm_Δρ=3.5293748719680797e-7  error_V_h1=1.438722029434529  α = 0.0212
 168   -21.48183416154      -13.25       -5.93    55.7s
    hm1_norm_ρdiff=0.00011829605286685614 hm1_norm_Δρ=3.283399041827859e-7  error_V_h1=1.4387223845310184  α = 0.0219
 169   -21.48183416154      -12.85       -5.51    66.6s
    hm1_norm_ρdiff=0.0001174701693468857 hm1_norm_Δρ=1.2670945586770636e-6  error_V_h1=1.438721602530299  α = 0.00376
 170   -21.48183416154      -12.50       -6.16    47.3s
    hm1_norm_ρdiff=0.00011829516866049248 hm1_norm_Δρ=1.40534445569077e-7  error_V_h1=1.4387063255170318  α = 0.0468
 171   -21.48183416154      -12.99       -6.25    53.0s
    hm1_norm_ρdiff=0.00011827354484145855 hm1_norm_Δρ=1.6138574654836838e-7  error_V_h1=1.4387049622567938  α = 0.0229
 172   -21.48183416154      -12.56       -5.81    61.5s
    hm1_norm_ρdiff=0.00011824182952728774 hm1_norm_Δρ=3.758270211297389e-7  error_V_h1=1.4387049312041742  α = 0.0106
 173   -21.48183416154      -13.11       -6.24    53.0s
    hm1_norm_ρdiff=0.00011823522201142346 hm1_norm_Δρ=1.7160599552837967e-7  error_V_h1=1.438703686123447  α = 0.0228
 174   -21.48183416154      -12.87       -5.85    60.4s
    hm1_norm_ρdiff=0.00011827821657690194 hm1_norm_Δρ=2.8698229262434724e-7  error_V_h1=1.4387129138655346  α = 0.0105
 175   -21.48183416154      -13.30       -5.94    70.0s
    hm1_norm_ρdiff=0.00011835552448666637 hm1_norm_Δρ=3.9166734783706826e-7  error_V_h1=1.4387128221310366  α = 0.00447
 176   -21.48183416154      -12.92       -6.01    51.2s
    hm1_norm_ρdiff=0.00011827090670710182 hm1_norm_Δρ=2.369974461866961e-7  error_V_h1=1.4387103988332375  α = 0.0219
 177   -21.48183416154      -13.30       -6.15    61.4s
    hm1_norm_ρdiff=0.00011825772544324054 hm1_norm_Δρ=2.1975566009908267e-7  error_V_h1=1.4387074135322264  α = 0.0103
 178   -21.48183416154      -13.13       -5.58    68.1s
    hm1_norm_ρdiff=0.00011763782300669293 hm1_norm_Δρ=1.0053560359728269e-6  error_V_h1=1.4387069326731188  α = 0.00352
 179   -21.48183416154      -12.65       -5.95    62.7s
    hm1_norm_ρdiff=0.00011819994913277255 hm1_norm_Δρ=3.0533622390251786e-7  error_V_h1=1.4387067413556394  α = 0.0106
 180   -21.48183416154      -14.45       -5.51    67.0s
    hm1_norm_ρdiff=0.00011893898561742558 hm1_norm_Δρ=1.1886741369990848e-6  error_V_h1=1.4387079484777143  α = 0.00366
 181   -21.48183416154      -12.91       -6.17    55.6s
    hm1_norm_ρdiff=0.00011822938824245917 hm1_norm_Δρ=1.344681187601888e-7  error_V_h1=1.4387126511082002  α = 0.0231
 182   -21.48183416154      -14.15       -6.12    62.1s
    hm1_norm_ρdiff=0.0001182404172956631 hm1_norm_Δρ=2.1788202576177241e-7  error_V_h1=1.4387136876210118  α = 0.00922
 183   -21.48183416154      -13.45       -6.21    62.6s
    hm1_norm_ρdiff=0.00011826049096351094 hm1_norm_Δρ=1.5586992055256018e-7  error_V_h1=1.4387147164186536  α = 0.0104
 184   -21.48183416154      -13.30       -5.92    61.3s
    hm1_norm_ρdiff=0.00011829452907865455 hm1_norm_Δρ=3.7538836397734454e-7  error_V_h1=1.4387151274929002  α = 0.00957
 185   -21.48183416154      -13.60       -6.67    46.2s
    hm1_norm_ρdiff=0.00011826349391387997 hm1_norm_Δρ=4.783473914218225e-8  error_V_h1=1.4387105641872464  α = 0.0462
 186   -21.48183416154      -13.85       -6.64    54.7s
    hm1_norm_ρdiff=0.00011827574798780544 hm1_norm_Δρ=7.562875482155915e-8  error_V_h1=1.4387094252440895  α = 0.022
 187   -21.48183416154      -13.19       -6.18    60.7s
    hm1_norm_ρdiff=0.00011825109396252693 hm1_norm_Δρ=1.687368793796054e-7  error_V_h1=1.438711520363101  α = 0.0102
 188   -21.48183416154      -13.11       -6.59    54.3s
    hm1_norm_ρdiff=0.00011828039464582338 hm1_norm_Δρ=8.079974957997567e-8  error_V_h1=1.4387115562268378  α = 0.0227
 189   -21.48183416154      -13.75       -5.75    76.7s
    hm1_norm_ρdiff=0.00011874157476032745 hm1_norm_Δρ=7.71412205068978e-7  error_V_h1=1.4387120580407158  α = 0.00155
 190   -21.48183416154      -13.30       -6.67    47.7s
    hm1_norm_ρdiff=0.00011826218547177035 hm1_norm_Δρ=5.9484013535033343e-8  error_V_h1=1.4387092123943825  α = 0.0463
 191   -21.48183416154      -13.09       -5.73    65.2s
    hm1_norm_ρdiff=0.00011783010534750008 hm1_norm_Δρ=7.811823565635912e-7  error_V_h1=1.4387092095072767  α = 0.00392
 192   -21.48183416154      -13.67       -6.38    45.8s
    hm1_norm_ρdiff=0.00011826244347041181 hm1_norm_Δρ=7.838173477972614e-8  error_V_h1=1.4387164400406736  α = 0.0463
 193   -21.48183416154      -13.60       -6.37    58.9s
    hm1_norm_ρdiff=0.00011825553096198376 hm1_norm_Δρ=1.303912602281895e-7  error_V_h1=1.4387168031522388  α = 0.0105
 194   -21.48183416154      -13.27       -6.28    57.9s
    hm1_norm_ρdiff=0.00011824830546204816 hm1_norm_Δρ=1.5525909466914684e-7  error_V_h1=1.4387171031378476  α = 0.0103
 195   -21.48183416154      -14.15       -6.46    53.2s
    hm1_norm_ρdiff=0.00011825066622983595 hm1_norm_Δρ=9.645088291554712e-8  error_V_h1=1.4387175545741664  α = 0.0225
 196   -21.48183416154      -13.19       -6.69    46.1s
    hm1_norm_ρdiff=0.00011825018591312176 hm1_norm_Δρ=5.110205637196951e-8  error_V_h1=1.4387199845395173  α = 0.0462
 197   -21.48183416154      -13.97       -6.59    54.2s
    hm1_norm_ρdiff=0.00011824295891344467 hm1_norm_Δρ=7.787888368799897e-8  error_V_h1=1.4387208473763717  α = 0.0226
 198   -21.48183416154      -13.41       -6.39    58.7s
    hm1_norm_ρdiff=0.00011826256328575575 hm1_norm_Δρ=1.1618452045574908e-7  error_V_h1=1.4387207848967605  α = 0.0107
 199   -21.48183416154      -13.34       -6.64    52.9s
    hm1_norm_ρdiff=0.00011823922024810719 hm1_norm_Δρ=5.767065834627354e-8  error_V_h1=1.4387206159271393  α = 0.0203
 200   -21.48183416154      -13.75       -6.09    74.3s
    hm1_norm_ρdiff=0.00011847356147476734 hm1_norm_Δρ=3.2195935297645697e-7  error_V_h1=1.438720721219728  α = 0.00171
 201   -21.48183416154      -13.37       -6.34    61.6s
    hm1_norm_ρdiff=0.00011825141476986285 hm1_norm_Δρ=1.1984974937998128e-7  error_V_h1=1.438721119145699  α = 0.0106
 202   -21.48183416154      -14.45       -6.16    66.0s
    hm1_norm_ρdiff=0.00011838692018469125 hm1_norm_Δρ=2.738700269191064e-7  error_V_h1=1.43872105989287  α = 0.00408
 203   -21.48183416154      -13.45       -6.49    52.6s
    hm1_norm_ρdiff=0.00011825666795046545 hm1_norm_Δρ=6.502060659542171e-8  error_V_h1=1.438717186575376  α = 0.0231
 204   -21.48183416154      -14.45       -6.77    55.9s
    hm1_norm_ρdiff=0.00011824909384802961 hm1_norm_Δρ=4.885161397895646e-8  error_V_h1=1.4387174144646457  α = 0.0222
 205   -21.48183416154   +    -Inf       -6.28    66.5s
    hm1_norm_ρdiff=0.0001182381530362854 hm1_norm_Δρ=1.7271637035188633e-7  error_V_h1=1.438717683151518  α = 0.00436
 206   -21.48183416154      -13.97       -6.67    51.7s
    hm1_norm_ρdiff=0.0001182627161162308 hm1_norm_Δρ=5.8836834067109957e-8  error_V_h1=1.438717761509989  α = 0.0223
 207   -21.48183416154      -13.97       -6.60    58.2s
    hm1_norm_ρdiff=0.00011827346450004621 hm1_norm_Δρ=6.653083984721342e-8  error_V_h1=1.4387169320308246  α = 0.0098
 208   -21.48183416154      -13.97       -6.49    59.1s
    hm1_norm_ρdiff=0.0001182812434487691 hm1_norm_Δρ=1.006559895839081e-7  error_V_h1=1.4387168348259507  α = 0.00987
 209   -21.48183416154      -13.97       -6.97    54.2s
    hm1_norm_ρdiff=0.00011825584487472405 hm1_norm_Δρ=2.807658172275251e-8  error_V_h1=1.4387168139349444  α = 0.0152
 210   -21.48183416154   +    -Inf       -7.12    53.9s
    hm1_norm_ρdiff=0.00011825599631360808 hm1_norm_Δρ=1.726435243989679e-8  error_V_h1=1.4387165981866232  α = 0.0122
 211   -21.48183416154      -14.15       -6.28    78.9s
    hm1_norm_ρdiff=0.00011841800882715768 hm1_norm_Δρ=2.2016589448733622e-7  error_V_h1=1.4387165668293516  α = 0.00052
 212   -21.48183416154      -13.67       -6.81    54.6s
    hm1_norm_ρdiff=0.00011825230319817348 hm1_norm_Δρ=4.379721281860448e-8  error_V_h1=1.4387144878313218  α = 0.0228
 213   -21.48183416154      -13.55       -6.78    51.6s
    hm1_norm_ρdiff=0.0001182423136819871 hm1_norm_Δρ=4.8145930846746495e-8  error_V_h1=1.4387124943080127  α = 0.0218
 214   -21.48183416154   +    -Inf       -6.62     269s
    hm1_norm_ρdiff=0.00011828375277407771 hm1_norm_Δρ=8.735783922849379e-8  error_V_h1=1.4387124943096208  α = 6.17e-8
 215   -21.48183416154      -14.45       -6.73    62.8s
    hm1_norm_ρdiff=0.00011825915315030921 hm1_norm_Δρ=4.542136340860246e-8  error_V_h1=1.438712891682636  α = 0.0089
 216   -21.48183416154      -13.60       -6.70    51.0s
    hm1_norm_ρdiff=0.00011824033629069346 hm1_norm_Δρ=5.453751118580881e-8  error_V_h1=1.438714623468282  α = 0.0213
 217   -21.48183416154      -14.45       -6.78     144s
    hm1_norm_ρdiff=0.00011824270541524282 hm1_norm_Δρ=5.747618955760584e-8  error_V_h1=1.4387146234683175  α = 3.46e-10
 218   -21.48183416154      -14.45       -6.16     289s
    hm1_norm_ρdiff=0.00011819716860342081 hm1_norm_Δρ=2.3729524210084431e-7  error_V_h1=1.438714623468301  α = 2.27e-14
 219   -21.48183416154   +  -14.15       -5.55     119s
    hm1_norm_ρdiff=0.00011802769018405228 hm1_norm_Δρ=9.740073525013517e-7  error_V_h1=1.438714623468253  α = 0.0
 220   -21.48183416154      -14.15       -5.77     196s
    hm1_norm_ρdiff=0.00011912220656875517 hm1_norm_Δρ=1.0215494927178382e-6  error_V_h1=1.438714623468359  α = 2.21e-10
 221   -21.48183416154   +  -14.15       -6.25     113s
    hm1_norm_ρdiff=0.00011831948213052283 hm1_norm_Δρ=2.300400119798703e-7  error_V_h1=1.4387146234683181  α = 0.0
 222   -21.48183416154      -14.15       -5.77     166s
    hm1_norm_ρdiff=0.00011912220626672226 hm1_norm_Δρ=1.0215491368212948e-6  error_V_h1=1.4387146234683772  α = 2.35e-10
 223   -21.48183416154   +    -Inf       -6.03    67.4s
    hm1_norm_ρdiff=0.00011872188681019256 hm1_norm_Δρ=5.530924097282744e-7  error_V_h1=1.4387149985765184  α = 0.00368
 224   -21.48183416154      -14.45       -6.54     112s
    hm1_norm_ρdiff=0.0001182222891392424 hm1_norm_Δρ=1.1191353158231482e-7  error_V_h1=1.438714998576519  α = 0.0
 225   -21.48183416154      -14.45       -5.87    81.5s
    hm1_norm_ρdiff=0.0001175482651892933 hm1_norm_Δρ=8.316015837073481e-7  error_V_h1=1.4387149020808252  α = 0.000556
 226   -21.48183416154   +  -14.45       -6.78     108s
    hm1_norm_ρdiff=0.0001182458140591045 hm1_norm_Δρ=5.897254142604403e-8  error_V_h1=1.4387149020808294  α = 0.0
 227   -21.48183416154      -14.45       -6.24     146s
    hm1_norm_ρdiff=0.0001179499080705554 hm1_norm_Δρ=3.563096414147078e-7  error_V_h1=1.4387146562869444  α = 0.00278
 228   -21.48183416154   +    -Inf       -6.77     178s
    hm1_norm_ρdiff=0.00011825279552913715 hm1_norm_Δρ=5.826670906120705e-8  error_V_h1=1.4387146562869084  α = 1.28e-10
 229   -21.48183416154      -13.67       -2.74     201s
    hm1_norm_ρdiff=0.00062135483323852 hm1_norm_Δρ=0.0006228072282228035  error_V_h1=1.438714643898086  α = 4.19e-8
 230   -21.48183416154      -14.45       -6.90     324s
    hm1_norm_ρdiff=0.00011826566658193918 hm1_norm_Δρ=3.322005472972785e-8  error_V_h1=1.4387146438980967  α = 1.91e-12
 231   -21.48183416154   +  -14.45       -1.95     165s
    hm1_norm_ρdiff=0.0030365182933104816 hm1_norm_Δρ=0.0030107429015403192  error_V_h1=1.4387146438980303  α = 0.0
 232   -21.48183416154      -14.45       -5.95     375s
    hm1_norm_ρdiff=0.00011880371844467858 hm1_norm_Δρ=6.558589891737449e-7  error_V_h1=1.43871464389808  α = 3.36e-13
 233   -21.48183416154   +  -14.45       -6.19     111s
    hm1_norm_ρdiff=0.00011848537736363782 hm1_norm_Δρ=3.276407134792073e-7  error_V_h1=1.4387146438980931  α = 0.0
 234   -21.48183416154      -14.45       -5.95     316s
    hm1_norm_ρdiff=0.00011880371837249737 hm1_norm_Δρ=6.558589082756471e-7  error_V_h1=1.4387146438980407  α = 2.78e-13
 235   -21.48183416154   +  -14.45       -5.74     117s
    hm1_norm_ρdiff=0.00011904954604942615 hm1_norm_Δρ=1.0154189678684975e-6  error_V_h1=1.4387146438980318  α = 0.0
 236   -21.48183416154   +  -14.45       -5.95     122s
    hm1_norm_ρdiff=0.00011880371840010139 hm1_norm_Δρ=6.55858939362239e-7  error_V_h1=1.4387146438980924  α = 0.0
 237   -21.48183416154      -14.45       -5.95     328s
    hm1_norm_ρdiff=0.0001188037183194711 hm1_norm_Δρ=6.558588469405953e-7  error_V_h1=1.4387146438980718  α = 5.37e-13
 238   -21.48183416154   +    -Inf       -4.73     141s
    hm1_norm_ρdiff=0.0001275075376812797 hm1_norm_Δρ=1.1022377382010067e-5  error_V_h1=1.438714643898047  α = 0.0
 239   -21.48183416154   +  -14.45       -5.95     114s
    hm1_norm_ρdiff=0.00011880371839866607 hm1_norm_Δρ=6.558589370963919e-7  error_V_h1=1.4387146438980392  α = 0.0
 240   -21.48183416154   +  -14.15       -5.95     125s
    hm1_norm_ρdiff=0.00011880371838212417 hm1_norm_Δρ=6.558589176205706e-7  error_V_h1=1.438714643898034  α = 0.0
 241   -21.48183416154      -13.97       -5.95     292s
    hm1_norm_ρdiff=0.000118803718445141 hm1_norm_Δρ=6.558589892287741e-7  error_V_h1=1.438714643898069  α = 1.09e-12
 242   -21.48183416154   +  -14.15       -6.60     109s
    hm1_norm_ρdiff=0.00011826444546514575 hm1_norm_Δρ=9.929149837863849e-8  error_V_h1=1.4387146438980434  α = 0.0
 243   -21.48183416154      -14.45       -5.95    80.1s
    hm1_norm_ρdiff=0.00011880342927318181 hm1_norm_Δρ=6.558590036324022e-7  error_V_h1=1.4387146934166435  α = 0.00053
 244   -21.48183416154   +    -Inf       -7.08     131s
    hm1_norm_ρdiff=0.00011825639548210239 hm1_norm_Δρ=2.115426908370808e-8  error_V_h1=1.4387146934166173  α = 4.95e-10
 245   -21.48183416154   +  -14.15       -4.73     135s
    hm1_norm_ρdiff=0.0001178468059332867 hm1_norm_Δρ=4.749381978594561e-6  error_V_h1=1.438714693416634  α = 0.0
 246   -21.48183416154      -14.45       -6.30     135s
    hm1_norm_ρdiff=0.00011850257670247027 hm1_norm_Δρ=2.9552746387560767e-7  error_V_h1=1.4387146934166117  α = 2.43e-11
 247   -21.48183416154      -14.45       -5.84     295s
    hm1_norm_ρdiff=0.00011894669885803189 hm1_norm_Δρ=8.393230209946117e-7  error_V_h1=1.4387146934166133  α = 1.62e-13
 248   -21.48183416154   +  -14.45       -0.73     187s
    hm1_norm_ρdiff=0.1098310935140728 hm1_norm_Δρ=0.10973294079476195  error_V_h1=1.4387146934166435  α = 0.0
 249   -21.48183416154   +    -Inf       -6.30     135s
    hm1_norm_ρdiff=0.00011850257671863911 hm1_norm_Δρ=2.955274827767441e-7  error_V_h1=1.4387146934166293  α = 3.65e-11
 250   -21.48183416154      -14.45       -3.37     176s
    hm1_norm_ρdiff=0.0003559443037330665 hm1_norm_Δρ=0.0002520442552579898  error_V_h1=1.4387146934166573  α = 6.72e-13
 251   -21.48183416154   +  -14.45       -6.69     104s
    hm1_norm_ρdiff=0.00011830424748529677 hm1_norm_Δρ=8.399368456879906e-8  error_V_h1=1.4387146934166508  α = 0.0
 252   -21.48183416154      -14.45       -6.30     119s
    hm1_norm_ρdiff=0.0001185019258508162 hm1_norm_Δρ=2.9552712379513984e-7  error_V_h1=1.4387147781697862  α = 0.00267
 253   -21.48183416154   +  -14.15       -7.07     100s
    hm1_norm_ρdiff=0.00011825460663792578 hm1_norm_Δρ=2.1746711483025786e-8  error_V_h1=1.4387147781697307  α = 0.0
 254   -21.48183416154      -14.15       -6.06     308s
    hm1_norm_ρdiff=0.00011782385662518122 hm1_norm_Δρ=5.211321818296533e-7  error_V_h1=1.4387147781697842  α = 1.19e-12
 255   -21.48183416154   +  -14.15       -5.12     138s
    hm1_norm_ρdiff=0.00011460833571706923 hm1_norm_Δρ=4.43574201219178e-6  error_V_h1=1.4387147781697787  α = 0.0
 256   -21.48183416154   +    -Inf       -6.06    71.8s
    hm1_norm_ρdiff=0.00011782445366982943 hm1_norm_Δρ=5.211322007370513e-7  error_V_h1=1.438714630263681  α = 0.00138
 257   -21.48183416154      -13.97       -7.18    61.1s
    hm1_norm_ρdiff=0.00011825925517241653 hm1_norm_Δρ=1.5782809551399994e-8  error_V_h1=1.4387145407193276  α = 0.00535
 258   -21.48183416154      -13.97       -7.23     218s
    hm1_norm_ρdiff=0.00011826343994663575 hm1_norm_Δρ=1.683570481825797e-8  error_V_h1=1.438714529381675  α = 0.00128

#-- |ρε - ρref| = 0.00011825869832995132 vs. 1.7782794100389228e-8 = δ*ε  error_V_h1=1.438714529381646  Qε=0.9477873859575289


# --- ε=1.0e-6

n     Energy            log10(ΔE)   log10(Δρ)   Δtime
---   ---------------   ---------   ---------   ------
  1   -21.48167200348                   -0.89    97.7s
    hm1_norm_ρdiff=0.08208638292142892 hm1_norm_Δρ=0.08202744076056775  error_V_h1=3.049459517330743  α = 0.000564
  2   -21.48167861887       -5.18       -1.79    67.5s
    hm1_norm_ρdiff=0.006882832893673099 hm1_norm_Δρ=0.006869214160362495  error_V_h1=2.854927618120429  α = 0.00372
  3   -21.48168074222       -5.67       -2.06    66.1s
    hm1_norm_ρdiff=0.003350649731576797 hm1_norm_Δρ=0.00334193734207651  error_V_h1=2.778817921485102  α = 0.00385
  4   -21.48168290232       -5.67       -2.19    65.6s
    hm1_norm_ρdiff=0.0023482650095106063 hm1_norm_Δρ=0.0023395299980216114  error_V_h1=2.6916440923517735  α = 0.00412
  5   -21.48168379146       -6.05       -2.76    51.7s
    hm1_norm_ρdiff=0.00044660828595851384 hm1_norm_Δρ=0.00043865248726786016  error_V_h1=2.6314665228134597  α = 0.0225
  6   -21.48168425585       -6.33       -2.96    63.1s
    hm1_norm_ρdiff=0.00033469507332990154 hm1_norm_Δρ=0.0003254476647610269  error_V_h1=2.6122677191239996  α = 0.0107
  7   -21.48168448428       -6.64       -2.83    59.3s
    hm1_norm_ρdiff=0.000409976951537558 hm1_norm_Δρ=0.0004045461666546391  error_V_h1=2.606452922125925  α = 0.01
  8   -21.48168480088       -6.50       -3.25    47.3s
    hm1_norm_ρdiff=0.00014068693885428867 hm1_norm_Δρ=0.000127595439998288  error_V_h1=2.60311542815563  α = 0.0466
  9   -21.48168506678       -6.58       -3.20    44.3s
    hm1_norm_ρdiff=0.00015633107489686272 hm1_norm_Δρ=0.00014977818506351834  error_V_h1=2.5931669327128235  α = 0.0463
 10   -21.48168521148       -6.84       -3.16    46.6s
    hm1_norm_ρdiff=0.00017748599180690813 hm1_norm_Δρ=0.0001755358050682238  error_V_h1=2.5929235240767072  α = 0.0461
 11   -21.48168576000       -6.26       -3.12    45.2s
    hm1_norm_ρdiff=0.00019055490942407707 hm1_norm_Δρ=0.00019296497980928666  error_V_h1=2.5659803033469286  α = 0.0463
 12   -21.48168582466       -7.19       -2.95    67.5s
    hm1_norm_ρdiff=0.0005761730098979595 hm1_norm_Δρ=0.0006341680814512818  error_V_h1=2.563768661815813  α = 0.00377
 13   -21.48168672518       -6.05       -2.05    64.7s
    hm1_norm_ρdiff=0.002478168858973183 hm1_norm_Δρ=0.0024928367906701557  error_V_h1=2.5516590870555653  α = 0.00375
 14   -21.48168704691       -6.49       -2.30    72.7s
    hm1_norm_ρdiff=0.0017365442278672713 hm1_norm_Δρ=0.0017425015332918536  error_V_h1=2.545956500268558  α = 0.00163
 15   -21.48168715918       -6.95       -2.82    69.0s
    hm1_norm_ρdiff=0.0005316288442486622 hm1_norm_Δρ=0.000531880593605683  error_V_h1=2.5471393867271854  α = 0.00414
 16   -21.48168751533       -6.45       -2.93    60.7s
    hm1_norm_ρdiff=0.0003093077969775615 hm1_norm_Δρ=0.00029908581940618953  error_V_h1=2.543488049561538  α = 0.0107
 17   -21.48168766803       -6.82       -3.62    48.0s
    hm1_norm_ρdiff=8.953528043979868e-5 hm1_norm_Δρ=5.653897284588224e-5  error_V_h1=2.541542145543278  α = 0.0462
 18   -21.48168768566       -7.75       -2.87    57.3s
    hm1_norm_ρdiff=0.00040882404281953076 hm1_norm_Δρ=0.00040274591226270346  error_V_h1=2.536892487128799  α = 0.00907
 19   -21.48168790502       -6.66       -3.04    54.4s
    hm1_norm_ρdiff=0.0002297737263823994 hm1_norm_Δρ=0.00020926979170272147  error_V_h1=2.518865601316605  α = 0.0225
 20   -21.48168825736       -6.45       -2.94    60.8s
    hm1_norm_ρdiff=0.0003190646164914313 hm1_norm_Δρ=0.0002992149621301627  error_V_h1=2.5057299733272176  α = 0.0106
 21   -21.48168861537       -6.45       -2.90    58.0s
    hm1_norm_ρdiff=0.0003610298496646923 hm1_norm_Δρ=0.00034487859736961836  error_V_h1=2.4906256320980065  α = 0.0105
 22   -21.48168895402       -6.47       -2.96    61.9s
    hm1_norm_ρdiff=0.00031153097694778685 hm1_norm_Δρ=0.00029021987904395095  error_V_h1=2.4805499199710295  α = 0.0106
 23   -21.48168896050       -8.19       -2.73    74.8s
    hm1_norm_ρdiff=0.0010876025666846129 hm1_norm_Δρ=0.0010292090836751123  error_V_h1=2.4803533043862314  α = 0.0012
 24   -21.48168918857       -6.64       -2.32    65.6s
    hm1_norm_ρdiff=0.0012444334883523304 hm1_norm_Δρ=0.0012330950395709247  error_V_h1=2.473453302460727  α = 0.00376
 25   -21.48168922379       -7.45       -3.59    54.3s
    hm1_norm_ρdiff=8.472003843700602e-5 hm1_norm_Δρ=5.449997968292414e-5  error_V_h1=2.4735623766570822  α = 0.0231
 26   -21.48168922638       -8.59       -3.20    58.4s
    hm1_norm_ρdiff=0.00028217558881198817 hm1_norm_Δρ=0.00027744439848145276  error_V_h1=2.4731943311737066  α = 0.00337
 27   -21.48168924214       -7.80       -3.55    43.1s
    hm1_norm_ρdiff=9.590283711796279e-5 hm1_norm_Δρ=6.432293848601381e-5  error_V_h1=2.470923322387134  α = 0.0225
 28   -21.48168926236       -7.69       -3.50    44.8s
    hm1_norm_ρdiff=0.00010129091728800303 hm1_norm_Δρ=7.684984266294681e-5  error_V_h1=2.4749919029844816  α = 0.0223
 29   -21.48168936657       -6.98       -2.85    58.1s
    hm1_norm_ρdiff=0.00046836678522522974 hm1_norm_Δρ=0.0004674702839256354  error_V_h1=2.476004272119787  α = 0.00422
 30   -21.48168946420       -7.01       -3.04    50.2s
    hm1_norm_ρdiff=0.00021468018290639822 hm1_norm_Δρ=0.0002102357125972371  error_V_h1=2.4762423975146155  α = 0.0103
 31   -21.48168947042       -8.21       -3.70    46.3s
    hm1_norm_ρdiff=8.060357155224446e-5 hm1_norm_Δρ=5.742910290396323e-5  error_V_h1=2.4780585142172358  α = 0.0218
 32   -21.48168948728       -7.77       -3.60    63.6s
    hm1_norm_ρdiff=9.401498011601158e-5 hm1_norm_Δρ=6.833671953928036e-5  error_V_h1=2.4783462750712624  α = 0.0106
 33   -21.48168950306       -7.80       -4.11    67.2s
    hm1_norm_ρdiff=6.838178270023889e-5 hm1_norm_Δρ=2.012065672620784e-5  error_V_h1=2.4790069225273834  α = 0.0465
 34   -21.48168950553       -8.61       -2.83     112s
    hm1_norm_ρdiff=0.0007287973337921684 hm1_norm_Δρ=0.0007844902356539995  error_V_h1=2.4790387702100767  α = 0.00118
 35   -21.48168956258       -7.24       -2.70     110s
    hm1_norm_ρdiff=0.0004934688985882128 hm1_norm_Δρ=0.0004966188777267456  error_V_h1=2.4754497012978556  α = 0.00393
 36   -21.48168957479       -7.91       -3.54     105s
    hm1_norm_ρdiff=0.0001072457318457754 hm1_norm_Δρ=7.182015372008859e-5  error_V_h1=2.4757198133462635  α = 0.0103
 37   -21.48168958304       -8.08       -3.14     105s
    hm1_norm_ρdiff=0.00034185616463997567 hm1_norm_Δρ=0.0003293927628051758  error_V_h1=2.4757455027034196  α = 0.00155
 38   -21.48168959527       -7.91       -3.42    54.5s
    hm1_norm_ρdiff=0.00011397646222456682 hm1_norm_Δρ=8.72135198196623e-5  error_V_h1=2.4769692910338423  α = 0.0101
 39   -21.48168961233       -7.77       -3.54    51.0s
    hm1_norm_ρdiff=0.0001060015808456836 hm1_norm_Δρ=7.155113438627676e-5  error_V_h1=2.474557473687633  α = 0.0106
 40   -21.48168961642       -8.39       -3.59    57.6s
    hm1_norm_ρdiff=0.00011467401373834433 hm1_norm_Δρ=8.427358136860049e-5  error_V_h1=2.4736264545110584  α = 0.0043
 41   -21.48168962520       -8.06       -3.55    49.9s
    hm1_norm_ρdiff=0.00010472356866247394 hm1_norm_Δρ=6.766108309352769e-5  error_V_h1=2.4717750907803238  α = 0.0102
 42   -21.48168963715       -7.92       -3.68    50.0s
    hm1_norm_ρdiff=0.00010552112128048013 hm1_norm_Δρ=6.2579506642673e-5  error_V_h1=2.4708674076254917  α = 0.0104
 43   -21.48168963891       -8.76       -4.30    43.5s
    hm1_norm_ρdiff=7.29853725252741e-5 hm1_norm_Δρ=1.1462117302095168e-5  error_V_h1=2.470416629506416  α = 0.0231
 44   -21.48168964186       -8.53       -3.85    50.9s
    hm1_norm_ρdiff=8.935241102145032e-5 hm1_norm_Δρ=3.765472659490129e-5  error_V_h1=2.4701828197048705  α = 0.0102
 45   -21.48168964731       -8.26       -2.90    68.0s
    hm1_norm_ρdiff=0.000689805715016014 hm1_norm_Δρ=0.0006334539081014107  error_V_h1=2.470053486836467  α = 0.000566
 46   -21.48168965717       -8.01       -3.10    57.4s
    hm1_norm_ρdiff=0.00021331562319729338 hm1_norm_Δρ=0.00019254798783725958  error_V_h1=2.470415959651685  α = 0.00397
 47   -21.48168965882       -8.78       -3.86    58.6s
    hm1_norm_ρdiff=7.342624247525346e-5 hm1_norm_Δρ=3.411112913139621e-5  error_V_h1=2.4703776438367973  α = 0.00994
 48   -21.48168965911       -9.53       -3.90    58.2s
    hm1_norm_ρdiff=8.663984806509205e-5 hm1_norm_Δρ=5.523729285417163e-5  error_V_h1=2.470331766598339  α = 0.00161
 49   -21.48168966125       -8.67       -3.72    47.4s
    hm1_norm_ρdiff=8.235811889135625e-5 hm1_norm_Δρ=4.3970678137104604e-5  error_V_h1=2.469622308527025  α = 0.00989
 50   -21.48168966144       -9.73       -4.35    42.3s
    hm1_norm_ρdiff=7.115382205339384e-5 hm1_norm_Δρ=1.1077355963834471e-5  error_V_h1=2.4702673000346196  α = 0.0219
 51   -21.48168966159       -9.83       -4.37    46.1s
    hm1_norm_ρdiff=7.183650766061605e-5 hm1_norm_Δρ=1.3825944398773015e-5  error_V_h1=2.4705332860756513  α = 0.00958
 52   -21.48168966294       -8.87       -3.94    46.4s
    hm1_norm_ρdiff=7.375279343951107e-5 hm1_norm_Δρ=2.8968353125769346e-5  error_V_h1=2.4710119217337523  α = 0.0101
 53   -21.48168966369       -9.12       -4.39    47.3s
    hm1_norm_ρdiff=6.951147292332193e-5 hm1_norm_Δρ=1.2157434206694414e-5  error_V_h1=2.4711097399726016  α = 0.0106
 54   -21.48168966452       -9.08       -4.53    41.1s
    hm1_norm_ρdiff=7.20022624683541e-5 hm1_norm_Δρ=6.981879765504625e-6  error_V_h1=2.4711590944486024  α = 0.023
 55   -21.48168966498       -9.34       -4.36    41.7s
    hm1_norm_ρdiff=7.012490632660695e-5 hm1_norm_Δρ=1.1685417811025773e-5  error_V_h1=2.470926836756644  α = 0.0222
 56   -21.48168966768       -8.57       -4.45    36.8s
    hm1_norm_ρdiff=6.929011263615056e-5 hm1_norm_Δρ=6.494633711818789e-6  error_V_h1=2.4701730608061028  α = 0.0477
 57   -21.48168966866       -9.01       -3.19    57.6s
    hm1_norm_ρdiff=0.0002761568109481297 hm1_norm_Δρ=0.00022285852399916176  error_V_h1=2.4697835123418574  α = 0.00124
 58   -21.48168966904       -9.41       -4.37    47.0s
    hm1_norm_ρdiff=7.609899833712124e-5 hm1_norm_Δρ=1.2003572144842048e-5  error_V_h1=2.46945101281835  α = 0.0104
 59   -21.48168966921       -9.77       -4.41    46.4s
    hm1_norm_ρdiff=6.893518320481401e-5 hm1_norm_Δρ=1.1855168514450018e-5  error_V_h1=2.4692899600481315  α = 0.00983
 60   -21.48168966966       -9.35       -4.35    41.8s
    hm1_norm_ρdiff=7.27220430833073e-5 hm1_norm_Δρ=1.0322186460388449e-5  error_V_h1=2.469462373675703  α = 0.0224
 61   -21.48168966990       -9.62       -4.31    47.0s
    hm1_norm_ρdiff=7.485986026647257e-5 hm1_norm_Δρ=1.477433694956334e-5  error_V_h1=2.4693422547438137  α = 0.00997
 62   -21.48168967041       -9.29       -3.88    53.3s
    hm1_norm_ρdiff=7.654683048556283e-5 hm1_norm_Δρ=2.9083119476377345e-5  error_V_h1=2.469050777036602  α = 0.00431
 63   -21.48168967085       -9.36       -4.32    46.3s
    hm1_norm_ρdiff=7.349461731253717e-5 hm1_norm_Δρ=1.2058289313832611e-5  error_V_h1=2.4688506379537043  α = 0.0105
 64   -21.48168967102       -9.79       -4.76    41.3s
    hm1_norm_ρdiff=7.121027605064047e-5 hm1_norm_Δρ=4.960613190124993e-6  error_V_h1=2.4690375041998105  α = 0.0228
 65   -21.48168967133       -9.50       -4.38    47.9s
    hm1_norm_ρdiff=7.146369862763682e-5 hm1_norm_Δρ=1.0483896909425171e-5  error_V_h1=2.4691118026800374  α = 0.0104
 66   -21.48168967176       -9.37       -4.26    46.6s
    hm1_norm_ρdiff=7.637406282383614e-5 hm1_norm_Δρ=1.4621750825536551e-5  error_V_h1=2.4691180930137038  α = 0.0102
 67   -21.48168967200       -9.62       -4.36    46.8s
    hm1_norm_ρdiff=7.331506135811299e-5 hm1_norm_Δρ=7.917554377226505e-6  error_V_h1=2.46924995434994  α = 0.0105
 68   -21.48168967265       -9.18       -3.28    62.1s
    hm1_norm_ρdiff=0.00016700303364686376 hm1_norm_Δρ=0.0002073389902707251  error_V_h1=2.4692754644788817  α = 0.000588
 69   -21.48168967269      -10.40       -4.57    46.8s
    hm1_norm_ρdiff=6.970551096090238e-5 hm1_norm_Δρ=7.673582342994182e-6  error_V_h1=2.469379885913234  α = 0.00955
 70   -21.48168967275      -10.24       -4.49    52.1s
    hm1_norm_ρdiff=7.479739762586603e-5 hm1_norm_Δρ=9.355068826855012e-6  error_V_h1=2.469402189486252  α = 0.00432
 71   -21.48168967307       -9.49       -4.25    47.1s
    hm1_norm_ρdiff=7.109910393098737e-5 hm1_norm_Δρ=1.3270743791210944e-5  error_V_h1=2.46922179478931  α = 0.0101
 72   -21.48168967310      -10.43       -4.15    52.0s
    hm1_norm_ρdiff=7.194136855076034e-5 hm1_norm_Δρ=2.026575160003813e-5  error_V_h1=2.4692490341899678  α = 0.00361
 73   -21.48168967314      -10.47       -4.48    52.0s
    hm1_norm_ρdiff=7.274186158643084e-5 hm1_norm_Δρ=7.448407923808133e-6  error_V_h1=2.4692802220484045  α = 0.00432
 74   -21.48168967318      -10.38       -4.80    46.5s
    hm1_norm_ρdiff=7.172815976507555e-5 hm1_norm_Δρ=4.5329866193031195e-6  error_V_h1=2.4692631569202734  α = 0.0102
 75   -21.48168967326      -10.09       -4.49    51.7s
    hm1_norm_ρdiff=7.206448769339063e-5 hm1_norm_Δρ=9.708603209374849e-6  error_V_h1=2.4691867964544847  α = 0.00441
 76   -21.48168967331      -10.34       -4.77    46.7s
    hm1_norm_ρdiff=7.157306048048271e-5 hm1_norm_Δρ=4.328212951116056e-6  error_V_h1=2.469121596333589  α = 0.0103
 77   -21.48168967335      -10.36       -4.65    47.5s
    hm1_norm_ρdiff=6.990580520261205e-5 hm1_norm_Δρ=7.072054995867615e-6  error_V_h1=2.4690912841803954  α = 0.00961
 78   -21.48168967338      -10.50       -5.21    36.3s
    hm1_norm_ρdiff=7.13800530794993e-5 hm1_norm_Δρ=1.2976470848882322e-6  error_V_h1=2.4690001702676336  α = 0.0464
 79   -21.48168967339      -11.34       -4.63    58.0s
    hm1_norm_ρdiff=6.376769808436653e-5 hm1_norm_Δρ=1.1220002449212382e-5  error_V_h1=2.4690123082560813  α = 0.0015
 80   -21.48168967346      -10.15       -4.48    51.8s
    hm1_norm_ρdiff=7.495589727103802e-5 hm1_norm_Δρ=9.365272470763533e-6  error_V_h1=2.4689602653453275  α = 0.0044
 81   -21.48168967347      -10.96       -5.08    40.8s
    hm1_norm_ρdiff=7.097365978448653e-5 hm1_norm_Δρ=2.2101464226656238e-6  error_V_h1=2.4689609544144875  α = 0.0221
 82   -21.48168967353      -10.20       -4.48    52.2s
    hm1_norm_ρdiff=7.545530028143711e-5 hm1_norm_Δρ=1.0767563392250047e-5  error_V_h1=2.4690147866718806  α = 0.00404
 83   -21.48168967356      -10.63       -4.23    53.1s
    hm1_norm_ρdiff=7.503304221622304e-5 hm1_norm_Δρ=1.6203061527667856e-5  error_V_h1=2.4689927689720093  α = 0.00366
 84   -21.48168967358      -10.62       -5.06    42.2s
    hm1_norm_ρdiff=7.134279182174155e-5 hm1_norm_Δρ=1.7990383138560206e-6  error_V_h1=2.4689080166266457  α = 0.0229
 85   -21.48168967360      -10.73       -4.89    46.9s
    hm1_norm_ρdiff=7.172736631397405e-5 hm1_norm_Δρ=4.0427810541631e-6  error_V_h1=2.4689295648898426  α = 0.00994
 86   -21.48168967361      -11.15       -4.99    41.6s
    hm1_norm_ρdiff=7.12814036736145e-5 hm1_norm_Δρ=2.6271483396518197e-6  error_V_h1=2.4689047855382578  α = 0.0215
 87   -21.48168967366      -10.30       -4.97    42.6s
    hm1_norm_ρdiff=7.202780672660244e-5 hm1_norm_Δρ=2.666301803556866e-6  error_V_h1=2.4689415650661006  α = 0.0218
 88   -21.48168967366      -11.39       -4.65    47.6s
    hm1_norm_ρdiff=7.40152768536064e-5 hm1_norm_Δρ=7.215455171678946e-6  error_V_h1=2.4689407461556705  α = 0.00945
 89   -21.48168967367      -10.85       -4.92    42.1s
    hm1_norm_ρdiff=7.129809786812413e-5 hm1_norm_Δρ=3.0017377199107723e-6  error_V_h1=2.4689364500575746  α = 0.0222
 90   -21.48168967369      -10.82       -4.02    63.1s
    hm1_norm_ρdiff=5.7088749111085635e-5 hm1_norm_Δρ=3.830027833734426e-5  error_V_h1=2.468954050420871  α = 0.00063
 91   -21.48168967371      -10.73       -5.13    48.3s
    hm1_norm_ρdiff=7.118543549895198e-5 hm1_norm_Δρ=2.2611292424568144e-6  error_V_h1=2.469012136763415  α = 0.00942
 92   -21.48168967373      -10.57       -4.77    47.6s
    hm1_norm_ρdiff=7.237136216294724e-5 hm1_norm_Δρ=4.461969001858445e-6  error_V_h1=2.469031400641866  α = 0.00985
 93   -21.48168967375      -10.81       -4.29    52.0s
    hm1_norm_ρdiff=6.562672515583525e-5 hm1_norm_Δρ=1.6599378653266977e-5  error_V_h1=2.46902316155381  α = 0.0035
 94   -21.48168967376      -11.05       -5.37    35.9s
    hm1_norm_ρdiff=7.132757226768486e-5 hm1_norm_Δρ=1.0405812886552892e-6  error_V_h1=2.469063027743089  α = 0.0458
 95   -21.48168967378      -10.78       -4.48    50.8s
    hm1_norm_ρdiff=7.419776429943606e-5 hm1_norm_Δρ=9.149112454876145e-6  error_V_h1=2.469107947714618  α = 0.00405
 96   -21.48168967382      -10.37       -4.83    46.8s
    hm1_norm_ρdiff=7.056216622754187e-5 hm1_norm_Δρ=3.942111137775508e-6  error_V_h1=2.4691165417036065  α = 0.0101
 97   -21.48168967388      -10.25       -4.39    51.3s
    hm1_norm_ρdiff=7.24213433496842e-5 hm1_norm_Δρ=1.11943626583807e-5  error_V_h1=2.4691514905128207  α = 0.00421
 98   -21.48168967390      -10.53       -4.56    50.8s
    hm1_norm_ρdiff=6.882445089189151e-5 hm1_norm_Δρ=7.934598093372456e-6  error_V_h1=2.469147902878611  α = 0.00395
 99   -21.48168967391      -11.38       -4.76    45.9s
    hm1_norm_ρdiff=6.891304051079216e-5 hm1_norm_Δρ=5.763435991131017e-6  error_V_h1=2.4691745144364408  α = 0.00912
 100   -21.48168967394      -10.45       -4.96    46.0s
    hm1_norm_ρdiff=7.123773561736518e-5 hm1_norm_Δρ=2.7167971972715764e-6  error_V_h1=2.4692035468012983  α = 0.0103
 101   -21.48168967394      -12.72       -4.49    66.8s
    hm1_norm_ρdiff=7.563362899179932e-5 hm1_norm_Δρ=9.890585794409505e-6  error_V_h1=2.4692014814436987  α = 0.000143
 102   -21.48168967395      -11.09       -5.46    41.3s
    hm1_norm_ρdiff=7.129465694330324e-5 hm1_norm_Δρ=9.857021337304083e-7  error_V_h1=2.4692447983653607  α = 0.0229
 103   -21.48168967396      -11.09       -5.02    46.6s
    hm1_norm_ρdiff=7.084744655961557e-5 hm1_norm_Δρ=2.6093230140222554e-6  error_V_h1=2.4692535802873037  α = 0.00994
 104   -21.48168967400      -10.44       -4.24    56.8s
    hm1_norm_ρdiff=7.936712779413401e-5 hm1_norm_Δρ=1.7917692063557637e-5  error_V_h1=2.469278828977179  α = 0.00172
 105   -21.48168967400      -11.31       -4.72    52.5s
    hm1_norm_ρdiff=7.155588603220129e-5 hm1_norm_Δρ=5.025705861787046e-6  error_V_h1=2.469265523614187  α = 0.00387
 106   -21.48168967401      -11.42       -4.65    57.5s
    hm1_norm_ρdiff=6.944789682364287e-5 hm1_norm_Δρ=6.357688516776192e-6  error_V_h1=2.469253126839527  α = 0.00152
 107   -21.48168967402      -10.96       -4.86    52.2s
    hm1_norm_ρdiff=7.26407078717748e-5 hm1_norm_Δρ=3.827779101505937e-6  error_V_h1=2.4692503355932027  α = 0.00351
 108   -21.48168967403      -11.04       -4.73    51.3s
    hm1_norm_ρdiff=7.107024397186876e-5 hm1_norm_Δρ=5.0288150184204545e-6  error_V_h1=2.4692408188895727  α = 0.00422
 109   -21.48168967404      -10.95       -4.49    56.8s
    hm1_norm_ρdiff=7.549744007148366e-5 hm1_norm_Δρ=9.499625777780765e-6  error_V_h1=2.4692343103337193  α = 0.00164
 110   -21.48168967406      -10.55       -4.67    52.8s
    hm1_norm_ρdiff=7.561728424981504e-5 hm1_norm_Δρ=7.468960880081261e-6  error_V_h1=2.4692092525621354  α = 0.00404
 111   -21.48168967407      -11.68       -5.79    42.3s
    hm1_norm_ρdiff=7.131746091422796e-5 hm1_norm_Δρ=4.079914944274687e-7  error_V_h1=2.4691956201401153  α = 0.0227
 112   -21.48168967407      -12.00       -5.38    52.2s
    hm1_norm_ρdiff=7.137758985898291e-5 hm1_norm_Δρ=1.2095821477949978e-6  error_V_h1=2.4691976034559326  α = 0.00375
 113   -21.48168967407      -11.27       -5.22    47.4s
    hm1_norm_ρdiff=7.171748868487302e-5 hm1_norm_Δρ=1.6236097730552998e-6  error_V_h1=2.469161707015131  α = 0.0103
 114   -21.48168967408      -11.19       -5.00    52.9s
    hm1_norm_ρdiff=7.212408817169327e-5 hm1_norm_Δρ=3.0623592871701426e-6  error_V_h1=2.469155998267531  α = 0.00435
 115   -21.48168967408      -11.91       -5.07    57.4s
    hm1_norm_ρdiff=7.10433950515234e-5 hm1_norm_Δρ=2.4765198999476365e-6  error_V_h1=2.46915465975898  α = 0.00152
 116   -21.48168967408      -11.56       -5.56    47.8s
    hm1_norm_ρdiff=7.132198521913456e-5 hm1_norm_Δρ=7.861445307794906e-7  error_V_h1=2.4691777678609057  α = 0.00969
 117   -21.48168967409      -11.59       -4.97    53.4s
    hm1_norm_ρdiff=7.129656559067991e-5 hm1_norm_Δρ=2.3193288374010615e-6  error_V_h1=2.469200335095159  α = 0.00447
 118   -21.48168967409      -11.14       -5.63    42.1s
    hm1_norm_ρdiff=7.129820980241902e-5 hm1_norm_Δρ=5.858910508925184e-7  error_V_h1=2.4692040900944527  α = 0.0216
 119   -21.48168967409      -12.51       -4.82    56.2s
    hm1_norm_ρdiff=7.47569375226876e-5 hm1_norm_Δρ=5.833363207063246e-6  error_V_h1=2.4692156631911018  α = 0.0014
 120   -21.48168967410      -11.46       -4.48    57.6s
    hm1_norm_ρdiff=6.977464290280375e-5 hm1_norm_Δρ=8.326898888832147e-6  error_V_h1=2.4692367769398835  α = 0.00174
 121   -21.48168967410      -11.40       -4.99    52.4s
    hm1_norm_ρdiff=6.938477373022644e-5 hm1_norm_Δρ=3.942404935709949e-6  error_V_h1=2.469253757568107  α = 0.00392
 122   -21.48168967411      -11.30       -5.38    47.2s
    hm1_norm_ρdiff=7.14450680435234e-5 hm1_norm_Δρ=1.0051597999111242e-6  error_V_h1=2.469273494048966  α = 0.0107
 123   -21.48168967411      -11.74       -5.31    46.7s
    hm1_norm_ρdiff=7.107753250415185e-5 hm1_norm_Δρ=1.3449780988235259e-6  error_V_h1=2.4692825124090025  α = 0.00909
 124   -21.48168967411      -12.43       -5.24    47.4s
    hm1_norm_ρdiff=7.116842758539359e-5 hm1_norm_Δρ=1.6373919366710042e-6  error_V_h1=2.4693109586096313  α = 0.00916
 125   -21.48168967411      -11.94       -5.28    52.1s
    hm1_norm_ρdiff=7.09270033619352e-5 hm1_norm_Δρ=1.5057449376775003e-6  error_V_h1=2.4693207100262966  α = 0.00423
 126   -21.48168967411      -12.25       -5.87    42.1s
    hm1_norm_ρdiff=7.13846734863766e-5 hm1_norm_Δρ=3.250028614468481e-7  error_V_h1=2.4693148203184503  α = 0.0225
 127   -21.48168967411      -12.08       -5.33    52.0s
    hm1_norm_ρdiff=7.134144367621019e-5 hm1_norm_Δρ=1.390416423966003e-6  error_V_h1=2.4693002706350278  α = 0.00423
 128   -21.48168967411      -11.69       -5.56    47.6s
    hm1_norm_ρdiff=7.132956784632131e-5 hm1_norm_Δρ=6.223244789908457e-7  error_V_h1=2.4692712254044498  α = 0.0108
 129   -21.48168967411      -12.22       -5.53    42.2s
    hm1_norm_ρdiff=7.129302835372088e-5 hm1_norm_Δρ=6.716453386350532e-7  error_V_h1=2.469264243435579  α = 0.0217
 130   -21.48168967411      -12.23       -4.82    57.9s
    hm1_norm_ρdiff=6.74058959025541e-5 hm1_norm_Δρ=6.634865591530498e-6  error_V_h1=2.469256065034181  α = 0.00129
 131   -21.48168967412      -11.83       -5.22    53.0s
    hm1_norm_ρdiff=7.15043958724722e-5 hm1_norm_Δρ=1.5007061336045185e-6  error_V_h1=2.4692430963160517  α = 0.00453
 132   -21.48168967412      -12.01       -5.23    52.7s
    hm1_norm_ρdiff=7.228760479619068e-5 hm1_norm_Δρ=2.069529417023693e-6  error_V_h1=2.4692308993313667  α = 0.004
 133   -21.48168967412      -12.44       -5.70    42.2s
    hm1_norm_ρdiff=7.128096567511155e-5 hm1_norm_Δρ=4.7003795454141375e-7  error_V_h1=2.4692039345542574  α = 0.0218
 134   -21.48168967412      -11.96       -5.11    52.6s
    hm1_norm_ρdiff=7.202905453870713e-5 hm1_norm_Δρ=2.4230912584151804e-6  error_V_h1=2.469199178915929  α = 0.00365
 135   -21.48168967412      -11.75       -5.27    52.4s
    hm1_norm_ρdiff=7.154741893543909e-5 hm1_norm_Δρ=1.7360405122777779e-6  error_V_h1=2.469188367525545  α = 0.00433
 136   -21.48168967412      -12.45       -5.81    42.4s
    hm1_norm_ρdiff=7.142632908504179e-5 hm1_norm_Δρ=3.979911803238409e-7  error_V_h1=2.4691714525860426  α = 0.0218
 137   -21.48168967412      -12.31       -5.43    47.5s
    hm1_norm_ρdiff=7.12573577574829e-5 hm1_norm_Δρ=8.680849056348101e-7  error_V_h1=2.4691779337721353  α = 0.00981
 138   -21.48168967412      -12.28       -6.07    36.4s
    hm1_norm_ρdiff=7.137663414363744e-5 hm1_norm_Δρ=2.341544090069588e-7  error_V_h1=2.469175658721826  α = 0.0447
 139   -21.48168967412      -11.90       -6.07    41.6s
    hm1_norm_ρdiff=7.140137035273244e-5 hm1_norm_Δρ=2.1506984644875051e-7  error_V_h1=2.4691636280514184  α = 0.0179
 140   -21.48168967412      -11.90       -5.12    52.3s
    hm1_norm_ρdiff=7.157971517810428e-5 hm1_norm_Δρ=2.3616283417151603e-6  error_V_h1=2.4691557193884184  α = 0.00383
 141   -21.48168967412      -13.11       -4.81    63.0s
    hm1_norm_ρdiff=6.86084621426992e-5 hm1_norm_Δρ=5.590659679919113e-6  error_V_h1=2.4691473864570948  α = 0.000622
 142   -21.48168967412      -12.51       -5.67    52.5s
    hm1_norm_ρdiff=7.135476855775718e-5 hm1_norm_Δρ=5.231289264641263e-7  error_V_h1=2.4691497520957735  α = 0.00364
 143   -21.48168967412      -12.45       -5.50    52.2s
    hm1_norm_ρdiff=7.090182882567727e-5 hm1_norm_Δρ=1.055033855949692e-6  error_V_h1=2.4691556145958775  α = 0.00419
 144   -21.48168967413      -12.02       -5.62    48.2s
    hm1_norm_ρdiff=7.13622904571982e-5 hm1_norm_Δρ=5.292613363673111e-7  error_V_h1=2.4691750065802114  α = 0.0106
 145   -21.48168967413      -11.81       -5.00    57.8s
    hm1_norm_ρdiff=7.055433324331582e-5 hm1_norm_Δρ=3.562188954195173e-6  error_V_h1=2.4691746153333605  α = 0.00161
 146   -21.48168967413      -12.20       -6.08    42.2s
    hm1_norm_ρdiff=7.132768916912348e-5 hm1_norm_Δρ=1.8969122027887327e-7  error_V_h1=2.4691796419676995  α = 0.0232
 147   -21.48168967413      -12.13       -5.16    51.8s
    hm1_norm_ρdiff=7.101323360045589e-5 hm1_norm_Δρ=2.1836668382490524e-6  error_V_h1=2.469190217409272  α = 0.00383
 148   -21.48168967413      -12.05       -5.60    47.3s
    hm1_norm_ρdiff=7.123413281244037e-5 hm1_norm_Δρ=5.832738368851698e-7  error_V_h1=2.469192884435152  α = 0.0102
 149   -21.48168967413      -11.87       -5.31    52.0s
    hm1_norm_ρdiff=7.066034030119258e-5 hm1_norm_Δρ=1.5315575962624964e-6  error_V_h1=2.4691939016363786  α = 0.00398
 150   -21.48168967413      -12.59       -6.07    48.4s
    hm1_norm_ρdiff=7.14306463596573e-5 hm1_norm_Δρ=2.4048726767692956e-7  error_V_h1=2.4691839507141173  α = 0.0099
 151   -21.48168967413      -12.48       -5.43    51.7s
    hm1_norm_ρdiff=7.118438098023384e-5 hm1_norm_Δρ=1.10011557644592e-6  error_V_h1=2.4691871778383985  α = 0.00387
 152   -21.48168967413      -13.60       -5.32    61.9s
    hm1_norm_ρdiff=7.17840920826103e-5 hm1_norm_Δρ=1.4771472240138526e-6  error_V_h1=2.469189580735187  α = 0.000584
 153   -21.48168967413      -12.53       -5.98    47.2s
    hm1_norm_ρdiff=7.12811608592401e-5 hm1_norm_Δρ=2.4821139309105614e-7  error_V_h1=2.46919298917306  α = 0.0107
 154   -21.48168967413      -12.66       -5.88    52.8s
    hm1_norm_ρdiff=7.153185853241103e-5 hm1_norm_Δρ=4.803264625328217e-7  error_V_h1=2.469191963436176  α = 0.00409
 155   -21.48168967413      -12.49       -6.01    41.5s
    hm1_norm_ρdiff=7.129904830068888e-5 hm1_norm_Δρ=2.049212160895084e-7  error_V_h1=2.4691873536824764  α = 0.0226
 156   -21.48168967413      -13.60       -5.81    52.1s
    hm1_norm_ρdiff=7.141657601580594e-5 hm1_norm_Δρ=5.640633890620237e-7  error_V_h1=2.4691900100455837  α = 0.00379
 157   -21.48168967413      -12.35       -6.25    42.0s
    hm1_norm_ρdiff=7.132271359930594e-5 hm1_norm_Δρ=1.4158619359497486e-7  error_V_h1=2.4691934197738488  α = 0.0231
 158   -21.48168967413      -12.39       -5.43    53.2s
    hm1_norm_ρdiff=7.141782700650893e-5 hm1_norm_Δρ=1.1638282536109688e-6  error_V_h1=2.4691891327699795  α = 0.00402
 159   -21.48168967413      -12.59       -5.97    47.4s
    hm1_norm_ρdiff=7.135910010564997e-5 hm1_norm_Δρ=2.590007652168064e-7  error_V_h1=2.4691914797534187  α = 0.0106
 160   -21.48168967413      -12.39       -5.95    46.2s
    hm1_norm_ρdiff=7.121025217322527e-5 hm1_norm_Δρ=2.640711606773048e-7  error_V_h1=2.4691959551861844  α = 0.0104
 161   -21.48168967413      -12.55       -5.49    51.6s
    hm1_norm_ρdiff=7.199645534592403e-5 hm1_norm_Δρ=1.0610331725220507e-6  error_V_h1=2.469193638602564  α = 0.00373
 162   -21.48168967413      -12.67       -5.61    51.6s
    hm1_norm_ρdiff=7.12973318886023e-5 hm1_norm_Δρ=6.439851605503338e-7  error_V_h1=2.4691980886699874  α = 0.00419
 163   -21.48168967413      -12.99       -5.42    57.0s
    hm1_norm_ρdiff=7.116771126013291e-5 hm1_norm_Δρ=1.0232726024933096e-6  error_V_h1=2.4691964476808512  α = 0.0017
 164   -21.48168967413      -12.92       -6.10    46.7s
    hm1_norm_ρdiff=7.132210388975275e-5 hm1_norm_Δρ=1.8164958860952502e-7  error_V_h1=2.4692031125160327  α = 0.0103
 165   -21.48168967413      -13.97       -6.38    41.5s
    hm1_norm_ρdiff=7.127262124485367e-5 hm1_norm_Δρ=1.2679901533602374e-7  error_V_h1=2.4692066013576763  α = 0.0218
 166   -21.48168967413      -13.30       -5.88    46.7s
    hm1_norm_ρdiff=7.142839464898337e-5 hm1_norm_Δρ=3.655952678278144e-7  error_V_h1=2.4692107894514352  α = 0.00962
 167   -21.48168967413      -13.60       -5.99    47.5s
    hm1_norm_ρdiff=7.131355330631637e-5 hm1_norm_Δρ=2.738781908661783e-7  error_V_h1=2.4692054864373074  α = 0.00954
 168   -21.48168967413      -13.67       -5.82    47.7s
    hm1_norm_ρdiff=7.139215735682737e-5 hm1_norm_Δρ=3.8616568228392055e-7  error_V_h1=2.469204519530347  α = 0.00913
 169   -21.48168967413      -13.02       -5.96    52.5s
    hm1_norm_ρdiff=7.12983443228353e-5 hm1_norm_Δρ=3.5281772420755283e-7  error_V_h1=2.4692054323524673  α = 0.00439
 170   -21.48168967413      -13.27       -6.27    46.8s
    hm1_norm_ρdiff=7.12949773160511e-5 hm1_norm_Δρ=1.3722767306509966e-7  error_V_h1=2.469205602975961  α = 0.0108
 171   -21.48168967413      -13.17       -6.57    36.9s
    hm1_norm_ρdiff=7.132765355873346e-5 hm1_norm_Δρ=6.761111602209487e-8  error_V_h1=2.469210350882917  α = 0.0447
 172   -21.48168967414      -13.00       -5.26    58.1s
    hm1_norm_ρdiff=6.956912094269357e-5 hm1_norm_Δρ=2.5223000689202795e-6  error_V_h1=2.4692150419629617  α = 0.00131
 173   -21.48168967414      -12.97       -6.31    46.7s
    hm1_norm_ρdiff=7.133020301337567e-5 hm1_norm_Δρ=1.3605050772033454e-7  error_V_h1=2.469214105539786  α = 0.0107
 174   -21.48168967414      -13.22       -5.95    52.3s
    hm1_norm_ρdiff=7.130913704886625e-5 hm1_norm_Δρ=3.0220257273813294e-7  error_V_h1=2.469214526425762  α = 0.00432
 175   -21.48168967414      -12.97       -6.28    42.1s
    hm1_norm_ρdiff=7.131342164329728e-5 hm1_norm_Δρ=1.0889882155626431e-7  error_V_h1=2.469214857064981  α = 0.0229
 176   -21.48168967414      -12.92       -5.97    46.9s
    hm1_norm_ρdiff=7.13502401307076e-5 hm1_norm_Δρ=2.592665921800019e-7  error_V_h1=2.469205809137197  α = 0.0102
 177   -21.48168967414      -13.22       -5.80    51.1s
    hm1_norm_ρdiff=7.109653927834646e-5 hm1_norm_Δρ=5.29362264665641e-7  error_V_h1=2.4692026163451297  α = 0.00386
 178   -21.48168967414      -13.41       -5.90    51.9s
    hm1_norm_ρdiff=7.128018972649117e-5 hm1_norm_Δρ=3.608659989396252e-7  error_V_h1=2.4692050313247997  α = 0.00412
 179   -21.48168967414      -13.07       -5.79    51.5s
    hm1_norm_ρdiff=7.121375241642804e-5 hm1_norm_Δρ=4.150777896839493e-7  error_V_h1=2.4692046592524606  α = 0.00429
 180   -21.48168967414      -13.50       -6.63    41.5s
    hm1_norm_ρdiff=7.131918899681386e-5 hm1_norm_Δρ=5.603546071064859e-8  error_V_h1=2.4692035176148917  α = 0.0228
 181   -21.48168967414      -13.37       -6.44    47.4s
    hm1_norm_ρdiff=7.132254395553848e-5 hm1_norm_Δρ=1.0809664885409852e-7  error_V_h1=2.4692032030589166  α = 0.0103
 182   -21.48168967414      -13.75       -6.07    47.6s
    hm1_norm_ρdiff=7.122887787439804e-5 hm1_norm_Δρ=2.597159733170657e-7  error_V_h1=2.4692007475008464  α = 0.00891
 183   -21.48168967414      -13.67       -5.16    56.8s
    hm1_norm_ρdiff=7.296053555927139e-5 hm1_norm_Δρ=2.595887901382181e-6  error_V_h1=2.4691947136652086  α = 0.00135
 184   -21.48168967414      -14.45       -6.54    42.2s
    hm1_norm_ρdiff=7.12949685870027e-5 hm1_norm_Δρ=7.43946207789317e-8  error_V_h1=2.4691926468854373  α = 0.0225
 185   -21.48168967414      -13.22       -6.31    41.4s
    hm1_norm_ρdiff=7.131547583574696e-5 hm1_norm_Δρ=1.0865232339854019e-7  error_V_h1=2.4691927022811817  α = 0.0222
 186   -21.48168967414      -14.15       -6.30    52.1s
    hm1_norm_ρdiff=7.131497577525698e-5 hm1_norm_Δρ=1.4697501700585854e-7  error_V_h1=2.4691923777236036  α = 0.00411
 187   -21.48168967414      -13.60       -6.28    41.8s
    hm1_norm_ρdiff=7.130683411853403e-5 hm1_norm_Δρ=1.202349473200651e-7  error_V_h1=2.4691997954394562  α = 0.022
 188   -21.48168967414      -13.19       -6.02    53.0s
    hm1_norm_ρdiff=7.144818479845961e-5 hm1_norm_Δρ=3.242119348503709e-7  error_V_h1=2.4692012676818837  α = 0.00396
 189   -21.48168967414      -13.67       -6.36    47.8s
    hm1_norm_ρdiff=7.133123545827175e-5 hm1_norm_Δρ=1.2421213077467857e-7  error_V_h1=2.4692003070741126  α = 0.00998
 190   -21.48168967414      -13.85       -5.95    52.7s
    hm1_norm_ρdiff=7.140568571798974e-5 hm1_norm_Δρ=2.994123546535379e-7  error_V_h1=2.469199648007936  α = 0.00419
 191   -21.48168967414      -13.11       -6.61    41.6s
    hm1_norm_ρdiff=7.131396330627181e-5 hm1_norm_Δρ=5.549785086705476e-8  error_V_h1=2.469200413921537  α = 0.023
 192   -21.48168967414      -13.60       -6.36    48.1s
    hm1_norm_ρdiff=7.131342531581614e-5 hm1_norm_Δρ=1.1845264753584862e-7  error_V_h1=2.469201123120951  α = 0.0103
 193   -21.48168967414      -13.55       -5.80    57.2s
    hm1_norm_ρdiff=7.154407346410399e-5 hm1_norm_Δρ=5.370002227520547e-7  error_V_h1=2.4692020022496215  α = 0.00154
 194   -21.48168967414      -13.25       -5.31    57.8s
    hm1_norm_ρdiff=7.069155588893919e-5 hm1_norm_Δρ=1.394285030127e-6  error_V_h1=2.469207323418095  α = 0.00151
 195   -21.48168967414      -13.75       -6.37    53.0s
    hm1_norm_ρdiff=7.136020127718674e-5 hm1_norm_Δρ=1.1424921777757697e-7  error_V_h1=2.469207913529492  α = 0.00421
 196   -21.48168967414      -13.50       -6.14    47.3s
    hm1_norm_ρdiff=7.13200487934624e-5 hm1_norm_Δρ=1.5531398862274603e-7  error_V_h1=2.4692073820548357  α = 0.0101
 197   -21.48168967414      -14.45       -6.28    52.6s
    hm1_norm_ρdiff=7.13065971336888e-5 hm1_norm_Δρ=1.6860424504868857e-7  error_V_h1=2.469207250048667  α = 0.00378
 198   -21.48168967414      -13.19       -6.23    46.4s
    hm1_norm_ρdiff=7.131572541915682e-5 hm1_norm_Δρ=1.373109225635572e-7  error_V_h1=2.4692034510658543  α = 0.0106
 199   -21.48168967414      -13.60       -6.20    51.4s
    hm1_norm_ρdiff=7.122955827967683e-5 hm1_norm_Δρ=2.1534364356445273e-7  error_V_h1=2.4692028999239937  α = 0.00381
 200   -21.48168967414   +    -Inf       -6.32    52.2s
    hm1_norm_ρdiff=7.129875075344175e-5 hm1_norm_Δρ=1.394998871030588e-7  error_V_h1=2.4692032963800643  α = 0.00397
 201   -21.48168967414      -13.97       -6.44    52.7s
    hm1_norm_ρdiff=7.128612515944194e-5 hm1_norm_Δρ=1.0083976895554896e-7  error_V_h1=2.4692034304143817  α = 0.00424
 202   -21.48168967414      -13.97       -6.96     106s
    hm1_norm_ρdiff=7.131981002859474e-5 hm1_norm_Δρ=2.5865194127316754e-8  error_V_h1=2.4692034296435437  α = 4.59e-5
 203   -21.48168967414   +    -Inf       -6.51    52.4s
    hm1_norm_ρdiff=7.13155062733836e-5 hm1_norm_Δρ=9.38848761502304e-8  error_V_h1=2.4692035125217378  α = 0.0041
 204   -21.48168967414      -13.85       -6.48    63.3s
    hm1_norm_ρdiff=7.135484635104117e-5 hm1_norm_Δρ=1.0246346294443457e-7  error_V_h1=2.469203551605261  α = 0.000391
 205   -21.48168967414      -13.85       -5.87    57.9s
    hm1_norm_ρdiff=7.14390859293011e-5 hm1_norm_Δρ=3.462953194456204e-7  error_V_h1=2.4692017040336722  α = 0.00171
 206   -21.48168967414      -13.97       -6.64    47.6s
    hm1_norm_ρdiff=7.130638471854444e-5 hm1_norm_Δρ=5.967991465547238e-8  error_V_h1=2.4692022813622665  α = 0.0105
 207   -21.48168967414      -13.97       -6.48    46.7s
    hm1_norm_ρdiff=7.130481412003009e-5 hm1_norm_Δρ=7.124405043912377e-8  error_V_h1=2.469202430528436  α = 0.0103
 208   -21.48168967414      -14.45       -6.07    63.1s
    hm1_norm_ρdiff=7.138756001116687e-5 hm1_norm_Δρ=2.781519735393088e-7  error_V_h1=2.46920246648495  α = 0.000492
 209   -21.48168967414      -13.75       -6.79    40.9s
    hm1_norm_ρdiff=7.132828699993829e-5 hm1_norm_Δρ=4.359395594328942e-8  error_V_h1=2.4692050047488703  α = 0.0218
 210   -21.48168967414   +    -Inf       -6.53    46.9s
    hm1_norm_ρdiff=7.135183879628495e-5 hm1_norm_Δρ=9.947796434570798e-8  error_V_h1=2.4692052786522507  α = 0.00902
 211   -21.48168967414   +    -Inf       -6.56    47.0s
    hm1_norm_ρdiff=7.128937467451207e-5 hm1_norm_Δρ=8.812539952534632e-8  error_V_h1=2.469204895268028  α = 0.00912
Trying again without preconditioner ...
n     Energy            log10(ΔE)   log10(Δρ)   Δtime
---   ---------------   ---------   ---------   ------
  1   -21.48168967414                   -4.99    73.3s
    hm1_norm_ρdiff=7.298887516218269e-5 hm1_norm_Δρ=3.7159756181340044e-6  error_V_h1=2.4692041937865685  α = 0.000436
  2   -21.48168967414      -13.50       -5.09    61.8s
    hm1_norm_ρdiff=7.087855440937409e-5 hm1_norm_Δρ=2.292596049463043e-6  error_V_h1=2.4692032869862133  α = 0.000452
  3   -21.48168967414      -13.85       -5.38    62.1s
    hm1_norm_ρdiff=7.160140521667228e-5 hm1_norm_Δρ=9.704901043089813e-7  error_V_h1=2.4692029073064825  α = 0.000561
  4   -21.48168967414   +    -Inf       -5.35    62.5s
    hm1_norm_ρdiff=7.075845818617395e-5 hm1_norm_Δρ=1.3124422299982545e-6  error_V_h1=2.4692026526416013  α = 0.000454
  5   -21.48168967414      -13.67       -5.68    57.0s
    hm1_norm_ρdiff=7.133382776425998e-5 hm1_norm_Δρ=5.091339774778042e-7  error_V_h1=2.469202677802486  α = 0.0013
  6   -21.48168967414      -14.45       -5.80     169s
    hm1_norm_ρdiff=7.121908916603854e-5 hm1_norm_Δρ=3.651855554121809e-7  error_V_h1=2.4692026778017273  α = 4.76e-9
  7   -21.48168967414   +    -Inf       -5.95    58.7s
    hm1_norm_ρdiff=7.141365369245776e-5 hm1_norm_Δρ=2.4891067510989314e-7  error_V_h1=2.469200849151918  α = 0.00148
  8   -21.48168967414      -14.45       -5.97    57.6s
    hm1_norm_ρdiff=7.124952811573565e-5 hm1_norm_Δρ=2.9833869383189835e-7  error_V_h1=2.4691997290115  α = 0.00123
  9   -21.48168967414      -14.15       -5.96     103s
    hm1_norm_ρdiff=7.131533361712613e-5 hm1_norm_Δρ=2.1074008261367304e-7  error_V_h1=2.4691997290143597  α = 1.64e-8
 10   -21.48168967414      -14.45       -6.13     109s
    hm1_norm_ρdiff=7.131439913110923e-5 hm1_norm_Δρ=1.4807052710449198e-7  error_V_h1=2.4691997290142447  α = 1.44e-11
 11   -21.48168967414   +  -14.15       -5.15     100s
    hm1_norm_ρdiff=7.127487359477296e-5 hm1_norm_Δρ=1.3844844437016023e-6  error_V_h1=2.4691997290142647  α = 0.0
 12   -21.48168967414      -14.45       -5.07    63.1s
    hm1_norm_ρdiff=7.096645902893343e-5 hm1_norm_Δρ=3.1193304327689558e-6  error_V_h1=2.4692011248915944  α = 0.000435
 13   -21.48168967414      -13.97       -5.40    61.9s
    hm1_norm_ρdiff=7.121063431930854e-5 hm1_norm_Δρ=1.3466532678917622e-6  error_V_h1=2.4692019197897768  α = 0.000419
 14   -21.48168967414      -14.15       -5.75     136s
    hm1_norm_ρdiff=7.117631704346124e-5 hm1_norm_Δρ=4.2959718376089984e-7  error_V_h1=2.469201921448492  α = 1.88e-6
 15   -21.48168967414   +    -Inf       -5.80    88.5s
    hm1_norm_ρdiff=7.163086467104073e-5 hm1_norm_Δρ=5.538355595173417e-7  error_V_h1=2.4692019214484944  α = 0.0
 16   -21.48168967414      -13.97       -5.21    68.6s
    hm1_norm_ρdiff=7.141761559940183e-5 hm1_norm_Δρ=2.137033171101567e-6  error_V_h1=2.469201657065487  α = 0.000188
 17   -21.48168967414   +  -14.45       -5.90    94.5s
    hm1_norm_ρdiff=7.165479043217614e-5 hm1_norm_Δρ=5.795911178269745e-7  error_V_h1=2.4692016570655304  α = 0.0
 18   -21.48168967414      -13.85       -5.65     185s
    hm1_norm_ρdiff=7.156132418081337e-5 hm1_norm_Δρ=7.753123091906297e-7  error_V_h1=2.469201655271762  α = 3.26e-6
 19   -21.48168967414      -14.45       -6.25     229s
    hm1_norm_ρdiff=7.119168166622277e-5 hm1_norm_Δρ=2.1952759383524922e-7  error_V_h1=2.4692016552718044  α = 4.66e-13
 20   -21.48168967414   +  -14.45       -4.80     100s
    hm1_norm_ρdiff=6.824362839740694e-5 hm1_norm_Δρ=5.910328396930045e-6  error_V_h1=2.469201655271792  α = 0.0
 21   -21.48168967414   +    -Inf       -5.65    96.0s
    hm1_norm_ρdiff=7.155719651802884e-5 hm1_norm_Δρ=7.664554837706783e-7  error_V_h1=2.4692016552717955  α = 0.0
 22   -21.48168967414   +    -Inf       -5.65     137s
    hm1_norm_ρdiff=7.155719661642676e-5 hm1_norm_Δρ=7.66455585071728e-7  error_V_h1=2.4692016552716938  α = 1.23e-11

#-- |ρε - ρref| = 7.13168616152413e-5 vs. 1.0e-8 = δ*ε  error_V_h1=2.4692016552716938  Qε=0.9599615285454642


# --- ε=5.62341325190349e-7

n     Energy            log10(ΔE)   log10(Δρ)   Δtime
---   ---------------   ---------   ---------   ------
  1   -21.48156813881                   -0.89    76.5s
    hm1_norm_ρdiff=0.0820994639979308 hm1_norm_Δρ=0.082078131224996  error_V_h1=5.002194840113325  α = 0.000465
  2   -21.48157332682       -5.28       -1.79    57.7s
    hm1_norm_ρdiff=0.006901976607553484 hm1_norm_Δρ=0.006890944696413072  error_V_h1=4.843940035174901  α = 0.00153
  3   -21.48157492478       -5.80       -2.05    58.2s
    hm1_norm_ρdiff=0.0033933857361130677 hm1_norm_Δρ=0.003386823089883908  error_V_h1=4.788820126547769  α = 0.00158
  4   -21.48157533619       -6.39       -2.17    52.3s
    hm1_norm_ρdiff=0.002412709760960827 hm1_norm_Δρ=0.0024107880310800544  error_V_h1=4.752404311685973  α = 0.00343
  5   -21.48157634961       -5.99       -2.73    46.3s
    hm1_norm_ρdiff=0.00046712994882682326 hm1_norm_Δρ=0.0004632872995313876  error_V_h1=4.702953028101191  α = 0.0104
  6   -21.48157665250       -6.52       -2.90    45.9s
    hm1_norm_ρdiff=0.0003697679027461626 hm1_norm_Δρ=0.0003685355543485346  error_V_h1=4.686612899509192  α = 0.00989
  7   -21.48157697930       -6.49       -2.72    52.5s
    hm1_norm_ρdiff=0.0005209808132173014 hm1_norm_Δρ=0.0005203078337230332  error_V_h1=4.676107131856326  α = 0.00439
  8   -21.48157780546       -6.08       -3.09    41.1s
    hm1_norm_ρdiff=0.00018301455558378496 hm1_norm_Δρ=0.00018392251195005878  error_V_h1=4.65086754889668  α = 0.0231
  9   -21.48157878463       -6.01       -2.96    41.5s
    hm1_norm_ρdiff=0.0002491445345291826 hm1_norm_Δρ=0.00025564931736444374  error_V_h1=4.611746951457304  α = 0.0229
 10   -21.48157980282       -5.99       -2.90    42.5s
    hm1_norm_ρdiff=0.00031957586669851195 hm1_norm_Δρ=0.000329939790955774  error_V_h1=4.572388532321377  α = 0.0225
 11   -21.48158145583       -5.78       -2.84    41.4s
    hm1_norm_ρdiff=0.00035930223368348986 hm1_norm_Δρ=0.00037329439952307026  error_V_h1=4.4946237473676875  α = 0.0226
 12   -21.48158579968       -5.36       -1.21    62.9s
    hm1_norm_ρdiff=0.016710301140803435 hm1_norm_Δρ=0.01673832928406508  error_V_h1=4.388822528845163  α = 0.00053
 13   -21.48158592244       -6.91       -2.47    58.4s
    hm1_norm_ρdiff=0.0013615191041894052 hm1_norm_Δρ=0.0013743630305660746  error_V_h1=4.387556892510441  α = 0.00145
 14   -21.48158595056       -7.55       -2.82    57.2s
    hm1_norm_ρdiff=0.0005491417878596684 hm1_norm_Δρ=0.0005540217381902446  error_V_h1=4.387768203105162  α = 0.00152
 15   -21.48158674367       -6.10       -2.21    57.3s
    hm1_norm_ρdiff=0.002099195578603779 hm1_norm_Δρ=0.0021037831702647486  error_V_h1=4.37457162107401  α = 0.00163
 16   -21.48158681790       -7.13       -3.17    46.5s
    hm1_norm_ρdiff=0.00017549443197200474 hm1_norm_Δρ=0.0001701465842930555  error_V_h1=4.377686182743449  α = 0.00998
 17   -21.48158691745       -7.00       -2.85    51.3s
    hm1_norm_ρdiff=0.0004243820633349015 hm1_norm_Δρ=0.00042126174085618296  error_V_h1=4.377194015387486  α = 0.00401
 18   -21.48158693858       -7.68       -3.47    46.4s
    hm1_norm_ρdiff=0.00010571904517669747 hm1_norm_Δρ=9.034266926423063e-5  error_V_h1=4.375146721279184  α = 0.0101
 19   -21.48158702064       -7.09       -3.08    47.9s
    hm1_norm_ρdiff=0.0002014782857176785 hm1_norm_Δρ=0.0001890916999695675  error_V_h1=4.369336487605274  α = 0.00996
 20   -21.48158722217       -6.70       -2.66    52.4s
    hm1_norm_ρdiff=0.0005321458691389995 hm1_norm_Δρ=0.0005223419585894043  error_V_h1=4.366608766265437  α = 0.00413
 21   -21.48158748791       -6.58       -2.39    51.9s
    hm1_norm_ρdiff=0.0010773632973714116 hm1_norm_Δρ=0.0010686561192404355  error_V_h1=4.363711713867572  α = 0.00368
 22   -21.48158760479       -6.93       -2.21    51.9s
    hm1_norm_ρdiff=0.0015721890923241523 hm1_norm_Δρ=0.0015601234635424014  error_V_h1=4.370067682623256  α = 0.00336
 23   -21.48158769579       -7.04       -2.05    62.9s
    hm1_norm_ρdiff=0.0024912330044668594 hm1_norm_Δρ=0.0024647596897995477  error_V_h1=4.365845746947522  α = 0.000527
 24   -21.48158771248       -7.78       -2.92    57.7s
    hm1_norm_ρdiff=0.0004956390313989429 hm1_norm_Δρ=0.00048028792965952306  error_V_h1=4.364345118413044  α = 0.00148
 25   -21.48158771872       -8.21       -3.19    57.6s
    hm1_norm_ρdiff=0.00024178182947624265 hm1_norm_Δρ=0.00023053058980959692  error_V_h1=4.363319681837048  α = 0.00157
 26   -21.48158773485       -7.79       -3.44    52.1s
    hm1_norm_ρdiff=0.0001175131846157151 hm1_norm_Δρ=0.00010537620777349082  error_V_h1=4.360625828864218  α = 0.00425
 27   -21.48158777488       -7.40       -3.13    47.1s
    hm1_norm_ρdiff=0.00018323717516601206 hm1_norm_Δρ=0.00018029367276786563  error_V_h1=4.351407849860813  α = 0.00947
 28   -21.48158780733       -7.49       -3.22    51.1s
    hm1_norm_ρdiff=0.00018050605918465458 hm1_norm_Δρ=0.00017634807794954165  error_V_h1=4.3485469490844  α = 0.00429
 29   -21.48158783397       -7.57       -3.19    51.4s
    hm1_norm_ρdiff=0.00017600469698434232 hm1_norm_Δρ=0.00017334516861123485  error_V_h1=4.347054790347288  α = 0.00425
 30   -21.48158784919       -7.82       -3.14    47.6s
    hm1_norm_ρdiff=0.00016503357419093203 hm1_norm_Δρ=0.00016541083252480656  error_V_h1=4.346524452049399  α = 0.00925
 31   -21.48158789322       -7.36       -3.43    46.2s
    hm1_norm_ρdiff=8.890636383302602e-5 hm1_norm_Δρ=8.485012076708851e-5  error_V_h1=4.341888183902413  α = 0.0106
 32   -21.48158799048       -7.01       -2.79    52.3s
    hm1_norm_ρdiff=0.00043744439843786885 hm1_norm_Δρ=0.0004445631699671214  error_V_h1=4.340227425203147  α = 0.00396
 33   -21.48158812328       -6.88       -2.40    51.1s
    hm1_norm_ρdiff=0.0010350320881245844 hm1_norm_Δρ=0.0010497924722486377  error_V_h1=4.341050242417563  α = 0.00351
 34   -21.48158812585       -8.59       -2.90    56.1s
    hm1_norm_ρdiff=0.0003373876125167234 hm1_norm_Δρ=0.00036013951939198747  error_V_h1=4.3414336173470645  α = 0.00124
 35   -21.48158813661       -7.97       -3.32    51.3s
    hm1_norm_ρdiff=0.00015633368790819371 hm1_norm_Δρ=0.0001588965214903093  error_V_h1=4.34021540942472  α = 0.00398
 36   -21.48158815933       -7.64       -3.16    52.8s
    hm1_norm_ρdiff=0.0001940708531491572 hm1_norm_Δρ=0.00018340023541828452  error_V_h1=4.336287756334105  α = 0.00411
 37   -21.48158817909       -7.70       -3.05    57.3s
    hm1_norm_ρdiff=0.0003027174773858757 hm1_norm_Δρ=0.00028998198960706646  error_V_h1=4.334090567004246  α = 0.00161
 38   -21.48158824585       -7.18       -3.01    52.8s
    hm1_norm_ρdiff=0.00027711121727527966 hm1_norm_Δρ=0.0002661010162117054  error_V_h1=4.329373970125792  α = 0.00426
 39   -21.48158826742       -7.67       -3.60    47.7s
    hm1_norm_ρdiff=7.30828115126192e-5 hm1_norm_Δρ=6.038446360263567e-5  error_V_h1=4.327460850591677  α = 0.0105
 40   -21.48158827460       -8.14       -3.49    52.9s
    hm1_norm_ρdiff=0.00011486387548879573 hm1_norm_Δρ=0.00010398038656046161  error_V_h1=4.32631417210726  α = 0.00411
 41   -21.48158830685       -7.49       -3.04    51.6s
    hm1_norm_ρdiff=0.00022170690722358974 hm1_norm_Δρ=0.00021008099671675738  error_V_h1=4.326712078990167  α = 0.00414
 42   -21.48158832500       -7.74       -3.90    42.0s
    hm1_norm_ρdiff=5.7516727400156706e-5 hm1_norm_Δρ=2.4961783561040088e-5  error_V_h1=4.321577806804116  α = 0.0231
 43   -21.48158833730       -7.91       -3.17    52.8s
    hm1_norm_ρdiff=0.00019436085912577852 hm1_norm_Δρ=0.0001770170934549429  error_V_h1=4.321797301417035  α = 0.00386
 44   -21.48158844187       -6.98       -2.59    57.8s
    hm1_norm_ρdiff=0.0006982258746008887 hm1_norm_Δρ=0.0006828341919240054  error_V_h1=4.322863644919563  α = 0.00163
 45   -21.48158844781       -8.23       -3.10    52.9s
    hm1_norm_ρdiff=0.00022262601329154052 hm1_norm_Δρ=0.00019758314927422572  error_V_h1=4.321002166950169  α = 0.00357
 46   -21.48158846967       -7.66       -2.79    57.6s
    hm1_norm_ρdiff=0.0004336670394670863 hm1_norm_Δρ=0.0004363501702851352  error_V_h1=4.3178127664427555  α = 0.00155
 47   -21.48158847274       -8.51       -3.22    57.1s
    hm1_norm_ρdiff=0.00020566534417377366 hm1_norm_Δρ=0.00021184550951094223  error_V_h1=4.317756063631617  α = 0.00143
 48   -21.48158847522       -8.61       -3.84    46.8s
    hm1_norm_ρdiff=6.512833613341939e-5 hm1_norm_Δρ=3.481152296926478e-5  error_V_h1=4.315244598881751  α = 0.0099
 49   -21.48158847845       -8.49       -3.71    51.7s
    hm1_norm_ρdiff=6.473972403297795e-5 hm1_norm_Δρ=5.467329401399305e-5  error_V_h1=4.315094855488947  α = 0.00432
 50   -21.48158848076       -8.64       -4.08    46.0s
    hm1_norm_ρdiff=5.5048043036189364e-5 hm1_norm_Δρ=2.1772494647019716e-5  error_V_h1=4.314969868836418  α = 0.0104
 51   -21.48158848166       -9.05       -3.51    52.0s
    hm1_norm_ρdiff=9.643690849327461e-5 hm1_norm_Δρ=8.879752635567093e-5  error_V_h1=4.315084414274702  α = 0.00354
 52   -21.48158848583       -8.38       -3.54    51.9s
    hm1_norm_ρdiff=8.277351180703653e-5 hm1_norm_Δρ=7.292961382857809e-5  error_V_h1=4.31569461075099  α = 0.00419
 53   -21.48158848752       -8.77       -4.03    46.9s
    hm1_norm_ρdiff=5.079433062128425e-5 hm1_norm_Δρ=2.6407040274305297e-5  error_V_h1=4.315347796855529  α = 0.01
 54   -21.48158849313       -8.25       -3.42    52.6s
    hm1_norm_ρdiff=9.822749881225786e-5 hm1_norm_Δρ=0.00010044606132585697  error_V_h1=4.315979111616613  α = 0.00402
 55   -21.48158849544       -8.64       -3.32    57.1s
    hm1_norm_ρdiff=0.0001247105296245289 hm1_norm_Δρ=0.00010169182180521136  error_V_h1=4.316561390293094  α = 0.00161
 56   -21.48158849667       -8.91       -2.71    58.5s
    hm1_norm_ρdiff=0.0004625972050909271 hm1_norm_Δρ=0.0004818075250042144  error_V_h1=4.317776157065276  α = 0.00117
 57   -21.48158849776       -8.96       -3.56    57.5s
    hm1_norm_ρdiff=9.21247659876593e-5 hm1_norm_Δρ=7.495169674725384e-5  error_V_h1=4.318051478020844  α = 0.00164
 58   -21.48158849844       -9.17       -3.65    57.0s
    hm1_norm_ρdiff=9.979584011350052e-5 hm1_norm_Δρ=7.724305170881645e-5  error_V_h1=4.318206254942251  α = 0.00152
 59   -21.48158850090       -8.61       -3.79    52.5s
    hm1_norm_ρdiff=5.32444963136012e-5 hm1_norm_Δρ=3.733255943670968e-5  error_V_h1=4.318821239663986  α = 0.00445
 60   -21.48158850402       -8.51       -4.62    36.0s
    hm1_norm_ρdiff=4.916579304946202e-5 hm1_norm_Δρ=5.006585123902576e-6  error_V_h1=4.3184121333602885  α = 0.0463
 61   -21.48158850704       -8.52       -3.73    52.1s
    hm1_norm_ρdiff=5.934469605863773e-5 hm1_norm_Δρ=4.134740755319113e-5  error_V_h1=4.317977012429431  α = 0.00444
 62   -21.48158850855       -8.82       -3.46    57.8s
    hm1_norm_ρdiff=0.00012890891148662875 hm1_norm_Δρ=0.00011381257391394951  error_V_h1=4.317726656370246  α = 0.00152
 63   -21.48158850925       -9.16       -4.06    53.1s
    hm1_norm_ρdiff=5.4960221307431354e-5 hm1_norm_Δρ=2.240601612698247e-5  error_V_h1=4.317453117127323  α = 0.00439
 64   -21.48158850964       -9.42       -3.78    51.3s
    hm1_norm_ρdiff=7.387763100409417e-5 hm1_norm_Δρ=5.038186426092605e-5  error_V_h1=4.317316463634585  α = 0.00357
 65   -21.48158851020       -9.25       -3.95    51.9s
    hm1_norm_ρdiff=6.109258917116357e-5 hm1_norm_Δρ=2.795623798584626e-5  error_V_h1=4.316983637532917  α = 0.00415
 66   -21.48158851035       -9.84       -3.87    52.1s
    hm1_norm_ρdiff=4.8046964333079393e-5 hm1_norm_Δρ=2.5894086168843e-5  error_V_h1=4.316538609187512  α = 0.0036
 67   -21.48158851350       -8.50       -2.84    63.8s
    hm1_norm_ρdiff=0.00036996194004103837 hm1_norm_Δρ=0.00034701354895569445  error_V_h1=4.316196207969993  α = 0.000573
 68   -21.48158851358      -10.09       -4.34    53.7s
    hm1_norm_ρdiff=4.799228902380148e-5 hm1_norm_Δρ=1.250526662515489e-5  error_V_h1=4.316065528229717  α = 0.00403
 69   -21.48158851378       -9.69       -4.43    52.0s
    hm1_norm_ρdiff=4.621931861606035e-5 hm1_norm_Δρ=1.1933126475195308e-5  error_V_h1=4.316011195923946  α = 0.0044
 70   -21.48158851461       -9.08       -4.14    46.3s
    hm1_norm_ρdiff=5.329983586805579e-5 hm1_norm_Δρ=1.4895531719101473e-5  error_V_h1=4.315715630225828  α = 0.01
 71   -21.48158851505       -9.35       -4.01    46.3s
    hm1_norm_ρdiff=4.5470302212589626e-5 hm1_norm_Δρ=1.9808957686624916e-5  error_V_h1=4.31616279759855  α = 0.00948
 72   -21.48158851553       -9.32       -4.27    46.8s
    hm1_norm_ρdiff=5.067893306046335e-5 hm1_norm_Δρ=1.143354633040707e-5  error_V_h1=4.316186946991995  α = 0.00989
 73   -21.48158851566       -9.87       -4.07    56.6s
    hm1_norm_ρdiff=5.3052543182044394e-5 hm1_norm_Δρ=3.180914966398814e-5  error_V_h1=4.316172071370015  α = 0.00156
 74   -21.48158851600       -9.46       -4.51    46.3s
    hm1_norm_ρdiff=4.801067084992059e-5 hm1_norm_Δρ=7.204471979989992e-6  error_V_h1=4.316118688626604  α = 0.0106
 75   -21.48158851610      -10.03       -3.88    51.5s
    hm1_norm_ρdiff=6.21857292932988e-5 hm1_norm_Δρ=4.311463597049084e-5  error_V_h1=4.316078448630707  α = 0.00338
 76   -21.48158851631       -9.67       -4.16    52.0s
    hm1_norm_ρdiff=4.694941927291165e-5 hm1_norm_Δρ=1.6003073048471795e-5  error_V_h1=4.316230939306248  α = 0.00424
 77   -21.48158851642       -9.98       -3.99    57.3s
    hm1_norm_ρdiff=5.829916928216037e-5 hm1_norm_Δρ=2.2170911210069797e-5  error_V_h1=4.316296147308503  α = 0.00162
 78   -21.48158851645      -10.49       -3.71    57.4s
    hm1_norm_ρdiff=5.153403384144423e-5 hm1_norm_Δρ=4.614613468388988e-5  error_V_h1=4.316334615784346  α = 0.00126
 79   -21.48158851669       -9.61       -4.79    42.1s
    hm1_norm_ρdiff=4.765118760699913e-5 hm1_norm_Δρ=3.1601930199301337e-6  error_V_h1=4.3163824344875685  α = 0.0229
 80   -21.48158851678      -10.07       -4.39    51.9s
    hm1_norm_ρdiff=5.118863650287384e-5 hm1_norm_Δρ=1.257688823788217e-5  error_V_h1=4.31633336125997  α = 0.00403
 81   -21.48158851704       -9.58       -3.85    58.2s
    hm1_norm_ρdiff=5.235154867874201e-5 hm1_norm_Δρ=3.8713966378525176e-5  error_V_h1=4.316263063359586  α = 0.00161
 82   -21.48158851737       -9.48       -3.94    51.6s
    hm1_norm_ρdiff=6.303940868207426e-5 hm1_norm_Δρ=2.8006151730983507e-5  error_V_h1=4.316041703414369  α = 0.00389
 83   -21.48158851764       -9.57       -4.09    53.4s
    hm1_norm_ρdiff=4.641563991828321e-5 hm1_norm_Δρ=1.7404537748492177e-5  error_V_h1=4.3159464192779575  α = 0.00411
 84   -21.48158851780       -9.78       -4.46    47.6s
    hm1_norm_ρdiff=4.888286857722116e-5 hm1_norm_Δρ=7.681296322466223e-6  error_V_h1=4.315872696186064  α = 0.01
 85   -21.48158851795       -9.84       -3.98    58.1s
    hm1_norm_ρdiff=5.1660878026624216e-5 hm1_norm_Δρ=2.6046243581765568e-5  error_V_h1=4.315849878929143  α = 0.00164
 86   -21.48158851823       -9.55       -3.97    57.1s
    hm1_norm_ρdiff=6.251059018726681e-5 hm1_norm_Δρ=3.872353468226843e-5  error_V_h1=4.315861120817369  α = 0.00163
 87   -21.48158851834       -9.96       -4.76    47.2s
    hm1_norm_ρdiff=4.801518140641026e-5 hm1_norm_Δρ=3.5323197952268155e-6  error_V_h1=4.315779135559344  α = 0.0107
 88   -21.48158851840      -10.24       -4.37    53.1s
    hm1_norm_ρdiff=4.5378679917663266e-5 hm1_norm_Δρ=9.046853627272398e-6  error_V_h1=4.315770476574376  α = 0.00414
 89   -21.48158851843      -10.49       -3.75    58.5s
    hm1_norm_ρdiff=7.704945348869386e-5 hm1_norm_Δρ=4.6516022137770946e-5  error_V_h1=4.315782517602317  α = 0.00125
 90   -21.48158851853      -10.02       -4.57    48.0s
    hm1_norm_ρdiff=4.73254332837855e-5 hm1_norm_Δρ=5.541513880625343e-6  error_V_h1=4.3157158875305015  α = 0.0102
 91   -21.48158851858      -10.31       -4.31    58.9s
    hm1_norm_ρdiff=4.713382121962173e-5 hm1_norm_Δρ=1.5415427909390976e-5  error_V_h1=4.315714125632968  α = 0.00164
 92   -21.48158851860      -10.66       -4.45    52.3s
    hm1_norm_ρdiff=5.102639641337625e-5 hm1_norm_Δρ=9.37452749645137e-6  error_V_h1=4.31569210838529  α = 0.00373
 93   -21.48158851866      -10.19       -4.06    51.3s
    hm1_norm_ρdiff=4.5160410825243366e-5 hm1_norm_Δρ=2.0467781415289933e-5  error_V_h1=4.315690309700484  α = 0.00358
 94   -21.48158851869      -10.52       -4.58    53.2s
    hm1_norm_ρdiff=4.96537016376984e-5 hm1_norm_Δρ=6.370118857208824e-6  error_V_h1=4.3156912661997  α = 0.00407
 95   -21.48158851875      -10.28       -4.17    53.7s
    hm1_norm_ρdiff=4.785357632416978e-5 hm1_norm_Δρ=1.5174263139627535e-5  error_V_h1=4.3157056226899035  α = 0.00368
 96   -21.48158851878      -10.45       -4.88    47.9s
    hm1_norm_ρdiff=4.784761896004042e-5 hm1_norm_Δρ=3.264983426733786e-6  error_V_h1=4.315684117057277  α = 0.0101
 97   -21.48158851899       -9.69       -4.68    47.8s
    hm1_norm_ρdiff=4.767179281863883e-5 hm1_norm_Δρ=4.582844423619388e-6  error_V_h1=4.315627865311994  α = 0.0106
 98   -21.48158851911       -9.90       -4.74    42.9s
    hm1_norm_ρdiff=4.785555850367131e-5 hm1_norm_Δρ=3.5016525271561566e-6  error_V_h1=4.315409268171512  α = 0.0226
 99   -21.48158851913      -10.74       -4.22    51.9s
    hm1_norm_ρdiff=5.301539728132453e-5 hm1_norm_Δρ=1.6868164901138197e-5  error_V_h1=4.315331949364175  α = 0.00341
 100   -21.48158851920      -10.13       -3.76    63.9s
    hm1_norm_ρdiff=5.792678733074727e-5 hm1_norm_Δρ=5.7643786477012513e-5  error_V_h1=4.31531504219612  α = 0.000581
 101   -21.48158851929      -10.07       -4.79    47.3s
    hm1_norm_ρdiff=4.760755364185853e-5 hm1_norm_Δρ=4.242449551173927e-6  error_V_h1=4.31547440218269  α = 0.0104
 102   -21.48158851933      -10.35       -4.66    52.8s
    hm1_norm_ρdiff=4.888989427341586e-5 hm1_norm_Δρ=6.5234003881666235e-6  error_V_h1=4.315549622163452  α = 0.00434
 103   -21.48158851941      -10.14       -4.09    57.6s
    hm1_norm_ρdiff=4.500602249185201e-5 hm1_norm_Δρ=2.212654337137949e-5  error_V_h1=4.315664113266762  α = 0.00158
 104   -21.48158851941      -11.63       -4.21    53.3s
    hm1_norm_ρdiff=5.372425903838094e-5 hm1_norm_Δρ=1.555871056143329e-5  error_V_h1=4.315799605515537  α = 0.00333
 105   -21.48158851946      -10.30       -4.18    58.4s
    hm1_norm_ρdiff=4.482267175851338e-5 hm1_norm_Δρ=1.7031949513963183e-5  error_V_h1=4.3158190706572395  α = 0.00161
 106   -21.48158851948      -10.65       -4.56    52.3s
    hm1_norm_ρdiff=4.859382532583992e-5 hm1_norm_Δρ=6.904986910637887e-6  error_V_h1=4.315837076954235  α = 0.00397
 107   -21.48158851952      -10.44       -4.32    58.2s
    hm1_norm_ρdiff=4.7300654367818894e-5 hm1_norm_Δρ=1.2854340196007003e-5  error_V_h1=4.3158703997798735  α = 0.00164
 108   -21.48158851956      -10.40       -5.11    42.0s
    hm1_norm_ρdiff=4.752355909380761e-5 hm1_norm_Δρ=1.6795191381546154e-6  error_V_h1=4.315885989607341  α = 0.0228
 109   -21.48158851969       -9.86       -4.34    51.8s
    hm1_norm_ρdiff=4.70763397885964e-5 hm1_norm_Δρ=1.0227738242455845e-5  error_V_h1=4.3160153075873575  α = 0.0044
 110   -21.48158851977      -10.12       -4.13    56.8s
    hm1_norm_ρdiff=4.781909625353497e-5 hm1_norm_Δρ=2.0844432845243093e-5  error_V_h1=4.316063185087571  α = 0.00159
 111   -21.48158851979      -10.80       -4.90    52.8s
    hm1_norm_ρdiff=4.8548942727609244e-5 hm1_norm_Δρ=3.245696263040022e-6  error_V_h1=4.316067570412207  α = 0.0044
 112   -21.48158851981      -10.63       -4.30    57.9s
    hm1_norm_ρdiff=4.6654423492106845e-5 hm1_norm_Δρ=1.4297507564084006e-5  error_V_h1=4.316048990532675  α = 0.00155
 113   -21.48158851983      -10.78       -4.86    53.1s
    hm1_norm_ρdiff=4.682532831449219e-5 hm1_norm_Δρ=3.522066948154711e-6  error_V_h1=4.316032287131535  α = 0.00437
 114   -21.48158851983      -11.06       -4.53    58.3s
    hm1_norm_ρdiff=5.0771277366649314e-5 hm1_norm_Δρ=8.589435361673831e-6  error_V_h1=4.316015761105431  α = 0.00155
 115   -21.48158851988      -10.33       -4.12    58.4s
    hm1_norm_ρdiff=4.5654891133755085e-5 hm1_norm_Δρ=2.0066619142162738e-5  error_V_h1=4.315976906083375  α = 0.00154
 116   -21.48158851988      -11.62       -5.20    46.9s
    hm1_norm_ρdiff=4.785814173569551e-5 hm1_norm_Δρ=1.6426686553176093e-6  error_V_h1=4.3159912489388645  α = 0.00932
 117   -21.48158851990      -10.95       -4.58    52.1s
    hm1_norm_ρdiff=4.709856551334194e-5 hm1_norm_Δρ=6.74496868513496e-6  error_V_h1=4.316014409427118  α = 0.00378
 118   -21.48158851991      -10.73       -5.14    47.0s
    hm1_norm_ρdiff=4.756606687846503e-5 hm1_norm_Δρ=1.7653623505393055e-6  error_V_h1=4.316065882743005  α = 0.0102
 119   -21.48158851996      -10.36       -4.55    51.8s
    hm1_norm_ρdiff=4.7115362448161306e-5 hm1_norm_Δρ=6.861824226867581e-6  error_V_h1=4.316169219186739  α = 0.00422
 120   -21.48158851998      -10.56       -5.16    46.9s
    hm1_norm_ρdiff=4.757217740727899e-5 hm1_norm_Δρ=1.7363261484821538e-6  error_V_h1=4.316204825064883  α = 0.00996
 121   -21.48158852001      -10.61       -5.15    41.3s
    hm1_norm_ρdiff=4.748943109912015e-5 hm1_norm_Δρ=1.2834926266159789e-6  error_V_h1=4.316388858155202  α = 0.0221
 122   -21.48158852001      -11.38       -4.71    58.4s
    hm1_norm_ρdiff=4.5767672727821004e-5 hm1_norm_Δρ=5.200994173275442e-6  error_V_h1=4.316402892770226  α = 0.00165
 123   -21.48158852002      -11.52       -4.99    52.4s
    hm1_norm_ρdiff=4.772999869003267e-5 hm1_norm_Δρ=3.3940913623434736e-6  error_V_h1=4.316399204935135  α = 0.00414
 124   -21.48158852003      -10.97       -4.96    52.5s
    hm1_norm_ρdiff=4.8027606204638556e-5 hm1_norm_Δρ=2.9336121307794917e-6  error_V_h1=4.316406404725934  α = 0.00435
 125   -21.48158852003      -11.69       -4.76    52.0s
    hm1_norm_ρdiff=4.885578441556708e-5 hm1_norm_Δρ=4.399862736481517e-6  error_V_h1=4.316397101863372  α = 0.00365
 126   -21.48158852003      -11.35       -4.47    56.5s
    hm1_norm_ρdiff=4.448191441257077e-5 hm1_norm_Δρ=9.670804666396461e-6  error_V_h1=4.316401167127264  α = 0.00152
 127   -21.48158852004      -10.96       -4.22    56.4s
    hm1_norm_ρdiff=4.7226847370462174e-5 hm1_norm_Δρ=1.839898341102168e-5  error_V_h1=4.316423169770029  α = 0.00145
 128   -21.48158852006      -10.91       -4.77    52.7s
    hm1_norm_ρdiff=4.670291602721495e-5 hm1_norm_Δρ=3.8119924145886857e-6  error_V_h1=4.316403527000752  α = 0.00419
 129   -21.48158852007      -10.84       -4.45    56.7s
    hm1_norm_ρdiff=4.703870134237604e-5 hm1_norm_Δρ=1.0126044961232372e-5  error_V_h1=4.31639104770877  α = 0.00162
 130   -21.48158852009      -10.77       -4.78    52.4s
    hm1_norm_ρdiff=4.787838604078793e-5 hm1_norm_Δρ=3.3304546369810004e-6  error_V_h1=4.316343962225168  α = 0.00429
 131   -21.48158852010      -11.21       -5.22    47.4s
    hm1_norm_ρdiff=4.720131301528173e-5 hm1_norm_Δρ=1.5399856978902856e-6  error_V_h1=4.316275209402829  α = 0.00955
 132   -21.48158852011      -10.91       -5.08    47.6s
    hm1_norm_ρdiff=4.691315944646159e-5 hm1_norm_Δρ=1.9254402577840586e-6  error_V_h1=4.316187225110363  α = 0.00963
 133   -21.48158852011      -11.74       -4.90    58.2s
    hm1_norm_ρdiff=4.868113012731548e-5 hm1_norm_Δρ=3.507783198954514e-6  error_V_h1=4.316168661914343  α = 0.00158
 134   -21.48158852011      -11.61       -5.04    51.8s
    hm1_norm_ρdiff=4.7313500973594307e-5 hm1_norm_Δρ=3.0595279765123405e-6  error_V_h1=4.316143727779888  α = 0.00379
 135   -21.48158852012      -11.16       -5.30    46.4s
    hm1_norm_ρdiff=4.707881761991727e-5 hm1_norm_Δρ=1.2240434639079345e-6  error_V_h1=4.316090280055993  α = 0.0104
 136   -21.48158852013      -11.17       -4.61    56.1s
    hm1_norm_ρdiff=4.625901227143649e-5 hm1_norm_Δρ=6.6228916167854865e-6  error_V_h1=4.316088239773031  α = 0.00158
 137   -21.48158852013      -11.17       -4.52    55.8s
    hm1_norm_ρdiff=5.1036555133706416e-5 hm1_norm_Δρ=8.235269387341881e-6  error_V_h1=4.316057594310858  α = 0.00152
 138   -21.48158852014      -10.98       -4.42    56.5s
    hm1_norm_ρdiff=5.0756647908588224e-5 hm1_norm_Δρ=1.1376146150358823e-5  error_V_h1=4.315997845258208  α = 0.00153
 139   -21.48158852015      -11.28       -5.25    46.8s
    hm1_norm_ρdiff=4.754706758660437e-5 hm1_norm_Δρ=1.3223740351128635e-6  error_V_h1=4.315997682189892  α = 0.0101
 140   -21.48158852015      -11.76       -4.73    52.1s
    hm1_norm_ρdiff=4.795511577952498e-5 hm1_norm_Δρ=5.1579657774546045e-6  error_V_h1=4.315961182825636  α = 0.00344
 141   -21.48158852016      -11.16       -5.01    52.6s
    hm1_norm_ρdiff=4.706376726104082e-5 hm1_norm_Δρ=2.1720845660497078e-6  error_V_h1=4.315966827327202  α = 0.00442
 142   -21.48158852016      -11.27       -4.94    52.2s
    hm1_norm_ρdiff=4.81660838073798e-5 hm1_norm_Δρ=3.7611704246565267e-6  error_V_h1=4.316007106735865  α = 0.00377
 143   -21.48158852016      -11.67       -5.15    52.6s
    hm1_norm_ρdiff=4.804552361863246e-5 hm1_norm_Δρ=1.9508006340543088e-6  error_V_h1=4.316029589106844  α = 0.00379
 144   -21.48158852017      -11.90       -4.67    62.5s
    hm1_norm_ρdiff=4.641956430621019e-5 hm1_norm_Δρ=5.768495869500708e-6  error_V_h1=4.31603671430671  α = 0.000552
 145   -21.48158852017      -11.58       -4.95    56.9s
    hm1_norm_ρdiff=4.82014385465974e-5 hm1_norm_Δρ=3.8757273493319946e-6  error_V_h1=4.316038219283695  α = 0.00153
 146   -21.48158852017      -11.84       -5.09    52.4s
    hm1_norm_ρdiff=4.82508553867874e-5 hm1_norm_Δρ=2.2886035842105536e-6  error_V_h1=4.316043580599081  α = 0.004
 147   -21.48158852017      -12.47       -4.97    57.9s
    hm1_norm_ρdiff=4.700365114794007e-5 hm1_norm_Δρ=2.793124167085663e-6  error_V_h1=4.316043329316337  α = 0.00158
 148   -21.48158852017      -11.42       -5.32    47.3s
    hm1_norm_ρdiff=4.724698327532727e-5 hm1_norm_Δρ=1.271125559118772e-6  error_V_h1=4.316035003704517  α = 0.0094
 149   -21.48158852017      -12.57       -4.54    57.3s
    hm1_norm_ρdiff=4.932172892905219e-5 hm1_norm_Δρ=8.918778525291085e-6  error_V_h1=4.316055541181614  α = 0.00156
 150   -21.48158852017      -12.09       -4.94    52.7s
    hm1_norm_ρdiff=4.664407825610121e-5 hm1_norm_Δρ=2.427809873792269e-6  error_V_h1=4.316071786064164  α = 0.00392
 151   -21.48158852018      -11.11       -4.41    58.3s
    hm1_norm_ρdiff=4.884207832452734e-5 hm1_norm_Δρ=1.037231535850504e-5  error_V_h1=4.316105872863073  α = 0.00159
 152   -21.48158852018      -11.87       -5.17    47.4s
    hm1_norm_ρdiff=4.770910952310101e-5 hm1_norm_Δρ=1.3695214662773708e-6  error_V_h1=4.3160323990264695  α = 0.00963
 153   -21.48158852019      -11.10       -4.51    57.8s
    hm1_norm_ρdiff=4.672911814833776e-5 hm1_norm_Δρ=9.445250785954574e-6  error_V_h1=4.316002337570936  α = 0.00156
 154   -21.48158852020      -11.29       -4.30    57.7s
    hm1_norm_ρdiff=4.443015633437846e-5 hm1_norm_Δρ=1.4437681609457843e-5  error_V_h1=4.3159553064662655  α = 0.00133
 155   -21.48158852020      -11.73       -5.31    47.8s
    hm1_norm_ρdiff=4.731550635707256e-5 hm1_norm_Δρ=1.2254161746228483e-6  error_V_h1=4.315935385433289  α = 0.00937
 156   -21.48158852020      -11.81       -5.19    53.1s
    hm1_norm_ρdiff=4.698507270070968e-5 hm1_norm_Δρ=2.0831433626546866e-6  error_V_h1=4.315927999280242  α = 0.00388
 157   -21.48158852020      -11.36       -4.95    51.8s
    hm1_norm_ρdiff=4.6119173616885696e-5 hm1_norm_Δρ=3.3649654757138855e-6  error_V_h1=4.3159054455865435  α = 0.0038
 158   -21.48158852021      -11.84       -4.93    57.0s
    hm1_norm_ρdiff=4.810407854205142e-5 hm1_norm_Δρ=2.8500279310637393e-6  error_V_h1=4.315884326264187  α = 0.00162
 159   -21.48158852021      -11.64       -4.86    51.8s
    hm1_norm_ρdiff=4.7596674357041084e-5 hm1_norm_Δρ=3.9340842077959e-6  error_V_h1=4.315886767865645  α = 0.00346
 160   -21.48158852021      -11.62       -4.86    55.7s
    hm1_norm_ρdiff=4.683290706917271e-5 hm1_norm_Δρ=4.4272122404812546e-6  error_V_h1=4.315868176312691  α = 0.00158
 161   -21.48158852021      -11.86       -4.94    57.0s
    hm1_norm_ρdiff=4.8097942598959495e-5 hm1_norm_Δρ=2.474779660616505e-6  error_V_h1=4.3158599327201355  α = 0.00165
 162   -21.48158852021      -11.90       -5.00    57.1s
    hm1_norm_ρdiff=4.7240756383153866e-5 hm1_norm_Δρ=2.8362602696408122e-6  error_V_h1=4.315850397091823  α = 0.00164
 163   -21.48158852021      -12.29       -5.00    51.9s
    hm1_norm_ρdiff=4.6543266859280026e-5 hm1_norm_Δρ=2.4491974896688074e-6  error_V_h1=4.315879402557235  α = 0.00362
 164   -21.48158852021      -12.17       -4.95    57.5s
    hm1_norm_ρdiff=4.776556329776593e-5 hm1_norm_Δρ=3.18283030560344e-6  error_V_h1=4.3158871526678775  α = 0.00163
 165   -21.48158852022      -11.80       -4.37    58.0s
    hm1_norm_ρdiff=5.112292744750985e-5 hm1_norm_Δρ=1.0211535296922542e-5  error_V_h1=4.315931413162413  α = 0.0014
 166   -21.48158852022      -12.09       -5.39    52.9s
    hm1_norm_ρdiff=4.728085947910383e-5 hm1_norm_Δρ=1.0395540977559549e-6  error_V_h1=4.315940655692776  α = 0.00413
 167   -21.48158852022      -12.07       -5.06    57.9s
    hm1_norm_ρdiff=4.7868535088826224e-5 hm1_norm_Δρ=2.804394016612652e-6  error_V_h1=4.315945099185974  α = 0.00153
 168   -21.48158852022      -11.51       -4.88    57.8s
    hm1_norm_ρdiff=4.917866630800327e-5 hm1_norm_Δρ=4.061130256789039e-6  error_V_h1=4.315955383515318  α = 0.00161
 169   -21.48158852022      -12.10       -5.84    46.9s
    hm1_norm_ρdiff=4.7256732091813105e-5 hm1_norm_Δρ=3.4420878804548046e-7  error_V_h1=4.315975792069049  α = 0.0107
 170   -21.48158852023      -11.27       -4.60    57.7s
    hm1_norm_ρdiff=4.819167181667907e-5 hm1_norm_Δρ=8.285105902037722e-6  error_V_h1=4.31597879754588  α = 0.00144
 171   -21.48158852023      -12.42       -5.40    52.2s
    hm1_norm_ρdiff=4.759888996187119e-5 hm1_norm_Δρ=1.3065531355549125e-6  error_V_h1=4.3159906191224815  α = 0.00385
 172   -21.48158852023      -12.20       -5.23    52.7s
    hm1_norm_ρdiff=4.701369849802578e-5 hm1_norm_Δρ=1.3426983377516692e-6  error_V_h1=4.316004649158166  α = 0.00398
 173   -21.48158852023      -12.40       -5.39    52.2s
    hm1_norm_ρdiff=4.754779963976338e-5 hm1_norm_Δρ=1.1344108786740878e-6  error_V_h1=4.316010794623188  α = 0.00402
 174   -21.48158852023      -11.85       -4.88    58.7s
    hm1_norm_ρdiff=4.9238799947427376e-5 hm1_norm_Δρ=4.4613409177393175e-6  error_V_h1=4.315995177563543  α = 0.00141
 175   -21.48158852023      -12.65       -5.42    52.1s
    hm1_norm_ρdiff=4.7310652189897275e-5 hm1_norm_Δρ=1.1397078442034829e-6  error_V_h1=4.315989335810755  α = 0.00419
 176   -21.48158852023      -11.55       -4.72    57.6s
    hm1_norm_ρdiff=4.6855473848563114e-5 hm1_norm_Δρ=4.217213283288584e-6  error_V_h1=4.315967292750233  α = 0.00166
 177   -21.48158852023      -12.02       -5.74    46.9s
    hm1_norm_ρdiff=4.745086414989239e-5 hm1_norm_Δρ=4.5741594048352994e-7  error_V_h1=4.315959798096086  α = 0.00869
 178   -21.48158852023      -12.15       -5.02    56.6s
    hm1_norm_ρdiff=4.730038661237592e-5 hm1_norm_Δρ=2.6713942462696767e-6  error_V_h1=4.315959471050132  α = 0.00167
 179   -21.48158852024      -12.16       -5.27    57.0s
    hm1_norm_ρdiff=4.6978549499256627e-5 hm1_norm_Δρ=1.7297688431374174e-6  error_V_h1=4.3159589135871395  α = 0.00159
 180   -21.48158852024      -11.92       -5.45    52.0s
    hm1_norm_ρdiff=4.7731171652082414e-5 hm1_norm_Δρ=9.492328726280673e-7  error_V_h1=4.3159599500008845  α = 0.00354
 181   -21.48158852024      -11.66       -4.59    58.1s
    hm1_norm_ρdiff=4.863759535295849e-5 hm1_norm_Δρ=7.795433435405538e-6  error_V_h1=4.315965748625039  α = 0.00148
 182   -21.48158852024      -12.18       -4.86    56.1s
    hm1_norm_ρdiff=4.651736036224941e-5 hm1_norm_Δρ=4.103812684241253e-6  error_V_h1=4.315963791979689  α = 0.00141
 183   -21.48158852024      -12.44       -5.48    52.8s
    hm1_norm_ρdiff=4.748268165954117e-5 hm1_norm_Δρ=7.271259973496839e-7  error_V_h1=4.3159659971706335  α = 0.00423
 184   -21.48158852024      -12.15       -5.07    56.5s
    hm1_norm_ρdiff=4.689117994717301e-5 hm1_norm_Δρ=2.4255993779522153e-6  error_V_h1=4.315971130534514  α = 0.00159
 185   -21.48158852024      -11.84       -4.62    57.8s
    hm1_norm_ρdiff=4.5249840862107014e-5 hm1_norm_Δρ=8.904974396380293e-6  error_V_h1=4.315970235253386  α = 0.00129
 186   -21.48158852024      -12.69       -5.65    48.7s
    hm1_norm_ρdiff=4.730752818064252e-5 hm1_norm_Δρ=6.127056134571908e-7  error_V_h1=4.3159833052375784  α = 0.00927
 187   -21.48158852024      -12.24       -5.92    42.2s
    hm1_norm_ρdiff=4.736140345308126e-5 hm1_norm_Δρ=2.9396460598488205e-7  error_V_h1=4.315964178537545  α = 0.0221
 188   -21.48158852024      -12.45       -5.26    51.7s
    hm1_norm_ρdiff=4.688501628165513e-5 hm1_norm_Δρ=1.5076633211554373e-6  error_V_h1=4.315969487705258  α = 0.00358
 189   -21.48158852024      -12.18       -5.71    41.7s
    hm1_norm_ρdiff=4.741522427502928e-5 hm1_norm_Δρ=4.392063932880837e-7  error_V_h1=4.315956785374997  α = 0.0211
 190   -21.48158852024      -12.19       -5.53    50.9s
    hm1_norm_ρdiff=4.754711574292411e-5 hm1_norm_Δρ=9.199666890065477e-7  error_V_h1=4.3159561851378365  α = 0.00419
 191   -21.48158852024      -12.19       -5.10    57.2s
    hm1_norm_ρdiff=4.645397572472636e-5 hm1_norm_Δρ=2.1434112901632586e-6  error_V_h1=4.315955591237582  α = 0.00157
 192   -21.48158852025      -11.86       -5.09    56.9s
    hm1_norm_ρdiff=4.705924491455721e-5 hm1_norm_Δρ=2.5587854239601327e-6  error_V_h1=4.315956810444812  α = 0.00164
 193   -21.48158852025      -12.45       -5.20    57.9s
    hm1_norm_ρdiff=4.7806718870825405e-5 hm1_norm_Δρ=1.8052517968594902e-6  error_V_h1=4.315957687044645  α = 0.00152
 194   -21.48158852025      -12.28       -5.33    52.4s
    hm1_norm_ρdiff=4.714622876766177e-5 hm1_norm_Δρ=9.887267185659718e-7  error_V_h1=4.315954829465028  α = 0.00402
 195   -21.48158852025      -12.13       -5.79    47.4s
    hm1_norm_ρdiff=4.738679065421436e-5 hm1_norm_Δρ=3.60289072088831e-7  error_V_h1=4.31595949405397  α = 0.0105
 196   -21.48158852025      -12.04       -4.96    57.9s
    hm1_norm_ρdiff=4.822144317191963e-5 hm1_norm_Δρ=4.2739167263004525e-6  error_V_h1=4.315966178852067  α = 0.00139
 197   -21.48158852025      -12.22       -5.36    52.3s
    hm1_norm_ρdiff=4.728881390038297e-5 hm1_norm_Δρ=1.164127574092091e-6  error_V_h1=4.3159644645004205  α = 0.00398
 198   -21.48158852025      -11.96       -5.69    48.2s
    hm1_norm_ρdiff=4.727643506200759e-5 hm1_norm_Δρ=4.309635618917199e-7  error_V_h1=4.315974944996094  α = 0.0105
 199   -21.48158852025      -12.52       -5.26    58.8s
    hm1_norm_ρdiff=4.7755491000084096e-5 hm1_norm_Δρ=1.4745591972138808e-6  error_V_h1=4.315973251906468  α = 0.00157
 200   -21.48158852025      -12.34       -5.00    51.4s
    hm1_norm_ρdiff=4.661233842104245e-5 hm1_norm_Δρ=2.7052471206033485e-6  error_V_h1=4.315989322102665  α = 0.0032
 201   -21.48158852025      -13.03       -5.73    52.9s
    hm1_norm_ρdiff=4.728375133638002e-5 hm1_norm_Δρ=6.138202247562953e-7  error_V_h1=4.315986212823676  α = 0.00395
 202   -21.48158852025      -12.77       -5.29    58.5s
    hm1_norm_ρdiff=4.811838627196339e-5 hm1_norm_Δρ=1.560323641303241e-6  error_V_h1=4.31598513338011  α = 0.00143
 203   -21.48158852025      -12.19       -6.22    41.7s
    hm1_norm_ρdiff=4.730199646785311e-5 hm1_norm_Δρ=1.420736459789054e-7  error_V_h1=4.31598753669044  α = 0.023
 204   -21.48158852025      -12.48       -5.40    52.8s
    hm1_norm_ρdiff=4.728781671092471e-5 hm1_norm_Δρ=1.0010167699148421e-6  error_V_h1=4.315983869832347  α = 0.0038
 205   -21.48158852025      -12.58       -5.28    57.8s
    hm1_norm_ρdiff=4.783024152313814e-5 hm1_norm_Δρ=1.555857701971067e-6  error_V_h1=4.315984487923771  α = 0.0015
 206   -21.48158852025      -12.48       -5.66    46.3s
    hm1_norm_ρdiff=4.727411031962132e-5 hm1_norm_Δρ=4.5591244978455426e-7  error_V_h1=4.315984452380525  α = 0.00955
 207   -21.48158852025      -12.52       -5.44    57.3s
    hm1_norm_ρdiff=4.7243497701348316e-5 hm1_norm_Δρ=1.3363790190767362e-6  error_V_h1=4.315982168228437  α = 0.00158
 208   -21.48158852025      -12.52       -5.49    53.4s
    hm1_norm_ρdiff=4.741980951966326e-5 hm1_norm_Δρ=8.1372682963848e-7  error_V_h1=4.315988133831723  α = 0.00389
 209   -21.48158852025      -12.23       -5.89    46.5s
    hm1_norm_ρdiff=4.738870812408597e-5 hm1_norm_Δρ=2.645667309726294e-7  error_V_h1=4.315980305048324  α = 0.0106
 210   -21.48158852025      -12.37       -6.26    42.1s
    hm1_norm_ρdiff=4.732889360953707e-5 hm1_norm_Δρ=1.3066197325468284e-7  error_V_h1=4.315982981176341  α = 0.0229
 211   -21.48158852025      -12.69       -5.01    57.7s
    hm1_norm_ρdiff=4.877231447242848e-5 hm1_norm_Δρ=3.5052282298784796e-6  error_V_h1=4.315977162571484  α = 0.00124
 212   -21.48158852026      -12.57       -5.73    52.2s
    hm1_norm_ρdiff=4.737135815302625e-5 hm1_norm_Δρ=5.716292480059686e-7  error_V_h1=4.315979625118692  α = 0.00424
 213   -21.48158852026      -13.03       -5.28    58.0s
    hm1_norm_ρdiff=4.6600670663113194e-5 hm1_norm_Δρ=1.626380361763602e-6  error_V_h1=4.315980223679473  α = 0.00136
 214   -21.48158852026      -13.25       -5.99    52.5s
    hm1_norm_ρdiff=4.7397262577089805e-5 hm1_norm_Δρ=3.0498133669458237e-7  error_V_h1=4.315980175516566  α = 0.00428
 215   -21.48158852026      -12.86       -5.94    52.3s
    hm1_norm_ρdiff=4.733012341673755e-5 hm1_norm_Δρ=2.932747433244539e-7  error_V_h1=4.315982381647854  α = 0.00437
 216   -21.48158852026      -13.27       -5.27    57.5s
    hm1_norm_ρdiff=4.699339135902796e-5 hm1_norm_Δρ=1.468097873749731e-6  error_V_h1=4.315983319622907  α = 0.00141
 217   -21.48158852026      -12.50       -5.58    53.1s
    hm1_norm_ρdiff=4.742401199559039e-5 hm1_norm_Δρ=5.905871049676415e-7  error_V_h1=4.315985450586962  α = 0.00424
 218   -21.48158852026      -13.41       -6.35    41.8s
    hm1_norm_ρdiff=4.7316101897583835e-5 hm1_norm_Δρ=1.0868988909591453e-7  error_V_h1=4.315984358174669  α = 0.0222
 219   -21.48158852026      -13.50       -5.46    51.4s
    hm1_norm_ρdiff=4.7279445264385806e-5 hm1_norm_Δρ=9.405939262134306e-7  error_V_h1=4.315981281004825  α = 0.00351
 220   -21.48158852026      -12.84       -6.27    46.6s
    hm1_norm_ρdiff=4.732137752228887e-5 hm1_norm_Δρ=1.4176957250574414e-7  error_V_h1=4.315981759390915  α = 0.0107
 221   -21.48158852026      -12.83       -5.72    47.2s
    hm1_norm_ρdiff=4.741415059591627e-5 hm1_norm_Δρ=4.2388702209953676e-7  error_V_h1=4.3159929458745045  α = 0.00921
 222   -21.48158852026      -12.38       -4.95    63.6s
    hm1_norm_ρdiff=4.578355473459355e-5 hm1_norm_Δρ=4.107823359520407e-6  error_V_h1=4.315996499594753  α = 0.000566
 223   -21.48158852026      -13.11       -5.99    53.3s
    hm1_norm_ρdiff=4.72967150303818e-5 hm1_norm_Δρ=2.6233207449640334e-7  error_V_h1=4.315997272615946  α = 0.00447
 224   -21.48158852026      -13.19       -5.72    56.9s
    hm1_norm_ρdiff=4.753168825697372e-5 hm1_norm_Δρ=5.312039180680804e-7  error_V_h1=4.315998119745535  α = 0.0016
 225   -21.48158852026      -12.94       -5.94    52.5s
    hm1_norm_ρdiff=4.722242122801603e-5 hm1_norm_Δρ=3.030429943530829e-7  error_V_h1=4.31600203517038  α = 0.00428
 226   -21.48158852026      -12.79       -5.92    51.8s
    hm1_norm_ρdiff=4.734581218325593e-5 hm1_norm_Δρ=2.870325084948519e-7  error_V_h1=4.316002943007662  α = 0.0045
 227   -21.48158852026      -13.17       -5.51    57.5s
    hm1_norm_ρdiff=4.7530372934914016e-5 hm1_norm_Δρ=1.0102524027924965e-6  error_V_h1=4.316004042099204  α = 0.00138
 228   -21.48158852026      -13.22       -5.99    52.2s
    hm1_norm_ρdiff=4.728260831411198e-5 hm1_norm_Δρ=2.542881031746256e-7  error_V_h1=4.3160038835556795  α = 0.00436
 229   -21.48158852026      -12.92       -5.84    50.7s
    hm1_norm_ρdiff=4.73452555391638e-5 hm1_norm_Δρ=3.6089758245361216e-7  error_V_h1=4.316003635697818  α = 0.00424
 230   -21.48158852026      -13.25       -5.60    52.0s
    hm1_norm_ρdiff=4.7352524182186335e-5 hm1_norm_Δρ=7.252661944347431e-7  error_V_h1=4.316004638090087  α = 0.00343
 231   -21.48158852026      -12.93       -6.55    40.9s
    hm1_norm_ρdiff=4.732503497737988e-5 hm1_norm_Δρ=6.034128260803911e-8  error_V_h1=4.316002060118659  α = 0.0228
 232   -21.48158852026      -12.87       -5.59    51.1s
    hm1_norm_ρdiff=4.7141296161590574e-5 hm1_norm_Δρ=6.942356651374367e-7  error_V_h1=4.315995533435892  α = 0.00354
 233   -21.48158852026      -13.13       -5.87    51.9s
    hm1_norm_ρdiff=4.7378985948470734e-5 hm1_norm_Δρ=3.128646666541492e-7  error_V_h1=4.315992386011849  α = 0.00424
 234   -21.48158852026      -13.85       -5.65    59.3s
    hm1_norm_ρdiff=4.70461142909405e-5 hm1_norm_Δρ=7.58415689977977e-7  error_V_h1=4.315992414207496  α = 0.00144
 235   -21.48158852026      -12.78       -6.32    47.2s
    hm1_norm_ρdiff=4.737170337719124e-5 hm1_norm_Δρ=1.3399167342610623e-7  error_V_h1=4.315989191718457  α = 0.0105
 236   -21.48158852026      -13.25       -5.57    53.0s
    hm1_norm_ρdiff=4.7222696855768845e-5 hm1_norm_Δρ=6.447931385612888e-7  error_V_h1=4.315981332186531  α = 0.00366
 237   -21.48158852026      -13.00       -6.16    47.9s
    hm1_norm_ρdiff=4.739495236442949e-5 hm1_norm_Δρ=1.966227320784747e-7  error_V_h1=4.315975255532928  α = 0.00978
 238   -21.48158852026      -13.41       -5.55    57.8s
    hm1_norm_ρdiff=4.7165892999389326e-5 hm1_norm_Δρ=9.331556454431718e-7  error_V_h1=4.315974098956142  α = 0.00144
 239   -21.48158852026      -13.03       -6.02    46.5s
    hm1_norm_ρdiff=4.732190697090086e-5 hm1_norm_Δρ=2.0463354681854291e-7  error_V_h1=4.315973051662117  α = 0.0094
 240   -21.48158852026      -13.85       -6.39    52.5s
    hm1_norm_ρdiff=4.7312169050054544e-5 hm1_norm_Δρ=1.1994069590916602e-7  error_V_h1=4.3159729149634725  α = 0.00432
 241   -21.48158852026      -13.41       -5.69    51.9s
    hm1_norm_ρdiff=4.7330716200213694e-5 hm1_norm_Δρ=5.987115713181698e-7  error_V_h1=4.315972078123238  α = 0.00349
 242   -21.48158852026      -13.34       -6.28    46.5s
    hm1_norm_ρdiff=4.734177768064107e-5 hm1_norm_Δρ=1.102591907377777e-7  error_V_h1=4.3159723273520205  α = 0.0102
 243   -21.48158852026      -13.60       -5.85    57.1s
    hm1_norm_ρdiff=4.7446810444606674e-5 hm1_norm_Δρ=4.3121023769590625e-7  error_V_h1=4.3159741298363405  α = 0.00149
 244   -21.48158852026      -13.97       -5.68    57.0s
    hm1_norm_ρdiff=4.7263095400583624e-5 hm1_norm_Δρ=4.713479415521169e-7  error_V_h1=4.315975467255588  α = 0.00161
 245   -21.48158852026      -14.15       -6.52    52.3s
    hm1_norm_ρdiff=4.7283215292216605e-5 hm1_norm_Δρ=1.0309720310086501e-7  error_V_h1=4.315975840886046  α = 0.00364
 246   -21.48158852026      -13.50       -6.11    51.6s
    hm1_norm_ρdiff=4.726186364098494e-5 hm1_norm_Δρ=2.0661178820211037e-7  error_V_h1=4.315977856582068  α = 0.00407
 247   -21.48158852026      -14.45       -5.57    52.1s
    hm1_norm_ρdiff=4.7424946958223165e-5 hm1_norm_Δρ=5.768257625945206e-7  error_V_h1=4.315984807496575  α = 0.00348
 248   -21.48158852026      -13.25       -5.92    52.9s
    hm1_norm_ρdiff=4.7186876661356e-5 hm1_norm_Δρ=3.2863502001217324e-7  error_V_h1=4.315988231185939  α = 0.00374
 249   -21.48158852026      -14.15       -5.85    63.0s
    hm1_norm_ρdiff=4.7381273729728804e-5 hm1_norm_Δρ=4.4757372107893286e-7  error_V_h1=4.315988490684502  α = 0.000568
 250   -21.48158852026      -13.50       -6.05    51.5s
    hm1_norm_ρdiff=4.7321876452579644e-5 hm1_norm_Δρ=2.1124658941953368e-7  error_V_h1=4.315988058925213  α = 0.00429
 251   -21.48158852026      -13.41       -6.76    46.4s
    hm1_norm_ρdiff=4.732059855300519e-5 hm1_norm_Δρ=5.178275093937278e-8  error_V_h1=4.315987859885776  α = 0.009
 252   -21.48158852026      -13.45       -5.83    52.1s
    hm1_norm_ρdiff=4.731289298129043e-5 hm1_norm_Δρ=4.279290112282834e-7  error_V_h1=4.31598831708181  α = 0.00364
 253   -21.48158852026      -13.09       -6.38    46.3s
    hm1_norm_ρdiff=4.731411918770688e-5 hm1_norm_Δρ=8.456094001320444e-8  error_V_h1=4.3159874462021195  α = 0.0106
 254   -21.48158852026      -13.97       -6.12    56.5s
    hm1_norm_ρdiff=4.739769948550464e-5 hm1_norm_Δρ=2.2445238342191314e-7  error_V_h1=4.315988353374932  α = 0.00163
 255   -21.48158852026      -13.37       -6.29    47.1s
    hm1_norm_ρdiff=4.733174402880652e-5 hm1_norm_Δρ=1.0866792243778959e-7  error_V_h1=4.315988669847593  α = 0.00984
 256   -21.48158852026      -13.60       -5.80    58.3s
    hm1_norm_ρdiff=4.7495780609762836e-5 hm1_norm_Δρ=4.769929879706281e-7  error_V_h1=4.315987832995701  α = 0.00145
 257   -21.48158852026   +    -Inf       -6.35    46.3s
    hm1_norm_ρdiff=4.7311485484492215e-5 hm1_norm_Δρ=1.0561410134900454e-7  error_V_h1=4.315987898790419  α = 0.00966
 258   -21.48158852026      -13.85       -5.91    58.2s
    hm1_norm_ρdiff=4.7191221179416215e-5 hm1_norm_Δρ=4.167549662192331e-7  error_V_h1=4.315987288448847  α = 0.00157
 259   -21.48158852026      -13.50       -5.91    53.0s
    hm1_norm_ρdiff=4.744631370663111e-5 hm1_norm_Δρ=2.756761318677992e-7  error_V_h1=4.315983203065211  α = 0.0037
 260   -21.48158852026      -13.50       -6.38    52.2s
    hm1_norm_ρdiff=4.731940353845829e-5 hm1_norm_Δρ=1.1379467655457027e-7  error_V_h1=4.315983018002304  α = 0.00437
 261   -21.48158852026   +    -Inf       -6.11    57.6s
    hm1_norm_ρdiff=4.7290983080584084e-5 hm1_norm_Δρ=2.0987191153760065e-7  error_V_h1=4.315982463463762  α = 0.00157
 262   -21.48158852026   +    -Inf       -6.73    47.8s
    hm1_norm_ρdiff=4.732501527433267e-5 hm1_norm_Δρ=4.958998988184904e-8  error_V_h1=4.315982416729758  α = 0.0103
Trying again without preconditioner ...
n     Energy            log10(ΔE)   log10(Δρ)   Δtime
---   ---------------   ---------   ---------   ------
  1   -21.48158852026                   -4.85    77.8s
    hm1_norm_ρdiff=4.6085045510791855e-5 hm1_norm_Δρ=5.190684889658947e-6  error_V_h1=4.315982655210198  α = 0.000175
  2   -21.48158852026      -13.85       -4.98    62.6s
    hm1_norm_ρdiff=4.808375116270323e-5 hm1_norm_Δρ=2.5275862401920586e-6  error_V_h1=4.315983909451629  α = 0.000435
  3   -21.48158852026      -13.55       -5.07    63.2s
    hm1_norm_ρdiff=4.661047269007452e-5 hm1_norm_Δρ=1.9726682654842485e-6  error_V_h1=4.315985225682349  α = 0.000449
  4   -21.48158852026      -14.15       -5.02    73.9s
    hm1_norm_ρdiff=4.7978080585690546e-5 hm1_norm_Δρ=2.650671083715783e-6  error_V_h1=4.315985420961472  α = 6.35e-5
  5   -21.48158852026   +    -Inf       -5.43    63.4s
    hm1_norm_ρdiff=4.746121270283722e-5 hm1_norm_Δρ=7.87957253950079e-7  error_V_h1=4.315985566342675  α = 0.000568
  6   -21.48158852026      -13.45       -5.42    63.1s
    hm1_norm_ρdiff=4.71840319332509e-5 hm1_norm_Δρ=7.538461841681321e-7  error_V_h1=4.3159858585241455  α = 0.000573
  7   -21.48158852026      -13.37       -5.53    62.5s
    hm1_norm_ρdiff=4.739533336684685e-5 hm1_norm_Δρ=6.382522249581296e-7  error_V_h1=4.315986049259684  α = 0.000567
  8   -21.48158852026      -14.45       -5.63     110s
    hm1_norm_ρdiff=4.72747040469106e-5 hm1_norm_Δρ=5.377237711417416e-7  error_V_h1=4.3159860492599265  α = 1.75e-10
  9   -21.48158852026   +    -Inf       -5.20     143s
    hm1_norm_ρdiff=4.7246698730414675e-5 hm1_norm_Δρ=1.1327783801682662e-6  error_V_h1=4.315986049264383  α = 3.63e-9
 10   -21.48158852026   +  -14.45       -5.70    94.7s
    hm1_norm_ρdiff=4.737950925868235e-5 hm1_norm_Δρ=4.5400797779107974e-7  error_V_h1=4.315986049264184  α = 0.0
 11   -21.48158852026      -14.15       -4.90    68.1s
    hm1_norm_ρdiff=4.845744056797655e-5 hm1_norm_Δρ=4.505382668646736e-6  error_V_h1=4.315985960321316  α = 0.000158
 12   -21.48158852026      -14.45       -5.20     320s
    hm1_norm_ρdiff=4.6926158546947365e-5 hm1_norm_Δρ=1.6963424151820426e-6  error_V_h1=4.315985960321198  α = 7.06e-11
 13   -21.48158852026   +    -Inf       -5.03     120s
    hm1_norm_ρdiff=4.697078493257246e-5 hm1_norm_Δρ=2.2004850788681967e-6  error_V_h1=4.31598596032112  α = 1.41e-13
 14   -21.48158852026   +    -Inf       -4.70     125s
    hm1_norm_ρdiff=4.624181673779235e-5 hm1_norm_Δρ=4.776534531778623e-6  error_V_h1=4.3159859603210435  α = 4.85e-11

#-- |ρε - ρref| = 4.732374503019045e-5 vs. 5.62341325190349e-9 = δ*ε  error_V_h1=4.3159859603210435  Qε=0.9674535475576255


# --- ε=3.162277660168379e-7

n     Energy            log10(ΔE)   log10(Δρ)   Δtime
---   ---------------   ---------   ---------   ------
  1   -21.48149097626                   -0.89    80.5s
    hm1_norm_ρdiff=0.08212434651006288 hm1_norm_Δρ=0.08210623780266826  error_V_h1=7.87364611519909  α = 0.000185
  2   -21.48149268341       -5.77       -1.78    56.5s
    hm1_norm_ρdiff=0.006907207848371992 hm1_norm_Δρ=0.006903415632979013  error_V_h1=7.809307069632627  α = 0.00126
  3   -21.48149327373       -6.23       -2.05    57.3s
    hm1_norm_ρdiff=0.003402696333454732 hm1_norm_Δρ=0.0034002166233502787  error_V_h1=7.781902871016638  α = 0.00131
  4   -21.48149394896       -6.17       -2.17    57.0s
    hm1_norm_ρdiff=0.002421446609094769 hm1_norm_Δρ=0.002418943152776693  error_V_h1=7.748126127014503  α = 0.00142
  5   -21.48149447976       -6.28       -2.73    51.8s
    hm1_norm_ρdiff=0.0004680762917144302 hm1_norm_Δρ=0.00046438073618178125  error_V_h1=7.721167058663456  α = 0.00443
  6   -21.48149462382       -6.84       -2.93    51.6s
    hm1_norm_ρdiff=0.0003489277072266272 hm1_norm_Δρ=0.00034628941422053727  error_V_h1=7.71287115041868  α = 0.00409
  7   -21.48149466282       -7.41       -2.81    51.4s
    hm1_norm_ρdiff=0.0004220607031427022 hm1_norm_Δρ=0.0004203673780522623  error_V_h1=7.710456566096535  α = 0.00357
  8   -21.48149478762       -6.90       -3.23    47.5s
    hm1_norm_ρdiff=0.00013401044663931768 hm1_norm_Δρ=0.00012895440301733728  error_V_h1=7.705018391162661  α = 0.0104
  9   -21.48149491394       -6.90       -3.23    48.0s
    hm1_norm_ρdiff=0.0001373163756495951 hm1_norm_Δρ=0.0001332500984465758  error_V_h1=7.697138904572595  α = 0.0102
 10   -21.48149502642       -6.95       -3.22    47.4s
    hm1_norm_ρdiff=0.00014354203091098528 hm1_norm_Δρ=0.00013999173166978033  error_V_h1=7.690060181045072  α = 0.0102
 11   -21.48149525101       -6.65       -3.19    47.2s
    hm1_norm_ρdiff=0.0001446309069863574 hm1_norm_Δρ=0.0001417142783521648  error_V_h1=7.6749271956705964  α = 0.0105
 12   -21.48149530892       -7.24       -2.23    68.6s
    hm1_norm_ρdiff=0.0035603238436548975 hm1_norm_Δρ=0.0035783976532835203  error_V_h1=7.673163296816073  α = 0.000185
 13   -21.48149556724       -6.59       -1.87    57.3s
    hm1_norm_ρdiff=0.005078362506480293 hm1_norm_Δρ=0.005088457097649296  error_V_h1=7.679908874687946  α = 0.00117
 14   -21.48149583998       -6.56       -2.10    64.0s
    hm1_norm_ρdiff=0.002954713596867245 hm1_norm_Δρ=0.002958841347730321  error_V_h1=7.674859201890826  α = 0.000546
 15   -21.48149592027       -7.10       -2.55    58.7s
    hm1_norm_ρdiff=0.0010099926040004258 hm1_norm_Δρ=0.0010130661686106666  error_V_h1=7.676962443631994  α = 0.00137
 16   -21.48149596236       -7.38       -3.73    36.7s
    hm1_norm_ρdiff=5.061139987101083e-5 hm1_norm_Δρ=3.326609184986801e-5  error_V_h1=7.662710932453246  α = 0.0464
 17   -21.48149598436       -7.66       -3.03    54.0s
    hm1_norm_ρdiff=0.000278213008904557 hm1_norm_Δρ=0.00027520371335450076  error_V_h1=7.658490291024834  α = 0.00358
 18   -21.48149604847       -7.19       -2.76    58.6s
    hm1_norm_ρdiff=0.0004985938894905675 hm1_norm_Δρ=0.0004968491405333009  error_V_h1=7.653912439829765  α = 0.00159
 19   -21.48149609151       -7.37       -3.35    46.2s
    hm1_norm_ρdiff=0.00010159525648090751 hm1_norm_Δρ=9.450439179652651e-5  error_V_h1=7.649633370285108  α = 0.0102
 20   -21.48149615458       -7.20       -3.20    53.1s
    hm1_norm_ρdiff=0.0001518218677784853 hm1_norm_Δρ=0.00014619586322195616  error_V_h1=7.647997514331856  α = 0.00444
 21   -21.48149621023       -7.25       -3.18    52.3s
    hm1_norm_ρdiff=0.00016467838757735598 hm1_norm_Δρ=0.00015935270243429712  error_V_h1=7.646483797591436  α = 0.00437
 22   -21.48149623569       -7.59       -3.53    41.3s
    hm1_norm_ρdiff=7.958427632393144e-5 hm1_norm_Δρ=6.756955926500893e-5  error_V_h1=7.643798307954512  α = 0.0217
 23   -21.48149626291       -7.57       -3.34    52.8s
    hm1_norm_ρdiff=0.00020415341415911214 hm1_norm_Δρ=0.00018375568697413748  error_V_h1=7.639956188877829  α = 0.00395
 24   -21.48149700835       -6.13       -1.86    63.2s
    hm1_norm_ρdiff=0.0041592140869944234 hm1_norm_Δρ=0.004155670966157476  error_V_h1=7.608714408381262  α = 0.00057
 25   -21.48149702572       -7.76       -3.04    57.6s
    hm1_norm_ρdiff=0.00023322143317709823 hm1_norm_Δρ=0.0002238845077275166  error_V_h1=7.60986340337127  α = 0.00163
 26   -21.48149704572       -7.70       -2.79    63.0s
    hm1_norm_ρdiff=0.0007060674933766013 hm1_norm_Δρ=0.0007047334733172955  error_V_h1=7.608883057924502  α = 0.000562
 27   -21.48149705905       -7.88       -2.95    51.5s
    hm1_norm_ρdiff=0.0002637021224028668 hm1_norm_Δρ=0.0002601406216351342  error_V_h1=7.602129268590482  α = 0.00353
 28   -21.48149708018       -7.68       -3.13    52.9s
    hm1_norm_ρdiff=0.00019913098099431006 hm1_norm_Δρ=0.0001982160695779067  error_V_h1=7.603059731976697  α = 0.00379
 29   -21.48149708749       -8.14       -3.33    53.6s
    hm1_norm_ρdiff=0.00012233123059523986 hm1_norm_Δρ=0.00011852311780044452  error_V_h1=7.605009246612717  α = 0.00377
 30   -21.48149710462       -7.77       -3.30    52.7s
    hm1_norm_ρdiff=0.00012518463640234583 hm1_norm_Δρ=0.00011994691701126679  error_V_h1=7.60781574040326  α = 0.00408
 31   -21.48149711284       -8.09       -3.51    53.1s
    hm1_norm_ρdiff=7.795220959271531e-5 hm1_norm_Δρ=6.780229534477e-5  error_V_h1=7.610767947733154  α = 0.00428
 32   -21.48149712145       -8.07       -3.87    46.3s
    hm1_norm_ρdiff=4.491694852690695e-5 hm1_norm_Δρ=3.0560147864062044e-5  error_V_h1=7.61242681248399  α = 0.0104
 33   -21.48149716339       -7.38       -3.08    53.0s
    hm1_norm_ρdiff=0.00021653845503517328 hm1_norm_Δρ=0.00021761348407502154  error_V_h1=7.6125193282682595  α = 0.00394
 34   -21.48149716506       -8.78       -2.57    61.7s
    hm1_norm_ρdiff=0.001183885765698398 hm1_norm_Δρ=0.0012016375265228461  error_V_h1=7.613887976437851  α = 0.000393
 35   -21.48149716704       -8.70       -3.49    51.4s
    hm1_norm_ρdiff=0.00010701055798537684 hm1_norm_Δρ=9.765605366463021e-5  error_V_h1=7.613447549393821  α = 0.00348
 36   -21.48149717038       -8.48       -3.26    57.2s
    hm1_norm_ρdiff=0.00014209525008353481 hm1_norm_Δρ=0.000137460952690382  error_V_h1=7.613991845511789  α = 0.00151
 37   -21.48149717101       -9.20       -3.73    56.3s
    hm1_norm_ρdiff=7.80175344276695e-5 hm1_norm_Δρ=6.998563755934455e-5  error_V_h1=7.614271262179151  α = 0.00144
 38   -21.48149719204       -7.68       -2.84    56.3s
    hm1_norm_ρdiff=0.000323055036832009 hm1_norm_Δρ=0.00032205335243848485  error_V_h1=7.617256056331087  α = 0.00153
 39   -21.48149719537       -8.48       -3.28    52.6s
    hm1_norm_ρdiff=0.00014401110503673404 hm1_norm_Δρ=0.00013713047260488818  error_V_h1=7.615658344281766  α = 0.00348
 40   -21.48149719953       -8.38       -3.36    57.0s
    hm1_norm_ρdiff=0.00011337902164511941 hm1_norm_Δρ=0.00010664955129855481  error_V_h1=7.614596179495035  α = 0.00165
 41   -21.48149720138       -8.73       -3.69    52.5s
    hm1_norm_ρdiff=6.062362383550733e-5 hm1_norm_Δρ=4.9233581500116506e-5  error_V_h1=7.613157650253092  α = 0.0039
 42   -21.48149720202       -9.19       -3.99    46.8s
    hm1_norm_ρdiff=4.393477495246332e-5 hm1_norm_Δρ=2.286248975558965e-5  error_V_h1=7.611183357196275  α = 0.00922
 43   -21.48149720409       -8.68       -3.90    47.7s
    hm1_norm_ρdiff=4.4745954499746636e-5 hm1_norm_Δρ=2.6716815476518736e-5  error_V_h1=7.608997665181297  α = 0.00968
 44   -21.48149720837       -8.37       -3.45    52.6s
    hm1_norm_ρdiff=0.00012600916158359674 hm1_norm_Δρ=0.00011342408820279238  error_V_h1=7.608234561703702  α = 0.00356
 45   -21.48149721256       -8.38       -2.73    67.8s
    hm1_norm_ρdiff=0.000932339555823294 hm1_norm_Δρ=0.000913847821914905  error_V_h1=7.607854432508834  α = 0.00019
 46   -21.48149721585       -8.48       -3.25    58.2s
    hm1_norm_ρdiff=0.00017048062451487672 hm1_norm_Δρ=0.00017022627804743446  error_V_h1=7.607832279321897  α = 0.00141
 47   -21.48149721707       -8.91       -3.53    58.3s
    hm1_norm_ρdiff=7.849825185842563e-5 hm1_norm_Δρ=6.951850071152702e-5  error_V_h1=7.6071620357893615  α = 0.00158
 48   -21.48149721722       -9.83       -3.56    57.9s
    hm1_norm_ρdiff=0.00010712464116458793 hm1_norm_Δρ=9.998709964475586e-5  error_V_h1=7.606665486783309  α = 0.0012
 49   -21.48149721877       -8.81       -3.41    57.9s
    hm1_norm_ρdiff=9.721123238414348e-5 hm1_norm_Δρ=8.970204251165044e-5  error_V_h1=7.605714311218222  α = 0.00152
 50   -21.48149722012       -8.87       -3.36    51.7s
    hm1_norm_ρdiff=0.00011830582463167325 hm1_norm_Δρ=0.00011493788117256222  error_V_h1=7.6066152255403825  α = 0.0034
 51   -21.48149722253       -8.62       -4.57    36.7s
    hm1_norm_ρdiff=3.65901973655247e-5 hm1_norm_Δρ=5.0929465333945125e-6  error_V_h1=7.6072234518611985  α = 0.0467
 52   -21.48149722405       -8.82       -3.59    52.6s
    hm1_norm_ρdiff=7.390101854600595e-5 hm1_norm_Δρ=6.293833238942024e-5  error_V_h1=7.607313436127541  α = 0.00367
 53   -21.48149722696       -8.54       -3.59    52.2s
    hm1_norm_ρdiff=6.833238789401917e-5 hm1_norm_Δρ=5.742468390596477e-5  error_V_h1=7.6079192076055735  α = 0.00397
 54   -21.48149722900       -8.69       -3.68    51.8s
    hm1_norm_ρdiff=6.221239939150117e-5 hm1_norm_Δρ=4.8194245704152946e-5  error_V_h1=7.6080258739848095  α = 0.00399
 55   -21.48149723160       -8.59       -3.60    58.1s
    hm1_norm_ρdiff=8.512647024229379e-5 hm1_norm_Δρ=8.507464685094231e-5  error_V_h1=7.608051966712252  α = 0.00159
 56   -21.48149723164      -10.31       -4.10    62.1s
    hm1_norm_ρdiff=3.740769482084265e-5 hm1_norm_Δρ=3.639274763029974e-5  error_V_h1=7.608078772861455  α = 0.000563
 57   -21.48149723240       -9.12       -3.66    57.1s
    hm1_norm_ρdiff=8.028549375744356e-5 hm1_norm_Δρ=6.714595664117765e-5  error_V_h1=7.6081111543182125  α = 0.00149
 58   -21.48149723266       -9.59       -3.80    58.4s
    hm1_norm_ρdiff=5.222023362177423e-5 hm1_norm_Δρ=3.556165268794238e-5  error_V_h1=7.60834321869025  α = 0.00155
 59   -21.48149723302       -9.44       -3.60    62.6s
    hm1_norm_ρdiff=9.988581972807502e-5 hm1_norm_Δρ=9.366900632348754e-5  error_V_h1=7.608490766684857  α = 0.000568
 60   -21.48149723336       -9.47       -3.77    58.2s
    hm1_norm_ρdiff=5.42330853825461e-5 hm1_norm_Δρ=3.9880033697936644e-5  error_V_h1=7.608795588185692  α = 0.00155
 61   -21.48149723696       -8.44       -3.44    57.2s
    hm1_norm_ρdiff=0.0001106290737473123 hm1_norm_Δρ=0.00010274263189156452  error_V_h1=7.608713649390291  α = 0.00163
 62   -21.48149723839       -8.84       -3.84    51.5s
    hm1_norm_ρdiff=4.7198712426979895e-5 hm1_norm_Δρ=2.7385522667280234e-5  error_V_h1=7.6081665534703635  α = 0.0043
 63   -21.48149723955       -8.93       -3.61    57.5s
    hm1_norm_ρdiff=6.981126022202611e-5 hm1_norm_Δρ=6.144474574514483e-5  error_V_h1=7.607983667136566  α = 0.00161
 64   -21.48149724005       -9.30       -3.81    52.5s
    hm1_norm_ρdiff=4.884559172235365e-5 hm1_norm_Δρ=3.4356654430757694e-5  error_V_h1=7.6077043727588824  α = 0.0037
 65   -21.48149724051       -9.34       -3.98    52.5s
    hm1_norm_ρdiff=4.220509741310343e-5 hm1_norm_Δρ=2.457064197556013e-5  error_V_h1=7.607745805943999  α = 0.00391
 66   -21.48149724068       -9.77       -4.57    46.7s
    hm1_norm_ρdiff=3.6762906563183285e-5 hm1_norm_Δρ=7.034437461200784e-6  error_V_h1=7.607928522483904  α = 0.00976
 67   -21.48149724070      -10.60       -4.13    61.8s
    hm1_norm_ρdiff=5.945136808449816e-5 hm1_norm_Δρ=3.2239558511075835e-5  error_V_h1=7.6079044730027965  α = 0.000524
 68   -21.48149724077      -10.17       -4.15    51.7s
    hm1_norm_ρdiff=3.963080302955019e-5 hm1_norm_Δρ=2.3419716530521518e-5  error_V_h1=7.608001104257199  α = 0.00341
 69   -21.48149724099       -9.67       -3.84    56.7s
    hm1_norm_ρdiff=4.7103921828115665e-5 hm1_norm_Δρ=3.144362792287839e-5  error_V_h1=7.607908977036985  α = 0.00156
 70   -21.48149724112       -9.88       -4.20    57.5s
    hm1_norm_ρdiff=4.28683713076349e-5 hm1_norm_Δρ=2.128272440255183e-5  error_V_h1=7.608012576487187  α = 0.00158
 71   -21.48149724152       -9.39       -4.17    52.5s
    hm1_norm_ρdiff=4.082540000216054e-5 hm1_norm_Δρ=1.5431936532071575e-5  error_V_h1=7.608129181988715  α = 0.00417
 72   -21.48149724190       -9.43       -4.09    52.2s
    hm1_norm_ρdiff=4.171592830453298e-5 hm1_norm_Δρ=1.939643419012986e-5  error_V_h1=7.607889758669944  α = 0.00401
 73   -21.48149724255       -9.19       -3.98    53.5s
    hm1_norm_ρdiff=4.159092267420998e-5 hm1_norm_Δρ=1.87936307155205e-5  error_V_h1=7.60815359710954  α = 0.00422
 74   -21.48149724287       -9.49       -4.69    47.6s
    hm1_norm_ρdiff=3.730973895803219e-5 hm1_norm_Δρ=4.858785713753677e-6  error_V_h1=7.607887462026854  α = 0.0106
 75   -21.48149724312       -9.61       -4.08    56.9s
    hm1_norm_ρdiff=4.671922849402989e-5 hm1_norm_Δρ=2.7412278695314298e-5  error_V_h1=7.607851538021563  α = 0.00163
 76   -21.48149724345       -9.48       -4.32    48.0s
    hm1_norm_ρdiff=3.904441880734618e-5 hm1_norm_Δρ=9.16839111933387e-6  error_V_h1=7.607747460694343  α = 0.00982
 77   -21.48149724394       -9.31       -4.17    52.6s
    hm1_norm_ρdiff=3.926305439183598e-5 hm1_norm_Δρ=1.3817213621123835e-5  error_V_h1=7.60762554956927  α = 0.00439
 78   -21.48149724397      -10.61       -3.42    61.2s
    hm1_norm_ρdiff=0.00013848375710414973 hm1_norm_Δρ=0.0001522350150325539  error_V_h1=7.607679252801124  α = 0.000411
 79   -21.48149724423       -9.58       -3.90    56.8s
    hm1_norm_ρdiff=5.849629035037954e-5 hm1_norm_Δρ=3.98248298293159e-5  error_V_h1=7.607578287818747  α = 0.00148
 80   -21.48149724436       -9.88       -4.38    51.8s
    hm1_norm_ρdiff=3.769615392439275e-5 hm1_norm_Δρ=1.0535690769496306e-5  error_V_h1=7.607613833992062  α = 0.00403
 81   -21.48149724447       -9.96       -4.14    52.3s
    hm1_norm_ρdiff=3.925192364249524e-5 hm1_norm_Δρ=1.686641242791365e-5  error_V_h1=7.6074145566016895  α = 0.00365
 82   -21.48149724460       -9.90       -3.83    57.8s
    hm1_norm_ρdiff=5.501031354785681e-5 hm1_norm_Δρ=4.294374644436349e-5  error_V_h1=7.607372618482931  α = 0.00132
 83   -21.48149724465      -10.26       -4.13    51.4s
    hm1_norm_ρdiff=4.044770726646802e-5 hm1_norm_Δρ=1.775520152065777e-5  error_V_h1=7.607491595692329  α = 0.00351
 84   -21.48149724481       -9.80       -4.30    51.7s
    hm1_norm_ρdiff=3.8301920255470614e-5 hm1_norm_Δρ=1.0812067764112236e-5  error_V_h1=7.607307357192436  α = 0.00415
 85   -21.48149724498       -9.77       -4.45    51.9s
    hm1_norm_ρdiff=3.693668668353366e-5 hm1_norm_Δρ=8.606183157815241e-6  error_V_h1=7.607220996886614  α = 0.00439
 86   -21.48149724506      -10.08       -4.49    47.1s
    hm1_norm_ρdiff=3.7721060155217145e-5 hm1_norm_Δρ=7.27412016116062e-6  error_V_h1=7.606756006831977  α = 0.00919
 87   -21.48149724526       -9.71       -4.01    58.8s
    hm1_norm_ρdiff=4.0592491114681536e-5 hm1_norm_Δρ=2.2903507232996542e-5  error_V_h1=7.606688771226346  α = 0.00163
 88   -21.48149724535      -10.05       -4.50    48.3s
    hm1_norm_ρdiff=3.655335444824655e-5 hm1_norm_Δρ=6.345807930488801e-6  error_V_h1=7.606538819954833  α = 0.00955
 89   -21.48149724537      -10.69       -3.55    62.3s
    hm1_norm_ρdiff=0.00013391782991710758 hm1_norm_Δρ=0.00011218096486860957  error_V_h1=7.606498874732284  α = 0.000403
 90   -21.48149724547      -10.02       -4.45    52.6s
    hm1_norm_ρdiff=3.6582043421195936e-5 hm1_norm_Δρ=8.996645207423455e-6  error_V_h1=7.606400622774959  α = 0.0041
 91   -21.48149724555      -10.09       -3.92    57.6s
    hm1_norm_ρdiff=4.8577157014233944e-5 hm1_norm_Δρ=2.8624116146553644e-5  error_V_h1=7.606222477193194  α = 0.00141
 92   -21.48149724565       -9.97       -3.93    58.7s
    hm1_norm_ρdiff=4.6977021706490955e-5 hm1_norm_Δρ=2.7737211965292444e-5  error_V_h1=7.606297071533441  α = 0.00145
 93   -21.48149724571      -10.24       -3.89    57.2s
    hm1_norm_ρdiff=5.360768588587679e-5 hm1_norm_Δρ=3.7797076590908106e-5  error_V_h1=7.606277696232652  α = 0.00127
 94   -21.48149724583       -9.93       -4.11    56.7s
    hm1_norm_ρdiff=4.114917481138035e-5 hm1_norm_Δρ=1.903075998182364e-5  error_V_h1=7.606230641197316  α = 0.00163
 95   -21.48149724587      -10.38       -4.47    51.5s
    hm1_norm_ρdiff=3.7453860290317305e-5 hm1_norm_Δρ=7.85378714620263e-6  error_V_h1=7.606255099246032  α = 0.00393
 96   -21.48149724594      -10.13       -4.78    46.2s
    hm1_norm_ρdiff=3.687966266627086e-5 hm1_norm_Δρ=3.4916750019382218e-6  error_V_h1=7.606213071324192  α = 0.0102
 97   -21.48149724596      -10.76       -4.06    51.7s
    hm1_norm_ρdiff=4.244409787808418e-5 hm1_norm_Δρ=2.2632462771889842e-5  error_V_h1=7.606373878233122  α = 0.00342
 98   -21.48149724603      -10.18       -4.98    47.8s
    hm1_norm_ρdiff=3.6645482106794074e-5 hm1_norm_Δρ=2.614037297110245e-6  error_V_h1=7.606345421296153  α = 0.0104
 99   -21.48149724607      -10.35       -4.21    51.2s
    hm1_norm_ρdiff=3.969381728335844e-5 hm1_norm_Δρ=1.5850722727253487e-5  error_V_h1=7.606304766738424  α = 0.00352
 100   -21.48149724618       -9.96       -3.54    67.5s
    hm1_norm_ρdiff=0.0001306812791557484 hm1_norm_Δρ=0.00014564427044302778  error_V_h1=7.606320552822085  α = 0.000193
 101   -21.48149724627      -10.05       -4.38    52.4s
    hm1_norm_ρdiff=3.8881970668369497e-5 hm1_norm_Δρ=8.957419771298322e-6  error_V_h1=7.606274867191654  α = 0.00403
 102   -21.48149724631      -10.42       -4.12    56.9s
    hm1_norm_ρdiff=4.014046128869553e-5 hm1_norm_Δρ=2.0231237630773162e-5  error_V_h1=7.606283488889663  α = 0.00136
 103   -21.48149724634      -10.46       -4.21    58.0s
    hm1_norm_ρdiff=3.917995806122315e-5 hm1_norm_Δρ=1.523112235369512e-5  error_V_h1=7.6062317607111165  α = 0.00147
 104   -21.48149724637      -10.62       -4.00    57.8s
    hm1_norm_ρdiff=4.7745293121719596e-5 hm1_norm_Δρ=3.1391878834737945e-5  error_V_h1=7.606202256835494  α = 0.00123
 105   -21.48149724638      -10.75       -4.91    47.1s
    hm1_norm_ρdiff=3.667677380398837e-5 hm1_norm_Δρ=2.713686904361931e-6  error_V_h1=7.6061969364697175  α = 0.00965
 106   -21.48149724640      -10.92       -4.29    52.6s
    hm1_norm_ρdiff=3.857025798569764e-5 hm1_norm_Δρ=1.174115236015714e-5  error_V_h1=7.606081565601551  α = 0.00344
 107   -21.48149724646      -10.20       -4.43    52.9s
    hm1_norm_ρdiff=3.6784124903716905e-5 hm1_norm_Δρ=7.841032222946369e-6  error_V_h1=7.606031623241965  α = 0.00405
 108   -21.48149724651      -10.31       -4.10    52.8s
    hm1_norm_ρdiff=4.2474944588569865e-5 hm1_norm_Δρ=2.1696597390407074e-5  error_V_h1=7.605887247191711  α = 0.00341
 109   -21.48149724652      -11.07       -4.89    48.0s
    hm1_norm_ρdiff=3.6471245494908334e-5 hm1_norm_Δρ=3.239930948052469e-6  error_V_h1=7.605853787572075  α = 0.00907
 110   -21.48149724662      -10.00       -4.18    57.3s
    hm1_norm_ρdiff=4.0416559281207176e-5 hm1_norm_Δρ=1.7006952539433702e-5  error_V_h1=7.605865630489593  α = 0.00164
 111   -21.48149724662      -12.21       -4.71    56.7s
    hm1_norm_ρdiff=3.285296512669235e-5 hm1_norm_Δρ=8.977822968031059e-6  error_V_h1=7.605877882323267  α = 0.0012
 112   -21.48149724664      -10.59       -4.58    47.8s
    hm1_norm_ρdiff=3.653728142725728e-5 hm1_norm_Δρ=5.280179463831966e-6  error_V_h1=7.606017058397619  α = 0.00915
 113   -21.48149724667      -10.51       -4.27    57.9s
    hm1_norm_ρdiff=4.2119809177527204e-5 hm1_norm_Δρ=1.6769360174622943e-5  error_V_h1=7.606031079004711  α = 0.0014
 114   -21.48149724669      -10.89       -4.52    50.8s
    hm1_norm_ρdiff=3.786592508097382e-5 hm1_norm_Δρ=8.06731108254291e-6  error_V_h1=7.606139751409032  α = 0.00344
 115   -21.48149724671      -10.62       -3.97    57.1s
    hm1_norm_ρdiff=5.035713165166381e-5 hm1_norm_Δρ=3.37830986475104e-5  error_V_h1=7.6062002949306216  α = 0.00123
 116   -21.48149724674      -10.50       -4.42    51.3s
    hm1_norm_ρdiff=3.6642034477691026e-5 hm1_norm_Δρ=9.038995564543694e-6  error_V_h1=7.606247000113238  α = 0.00363
 117   -21.48149724682      -10.11       -4.18    56.8s
    hm1_norm_ρdiff=3.9837033414367225e-5 hm1_norm_Δρ=1.6554694211041077e-5  error_V_h1=7.6063362434417865  α = 0.0016
 118   -21.48149724686      -10.41       -4.60    51.6s
    hm1_norm_ρdiff=3.749585038642413e-5 hm1_norm_Δρ=5.265790159570136e-6  error_V_h1=7.606378157322763  α = 0.00414
 119   -21.48149724689      -10.49       -4.15    51.7s
    hm1_norm_ρdiff=4.161791430408785e-5 hm1_norm_Δρ=1.936926164949335e-5  error_V_h1=7.606539157050458  α = 0.00337
 120   -21.48149724691      -10.71       -4.65    50.1s
    hm1_norm_ρdiff=3.7155771933845525e-5 hm1_norm_Δρ=5.800381343768338e-6  error_V_h1=7.606588332988772  α = 0.00379
 121   -21.48149724695      -10.39       -5.05    45.4s
    hm1_norm_ρdiff=3.6406517476824856e-5 hm1_norm_Δρ=1.9535398920604073e-6  error_V_h1=7.606685820516264  α = 0.0106
 122   -21.48149724698      -10.53       -4.63    45.0s
    hm1_norm_ρdiff=3.623162069479181e-5 hm1_norm_Δρ=4.448720563388352e-6  error_V_h1=7.606983278539852  α = 0.00941
 123   -21.48149724701      -10.62       -4.38    56.4s
    hm1_norm_ρdiff=4.4968551485686606e-5 hm1_norm_Δρ=1.4374852219632454e-5  error_V_h1=7.606945304334019  α = 0.00143
 124   -21.48149724703      -10.63       -3.93    54.8s
    hm1_norm_ρdiff=4.3426099170332584e-5 hm1_norm_Δρ=2.6995576799399145e-5  error_V_h1=7.606895510562136  α = 0.00127
 125   -21.48149724708      -10.33       -4.21    55.3s
    hm1_norm_ρdiff=3.7758434590136705e-5 hm1_norm_Δρ=1.6012374942300476e-5  error_V_h1=7.6068185318342145  α = 0.00149
 126   -21.48149724711      -10.46       -4.02    60.8s
    hm1_norm_ρdiff=4.534061513697849e-5 hm1_norm_Δρ=3.0141295467970374e-5  error_V_h1=7.606789312930165  α = 0.000563
 127   -21.48149724713      -10.63       -4.41    56.5s
    hm1_norm_ρdiff=3.924440568910071e-5 hm1_norm_Δρ=1.0208014943536993e-5  error_V_h1=7.606766570175624  α = 0.00154
 128   -21.48149724714      -11.38       -4.87    50.8s
    hm1_norm_ρdiff=3.6493306286796196e-5 hm1_norm_Δρ=3.3161368864066814e-6  error_V_h1=7.606762116930048  α = 0.00369
 129   -21.48149724715      -10.86       -4.74    51.6s
    hm1_norm_ρdiff=3.613531425847972e-5 hm1_norm_Δρ=3.906944696362097e-6  error_V_h1=7.606769953782119  α = 0.00399
 130   -21.48149724727       -9.92       -4.17    55.8s
    hm1_norm_ρdiff=4.016483109651161e-5 hm1_norm_Δρ=1.8372536893230316e-5  error_V_h1=7.606702557132706  α = 0.00163
 131   -21.48149724728      -11.53       -4.62    50.4s
    hm1_norm_ρdiff=3.675816021676677e-5 hm1_norm_Δρ=5.543482131876798e-6  error_V_h1=7.606665224564758  α = 0.00344
 132   -21.48149724729      -10.89       -4.99    50.8s
    hm1_norm_ρdiff=3.6733260409915666e-5 hm1_norm_Δρ=2.3418594402800734e-6  error_V_h1=7.606676870254596  α = 0.00435
 133   -21.48149724733      -10.37       -4.35    55.2s
    hm1_norm_ρdiff=3.9039743715233485e-5 hm1_norm_Δρ=1.122668573846825e-5  error_V_h1=7.606669567334799  α = 0.00163
 134   -21.48149724734      -11.13       -4.20    59.4s
    hm1_norm_ρdiff=3.318818702601781e-5 hm1_norm_Δρ=2.0894247016971697e-5  error_V_h1=7.606691723238656  α = 0.000499
 135   -21.48149724735      -11.06       -3.97    55.8s
    hm1_norm_ρdiff=4.6498568609457995e-5 hm1_norm_Δρ=2.4851397715916247e-5  error_V_h1=7.606716532749052  α = 0.0012
 136   -21.48149724735      -11.13       -4.70    55.9s
    hm1_norm_ρdiff=3.801182918270551e-5 hm1_norm_Δρ=5.882051909213178e-6  error_V_h1=7.606731888057029  α = 0.00152
 137   -21.48149724736      -11.70       -4.64    56.7s
    hm1_norm_ρdiff=3.762943564891881e-5 hm1_norm_Δρ=6.991780251606502e-6  error_V_h1=7.6067405546655875  α = 0.00132
 138   -21.48149724736      -11.60       -4.81    51.0s
    hm1_norm_ρdiff=3.608892636977085e-5 hm1_norm_Δρ=3.874940574811718e-6  error_V_h1=7.606738850974587  α = 0.00349
 139   -21.48149724737      -11.06       -4.58    55.9s
    hm1_norm_ρdiff=3.745355639437536e-5 hm1_norm_Δρ=7.1487738623301534e-6  error_V_h1=7.606735849426725  α = 0.00151
 140   -21.48149724737      -11.15       -4.80    51.1s
    hm1_norm_ρdiff=3.705304926336411e-5 hm1_norm_Δρ=3.4293032891194557e-6  error_V_h1=7.606733687352083  α = 0.00382
 141   -21.48149724739      -10.75       -5.38    41.0s
    hm1_norm_ρdiff=3.644725644725346e-5 hm1_norm_Δρ=8.249543034052518e-7  error_V_h1=7.606750002953282  α = 0.0229
 142   -21.48149724740      -11.28       -4.67    50.9s
    hm1_norm_ρdiff=3.691277355275181e-5 hm1_norm_Δρ=5.238338203129244e-6  error_V_h1=7.606770050974901  α = 0.00355
 143   -21.48149724741      -10.77       -4.88    51.2s
    hm1_norm_ρdiff=3.643735717658892e-5 hm1_norm_Δρ=2.7698717748434325e-6  error_V_h1=7.606749628943345  α = 0.00435
 144   -21.48149724743      -10.72       -4.92    45.4s
    hm1_norm_ρdiff=3.675491932667488e-5 hm1_norm_Δρ=2.215153358259508e-6  error_V_h1=7.606716046674129  α = 0.00994
 145   -21.48149724744      -11.48       -4.74    50.8s
    hm1_norm_ρdiff=3.5561804807958626e-5 hm1_norm_Δρ=4.153894318950212e-6  error_V_h1=7.606696830528968  α = 0.00371
 146   -21.48149724745      -10.75       -4.35    57.5s
    hm1_norm_ρdiff=3.60240324845706e-5 hm1_norm_Δρ=1.0401420595714775e-5  error_V_h1=7.606694536019998  α = 0.0015
 147   -21.48149724746      -11.43       -4.27    56.0s
    hm1_norm_ρdiff=4.330225741070002e-5 hm1_norm_Δρ=1.4347941643375257e-5  error_V_h1=7.606646576488478  α = 0.0012
 148   -21.48149724746      -12.07       -4.98    51.4s
    hm1_norm_ρdiff=3.602951414334739e-5 hm1_norm_Δρ=3.223621381944656e-6  error_V_h1=7.606629955798198  α = 0.0034
 149   -21.48149724747      -11.01       -4.76    51.3s
    hm1_norm_ρdiff=3.708972880954978e-5 hm1_norm_Δρ=3.843545020364527e-6  error_V_h1=7.606623711474522  α = 0.00383
 150   -21.48149724747      -11.86       -4.79    56.0s
    hm1_norm_ρdiff=3.6078859044852996e-5 hm1_norm_Δρ=4.632959980341693e-6  error_V_h1=7.606621620921132  α = 0.00133
 151   -21.48149724747      -11.60       -4.78    51.0s
    hm1_norm_ρdiff=3.628359953901065e-5 hm1_norm_Δρ=4.083724273950825e-6  error_V_h1=7.606630782636819  α = 0.00347
 152   -21.48149724748      -11.11       -4.95    52.0s
    hm1_norm_ρdiff=3.6657895084500244e-5 hm1_norm_Δρ=2.5029335818075213e-6  error_V_h1=7.606619442410999  α = 0.00414
 153   -21.48149724749      -10.92       -4.52    55.7s
    hm1_norm_ρdiff=3.7068870172393544e-5 hm1_norm_Δρ=7.5857723704426355e-6  error_V_h1=7.606600121808813  α = 0.00153
 154   -21.48149724750      -11.65       -5.32    46.2s
    hm1_norm_ρdiff=3.65203970780961e-5 hm1_norm_Δρ=9.840817873889778e-7  error_V_h1=7.606614318210094  α = 0.00943
 155   -21.48149724750      -11.10       -4.65    50.8s
    hm1_norm_ρdiff=3.621658697910706e-5 hm1_norm_Δρ=4.6782084134001454e-6  error_V_h1=7.606628236174326  α = 0.00367
 156   -21.48149724750      -11.89       -4.35    56.5s
    hm1_norm_ρdiff=4.046884982249847e-5 hm1_norm_Δρ=1.050953402650864e-5  error_V_h1=7.606641640467663  α = 0.00119
 157   -21.48149724751      -11.78       -4.71    56.5s
    hm1_norm_ρdiff=3.747373257847376e-5 hm1_norm_Δρ=4.3945563570193795e-6  error_V_h1=7.606638560597537  α = 0.00138
 158   -21.48149724752      -11.01       -4.20    61.0s
    hm1_norm_ρdiff=3.473223903979623e-5 hm1_norm_Δρ=1.645521700561246e-5  error_V_h1=7.606653136513182  α = 0.000551
 159   -21.48149724752      -11.71       -4.67    55.4s
    hm1_norm_ρdiff=3.853402688409405e-5 hm1_norm_Δρ=7.274260009273029e-6  error_V_h1=7.606658283638357  α = 0.00126
 160   -21.48149724752      -11.77       -4.83    51.3s
    hm1_norm_ρdiff=3.630125317704994e-5 hm1_norm_Δρ=3.156993577513102e-6  error_V_h1=7.60666563942167  α = 0.00353
 161   -21.48149724752      -11.87       -4.71    60.7s
    hm1_norm_ρdiff=3.780172093264473e-5 hm1_norm_Δρ=5.6784958280061575e-6  error_V_h1=7.606664048339923  α = 0.000572
 162   -21.48149724753      -11.20       -4.77    54.2s
    hm1_norm_ρdiff=3.7119187990888334e-5 hm1_norm_Δρ=4.404313656764831e-6  error_V_h1=7.606655627435918  α = 0.00161
 163   -21.48149724753      -12.07       -5.01    49.4s
    hm1_norm_ρdiff=3.6408833088158105e-5 hm1_norm_Δρ=2.358073420924947e-6  error_V_h1=7.606655254384716  α = 0.00354
 164   -21.48149724753      -12.00       -5.20    49.0s
    hm1_norm_ρdiff=3.653355658019896e-5 hm1_norm_Δρ=1.5436817502585608e-6  error_V_h1=7.6066654425028135  α = 0.0038
 165   -21.48149724753      -11.25       -4.74    54.7s
    hm1_norm_ρdiff=3.6465103074425396e-5 hm1_norm_Δρ=3.749290093708888e-6  error_V_h1=7.606654002166287  α = 0.00164
 166   -21.48149724754      -12.06       -4.67    49.1s
    hm1_norm_ρdiff=3.740467638957023e-5 hm1_norm_Δρ=4.6537204391384155e-6  error_V_h1=7.606632068678165  α = 0.00342
 167   -21.48149724754      -11.35       -4.40    59.0s
    hm1_norm_ρdiff=3.53594018888982e-5 hm1_norm_Δρ=9.833873318262208e-6  error_V_h1=7.60662503577351  α = 0.000571
 168   -21.48149724754      -12.48       -4.80    53.9s
    hm1_norm_ρdiff=3.600360451096665e-5 hm1_norm_Δρ=3.942757380928653e-6  error_V_h1=7.606629761697358  α = 0.00129
 169   -21.48149724754      -12.80       -5.43    50.2s
    hm1_norm_ρdiff=3.6785186283707644e-5 hm1_norm_Δρ=9.994994622340762e-7  error_V_h1=7.606626026953862  α = 0.00379
 170   -21.48149724754      -11.65       -4.60    55.9s
    hm1_norm_ρdiff=3.563853855362817e-5 hm1_norm_Δρ=7.976047282495213e-6  error_V_h1=7.606622385202146  α = 0.00129
 171   -21.48149724755      -11.58       -4.88    50.5s
    hm1_norm_ρdiff=3.682986018569459e-5 hm1_norm_Δρ=3.176174726685486e-6  error_V_h1=7.606618440824578  α = 0.00358
 172   -21.48149724755      -11.65       -5.59    40.4s
    hm1_norm_ρdiff=3.656112538090527e-5 hm1_norm_Δρ=6.099676881544162e-7  error_V_h1=7.606565990583058  α = 0.0221
 173   -21.48149724755      -11.64       -4.88    56.4s
    hm1_norm_ρdiff=3.615094846011292e-5 hm1_norm_Δρ=3.872536677850024e-6  error_V_h1=7.606562000213348  α = 0.00147
 174   -21.48149724756      -11.11       -4.66    55.8s
    hm1_norm_ρdiff=3.727280252252276e-5 hm1_norm_Δρ=4.803106343603837e-6  error_V_h1=7.6065461429436105  α = 0.00164
 175   -21.48149724756      -12.34       -4.87    50.3s
    hm1_norm_ρdiff=3.6617577169230295e-5 hm1_norm_Δρ=3.3207921758530356e-6  error_V_h1=7.606507141747764  α = 0.0035
 176   -21.48149724756      -11.52       -4.97    55.6s
    hm1_norm_ρdiff=3.687569544866519e-5 hm1_norm_Δρ=2.9856638238101267e-6  error_V_h1=7.606496757226862  α = 0.00158
 177   -21.48149724757      -10.91       -4.49    55.1s
    hm1_norm_ρdiff=3.6302524319486034e-5 hm1_norm_Δρ=7.660255519618422e-6  error_V_h1=7.6064884138858995  α = 0.00155
 178   -21.48149724758      -11.23       -5.19    49.5s
    hm1_norm_ρdiff=3.642012509623934e-5 hm1_norm_Δρ=1.579451554493037e-6  error_V_h1=7.606469667859861  α = 0.00428
 179   -21.48149724758      -11.46       -5.26    45.1s
    hm1_norm_ρdiff=3.6760230839448414e-5 hm1_norm_Δρ=1.1668179200748188e-6  error_V_h1=7.606451386783908  α = 0.00962
 180   -21.48149724759      -11.56       -4.09    60.0s
    hm1_norm_ρdiff=3.673242964663233e-5 hm1_norm_Δρ=2.4542865353356378e-5  error_V_h1=7.6064310497926275  α = 0.000482
 181   -21.48149724759      -11.92       -4.94    50.0s
    hm1_norm_ρdiff=3.677363062196704e-5 hm1_norm_Δρ=2.8871456524018374e-6  error_V_h1=7.60640872103721  α = 0.0035
 182   -21.48149724759      -11.69       -4.93    54.6s
    hm1_norm_ρdiff=3.589557273881824e-5 hm1_norm_Δρ=4.345443213498403e-6  error_V_h1=7.60640453024542  α = 0.00144
 183   -21.48149724759      -11.23       -4.78    50.1s
    hm1_norm_ρdiff=3.6091195223457114e-5 hm1_norm_Δρ=3.491718646644501e-6  error_V_h1=7.60644393545763  α = 0.00366
 184   -21.48149724760      -11.66       -4.63    60.9s
    hm1_norm_ρdiff=3.7983020840210104e-5 hm1_norm_Δρ=7.524305062585304e-6  error_V_h1=7.606441336585953  α = 0.000556
 185   -21.48149724760      -11.82       -5.38    50.0s
    hm1_norm_ρdiff=3.65981938653396e-5 hm1_norm_Δρ=9.649744517364518e-7  error_V_h1=7.606442835695062  α = 0.00423
 186   -21.48149724760      -11.62       -4.83    55.9s
    hm1_norm_ρdiff=3.674462541731594e-5 hm1_norm_Δρ=3.985990368006579e-6  error_V_h1=7.6064613838154616  α = 0.00148
 187   -21.48149724760      -11.86       -5.03    55.5s
    hm1_norm_ρdiff=3.612892202370882e-5 hm1_norm_Δρ=2.553491734540262e-6  error_V_h1=7.606472724624813  α = 0.00153
 188   -21.48149724760      -11.94       -5.14    50.8s
    hm1_norm_ρdiff=3.644796925077378e-5 hm1_norm_Δρ=1.6219229455145524e-6  error_V_h1=7.606490601525924  α = 0.00372
 189   -21.48149724760      -11.69       -5.37    51.5s
    hm1_norm_ρdiff=3.642718411060267e-5 hm1_norm_Δρ=9.64874515868186e-7  error_V_h1=7.606498310252664  α = 0.00438
 190   -21.48149724761      -12.02       -4.72    56.8s
    hm1_norm_ρdiff=3.4954557850057764e-5 hm1_norm_Δρ=5.555578317690428e-6  error_V_h1=7.606502725947186  α = 0.00118
 191   -21.48149724761      -11.41       -4.29    61.4s
    hm1_norm_ρdiff=4.221009016961507e-5 hm1_norm_Δρ=1.4100488215757376e-5  error_V_h1=7.606515813869991  α = 0.000526
 192   -21.48149724761      -11.53       -4.86    55.8s
    hm1_norm_ρdiff=3.6468713729044274e-5 hm1_norm_Δρ=3.4082744051811624e-6  error_V_h1=7.606520864273004  α = 0.00157
 193   -21.48149724761      -11.91       -4.92    55.6s
    hm1_norm_ρdiff=3.744148612274488e-5 hm1_norm_Δρ=4.270150292542157e-6  error_V_h1=7.60652263404639  α = 0.00132
 194   -21.48149724762      -11.39       -4.82    55.3s
    hm1_norm_ρdiff=3.7263127463436804e-5 hm1_norm_Δρ=3.2889041237014303e-6  error_V_h1=7.606507118899756  α = 0.00161
 195   -21.48149724762      -12.36       -5.28    56.0s
    hm1_norm_ρdiff=3.632520083213527e-5 hm1_norm_Δρ=1.6752996960459802e-6  error_V_h1=7.606508218942608  α = 0.00147
 196   -21.48149724762      -11.80       -5.24    49.5s
    hm1_norm_ρdiff=3.644686036311131e-5 hm1_norm_Δρ=1.1906241604107513e-6  error_V_h1=7.606494967177263  α = 0.00422
 197   -21.48149724762      -11.63       -5.34    50.1s
    hm1_norm_ρdiff=3.6584887722548195e-5 hm1_norm_Δρ=1.079486584059744e-6  error_V_h1=7.6064778147985175  α = 0.00436
 198   -21.48149724762      -12.14       -4.95    56.3s
    hm1_norm_ρdiff=3.7230929897412165e-5 hm1_norm_Δρ=3.1366611360616526e-6  error_V_h1=7.60647076612837  α = 0.00137
 199   -21.48149724763      -11.73       -4.97    54.7s
    hm1_norm_ρdiff=3.67684341125175e-5 hm1_norm_Δρ=2.7934554117078415e-6  error_V_h1=7.606463743185911  α = 0.00162
 200   -21.48149724763      -11.83       -5.67    45.7s
    hm1_norm_ρdiff=3.648678811334294e-5 hm1_norm_Δρ=4.736576857585026e-7  error_V_h1=7.606459712070749  α = 0.0101
 201   -21.48149724763      -12.01       -5.26    54.7s
    hm1_norm_ρdiff=3.700421753538238e-5 hm1_norm_Δρ=1.7117683902216954e-6  error_V_h1=7.606461215198076  α = 0.00145
 202   -21.48149724763      -11.80       -4.27    65.3s
    hm1_norm_ρdiff=3.61132596089211e-5 hm1_norm_Δρ=1.3775500427345837e-5  error_V_h1=7.606455529687249  α = 0.000196
 203   -21.48149724763      -12.56       -5.23    54.3s
    hm1_norm_ρdiff=3.649009417837859e-5 hm1_norm_Δρ=1.4378287119496608e-6  error_V_h1=7.606456118352357  α = 0.00162
 204   -21.48149724763      -12.76       -4.82    55.8s
    hm1_norm_ρdiff=3.6059864158150645e-5 hm1_norm_Δρ=5.390718381798182e-6  error_V_h1=7.60645424364394  α = 0.00126
 205   -21.48149724763      -12.32       -5.43    51.8s
    hm1_norm_ρdiff=3.6324590089123025e-5 hm1_norm_Δρ=7.887912317518278e-7  error_V_h1=7.6064591034363325  α = 0.00404
 206   -21.48149724763      -12.04       -4.76    61.7s
    hm1_norm_ρdiff=3.768751310155308e-5 hm1_norm_Δρ=5.67790621405611e-6  error_V_h1=7.606455609320237  α = 0.000562
 207   -21.48149724763      -11.88       -5.47    49.9s
    hm1_norm_ρdiff=3.652111734395092e-5 hm1_norm_Δρ=7.298097034738116e-7  error_V_h1=7.6064581108980684  α = 0.00426
 208   -21.48149724763      -12.06       -5.59    50.4s
    hm1_norm_ρdiff=3.6465365952386806e-5 hm1_norm_Δρ=5.602469220426197e-7  error_V_h1=7.606457778529607  α = 0.00405
 209   -21.48149724764      -11.59       -4.49    61.0s
    hm1_norm_ρdiff=3.5919355034796964e-5 hm1_norm_Δρ=8.35689507750306e-6  error_V_h1=7.606461019098024  α = 0.000576
 210   -21.48149724764      -12.02       -5.55    51.5s
    hm1_norm_ρdiff=3.661929355840083e-5 hm1_norm_Δρ=6.966195194736947e-7  error_V_h1=7.606447942744943  α = 0.00401
 211   -21.48149724764      -11.91       -5.14    56.5s
    hm1_norm_ρdiff=3.642911464684162e-5 hm1_norm_Δρ=1.7701752692900524e-6  error_V_h1=7.606445952160876  α = 0.00162
 212   -21.48149724764      -12.34       -4.98    60.8s
    hm1_norm_ρdiff=3.5325354691946723e-5 hm1_norm_Δρ=3.631549132296204e-6  error_V_h1=7.6064440423325905  α = 0.000537
 213   -21.48149724764      -12.45       -5.32    56.3s
    hm1_norm_ρdiff=3.635287215427265e-5 hm1_norm_Δρ=1.3204824657813978e-6  error_V_h1=7.606441795643707  α = 0.00154
 214   -21.48149724764      -12.01       -5.52    45.8s
    hm1_norm_ρdiff=3.655723097244471e-5 hm1_norm_Δρ=6.177345956435312e-7  error_V_h1=7.606435413202641  α = 0.00973
 215   -21.48149724764      -11.85       -5.00    56.3s
    hm1_norm_ρdiff=3.6896321408256e-5 hm1_norm_Δρ=3.142119897873789e-6  error_V_h1=7.606439835448337  α = 0.00144
 216   -21.48149724764      -12.42       -5.31    51.0s
    hm1_norm_ρdiff=3.6522343400298296e-5 hm1_norm_Δρ=1.151468168615368e-6  error_V_h1=7.606441755333565  α = 0.00369
 217   -21.48149724764      -13.30       -5.34    61.1s
    hm1_norm_ρdiff=3.66954204162541e-5 hm1_norm_Δρ=1.1068211530853332e-6  error_V_h1=7.606441643687313  α = 0.00044
 218   -21.48149724764      -13.07       -5.18    61.3s
    hm1_norm_ρdiff=3.619510901681797e-5 hm1_norm_Δρ=1.8757517375520165e-6  error_V_h1=7.606443284430776  α = 0.000542
 219   -21.48149724764      -12.07       -5.88    46.7s
    hm1_norm_ρdiff=3.645925881179967e-5 hm1_norm_Δρ=2.8520018396369645e-7  error_V_h1=7.606447082412406  α = 0.0105
 220   -21.48149724764      -13.15       -4.92    61.1s
    hm1_norm_ρdiff=3.629102450057065e-5 hm1_norm_Δρ=3.153499623359084e-6  error_V_h1=7.6064466089787155  α = 0.000592
 221   -21.48149724764      -12.16       -5.73    45.6s
    hm1_norm_ρdiff=3.6433192882794936e-5 hm1_norm_Δρ=3.829579855512766e-7  error_V_h1=7.606464827866307  α = 0.0101
 222   -21.48149724764      -12.64       -5.30    55.6s
    hm1_norm_ρdiff=3.6198977745111e-5 hm1_norm_Δρ=1.5194360842329968e-6  error_V_h1=7.6064677392760105  α = 0.00133
 223   -21.48149724764      -12.75       -4.92    60.8s
    hm1_norm_ρdiff=3.5258140258616e-5 hm1_norm_Δρ=3.975935278041628e-6  error_V_h1=7.606466009725315  α = 0.000522
 224   -21.48149724764      -12.21       -5.75    46.7s
    hm1_norm_ρdiff=3.650115290585372e-5 hm1_norm_Δρ=3.6888515111808317e-7  error_V_h1=7.60646654759797  α = 0.00999
 225   -21.48149724764      -12.18       -5.19    51.3s
    hm1_norm_ρdiff=3.622273446561931e-5 hm1_norm_Δρ=1.3820044955182454e-6  error_V_h1=7.606469827468196  α = 0.00351
 226   -21.48149724765      -12.56       -5.24    56.5s
    hm1_norm_ρdiff=3.6466240869129505e-5 hm1_norm_Δρ=2.065971504497024e-6  error_V_h1=7.606470491465641  α = 0.00133
 227   -21.48149724765      -12.12       -5.11    56.0s
    hm1_norm_ρdiff=3.638910603084851e-5 hm1_norm_Δρ=1.9936790314206102e-6  error_V_h1=7.6064727008922866  α = 0.0015
 228   -21.48149724765      -12.10       -5.77    45.5s
    hm1_norm_ρdiff=3.648098944582557e-5 hm1_norm_Δρ=3.213118194550583e-7  error_V_h1=7.606481109074277  α = 0.00976
 229   -21.48149724765      -12.67       -5.85    49.9s
    hm1_norm_ρdiff=3.6587273908022884e-5 hm1_norm_Δρ=3.8951597184184106e-7  error_V_h1=7.606482278845438  α = 0.00409
 230   -21.48149724765      -12.68       -5.19    56.1s
    hm1_norm_ρdiff=3.628570974231856e-5 hm1_norm_Δρ=1.6801926148094811e-6  error_V_h1=7.606485512260063  α = 0.00137
 231   -21.48149724765      -12.40       -5.67    49.7s
    hm1_norm_ρdiff=3.6451514094193025e-5 hm1_norm_Δρ=4.67400514825064e-7  error_V_h1=7.606487553758763  α = 0.00434
 232   -21.48149724765      -12.61       -5.36    51.0s
    hm1_norm_ρdiff=3.646682742942164e-5 hm1_norm_Δρ=9.513727124962109e-7  error_V_h1=7.60649227790781  α = 0.00356
 233   -21.48149724765      -12.27       -5.65    50.5s
    hm1_norm_ρdiff=3.645762341732113e-5 hm1_norm_Δρ=5.321824873573617e-7  error_V_h1=7.606498287682234  α = 0.00432
 234   -21.48149724765      -12.40       -5.88    50.4s
    hm1_norm_ρdiff=3.65255844105945e-5 hm1_norm_Δρ=3.011208818003763e-7  error_V_h1=7.606504841227736  α = 0.00462
 235   -21.48149724765      -12.46       -4.93    60.2s
    hm1_norm_ρdiff=3.591696030829738e-5 hm1_norm_Δρ=2.950648826399304e-6  error_V_h1=7.606514870324803  α = 0.00059
 236   -21.48149724765      -12.24       -5.08    57.7s
    hm1_norm_ρdiff=3.670758022579493e-5 hm1_norm_Δρ=1.956720856998933e-6  error_V_h1=7.606517054029882  α = 0.00147
 237   -21.48149724765      -13.00       -5.26    56.1s
    hm1_norm_ρdiff=3.6464261770500995e-5 hm1_norm_Δρ=1.8289226270163117e-6  error_V_h1=7.606522007076259  α = 0.00126
 238   -21.48149724765      -12.70       -5.91    50.4s
    hm1_norm_ρdiff=3.643538542954031e-5 hm1_norm_Δρ=2.8455750164452266e-7  error_V_h1=7.60652770448468  α = 0.0042
 239   -21.48149724765      -12.66       -5.25    55.4s
    hm1_norm_ρdiff=3.620769571529818e-5 hm1_norm_Δρ=1.515368244043265e-6  error_V_h1=7.606530168421421  α = 0.00128
 240   -21.48149724765      -13.45       -5.73    51.3s
    hm1_norm_ρdiff=3.634536874242865e-5 hm1_norm_Δρ=4.6184118316079487e-7  error_V_h1=7.606531064181375  α = 0.00363
 241   -21.48149724765      -13.25       -5.20    56.3s
    hm1_norm_ρdiff=3.7039853153376365e-5 hm1_norm_Δρ=1.7669124853178142e-6  error_V_h1=7.6065302609628445  α = 0.00119
 242   -21.48149724765      -13.37       -5.88    50.8s
    hm1_norm_ρdiff=3.6498428229761495e-5 hm1_norm_Δρ=3.185682431721079e-7  error_V_h1=7.606533265182114  α = 0.00393
 243   -21.48149724765      -12.42       -5.31    55.5s
    hm1_norm_ρdiff=3.6601005002018674e-5 hm1_norm_Δρ=1.1697752593596815e-6  error_V_h1=7.606534632934971  α = 0.0016
 244   -21.48149724765      -13.02       -5.83    45.7s
    hm1_norm_ρdiff=3.642504983995975e-5 hm1_norm_Δρ=2.922909950655715e-7  error_V_h1=7.606542423820893  α = 0.00927
 245   -21.48149724765      -13.37       -5.72    55.8s
    hm1_norm_ρdiff=3.6371297090014754e-5 hm1_norm_Δρ=4.857340065012607e-7  error_V_h1=7.606540151021638  α = 0.00157
 246   -21.48149724765      -12.58       -6.20    40.6s
    hm1_norm_ρdiff=3.646266624902363e-5 hm1_norm_Δρ=1.1069674001238132e-7  error_V_h1=7.6065482115079694  α = 0.0228
 247   -21.48149724765      -13.30       -5.54    62.1s
    hm1_norm_ρdiff=3.635486785053756e-5 hm1_norm_Δρ=7.900907677113264e-7  error_V_h1=7.606549266053169  α = 0.000586
 248   -21.48149724765      -12.88       -5.42    56.7s
    hm1_norm_ρdiff=3.651828419521631e-5 hm1_norm_Δρ=1.1753588937853955e-6  error_V_h1=7.6065459536578945  α = 0.0014
 249   -21.48149724765      -12.99       -5.69    54.7s
    hm1_norm_ρdiff=3.653553491526685e-5 hm1_norm_Δρ=5.117254598700462e-7  error_V_h1=7.606545571433924  α = 0.00156
 250   -21.48149724765      -13.45       -5.58    60.7s
    hm1_norm_ρdiff=3.636036340953368e-5 hm1_norm_Δρ=8.471670179661073e-7  error_V_h1=7.606546279028202  α = 0.000591
 251   -21.48149724765      -13.03       -5.54    57.2s
    hm1_norm_ρdiff=3.659960491343344e-5 hm1_norm_Δρ=6.53331026840484e-7  error_V_h1=7.6065467543171685  α = 0.00154
 252   -21.48149724765      -12.53       -4.97    60.5s
    hm1_norm_ρdiff=3.553758279049001e-5 hm1_norm_Δρ=3.085536630834671e-6  error_V_h1=7.6065485059579965  α = 0.000539
 253   -21.48149724765      -13.00       -5.43    55.9s
    hm1_norm_ρdiff=3.631472124411085e-5 hm1_norm_Δρ=1.0005717779200965e-6  error_V_h1=7.606546289917652  α = 0.00133
 254   -21.48149724765      -12.89       -6.04    50.7s
    hm1_norm_ρdiff=3.6457187397917706e-5 hm1_norm_Δρ=2.047671533240249e-7  error_V_h1=7.606548115244529  α = 0.00434
 255   -21.48149724765      -13.15       -5.62    50.2s
    hm1_norm_ρdiff=3.6590815779274136e-5 hm1_norm_Δρ=6.384241211629625e-7  error_V_h1=7.606546515698441  α = 0.00357
 256   -21.48149724765      -12.86       -6.04    49.8s
    hm1_norm_ρdiff=3.64112407090682e-5 hm1_norm_Δρ=2.473419845663785e-7  error_V_h1=7.6065463406329314  α = 0.00432
 257   -21.48149724765      -12.68       -5.84    50.5s
    hm1_norm_ρdiff=3.646361383424323e-5 hm1_norm_Δρ=3.1037153517650547e-7  error_V_h1=7.606550292906912  α = 0.00435
 258   -21.48149724765      -13.22       -5.53    55.6s
    hm1_norm_ρdiff=3.642310206816256e-5 hm1_norm_Δρ=6.252230947254023e-7  error_V_h1=7.606549403325664  α = 0.00155
 259   -21.48149724765      -13.27       -5.53    55.3s
    hm1_norm_ρdiff=3.64061396047181e-5 hm1_norm_Δρ=9.91554358568405e-7  error_V_h1=7.606549401317748  α = 0.00131
 260   -21.48149724765      -13.25       -6.08    44.7s
    hm1_norm_ρdiff=3.64885163730719e-5 hm1_norm_Δρ=2.0010251168608176e-7  error_V_h1=7.6065461582863225  α = 0.00931
 261   -21.48149724765      -13.13       -5.34    60.2s
    hm1_norm_ρdiff=3.637301508270716e-5 hm1_norm_Δρ=1.3148437541074872e-6  error_V_h1=7.606547005459096  α = 0.000601
 262   -21.48149724765      -13.03       -5.70    50.9s
    hm1_norm_ρdiff=3.639576552428827e-5 hm1_norm_Δρ=3.9126508915946344e-7  error_V_h1=7.606545699854813  α = 0.0039
 263   -21.48149724765      -13.25       -6.01    50.3s
    hm1_norm_ρdiff=3.65612672255955e-5 hm1_norm_Δρ=3.128936871307844e-7  error_V_h1=7.60654435730129  α = 0.00362
 264   -21.48149724765      -12.73       -5.38    55.3s
    hm1_norm_ρdiff=3.6363091252997255e-5 hm1_norm_Δρ=7.571616103531396e-7  error_V_h1=7.606543185874351  α = 0.00165
 265   -21.48149724765      -13.45       -5.55    54.8s
    hm1_norm_ρdiff=3.654233327739763e-5 hm1_norm_Δρ=7.680155175915725e-7  error_V_h1=7.606544144055216  α = 0.00136
 266   -21.48149724765      -12.67       -5.49    54.9s
    hm1_norm_ρdiff=3.6243001121815475e-5 hm1_norm_Δρ=9.171319090586133e-7  error_V_h1=7.60654393009128  α = 0.00149
 267   -21.48149724765      -12.92       -6.04    50.2s
    hm1_norm_ρdiff=3.647926875278881e-5 hm1_norm_Δρ=1.9744026472509192e-7  error_V_h1=7.606540707600759  α = 0.0044
 268   -21.48149724765      -12.88       -5.88    51.1s
    hm1_norm_ρdiff=3.6434112793792254e-5 hm1_norm_Δρ=2.8264977011112894e-7  error_V_h1=7.60653326452767  α = 0.00431
 269   -21.48149724765      -12.89       -5.80    49.9s
    hm1_norm_ρdiff=3.6487620649497086e-5 hm1_norm_Δρ=3.840863702973078e-7  error_V_h1=7.606529969045679  α = 0.00379
 270   -21.48149724765      -13.09       -5.78    55.2s
    hm1_norm_ρdiff=3.649220674839996e-5 hm1_norm_Δρ=5.528427012618809e-7  error_V_h1=7.606528926939671  α = 0.00152
 271   -21.48149724765      -12.86       -5.33    55.1s
    hm1_norm_ρdiff=3.6256738711653405e-5 hm1_norm_Δρ=1.1642837189289379e-6  error_V_h1=7.606528069146005  α = 0.00143
 272   -21.48149724765      -12.94       -5.96    50.2s
    hm1_norm_ρdiff=3.6449173343581604e-5 hm1_norm_Δρ=2.5660455764794756e-7  error_V_h1=7.60652466514462  α = 0.00417
 273   -21.48149724765      -12.94       -5.61    55.7s
    hm1_norm_ρdiff=3.646572444018352e-5 hm1_norm_Δρ=7.315380751012312e-7  error_V_h1=7.606523713580499  α = 0.00152
 274   -21.48149724765      -13.30       -5.36    60.9s
    hm1_norm_ρdiff=3.584920174313853e-5 hm1_norm_Δρ=1.7198340921007804e-6  error_V_h1=7.6065237592325685  α = 0.000492
 275   -21.48149724765      -12.99       -5.90    51.2s
    hm1_norm_ρdiff=3.647130574257325e-5 hm1_norm_Δρ=2.2872952394052257e-7  error_V_h1=7.606520142874333  α = 0.00435
 276   -21.48149724765      -13.50       -5.70    55.9s
    hm1_norm_ρdiff=3.639655802731115e-5 hm1_norm_Δρ=5.650230731576922e-7  error_V_h1=7.606518458704066  α = 0.00133
 277   -21.48149724765      -13.45       -5.81    54.4s
    hm1_norm_ρdiff=3.656228198181006e-5 hm1_norm_Δρ=4.4487224424968263e-7  error_V_h1=7.6065175233898925  α = 0.00148
 278   -21.48149724765      -13.34       -6.18    45.2s
    hm1_norm_ρdiff=3.644411812376792e-5 hm1_norm_Δρ=1.3680537601043328e-7  error_V_h1=7.606512459476263  α = 0.0096
 279   -21.48149724765      -13.45       -6.03    50.8s
    hm1_norm_ρdiff=3.650575990270935e-5 hm1_norm_Δρ=2.906270205155873e-7  error_V_h1=7.606510470700857  α = 0.00348
 280   -21.48149724765      -13.45       -5.82    56.6s
    hm1_norm_ρdiff=3.642856348394946e-5 hm1_norm_Δρ=3.8888215894079835e-7  error_V_h1=7.606509829227201  α = 0.00162
 281   -21.48149724765      -13.50       -6.36    49.9s
    hm1_norm_ρdiff=3.6446855004378315e-5 hm1_norm_Δρ=1.4283469821043015e-7  error_V_h1=7.606509881203116  α = 0.00366
 282   -21.48149724765      -13.50       -5.62    55.8s
    hm1_norm_ρdiff=3.658353501711795e-5 hm1_norm_Δρ=6.493080857515596e-7  error_V_h1=7.606510175438847  α = 0.00133
 283   -21.48149724765      -14.45       -5.81    56.4s
    hm1_norm_ρdiff=3.645174093560382e-5 hm1_norm_Δρ=3.6614052477879287e-7  error_V_h1=7.606511329200401  α = 0.00155
 284   -21.48149724765      -13.50       -5.91    55.2s
    hm1_norm_ρdiff=3.6441314857317904e-5 hm1_norm_Δρ=3.3744501005805955e-7  error_V_h1=7.606511785461334  α = 0.00154
 285   -21.48149724765      -14.15       -5.79    60.4s
    hm1_norm_ρdiff=3.6696418407648476e-5 hm1_norm_Δρ=6.551735860341618e-7  error_V_h1=7.606511932351128  α = 0.000514
 286   -21.48149724765      -13.97       -6.30    45.0s
    hm1_norm_ρdiff=3.643961932957318e-5 hm1_norm_Δρ=9.962553338452767e-8  error_V_h1=7.60651824981172  α = 0.00973
 287   -21.48149724765      -13.67       -5.87    55.0s
    hm1_norm_ρdiff=3.649296365243512e-5 hm1_norm_Δρ=3.85377792967617e-7  error_V_h1=7.606519594319956  α = 0.00132
 288   -21.48149724765      -14.15       -5.96    55.4s
    hm1_norm_ρdiff=3.638236330621723e-5 hm1_norm_Δρ=3.223748820007566e-7  error_V_h1=7.606520629447537  α = 0.00139
 289   -21.48149724765      -13.13       -5.92    49.7s
    hm1_norm_ρdiff=3.64761238859638e-5 hm1_norm_Δρ=2.655901960697941e-7  error_V_h1=7.606524661645393  α = 0.00394
 290   -21.48149724765      -13.67       -5.98    55.2s
    hm1_norm_ρdiff=3.638796714363148e-5 hm1_norm_Δρ=3.483040760573682e-7  error_V_h1=7.606525384156072  α = 0.00159
 291   -21.48149724765      -14.45       -6.61    50.2s
    hm1_norm_ρdiff=3.6456260542133486e-5 hm1_norm_Δρ=6.059615499845239e-8  error_V_h1=7.606525775318466  α = 0.00444
 292   -21.48149724765   +  -14.15       -6.10    55.7s
    hm1_norm_ρdiff=3.645956111720086e-5 hm1_norm_Δρ=2.5715171058684735e-7  error_V_h1=7.606525804477859  α = 0.00111
 293   -21.48149724765      -13.37       -5.67    55.3s
    hm1_norm_ρdiff=3.633296727731247e-5 hm1_norm_Δρ=5.935031435666488e-7  error_V_h1=7.606526078595662  α = 0.00121
 294   -21.48149724765   +    -Inf       -6.17    55.5s
    hm1_norm_ρdiff=3.645606994314117e-5 hm1_norm_Δρ=1.6736639341332668e-7  error_V_h1=7.6065258311667225  α = 0.00164
 295   -21.48149724765      -13.60       -6.22    55.2s
    hm1_norm_ρdiff=3.646104222248211e-5 hm1_norm_Δρ=1.7122047007468332e-7  error_V_h1=7.606525872435489  α = 0.00165
 296   -21.48149724765      -13.75       -6.08    60.3s
    hm1_norm_ρdiff=3.633740889817762e-5 hm1_norm_Δρ=3.228827081223083e-7  error_V_h1=7.606525893873768  α = 0.000594
 297   -21.48149724765      -13.34       -6.11    50.9s
    hm1_norm_ρdiff=3.648399479264549e-5 hm1_norm_Δρ=1.7671573515389178e-7  error_V_h1=7.60652307570696  α = 0.00431
 298   -21.48149724765      -13.60       -6.10    55.6s
    hm1_norm_ρdiff=3.643121145909058e-5 hm1_norm_Δρ=2.404005740693012e-7  error_V_h1=7.606522365946296  α = 0.00141
 299   -21.48149724765      -13.75       -5.96     133s
    hm1_norm_ρdiff=3.652679598820849e-5 hm1_norm_Δρ=3.469631831670427e-7  error_V_h1=7.606522363989545  α = 5.59e-6
 300   -21.48149724765   +  -14.15       -6.14    93.0s
    hm1_norm_ρdiff=3.643749049266374e-5 hm1_norm_Δρ=1.6770702942075923e-7  error_V_h1=7.606522363989631  α = 0.0
Trying again without preconditioner ...
n     Energy            log10(ΔE)   log10(Δρ)   Δtime
---   ---------------   ---------   ---------   ------
  1   -21.48149724765                   -4.73    83.3s
    hm1_norm_ρdiff=3.904131479778513e-5 hm1_norm_Δρ=7.500061118540852e-6  error_V_h1=7.606522715246361  α = 6.2e-5
  2   -21.48149724765      -13.55       -4.98    66.6s
    hm1_norm_ρdiff=3.5852438094004075e-5 hm1_norm_Δρ=2.4224741465539156e-6  error_V_h1=7.6065234750688075  α = 0.000188
  3   -21.48149724765      -13.55       -5.17    66.1s
    hm1_norm_ρdiff=3.6877856578286606e-5 hm1_norm_Δρ=2.058564339698586e-6  error_V_h1=7.606523313834901  α = 0.000176
  4   -21.48149724765      -14.15       -5.06    65.7s
    hm1_norm_ρdiff=3.637979746607044e-5 hm1_norm_Δρ=2.0764920896829046e-6  error_V_h1=7.606522625596688  α = 0.000189
  5   -21.48149724765      -14.45       -5.34    61.7s
    hm1_norm_ρdiff=3.67564434019988e-5 hm1_norm_Δρ=1.143836927097665e-6  error_V_h1=7.606522920275249  α = 0.000516
  6   -21.48149724765      -13.30       -5.14    61.7s
    hm1_norm_ρdiff=3.613589075585386e-5 hm1_norm_Δρ=1.5636854384116894e-6  error_V_h1=7.606524658177876  α = 0.000472
  7   -21.48149724765      -14.15       -5.18    61.3s
    hm1_norm_ρdiff=3.650212398573871e-5 hm1_norm_Δρ=1.4605615194196935e-6  error_V_h1=7.60652575105238  α = 0.000441
  8   -21.48149724765      -13.97       -5.31    61.4s
    hm1_norm_ρdiff=3.64136105736439e-5 hm1_norm_Δρ=9.605699515898324e-7  error_V_h1=7.6065270550607975  α = 0.000487
  9   -21.48149724765      -14.15       -5.34    66.9s
    hm1_norm_ρdiff=3.6583113585878786e-5 hm1_norm_Δρ=1.0702541086687314e-6  error_V_h1=7.606527109832061  α = 0.000188
 10   -21.48149724765      -13.75       -5.46     144s
    hm1_norm_ρdiff=3.644808317886408e-5 hm1_norm_Δρ=7.059922373869405e-7  error_V_h1=7.606526351018555  α = 0.00088
 11   -21.48149724765   +  -14.45       -5.68    98.2s
    hm1_norm_ρdiff=3.645856211361656e-5 hm1_norm_Δρ=3.5298118745069834e-7  error_V_h1=7.606526351018577  α = 0.0
 12   -21.48149724765      -13.75       -4.93    67.0s
    hm1_norm_ρdiff=3.6451452829792225e-5 hm1_norm_Δρ=3.7173690287654985e-6  error_V_h1=7.606526492740274  α = 0.000162
 13   -21.48149724765      -14.15       -5.12    71.9s
    hm1_norm_ρdiff=3.733458220640993e-5 hm1_norm_Δρ=2.4157708302550485e-6  error_V_h1=7.606526534956335  α = 6.01e-5
 14   -21.48149724765   +    -Inf       -5.27    66.2s
    hm1_norm_ρdiff=3.616937274476754e-5 hm1_norm_Δρ=1.2763571308990028e-6  error_V_h1=7.606526444422413  α = 0.000174
 15   -21.48149724765      -14.15       -5.35     114s
    hm1_norm_ρdiff=3.657743534509073e-5 hm1_norm_Δρ=1.173992862645223e-6  error_V_h1=7.606526421716836  α = 1.42e-5
 16   -21.48149724765      -13.67       -5.23     129s
    hm1_norm_ρdiff=3.644717533600403e-5 hm1_norm_Δρ=1.1811450423538778e-6  error_V_h1=7.6065263815459545  α = 1.2e-5
 17   -21.48149724765   +    -Inf       -5.51     129s
    hm1_norm_ρdiff=3.641549093921066e-5 hm1_norm_Δρ=6.094534230565254e-7  error_V_h1=7.606526381543699  α = 1.24e-9
 18   -21.48149724765   +    -Inf       -5.65     130s
    hm1_norm_ρdiff=3.6559592759806246e-5 hm1_norm_Δρ=4.490184260873248e-7  error_V_h1=7.606526381543255  α = 1.45e-10

#-- |ρε - ρref| = 3.645202367279754e-5 vs. 3.162277660168379e-9 = δ*ε  error_V_h1=7.606526381543255  Qε=0.9720570784713242


# --- ε=1.7782794100389227e-7

n     Energy            log10(ΔE)   log10(Δρ)   Δtime
---   ---------------   ---------   ---------   ------
  1   -21.48137789443                   -0.89    77.8s
    hm1_norm_ρdiff=0.0821308904169236 hm1_norm_Δρ=0.0821244982936175  error_V_h1=13.764700173168075  α = 0.000152
  2   -21.48137948915       -5.80       -1.78    59.8s
    hm1_norm_ρdiff=0.006913228702625616 hm1_norm_Δρ=0.006909862743993836  error_V_h1=13.708535189083488  α = 0.000512
  3   -21.48137999020       -6.30       -2.05    60.1s
    hm1_norm_ρdiff=0.003417442165516723 hm1_norm_Δρ=0.0034153474835463033  error_V_h1=13.68854699483514  α = 0.000531
  4   -21.48138045656       -6.33       -2.17    59.8s
    hm1_norm_ρdiff=0.002447228887928005 hm1_norm_Δρ=0.0024451818124239114  error_V_h1=13.66826277108272  α = 0.000566
  5   -21.48138071272       -6.59       -2.72    50.1s
    hm1_norm_ρdiff=0.00047546826090728926 hm1_norm_Δρ=0.0004737508840966857  error_V_h1=13.650561529728007  α = 0.00384
  6   -21.48138074763       -7.46       -2.90    49.2s
    hm1_norm_ρdiff=0.0003635894323864203 hm1_norm_Δρ=0.0003622407793619247  error_V_h1=13.645679066081565  α = 0.00344
  7   -21.48138081161       -7.19       -2.76    54.9s
    hm1_norm_ρdiff=0.00046697178805181185 hm1_norm_Δρ=0.0004656884151805228  error_V_h1=13.642691770380498  α = 0.0015
  8   -21.48138084462       -7.48       -3.16    45.8s
    hm1_norm_ρdiff=0.00015401473441165175 hm1_norm_Δρ=0.00015138714171369927  error_V_h1=13.638594473958014  α = 0.00927
  9   -21.48138100179       -6.80       -3.10    49.9s
    hm1_norm_ρdiff=0.0001775409316055652 hm1_norm_Δρ=0.00017520933632519435  error_V_h1=13.630181936712672  α = 0.00445
 10   -21.48138118745       -6.73       -3.06    49.5s
    hm1_norm_ρdiff=0.00020522156220983162 hm1_norm_Δρ=0.00020355253403953993  error_V_h1=13.620409545296692  α = 0.0044
 11   -21.48138132840       -6.85       -2.98    44.7s
    hm1_norm_ρdiff=0.00022136472373572808 hm1_norm_Δρ=0.0002214063581238367  error_V_h1=13.600192824112373  α = 0.00927
 12   -21.48138383288       -5.60       -1.10    66.1s
    hm1_norm_ρdiff=0.03704541594237321 hm1_norm_Δρ=0.037057470892545685  error_V_h1=13.532551520372907  α = 0.000153
 13   -21.48138390356       -7.15       -2.30    61.3s
    hm1_norm_ρdiff=0.0020797846932950987 hm1_norm_Δρ=0.0020840504759820425  error_V_h1=13.531584422476145  α = 0.000474
 14   -21.48138391311       -8.02       -2.61    60.9s
    hm1_norm_ρdiff=0.000918735360569769 hm1_norm_Δρ=0.0009205883165402442  error_V_h1=13.531841031611918  α = 0.000467
 15   -21.48138396326       -7.30       -3.51    40.7s
    hm1_norm_ρdiff=6.389582529870158e-5 hm1_norm_Δρ=5.365876350583407e-5  error_V_h1=13.51458928221922  α = 0.022
 16   -21.48138402636       -7.20       -2.81    55.4s
    hm1_norm_ρdiff=0.00044144276216358507 hm1_norm_Δρ=0.0004398949580332515  error_V_h1=13.51255601845995  α = 0.00151
 17   -21.48138411901       -7.03       -2.66    55.9s
    hm1_norm_ρdiff=0.0006178514702218666 hm1_norm_Δρ=0.0006186329873301655  error_V_h1=13.513425194003805  α = 0.00145
 18   -21.48138413164       -7.90       -3.06    56.5s
    hm1_norm_ρdiff=0.00025267466615696806 hm1_norm_Δρ=0.000251427189478567  error_V_h1=13.513188985418118  α = 0.00143
 19   -21.48138419866       -7.17       -2.85    51.4s
    hm1_norm_ρdiff=0.00031820977381060323 hm1_norm_Δρ=0.0003168148180248052  error_V_h1=13.511206810547707  α = 0.00369
 20   -21.48138421327       -7.84       -3.38    51.1s
    hm1_norm_ρdiff=0.00011789076223263111 hm1_norm_Δρ=0.00011172077298229843  error_V_h1=13.507761061035097  α = 0.00389
 21   -21.48138428848       -7.12       -3.57    45.8s
    hm1_norm_ρdiff=6.410479111055483e-5 hm1_norm_Δρ=5.3704206311028394e-5  error_V_h1=13.499136169115147  α = 0.0106
 22   -21.48138449622       -6.68       -2.56    56.3s
    hm1_norm_ρdiff=0.0005780999171095086 hm1_norm_Δρ=0.0005748016349116032  error_V_h1=13.49587593871857  α = 0.00163
 23   -21.48138500190       -6.30       -1.49    65.8s
    hm1_norm_ρdiff=0.01660455556540402 hm1_norm_Δρ=0.016595568396857288  error_V_h1=13.48168442428128  α = 0.000154
 24   -21.48138502157       -7.71       -2.65    61.3s
    hm1_norm_ρdiff=0.0008980892784226682 hm1_norm_Δρ=0.0008932758239722814  error_V_h1=13.480263807083183  α = 0.000497
 25   -21.48138502930       -8.11       -2.87    60.6s
    hm1_norm_ρdiff=0.00047648755861047607 hm1_norm_Δρ=0.00047346320513956715  error_V_h1=13.479853658572672  α = 0.000519
 26   -21.48138507209       -7.37       -2.97    50.4s
    hm1_norm_ρdiff=0.00023728466424230825 hm1_norm_Δρ=0.00023674866714943545  error_V_h1=13.478203048081406  α = 0.00366
 27   -21.48138508422       -7.92       -3.18    55.1s
    hm1_norm_ρdiff=0.0001739745612692728 hm1_norm_Δρ=0.0001713970779199083  error_V_h1=13.478909333697953  α = 0.00157
 28   -21.48138509971       -7.81       -2.96    54.3s
    hm1_norm_ρdiff=0.0003228550499272571 hm1_norm_Δρ=0.00032022762375364685  error_V_h1=13.478567881382762  α = 0.00137
 29   -21.48138510430       -8.34       -3.22    55.1s
    hm1_norm_ρdiff=0.00017960760471434672 hm1_norm_Δρ=0.0001763904422840471  error_V_h1=13.478923859334726  α = 0.00138
 30   -21.48138511210       -8.11       -2.97    51.3s
    hm1_norm_ρdiff=0.0002661892094366233 hm1_norm_Δρ=0.000265438431245218  error_V_h1=13.482381047114549  α = 0.00338
 31   -21.48138511434       -8.65       -3.35    50.5s
    hm1_norm_ρdiff=0.00011441638377956562 hm1_norm_Δρ=0.00011167301848790652  error_V_h1=13.48428038530241  α = 0.00345
 32   -21.48138511697       -8.58       -3.76    45.6s
    hm1_norm_ρdiff=4.76506122323093e-5 hm1_norm_Δρ=3.575629632228992e-5  error_V_h1=13.484491873080824  α = 0.00926
 33   -21.48138514508       -7.55       -3.99    40.6s
    hm1_norm_ρdiff=3.665825064903891e-5 hm1_norm_Δρ=1.8550766973614644e-5  error_V_h1=13.480333793673074  α = 0.0232
 34   -21.48138523794       -7.03       -1.86    65.5s
    hm1_norm_ρdiff=0.007383480405193717 hm1_norm_Δρ=0.0073937972375278365  error_V_h1=13.477382499912517  α = 0.000152
 35   -21.48138524139       -8.46       -2.97    55.8s
    hm1_norm_ρdiff=0.0003375088408527562 hm1_norm_Δρ=0.0003401129565537731  error_V_h1=13.476301399594258  α = 0.00122
 36   -21.48138525873       -7.76       -2.91    56.3s
    hm1_norm_ρdiff=0.00025883873527157995 hm1_norm_Δρ=0.00025656803380574676  error_V_h1=13.473405297718074  α = 0.00145
 37   -21.48138528168       -7.64       -2.62    61.3s
    hm1_norm_ρdiff=0.0006858331379075236 hm1_norm_Δρ=0.0006817774395837457  error_V_h1=13.47023883020281  α = 0.000516
 38   -21.48138528685       -8.29       -3.47    51.1s
    hm1_norm_ρdiff=7.845712328241391e-5 hm1_norm_Δρ=7.134651228478193e-5  error_V_h1=13.46960601909271  α = 0.00381
 39   -21.48138528951       -8.58       -3.14    56.0s
    hm1_norm_ρdiff=0.00022049987332546322 hm1_norm_Δρ=0.0002193831414751716  error_V_h1=13.469682914465352  α = 0.00125
 40   -21.48138529030       -9.10       -3.42    55.8s
    hm1_norm_ρdiff=0.000122697860325583 hm1_norm_Δρ=0.00011882431784710176  error_V_h1=13.46939429270549  α = 0.00126
 41   -21.48138532467       -7.46       -3.01    55.8s
    hm1_norm_ρdiff=0.0002437506806543957 hm1_norm_Δρ=0.00024104819165583554  error_V_h1=13.466856886505262  α = 0.00163
 42   -21.48138533356       -8.05       -3.30    56.0s
    hm1_norm_ρdiff=0.0001290378588118044 hm1_norm_Δρ=0.00012299845355489753  error_V_h1=13.465521585721222  α = 0.00163
 43   -21.48138533679       -8.49       -3.54    51.0s
    hm1_norm_ρdiff=7.721501789249127e-5 hm1_norm_Δρ=6.957113588693968e-5  error_V_h1=13.464395422838598  α = 0.00368
 44   -21.48138533887       -8.68       -3.68    51.6s
    hm1_norm_ρdiff=4.9729245806092404e-5 hm1_norm_Δρ=3.720896542934358e-5  error_V_h1=13.465732107990855  α = 0.0039
 45   -21.48138536050       -7.66       -2.17    66.2s
    hm1_norm_ρdiff=0.003639910894254696 hm1_norm_Δρ=0.003630154619686274  error_V_h1=13.465151106892588  α = 0.000152
 46   -21.48138536755       -8.15       -2.81    60.7s
    hm1_norm_ρdiff=0.00050570000391527 hm1_norm_Δρ=0.0005006783218671321  error_V_h1=13.465411354179365  α = 0.000495
 47   -21.48138536979       -8.65       -3.12    60.7s
    hm1_norm_ρdiff=0.0001598003935436668 hm1_norm_Δρ=0.00015707450218597517  error_V_h1=13.465950062712952  α = 0.000573
 48   -21.48138537046       -9.17       -3.46    60.7s
    hm1_norm_ρdiff=0.00010087808116367813 hm1_norm_Δρ=9.892593738145771e-5  error_V_h1=13.466176398942938  α = 0.000487
 49   -21.48138537302       -8.59       -3.48    55.5s
    hm1_norm_ρdiff=8.057464966127103e-5 hm1_norm_Δρ=7.333032567781098e-5  error_V_h1=13.466119717382071  α = 0.00159
 50   -21.48138537432       -8.89       -3.28    55.9s
    hm1_norm_ρdiff=0.0001642362830532928 hm1_norm_Δρ=0.00015986275452753107  error_V_h1=13.465769470152031  α = 0.00124
 51   -21.48138537467       -9.45       -3.47    55.0s
    hm1_norm_ρdiff=0.00011170219313164258 hm1_norm_Δρ=0.00010665405632499012  error_V_h1=13.465902791260879  α = 0.00121
 52   -21.48138537505       -9.41       -4.29    45.6s
    hm1_norm_ρdiff=3.377406713255807e-5 hm1_norm_Δρ=1.1738212457312341e-5  error_V_h1=13.465681381483094  α = 0.00941
 53   -21.48138537934       -8.37       -4.12    45.1s
    hm1_norm_ρdiff=3.463137111815658e-5 hm1_norm_Δρ=1.3128540979705787e-5  error_V_h1=13.465593993439555  α = 0.0107
 54   -21.48138538188       -8.60       -3.59    50.3s
    hm1_norm_ρdiff=7.169169908745271e-5 hm1_norm_Δρ=6.381119978373241e-5  error_V_h1=13.46539341092787  α = 0.00367
 55   -21.48138538549       -8.44       -3.79    50.8s
    hm1_norm_ρdiff=4.282631977755769e-5 hm1_norm_Δρ=3.01685587083427e-5  error_V_h1=13.46462640753606  α = 0.00434
 56   -21.48138539059       -8.29       -2.51    64.9s
    hm1_norm_ρdiff=0.0017472295955539249 hm1_norm_Δρ=0.0017567587072133586  error_V_h1=13.464439018079549  α = 0.000152
 57   -21.48138539159       -9.00       -3.32    59.5s
    hm1_norm_ρdiff=0.00015866840875381326 hm1_norm_Δρ=0.00015950123223992075  error_V_h1=13.464301983387319  α = 0.000519
 58   -21.48138539254       -9.02       -3.94    49.5s
    hm1_norm_ρdiff=4.1096088152044015e-5 hm1_norm_Δρ=2.4387282706606594e-5  error_V_h1=13.464152043451897  α = 0.0039
 59   -21.48138539326       -9.15       -3.75    54.9s
    hm1_norm_ρdiff=5.825281534928122e-5 hm1_norm_Δρ=4.581344869470692e-5  error_V_h1=13.46411378525849  α = 0.00149
 60   -21.48138539394       -9.17       -3.47    55.8s
    hm1_norm_ρdiff=8.455550956409947e-5 hm1_norm_Δρ=7.961752106324955e-5  error_V_h1=13.464126841662523  α = 0.00131
 61   -21.48138539453       -9.23       -3.40    54.8s
    hm1_norm_ρdiff=0.00012537788017606517 hm1_norm_Δρ=0.00012246318408868986  error_V_h1=13.46438752599727  α = 0.00123
 62   -21.48138539486       -9.47       -3.58    54.1s
    hm1_norm_ρdiff=9.037521258534345e-5 hm1_norm_Δρ=8.501687961781854e-5  error_V_h1=13.464423784065188  α = 0.00123
 63   -21.48138539534       -9.32       -3.79    50.5s
    hm1_norm_ρdiff=4.8402754103844766e-5 hm1_norm_Δρ=3.466852072715372e-5  error_V_h1=13.464493418360908  α = 0.00351
 64   -21.48138539608       -9.13       -4.12    51.3s
    hm1_norm_ρdiff=3.469335119681281e-5 hm1_norm_Δρ=1.3588342407898197e-5  error_V_h1=13.46465578750339  α = 0.00438
 65   -21.48138539808       -8.70       -3.67    56.6s
    hm1_norm_ρdiff=6.427113857708492e-5 hm1_norm_Δρ=5.6120452566200564e-5  error_V_h1=13.464688426611202  α = 0.00164
 66   -21.48138539823       -9.82       -4.32    45.2s
    hm1_norm_ρdiff=3.4405256074785095e-5 hm1_norm_Δρ=1.0267584178045297e-5  error_V_h1=13.464500613046571  α = 0.00907
 67   -21.48138539928       -8.98       -2.84    65.2s
    hm1_norm_ρdiff=0.00082464002486539 hm1_norm_Δρ=0.0008144934766137302  error_V_h1=13.464460262436953  α = 0.000152
 68   -21.48138539938      -10.00       -3.96    56.6s
    hm1_norm_ρdiff=5.1183466805088996e-5 hm1_norm_Δρ=3.565525774396129e-5  error_V_h1=13.46437266118349  α = 0.00131
 69   -21.48138539977       -9.41       -3.58    56.0s
    hm1_norm_ρdiff=7.142519340177837e-5 hm1_norm_Δρ=6.505994622557328e-5  error_V_h1=13.464150835202583  α = 0.00129
 70   -21.48138539983      -10.23       -3.97    56.9s
    hm1_norm_ρdiff=4.202486336676789e-5 hm1_norm_Δρ=3.0047856948069816e-5  error_V_h1=13.464169478110895  α = 0.00123
 71   -21.48138540001       -9.75       -3.52    56.5s
    hm1_norm_ρdiff=8.781086239163075e-5 hm1_norm_Δρ=8.013939955564508e-5  error_V_h1=13.464178464703169  α = 0.00119
 72   -21.48138540029       -9.55       -3.50    56.1s
    hm1_norm_ρdiff=0.00010362454822150274 hm1_norm_Δρ=9.73251661479975e-5  error_V_h1=13.463989288963589  α = 0.00121
 73   -21.48138540042       -9.88       -3.63    55.4s
    hm1_norm_ρdiff=8.212559176201721e-5 hm1_norm_Δρ=7.51049087185384e-5  error_V_h1=13.463944916907316  α = 0.00118
 74   -21.48138540121       -9.10       -3.78    55.9s
    hm1_norm_ρdiff=4.74115929270673e-5 hm1_norm_Δρ=3.66895457525883e-5  error_V_h1=13.463894915911528  α = 0.00162
 75   -21.48138540153       -9.49       -4.58    44.8s
    hm1_norm_ρdiff=3.256638112351392e-5 hm1_norm_Δρ=4.865212282886097e-6  error_V_h1=13.463817531169136  α = 0.0104
 76   -21.48138540179       -9.58       -4.42    39.7s
    hm1_norm_ρdiff=3.2617290445370035e-5 hm1_norm_Δρ=5.566656412458418e-6  error_V_h1=13.463752121090147  α = 0.022
 77   -21.48138540246       -9.17       -4.06    49.7s
    hm1_norm_ρdiff=3.6802009563908684e-5 hm1_norm_Δρ=1.9319945598060695e-5  error_V_h1=13.463844829355624  α = 0.00406
 78   -21.48138540284       -9.43       -3.05    65.8s
    hm1_norm_ρdiff=0.00047459265351292766 hm1_norm_Δρ=0.00048311510173983563  error_V_h1=13.46383406096647  α = 0.000153
 79   -21.48138540295       -9.96       -3.89    60.2s
    hm1_norm_ρdiff=4.912698056375059e-5 hm1_norm_Δρ=4.1615723052737855e-5  error_V_h1=13.463871525438217  α = 0.000558
 80   -21.48138540318       -9.63       -3.70    53.1s
    hm1_norm_ρdiff=6.3020198608803e-5 hm1_norm_Δρ=5.2361093655270614e-5  error_V_h1=13.463990481484405  α = 0.00128
 81   -21.48138540321      -10.51       -3.91    52.8s
    hm1_norm_ρdiff=4.842083380412479e-5 hm1_norm_Δρ=3.356141809753369e-5  error_V_h1=13.46396767603177  α = 0.00118
 82   -21.48138540336       -9.83       -3.50    53.2s
    hm1_norm_ρdiff=8.523971598478413e-5 hm1_norm_Δρ=8.083892330878852e-5  error_V_h1=13.463916359672163  α = 0.00117
 83   -21.48138540361       -9.60       -3.56    53.4s
    hm1_norm_ρdiff=9.010384708626315e-5 hm1_norm_Δρ=8.545760938522761e-5  error_V_h1=13.464027995804303  α = 0.00122
 84   -21.48138540372       -9.97       -3.69    54.1s
    hm1_norm_ρdiff=7.301613715325031e-5 hm1_norm_Δρ=6.593523855858041e-5  error_V_h1=13.464020414367132  α = 0.00118
 85   -21.48138540407       -9.45       -4.63    44.0s
    hm1_norm_ρdiff=3.2943561764436116e-5 hm1_norm_Δρ=4.66125286446135e-6  error_V_h1=13.46385245930666  α = 0.0103
 86   -21.48138540448       -9.39       -4.14    49.0s
    hm1_norm_ρdiff=3.559055382265373e-5 hm1_norm_Δρ=1.5408675891910324e-5  error_V_h1=13.46370900303454  α = 0.00397
 87   -21.48138540524       -9.12       -3.95    49.8s
    hm1_norm_ρdiff=4.00411304611703e-5 hm1_norm_Δρ=2.3076254405980983e-5  error_V_h1=13.463515068901497  α = 0.00393
 88   -21.48138540563       -9.41       -4.21    49.7s
    hm1_norm_ρdiff=3.4560845169285504e-5 hm1_norm_Δρ=1.2276750698615544e-5  error_V_h1=13.463407861256352  α = 0.00419
 89   -21.48138540567      -10.33       -3.50    66.2s
    hm1_norm_ρdiff=0.00017050522852177417 hm1_norm_Δρ=0.0001583959550456319  error_V_h1=13.463411456420376  α = 0.000157
 90   -21.48138540590       -9.64       -4.63    45.1s
    hm1_norm_ρdiff=3.263255867816237e-5 hm1_norm_Δρ=4.588436567944051e-6  error_V_h1=13.463283460319065  α = 0.0102
 91   -21.48138540603       -9.89       -3.84    60.0s
    hm1_norm_ρdiff=5.8311935411577106e-5 hm1_norm_Δρ=5.314297692573899e-5  error_V_h1=13.463261590405233  α = 0.000528
 92   -21.48138540619       -9.80       -3.70    59.8s
    hm1_norm_ρdiff=6.312154388364459e-5 hm1_norm_Δρ=5.636182420627652e-5  error_V_h1=13.463256744448346  α = 0.000533
 93   -21.48138540666       -9.32       -3.53    60.5s
    hm1_norm_ρdiff=9.760628161573727e-5 hm1_norm_Δρ=8.95970236674512e-5  error_V_h1=13.463243062964617  α = 0.000542
 94   -21.48138540685       -9.74       -3.65    55.1s
    hm1_norm_ρdiff=7.558083233271777e-5 hm1_norm_Δρ=6.737651839444669e-5  error_V_h1=13.463180162541876  α = 0.00123
 95   -21.48138540692      -10.15       -3.76    55.0s
    hm1_norm_ρdiff=6.752018450683524e-5 hm1_norm_Δρ=5.917939917979716e-5  error_V_h1=13.463209319417304  α = 0.00117
 96   -21.48138540702       -9.98       -4.28    48.6s
    hm1_norm_ρdiff=3.286813414320224e-5 hm1_norm_Δρ=9.967912225209313e-6  error_V_h1=13.463243862827515  α = 0.00375
 97   -21.48138540711      -10.04       -4.19    49.1s
    hm1_norm_ρdiff=3.523861409212458e-5 hm1_norm_Δρ=1.369225147830339e-5  error_V_h1=13.463226626621942  α = 0.0036
 98   -21.48138540731       -9.71       -4.17    48.4s
    hm1_norm_ρdiff=3.512893682859684e-5 hm1_norm_Δρ=1.468916851365323e-5  error_V_h1=13.4632505097468  α = 0.00376
 99   -21.48138540743       -9.91       -4.50    48.2s
    hm1_norm_ρdiff=3.283756342857897e-5 hm1_norm_Δρ=6.604358871775936e-6  error_V_h1=13.463231577394835  α = 0.00424
 100   -21.48138540744      -10.99       -4.06    62.5s
    hm1_norm_ρdiff=4.2288170581562776e-5 hm1_norm_Δρ=3.7363416032202315e-5  error_V_h1=13.463226341456272  α = 0.000189
 101   -21.48138540746      -10.70       -4.25    48.4s
    hm1_norm_ρdiff=3.588253133345423e-5 hm1_norm_Δρ=1.3045277721660493e-5  error_V_h1=13.463110133760246  α = 0.00335
 102   -21.48138540751      -10.30       -4.42    54.8s
    hm1_norm_ρdiff=3.558937670253899e-5 hm1_norm_Δρ=1.2089342883619563e-5  error_V_h1=13.463112612878591  α = 0.00152
 103   -21.48138540757      -10.21       -4.00    59.5s
    hm1_norm_ρdiff=4.243092164254874e-5 hm1_norm_Δρ=2.8686016230666618e-5  error_V_h1=13.463112099560858  α = 0.000565
 104   -21.48138540761      -10.47       -4.13    58.6s
    hm1_norm_ρdiff=3.8662745449020203e-5 hm1_norm_Δρ=2.6044009304067292e-5  error_V_h1=13.46310240258191  α = 0.000532
 105   -21.48138540774       -9.86       -3.73    54.1s
    hm1_norm_ρdiff=6.479585218022978e-5 hm1_norm_Δρ=5.7252924825521306e-5  error_V_h1=13.463093222820188  α = 0.00123
 106   -21.48138540799       -9.61       -3.79    58.0s
    hm1_norm_ρdiff=6.377605253935396e-5 hm1_norm_Δρ=5.490215957132322e-5  error_V_h1=13.463051990928648  α = 0.000567
 107   -21.48138540808      -10.06       -4.26    56.3s
    hm1_norm_ρdiff=3.530011448519247e-5 hm1_norm_Δρ=1.098059448631075e-5  error_V_h1=13.462993584322977  α = 0.00161
 108   -21.48138540814      -10.22       -4.23    49.7s
    hm1_norm_ρdiff=3.4677325522268795e-5 hm1_norm_Δρ=1.3008245455962448e-5  error_V_h1=13.462934782281119  α = 0.00351
 109   -21.48138540826       -9.92       -4.25    48.9s
    hm1_norm_ρdiff=3.467666049325196e-5 hm1_norm_Δρ=1.2126724460559817e-5  error_V_h1=13.462842078933406  α = 0.00374
 110   -21.48138540833      -10.12       -4.61    49.4s
    hm1_norm_ρdiff=3.2603509632772404e-5 hm1_norm_Δρ=5.178698417781052e-6  error_V_h1=13.462807214014985  α = 0.00423
 111   -21.48138540835      -10.89       -3.85    65.5s
    hm1_norm_ρdiff=5.561863570159558e-5 hm1_norm_Δρ=5.431366037023669e-5  error_V_h1=13.462792614333676  α = 0.000174
 112   -21.48138540848       -9.87       -4.02    55.2s
    hm1_norm_ρdiff=3.760384996859521e-5 hm1_norm_Δρ=2.3101172032440117e-5  error_V_h1=13.462849713268566  α = 0.00147
 113   -21.48138540851      -10.50       -4.54    49.8s
    hm1_norm_ρdiff=3.259947563280161e-5 hm1_norm_Δρ=8.15771883742142e-6  error_V_h1=13.462767488082473  α = 0.00354
 114   -21.48138540860      -10.07       -4.10    54.4s
    hm1_norm_ρdiff=4.04233918415972e-5 hm1_norm_Δρ=2.1585944932730838e-5  error_V_h1=13.462652378916808  α = 0.00137
 115   -21.48138540870      -10.00       -4.00    58.5s
    hm1_norm_ρdiff=5.03763365289521e-5 hm1_norm_Δρ=3.395203905966407e-5  error_V_h1=13.462599833781622  α = 0.000553
 116   -21.48138540885       -9.82       -3.72    53.9s
    hm1_norm_ρdiff=6.579840195672569e-5 hm1_norm_Δρ=5.662226712217367e-5  error_V_h1=13.462476718394795  α = 0.00122
 117   -21.48138540898       -9.87       -4.55    49.5s
    hm1_norm_ρdiff=3.292282593559872e-5 hm1_norm_Δρ=6.0995842426225356e-6  error_V_h1=13.462316516708912  α = 0.00423
 118   -21.48138540901      -10.51       -4.31    53.4s
    hm1_norm_ρdiff=3.5573144745191005e-5 hm1_norm_Δρ=1.5604992344865374e-5  error_V_h1=13.462257798765519  α = 0.00137
 119   -21.48138540907      -10.21       -4.22    48.7s
    hm1_norm_ρdiff=3.5138621201274226e-5 hm1_norm_Δρ=1.3439556420292201e-5  error_V_h1=13.462274349910551  α = 0.00353
 120   -21.48138540920       -9.90       -4.36    48.5s
    hm1_norm_ρdiff=3.346845972661445e-5 hm1_norm_Δρ=9.061126870137461e-6  error_V_h1=13.462274195918514  α = 0.00397
 121   -21.48138540925      -10.31       -4.49    48.7s
    hm1_norm_ρdiff=3.2442281953068917e-5 hm1_norm_Δρ=6.146134361235118e-6  error_V_h1=13.462300449162196  α = 0.00388
 122   -21.48138540926      -10.86       -3.74    65.0s
    hm1_norm_ρdiff=7.17860243833483e-5 hm1_norm_Δρ=7.269243446183785e-5  error_V_h1=13.462262938551637  α = 0.000173
 123   -21.48138540930      -10.36       -4.43    54.2s
    hm1_norm_ρdiff=3.469467277365908e-5 hm1_norm_Δρ=9.006306431858976e-6  error_V_h1=13.462226158301196  α = 0.0016
 124   -21.48138540936      -10.28       -4.07    59.2s
    hm1_norm_ρdiff=4.2127239024029436e-5 hm1_norm_Δρ=2.4835661006990824e-5  error_V_h1=13.462258837046754  α = 0.000569
 125   -21.48138540940      -10.40       -3.97    59.6s
    hm1_norm_ρdiff=4.141132869456229e-5 hm1_norm_Δρ=2.947822809452701e-5  error_V_h1=13.462299119354583  α = 0.000527
 126   -21.48138540941      -10.88       -4.39    59.6s
    hm1_norm_ρdiff=3.303312396809982e-5 hm1_norm_Δρ=1.3395180382416143e-5  error_V_h1=13.462301880555763  α = 0.000559
 127   -21.48138540947      -10.19       -3.74    54.0s
    hm1_norm_ρdiff=6.373717846220792e-5 hm1_norm_Δρ=5.556679956239874e-5  error_V_h1=13.462312925644321  α = 0.00118
 128   -21.48138540950      -10.65       -4.44    54.5s
    hm1_norm_ρdiff=3.300843185368962e-5 hm1_norm_Δρ=8.367617085707755e-6  error_V_h1=13.462352530760578  α = 0.00155
 129   -21.48138540951      -10.80       -4.33    54.0s
    hm1_norm_ρdiff=3.5656170112160265e-5 hm1_norm_Δρ=1.4772930850935464e-5  error_V_h1=13.462377955294668  α = 0.0013
 130   -21.48138540964       -9.88       -4.19    54.6s
    hm1_norm_ρdiff=3.486206169919378e-5 hm1_norm_Δρ=1.3880490285106289e-5  error_V_h1=13.462371063126762  α = 0.00165
 131   -21.48138540969      -10.35       -4.55    49.7s
    hm1_norm_ρdiff=3.277254751220416e-5 hm1_norm_Δρ=6.156334575440226e-6  error_V_h1=13.462384676567506  α = 0.00387
 132   -21.48138540976      -10.17       -4.27    55.0s
    hm1_norm_ρdiff=3.48365959309686e-5 hm1_norm_Δρ=1.0842556206630584e-5  error_V_h1=13.462363220856313  α = 0.00147
 133   -21.48138540976      -11.78       -4.15    65.1s
    hm1_norm_ρdiff=4.532332634809154e-5 hm1_norm_Δρ=2.5401162080540527e-5  error_V_h1=13.462377316748132  α = 0.000187
 134   -21.48138540977      -11.03       -4.77    50.0s
    hm1_norm_ρdiff=3.177367354246161e-5 hm1_norm_Δρ=3.911111659138673e-6  error_V_h1=13.462457709441981  α = 0.00371
 135   -21.48138540978      -10.79       -4.62    50.2s
    hm1_norm_ρdiff=3.28221216068848e-5 hm1_norm_Δρ=5.0804412385111306e-6  error_V_h1=13.462609384650866  α = 0.00379
 136   -21.48138540979      -11.15       -4.36    55.3s
    hm1_norm_ρdiff=3.2817272784291616e-5 hm1_norm_Δρ=1.1008311761907458e-5  error_V_h1=13.462680565874527  α = 0.00131
 137   -21.48138540983      -10.46       -4.39    54.7s
    hm1_norm_ρdiff=3.3475672390472775e-5 hm1_norm_Δρ=1.0460650452670256e-5  error_V_h1=13.462708008336069  α = 0.00151
 138   -21.48138540993       -9.98       -3.85    54.4s
    hm1_norm_ρdiff=5.411213879955809e-5 hm1_norm_Δρ=4.283814564527213e-5  error_V_h1=13.462705156361137  α = 0.00125
 139   -21.48138540996      -10.53       -4.08    58.8s
    hm1_norm_ρdiff=4.029861277961084e-5 hm1_norm_Δρ=1.9393334357235836e-5  error_V_h1=13.462707634752372  α = 0.000552
 140   -21.48138540998      -10.68       -4.43    54.0s
    hm1_norm_ρdiff=3.394240204559708e-5 hm1_norm_Δρ=1.1551135488630652e-5  error_V_h1=13.46271932303178  α = 0.00137
 141   -21.48138541001      -10.59       -4.70    48.0s
    hm1_norm_ρdiff=3.25487776134185e-5 hm1_norm_Δρ=4.868678847630612e-6  error_V_h1=13.462754604143264  α = 0.0038
 142   -21.48138541006      -10.31       -4.72    48.4s
    hm1_norm_ρdiff=3.262132219151862e-5 hm1_norm_Δρ=4.583321483480683e-6  error_V_h1=13.462747765546366  α = 0.00409
 143   -21.48138541009      -10.50       -4.47    53.4s
    hm1_norm_ρdiff=3.291548680308444e-5 hm1_norm_Δρ=6.852479334111725e-6  error_V_h1=13.462780061441286  α = 0.00165
 144   -21.48138541010      -10.89       -4.71    53.8s
    hm1_norm_ρdiff=3.1596087590413296e-5 hm1_norm_Δρ=5.848638515924313e-6  error_V_h1=13.462741955164729  α = 0.00162
 145   -21.48138541013      -10.47       -3.90    59.2s
    hm1_norm_ρdiff=5.219294729463729e-5 hm1_norm_Δρ=3.4775106154623996e-5  error_V_h1=13.462682482774511  α = 0.000468
 146   -21.48138541016      -10.66       -4.28    55.5s
    hm1_norm_ρdiff=3.398530042602624e-5 hm1_norm_Δρ=1.1869898949610718e-5  error_V_h1=13.462561190162331  α = 0.00139
 147   -21.48138541017      -10.88       -4.07    60.4s
    hm1_norm_ρdiff=4.249141640083348e-5 hm1_norm_Δρ=2.370727834757123e-5  error_V_h1=13.462508568919445  α = 0.000496
 148   -21.48138541017      -11.42       -4.55    54.9s
    hm1_norm_ρdiff=3.343910361094476e-5 hm1_norm_Δρ=7.382256121196312e-6  error_V_h1=13.462487899101601  α = 0.00131
 149   -21.48138541021      -10.46       -3.96    55.0s
    hm1_norm_ρdiff=4.6429091753715254e-5 hm1_norm_Δρ=3.448181706182396e-5  error_V_h1=13.46248018800538  α = 0.0012
 150   -21.48138541022      -10.99       -4.23    60.4s
    hm1_norm_ρdiff=3.298124078318456e-5 hm1_norm_Δρ=1.3841032251797833e-5  error_V_h1=13.46246812503555  α = 0.000546
 151   -21.48138541023      -10.87       -4.51    55.4s
    hm1_norm_ρdiff=3.3958013919922285e-5 hm1_norm_Δρ=9.287021473476728e-6  error_V_h1=13.462441872043934  α = 0.00138
 152   -21.48138541027      -10.46       -4.46    55.0s
    hm1_norm_ρdiff=3.3505746347129144e-5 hm1_norm_Δρ=8.281004068877399e-6  error_V_h1=13.462393022230392  α = 0.0016
 153   -21.48138541030      -10.47       -4.82    50.1s
    hm1_norm_ρdiff=3.2329340574772975e-5 hm1_norm_Δρ=3.2466933166747724e-6  error_V_h1=13.462388278053016  α = 0.00431
 154   -21.48138541031      -10.87       -4.50    55.5s
    hm1_norm_ρdiff=3.327309557325105e-5 hm1_norm_Δρ=7.333863014008116e-6  error_V_h1=13.46236670633438  α = 0.00143
 155   -21.48138541031      -11.98       -4.68    55.0s
    hm1_norm_ρdiff=3.1986911429298965e-5 hm1_norm_Δρ=5.3678889121394524e-6  error_V_h1=13.462328570366301  α = 0.00132
 156   -21.48138541032      -11.17       -4.20    59.9s
    hm1_norm_ρdiff=3.3513148132502916e-5 hm1_norm_Δρ=1.9655902119177405e-5  error_V_h1=13.46234639379461  α = 0.000456
 157   -21.48138541034      -10.73       -4.54    50.3s
    hm1_norm_ρdiff=3.2822798097154416e-5 hm1_norm_Δρ=5.214415147915736e-6  error_V_h1=13.462491821165115  α = 0.00373
 158   -21.48138541036      -10.71       -4.15    59.6s
    hm1_norm_ρdiff=3.4752790890213104e-5 hm1_norm_Δρ=1.6430405139694417e-5  error_V_h1=13.462526078919513  α = 0.000552
 159   -21.48138541037      -10.84       -4.19    54.4s
    hm1_norm_ρdiff=3.569170896310102e-5 hm1_norm_Δρ=1.4822329580590753e-5  error_V_h1=13.46255870356778  α = 0.00123
 160   -21.48138541040      -10.54       -4.05    55.4s
    hm1_norm_ρdiff=4.339459829709964e-5 hm1_norm_Δρ=2.7532426490280375e-5  error_V_h1=13.46256337559605  α = 0.00122
 161   -21.48138541041      -11.47       -5.00    55.7s
    hm1_norm_ρdiff=3.308747717705449e-5 hm1_norm_Δρ=3.5333831293952116e-6  error_V_h1=13.462562702183696  α = 0.00137
 162   -21.48138541042      -10.88       -4.58    55.0s
    hm1_norm_ρdiff=3.244334015799039e-5 hm1_norm_Δρ=6.93186255072165e-6  error_V_h1=13.462566753964454  α = 0.00147
 163   -21.48138541043      -11.10       -4.82    54.5s
    hm1_norm_ρdiff=3.244027948259387e-5 hm1_norm_Δρ=3.676243722209538e-6  error_V_h1=13.462555477476378  α = 0.00162
 164   -21.48138541046      -10.50       -4.96    49.8s
    hm1_norm_ρdiff=3.2385485064991316e-5 hm1_norm_Δρ=2.3564512399898207e-6  error_V_h1=13.462498554266164  α = 0.00447
 165   -21.48138541047      -10.81       -4.69    55.0s
    hm1_norm_ρdiff=3.2724272912810935e-5 hm1_norm_Δρ=6.184916850257677e-6  error_V_h1=13.462483693367021  α = 0.00154
 166   -21.48138541049      -10.76       -4.30    54.7s
    hm1_norm_ρdiff=3.4375258435884565e-5 hm1_norm_Δρ=1.1098380792300108e-5  error_V_h1=13.462519889825932  α = 0.00123
 167   -21.48138541051      -10.83       -4.63    54.9s
    hm1_norm_ρdiff=3.429740163925663e-5 hm1_norm_Δρ=6.900509548000291e-6  error_V_h1=13.462500240039365  α = 0.00149
 168   -21.48138541060      -10.04       -4.13    55.1s
    hm1_norm_ρdiff=3.2913116120428954e-5 hm1_norm_Δρ=1.3649872895425164e-5  error_V_h1=13.462449864059726  α = 0.00151
 169   -21.48138541060      -11.59       -4.55    55.8s
    hm1_norm_ρdiff=3.364012916163504e-5 hm1_norm_Δρ=7.67276600451696e-6  error_V_h1=13.462425405378674  α = 0.00121
 170   -21.48138541061      -10.99       -4.31    55.6s
    hm1_norm_ρdiff=3.348282538710811e-5 hm1_norm_Δρ=1.0799546830024642e-5  error_V_h1=13.462392018463344  α = 0.00128
 171   -21.48138541063      -10.65       -4.38    55.5s
    hm1_norm_ρdiff=3.398359164616464e-5 hm1_norm_Δρ=1.2333332822934625e-5  error_V_h1=13.462394966617953  α = 0.00137
 172   -21.48138541064      -11.24       -4.43    60.1s
    hm1_norm_ρdiff=3.202898279625035e-5 hm1_norm_Δρ=1.165206433991474e-5  error_V_h1=13.462376847298406  α = 0.000516
 173   -21.48138541065      -11.01       -4.39    55.1s
    hm1_norm_ρdiff=3.431191955111704e-5 hm1_norm_Δρ=8.434146380530431e-6  error_V_h1=13.462308859459894  α = 0.00133
 174   -21.48138541065      -11.57       -4.95    49.7s
    hm1_norm_ρdiff=3.23501185741452e-5 hm1_norm_Δρ=2.840314906603908e-6  error_V_h1=13.462284378471804  α = 0.0035
 175   -21.48138541065      -12.04       -5.09    50.0s
    hm1_norm_ρdiff=3.239884092269618e-5 hm1_norm_Δρ=2.367785712814988e-6  error_V_h1=13.462280470311683  α = 0.00341
 176   -21.48138541066      -11.53       -4.65    54.8s
    hm1_norm_ρdiff=3.298826631778989e-5 hm1_norm_Δρ=6.556286426859423e-6  error_V_h1=13.462277804667297  α = 0.00123
 177   -21.48138541067      -10.89       -4.59    54.7s
    hm1_norm_ρdiff=3.331836300673976e-5 hm1_norm_Δρ=7.098654932838282e-6  error_V_h1=13.462257357835128  α = 0.00145
 178   -21.48138541067      -11.67       -4.37    60.2s
    hm1_norm_ρdiff=3.212666758965817e-5 hm1_norm_Δρ=1.1131974484107575e-5  error_V_h1=13.46226432284128  α = 0.000474
 179   -21.48138541068      -11.21       -4.74    55.0s
    hm1_norm_ρdiff=3.313655673551164e-5 hm1_norm_Δρ=3.880768692598817e-6  error_V_h1=13.462262455351375  α = 0.00147
 180   -21.48138541068      -11.43       -4.33    59.9s
    hm1_norm_ρdiff=3.4507648569998915e-5 hm1_norm_Δρ=1.490410366022449e-5  error_V_h1=13.46226999478878  α = 0.000464
 181   -21.48138541068      -11.31       -4.42    60.1s
    hm1_norm_ρdiff=3.377015033329278e-5 hm1_norm_Δρ=8.477504889913244e-6  error_V_h1=13.46228387086817  α = 0.00056
 182   -21.48138541069      -11.35       -4.74    54.6s
    hm1_norm_ρdiff=3.2752543779616415e-5 hm1_norm_Δρ=5.29057187981713e-6  error_V_h1=13.46228619031136  α = 0.00138
 183   -21.48138541069      -12.14       -4.72    59.8s
    hm1_norm_ρdiff=3.160567199572618e-5 hm1_norm_Δρ=5.585996702392147e-6  error_V_h1=13.46227642232149  α = 0.000504
 184   -21.48138541069      -11.51       -4.49    55.1s
    hm1_norm_ρdiff=3.2162646852156306e-5 hm1_norm_Δρ=7.160184432471561e-6  error_V_h1=13.462322173872028  α = 0.00128
 185   -21.48138541070      -11.09       -4.77    54.3s
    hm1_norm_ρdiff=3.254328212270072e-5 hm1_norm_Δρ=4.44564076414317e-6  error_V_h1=13.46233818808366  α = 0.00154
 186   -21.48138541071      -11.21       -4.70    53.9s
    hm1_norm_ρdiff=3.247262393280456e-5 hm1_norm_Δρ=5.709452838003094e-6  error_V_h1=13.462331942597263  α = 0.00141
 187   -21.48138541071      -11.16       -4.43    58.6s
    hm1_norm_ρdiff=3.382995267103949e-5 hm1_norm_Δρ=1.0883198738671825e-5  error_V_h1=13.462333994752957  α = 0.000545
 188   -21.48138541072      -11.51       -5.01    48.2s
    hm1_norm_ρdiff=3.2242078967761455e-5 hm1_norm_Δρ=2.547869160316415e-6  error_V_h1=13.462325797899773  α = 0.0036
 189   -21.48138541072      -11.75       -4.70    58.1s
    hm1_norm_ρdiff=3.337649486762981e-5 hm1_norm_Δρ=4.821327174772753e-6  error_V_h1=13.462318170644728  α = 0.000567
 190   -21.48138541072      -11.55       -4.54    58.2s
    hm1_norm_ρdiff=3.173173236016538e-5 hm1_norm_Δρ=6.905566610677058e-6  error_V_h1=13.462317390349403  α = 0.000549
 191   -21.48138541073      -11.51       -4.39    58.4s
    hm1_norm_ρdiff=3.54890938139713e-5 hm1_norm_Δρ=1.289141990483423e-5  error_V_h1=13.462307676828688  α = 0.000477
 192   -21.48138541073      -11.12       -5.19    48.5s
    hm1_norm_ρdiff=3.2355812061361614e-5 hm1_norm_Δρ=1.242218138750721e-6  error_V_h1=13.462315905421283  α = 0.0044
 193   -21.48138541074      -11.05       -4.53    53.7s
    hm1_norm_ρdiff=3.308387788045755e-5 hm1_norm_Δρ=6.987758097317984e-6  error_V_h1=13.462289279485189  α = 0.00138
 194   -21.48138541074      -11.76       -4.57    58.2s
    hm1_norm_ρdiff=3.173919781105547e-5 hm1_norm_Δρ=7.760610753250056e-6  error_V_h1=13.462275778091103  α = 0.000538
 195   -21.48138541075      -11.30       -4.50    53.6s
    hm1_norm_ρdiff=3.412408378868021e-5 hm1_norm_Δρ=7.467931708378204e-6  error_V_h1=13.462244910595485  α = 0.0013
 196   -21.48138541075      -11.37       -4.89    53.8s
    hm1_norm_ρdiff=3.241140542323695e-5 hm1_norm_Δρ=3.2893150753956768e-6  error_V_h1=13.462244972030025  α = 0.00157
 197   -21.48138541076      -11.58       -4.66    53.5s
    hm1_norm_ρdiff=3.300556001915327e-5 hm1_norm_Δρ=6.159072801202032e-6  error_V_h1=13.46226465380086  α = 0.00132
 198   -21.48138541076      -11.64       -5.21    48.6s
    hm1_norm_ρdiff=3.2260204505723126e-5 hm1_norm_Δρ=1.536304555727e-6  error_V_h1=13.462288599248671  α = 0.00395
 199   -21.48138541076      -11.19       -4.74    54.2s
    hm1_norm_ρdiff=3.268529476242231e-5 hm1_norm_Δρ=4.725521239922367e-6  error_V_h1=13.462307907214583  α = 0.0015
 200   -21.48138541077      -11.70       -4.33    59.1s
    hm1_norm_ρdiff=3.2791198110395186e-5 hm1_norm_Δρ=1.1740401830506036e-5  error_V_h1=13.462318111196062  α = 0.000447
 201   -21.48138541077      -12.12       -5.15    54.1s
    hm1_norm_ρdiff=3.198370176370768e-5 hm1_norm_Δρ=1.7185694909506168e-6  error_V_h1=13.46231937791694  α = 0.00154
 202   -21.48138541077      -12.07       -4.85    54.1s
    hm1_norm_ρdiff=3.2865482513678e-5 hm1_norm_Δρ=3.60771385821581e-6  error_V_h1=13.462311995085217  α = 0.00142
 203   -21.48138541077      -11.25       -4.71    54.1s
    hm1_norm_ρdiff=3.277681097028662e-5 hm1_norm_Δρ=4.257004074953601e-6  error_V_h1=13.462326687954139  α = 0.00151
 204   -21.48138541078      -11.17       -4.56    53.3s
    hm1_norm_ρdiff=3.2673951641055844e-5 hm1_norm_Δρ=6.737560884264911e-6  error_V_h1=13.462362500651121  α = 0.00134
 205   -21.48138541078      -11.60       -4.42    57.8s
    hm1_norm_ρdiff=3.17836330284416e-5 hm1_norm_Δρ=7.667787696649468e-6  error_V_h1=13.462356108582888  α = 0.000534
 206   -21.48138541079      -11.54       -4.54    53.7s
    hm1_norm_ρdiff=3.18221731528322e-5 hm1_norm_Δρ=7.1883482665700835e-6  error_V_h1=13.462390848130985  α = 0.00124
 207   -21.48138541079      -11.32       -4.89    53.9s
    hm1_norm_ρdiff=3.238909672979635e-5 hm1_norm_Δρ=2.3039253092951396e-6  error_V_h1=13.46240878022381  α = 0.00169
 208   -21.48138541080      -11.10       -4.76    53.6s
    hm1_norm_ρdiff=3.2234251725701824e-5 hm1_norm_Δρ=4.347179863750462e-6  error_V_h1=13.462410858459254  α = 0.00156
 209   -21.48138541080      -12.50       -4.66    53.8s
    hm1_norm_ρdiff=3.2523136409750784e-5 hm1_norm_Δρ=6.689421905346833e-6  error_V_h1=13.462422737176533  α = 0.00117
 210   -21.48138541080      -11.38       -5.05    48.9s
    hm1_norm_ρdiff=3.2137747156301164e-5 hm1_norm_Δρ=2.1457058818883293e-6  error_V_h1=13.462442027371054  α = 0.0038
 211   -21.48138541081      -11.64       -4.31    58.5s
    hm1_norm_ρdiff=3.6789341051533345e-5 hm1_norm_Δρ=1.4689392357760967e-5  error_V_h1=13.462454111958541  α = 0.00044
 212   -21.48138541081      -11.33       -5.24    48.8s
    hm1_norm_ρdiff=3.238753924064575e-5 hm1_norm_Δρ=1.360905292851447e-6  error_V_h1=13.462478922815421  α = 0.00417
 213   -21.48138541082      -11.29       -4.28    58.6s
    hm1_norm_ρdiff=3.221394669172708e-5 hm1_norm_Δρ=1.1752447974972845e-5  error_V_h1=13.462514670446616  α = 0.00052
 214   -21.48138541082      -11.35       -4.81    53.8s
    hm1_norm_ρdiff=3.213612012780588e-5 hm1_norm_Δρ=3.4232579771629287e-6  error_V_h1=13.462535261243449  α = 0.00155
 215   -21.48138541083      -11.09       -4.42    59.3s
    hm1_norm_ρdiff=3.388406155780113e-5 hm1_norm_Δρ=9.64261250188633e-6  error_V_h1=13.46254574079964  α = 0.000568
 216   -21.48138541083      -11.77       -4.52    59.1s
    hm1_norm_ρdiff=3.3548143991522866e-5 hm1_norm_Δρ=6.072821027294848e-6  error_V_h1=13.46256163605369  α = 0.000534
 217   -21.48138541083      -11.45       -4.54    58.6s
    hm1_norm_ρdiff=3.4380244651826615e-5 hm1_norm_Δρ=7.699900341430459e-6  error_V_h1=13.462545816284077  α = 0.000545
 218   -21.48138541084      -11.58       -5.24    49.5s
    hm1_norm_ρdiff=3.216500765423505e-5 hm1_norm_Δρ=1.1949147007100374e-6  error_V_h1=13.462547585380669  α = 0.00405
 219   -21.48138541084      -11.88       -5.04    53.6s
    hm1_norm_ρdiff=3.2648820862766204e-5 hm1_norm_Δρ=3.0738005135495543e-6  error_V_h1=13.462547129151714  α = 0.00135
 220   -21.48138541084      -11.50       -4.63    58.6s
    hm1_norm_ρdiff=3.3951978478486916e-5 hm1_norm_Δρ=8.94998784514968e-6  error_V_h1=13.462542895669525  α = 0.000517
 221   -21.48138541084      -11.48       -4.81    53.2s
    hm1_norm_ρdiff=3.267512455822512e-5 hm1_norm_Δρ=3.550332618821158e-6  error_V_h1=13.46253253138176  α = 0.00148
 222   -21.48138541084      -11.90       -4.36    58.0s
    hm1_norm_ρdiff=3.368635384788222e-5 hm1_norm_Δρ=1.3087059120869758e-5  error_V_h1=13.462520623483938  α = 0.000441
 223   -21.48138541084      -13.27       -5.23    48.8s
    hm1_norm_ρdiff=3.2083758190773806e-5 hm1_norm_Δρ=1.3661059970394867e-6  error_V_h1=13.462510833294912  α = 0.00335
 224   -21.48138541085      -12.09       -4.53    58.5s
    hm1_norm_ρdiff=3.432317716527051e-5 hm1_norm_Δρ=6.971825370193478e-6  error_V_h1=13.462497265894134  α = 0.000477
 225   -21.48138541085      -12.37       -5.41    48.9s
    hm1_norm_ρdiff=3.2262227116151546e-5 hm1_norm_Δρ=9.367109506046518e-7  error_V_h1=13.462492264174735  α = 0.00365
 226   -21.48138541085      -12.13       -4.99    54.1s
    hm1_norm_ρdiff=3.222864903600198e-5 hm1_norm_Δρ=2.522371221178363e-6  error_V_h1=13.462488335022819  α = 0.00142
 227   -21.48138541085      -12.18       -4.78    54.0s
    hm1_norm_ρdiff=3.2028510341210656e-5 hm1_norm_Δρ=3.2125315612896363e-6  error_V_h1=13.462469613951503  α = 0.00133
 228   -21.48138541085      -11.94       -5.22    49.0s
    hm1_norm_ρdiff=3.2308917800510935e-5 hm1_norm_Δρ=1.332803606234496e-6  error_V_h1=13.462472955738038  α = 0.00373
 229   -21.48138541085      -12.23       -4.91    53.9s
    hm1_norm_ρdiff=3.1877140961259314e-5 hm1_norm_Δρ=3.119793545503921e-6  error_V_h1=13.46248430468172  α = 0.00123
 230   -21.48138541085      -11.88       -5.07    53.6s
    hm1_norm_ρdiff=3.206635470585739e-5 hm1_norm_Δρ=2.8206842340680012e-6  error_V_h1=13.46248679519325  α = 0.00139
 231   -21.48138541085      -11.96       -4.95    53.0s
    hm1_norm_ρdiff=3.2290746865093504e-5 hm1_norm_Δρ=3.4795208476812722e-6  error_V_h1=13.462495128694094  α = 0.00132
 232   -21.48138541085      -11.57       -4.91    53.5s
    hm1_norm_ρdiff=3.2434271785912496e-5 hm1_norm_Δρ=2.798262285877402e-6  error_V_h1=13.462513384575875  α = 0.00149
 233   -21.48138541085      -12.10       -4.70    59.0s
    hm1_norm_ρdiff=3.355802987813369e-5 hm1_norm_Δρ=6.497108622078245e-6  error_V_h1=13.462523045472983  α = 0.000469
 234   -21.48138541086      -11.55       -4.90    54.7s
    hm1_norm_ρdiff=3.245356776883074e-5 hm1_norm_Δρ=2.9141916877788354e-6  error_V_h1=13.46253507838829  α = 0.0015
 235   -21.48138541086      -12.17       -4.67    58.8s
    hm1_norm_ρdiff=3.129107916375224e-5 hm1_norm_Δρ=5.578469700358844e-6  error_V_h1=13.462546862185715  α = 0.000465
 236   -21.48138541086      -12.37       -4.86    54.1s
    hm1_norm_ρdiff=3.2201604630942555e-5 hm1_norm_Δρ=3.4803518944094667e-6  error_V_h1=13.462551093547079  α = 0.00122
 237   -21.48138541086      -12.06       -4.99    53.7s
    hm1_norm_ρdiff=3.23382796594953e-5 hm1_norm_Δρ=2.238676326566439e-6  error_V_h1=13.462554967253846  α = 0.0014
 238   -21.48138541086      -12.25       -4.72    53.2s
    hm1_norm_ρdiff=3.274474679497204e-5 hm1_norm_Δρ=3.999531767622303e-6  error_V_h1=13.462575286025093  α = 0.00119
 239   -21.48138541086      -11.91       -4.88    53.4s
    hm1_norm_ρdiff=3.2142009562193524e-5 hm1_norm_Δρ=2.9597158377492828e-6  error_V_h1=13.462573288415108  α = 0.00134
 240   -21.48138541086      -12.01       -4.73    58.0s
    hm1_norm_ρdiff=3.3396577629202225e-5 hm1_norm_Δρ=5.131596828520177e-6  error_V_h1=13.46256736188548  α = 0.000511
 241   -21.48138541086      -12.92       -5.11    53.2s
    hm1_norm_ρdiff=3.2496537914029056e-5 hm1_norm_Δρ=2.5687125989154036e-6  error_V_h1=13.462567478818249  α = 0.00118
 242   -21.48138541086      -11.93       -4.83    58.2s
    hm1_norm_ρdiff=3.259166910766214e-5 hm1_norm_Δρ=4.482398043827425e-6  error_V_h1=13.462564430948644  α = 0.000549
 243   -21.48138541086      -12.40       -5.29    53.2s
    hm1_norm_ρdiff=3.2157486363060405e-5 hm1_norm_Δρ=1.1725344657298163e-6  error_V_h1=13.462558250204157  α = 0.00149
 244   -21.48138541086      -12.91       -5.07    58.2s
    hm1_norm_ρdiff=3.203612897389355e-5 hm1_norm_Δρ=2.6740774523803922e-6  error_V_h1=13.46255395603403  α = 0.000468
 245   -21.48138541086      -12.26       -5.21    53.2s
    hm1_norm_ρdiff=3.2175922924742215e-5 hm1_norm_Δρ=1.458158402731415e-6  error_V_h1=13.462549643947767  α = 0.00146
 246   -21.48138541087      -12.87       -4.82    58.0s
    hm1_norm_ρdiff=3.354322491144509e-5 hm1_norm_Δρ=4.230794236683073e-6  error_V_h1=13.462542277571758  α = 0.000427
 247   -21.48138541087      -12.00       -4.82    58.3s
    hm1_norm_ρdiff=3.26216303245417e-5 hm1_norm_Δρ=3.9955163794228544e-6  error_V_h1=13.462541068978103  α = 0.000556
 248   -21.48138541087      -12.49       -5.23    53.4s
    hm1_norm_ρdiff=3.22066848593859e-5 hm1_norm_Δρ=1.303062412136281e-6  error_V_h1=13.462539033680464  α = 0.00147
 249   -21.48138541087      -11.84       -4.71    57.9s
    hm1_norm_ρdiff=3.227877304722901e-5 hm1_norm_Δρ=4.5155550031237066e-6  error_V_h1=13.462530196853285  α = 0.000558
 250   -21.48138541087      -12.82       -5.10    53.3s
    hm1_norm_ρdiff=3.236508934787833e-5 hm1_norm_Δρ=1.893821795545641e-6  error_V_h1=13.462532346211383  α = 0.00127
 251   -21.48138541087      -12.64       -5.14    58.0s
    hm1_norm_ρdiff=3.19060957494128e-5 hm1_norm_Δρ=2.1624596918742316e-6  error_V_h1=13.462534074909392  α = 0.00052
 252   -21.48138541087      -12.26       -5.06    58.2s
    hm1_norm_ρdiff=3.210479967497473e-5 hm1_norm_Δρ=2.8809735813538233e-6  error_V_h1=13.462533392137614  α = 0.000563
 253   -21.48138541087      -12.82       -5.56    53.0s
    hm1_norm_ρdiff=3.2198213816577344e-5 hm1_norm_Δρ=8.154240689720013e-7  error_V_h1=13.462533513004978  α = 0.00147
 254   -21.48138541087      -12.81       -5.53    48.1s
    hm1_norm_ρdiff=3.225013406680471e-5 hm1_norm_Δρ=7.217720767989359e-7  error_V_h1=13.462536270050398  α = 0.00358
 255   -21.48138541087      -12.11       -5.62    47.8s
    hm1_norm_ρdiff=3.227106807206013e-5 hm1_norm_Δρ=7.388188468316463e-7  error_V_h1=13.462537019023493  α = 0.00396
 256   -21.48138541087      -11.49       -4.77    52.4s
    hm1_norm_ρdiff=3.243934784560426e-5 hm1_norm_Δρ=3.064764156879522e-6  error_V_h1=13.462501580167817  α = 0.00155
 257   -21.48138541087      -12.37       -4.82    56.9s
    hm1_norm_ρdiff=3.129244403057028e-5 hm1_norm_Δρ=5.506923422001326e-6  error_V_h1=13.462504264353576  α = 0.000465
 258   -21.48138541087      -11.94       -5.08    52.4s
    hm1_norm_ρdiff=3.240414949071984e-5 hm1_norm_Δρ=2.141522181500762e-6  error_V_h1=13.462494691499632  α = 0.00154
 259   -21.48138541087      -12.42       -5.04    51.7s
    hm1_norm_ρdiff=3.251891446879035e-5 hm1_norm_Δρ=2.1889501362694082e-6  error_V_h1=13.462489120947335  α = 0.00134
 260   -21.48138541088      -12.10       -5.22    52.4s
    hm1_norm_ρdiff=3.227138192386837e-5 hm1_norm_Δρ=1.2427326411563372e-6  error_V_h1=13.462495757052569  α = 0.00164
 261   -21.48138541088      -12.79       -4.89    52.2s
    hm1_norm_ρdiff=3.217969510836194e-5 hm1_norm_Δρ=3.509861213061594e-6  error_V_h1=13.462491653304369  α = 0.00122
 262   -21.48138541088      -12.39       -5.01    56.9s
    hm1_norm_ρdiff=3.1881327314162334e-5 hm1_norm_Δρ=2.92613746889957e-6  error_V_h1=13.462493164296676  α = 0.000567
 263   -21.48138541088      -12.33       -5.37    47.5s
    hm1_norm_ρdiff=3.222620200509265e-5 hm1_norm_Δρ=9.386797851647587e-7  error_V_h1=13.462493065210696  α = 0.00369
 264   -21.48138541088      -12.59       -5.27    57.9s
    hm1_norm_ρdiff=3.2296203084698374e-5 hm1_norm_Δρ=1.6736503467223743e-6  error_V_h1=13.462493065141421  α = 0.000571
 265   -21.48138541088      -12.76       -5.25    52.7s
    hm1_norm_ρdiff=3.204172792235693e-5 hm1_norm_Δρ=2.192394998580457e-6  error_V_h1=13.462490898560596  α = 0.00115
 266   -21.48138541088      -12.16       -4.71    56.9s
    hm1_norm_ρdiff=3.226595686112833e-5 hm1_norm_Δρ=6.5033001299129575e-6  error_V_h1=13.462488372799443  α = 0.00045
 267   -21.48138541088      -11.93       -5.45    47.5s
    hm1_norm_ρdiff=3.2185253152727165e-5 hm1_norm_Δρ=7.18899235007697e-7  error_V_h1=13.462502505639288  α = 0.00409
 268   -21.48138541088      -12.55       -5.07    57.3s
    hm1_norm_ρdiff=3.298437798016582e-5 hm1_norm_Δρ=2.8920250770345914e-6  error_V_h1=13.462502261586055  α = 0.000495
 269   -21.48138541088      -11.99       -5.20    52.4s
    hm1_norm_ρdiff=3.207271428341877e-5 hm1_norm_Δρ=1.3468482446489736e-6  error_V_h1=13.46251274069587  α = 0.00159
 270   -21.48138541088      -12.39       -5.02    57.2s
    hm1_norm_ρdiff=3.200611428549745e-5 hm1_norm_Δρ=2.556870865215099e-6  error_V_h1=13.462514444539934  α = 0.000549
 271   -21.48138541088      -12.22       -5.60    47.8s
    hm1_norm_ρdiff=3.216195038271201e-5 hm1_norm_Δρ=5.251312629599309e-7  error_V_h1=13.462517544584314  α = 0.00415
 272   -21.48138541088      -12.54       -4.87    52.1s
    hm1_norm_ρdiff=3.2630656974604985e-5 hm1_norm_Δρ=3.7920913902732477e-6  error_V_h1=13.462525953528857  α = 0.00119
 273   -21.48138541088      -13.09       -5.50    47.6s
    hm1_norm_ρdiff=3.2314037241142674e-5 hm1_norm_Δρ=7.832267501453357e-7  error_V_h1=13.462524060812804  α = 0.0034
 274   -21.48138541088      -12.10       -4.91    52.6s
    hm1_norm_ρdiff=3.22402410011206e-5 hm1_norm_Δρ=2.5952774815116324e-6  error_V_h1=13.46252508603843  α = 0.00136
 275   -21.48138541088      -13.05       -5.48    57.2s
    hm1_norm_ρdiff=3.2168238758763026e-5 hm1_norm_Δρ=1.1318043238484177e-6  error_V_h1=13.462524409709127  α = 0.000574
 276   -21.48138541088      -12.17       -5.00    57.4s
    hm1_norm_ρdiff=3.291766374911536e-5 hm1_norm_Δρ=4.1994990007310995e-6  error_V_h1=13.462525798150567  α = 0.000509
 277   -21.48138541088      -12.52       -4.78    57.9s
    hm1_norm_ρdiff=3.3231648183488594e-5 hm1_norm_Δρ=5.885844414986106e-6  error_V_h1=13.462528844880541  α = 0.00043
 278   -21.48138541088      -12.42       -5.66    48.4s
    hm1_norm_ρdiff=3.221351013170383e-5 hm1_norm_Δρ=5.008355027187501e-7  error_V_h1=13.46251953402707  α = 0.00409
 279   -21.48138541088      -13.41       -5.16    58.8s
    hm1_norm_ρdiff=3.17625061399169e-5 hm1_norm_Δρ=2.4139646027047973e-6  error_V_h1=13.462518012474206  α = 0.000473
 280   -21.48138541088      -12.54       -5.36    53.8s
    hm1_norm_ρdiff=3.2326574074939924e-5 hm1_norm_Δρ=9.687196349501986e-7  error_V_h1=13.462507144278591  α = 0.00154
 281   -21.48138541089      -11.98       -5.83    43.7s
    hm1_norm_ρdiff=3.2183904326631876e-5 hm1_norm_Δρ=2.6688760915247206e-7  error_V_h1=13.462485689150254  α = 0.0105
 282   -21.48138541089      -12.65       -5.12    54.0s
    hm1_norm_ρdiff=3.246730606720584e-5 hm1_norm_Δρ=1.7602461100894516e-6  error_V_h1=13.462473816724565  α = 0.00132
 283   -21.48138541089      -12.69       -4.82    53.8s
    hm1_norm_ρdiff=3.227106198775673e-5 hm1_norm_Δρ=4.0244034589707815e-6  error_V_h1=13.462459452447023  α = 0.00122
 284   -21.48138541089      -13.17       -4.95    52.8s
    hm1_norm_ρdiff=3.1959019626594854e-5 hm1_norm_Δρ=2.7442673350791513e-6  error_V_h1=13.462458205737688  α = 0.00122
 285   -21.48138541089      -12.34       -5.15    53.6s
    hm1_norm_ρdiff=3.2270714982369657e-5 hm1_norm_Δρ=1.547647786242086e-6  error_V_h1=13.462454292342915  α = 0.0014
 286   -21.48138541089      -14.15       -5.58    53.4s
    hm1_norm_ρdiff=3.226877373902429e-5 hm1_norm_Δρ=7.496085253974794e-7  error_V_h1=13.462452100642043  α = 0.00139
 287   -21.48138541089      -12.69       -5.36    58.2s
    hm1_norm_ρdiff=3.2108054098919576e-5 hm1_norm_Δρ=1.521601570851715e-6  error_V_h1=13.46244920417252  α = 0.000569
 288   -21.48138541089      -12.50       -4.73    58.3s
    hm1_norm_ρdiff=3.238174532939508e-5 hm1_norm_Δρ=6.266371180500372e-6  error_V_h1=13.462439252384799  α = 0.000436
 289   -21.48138541089      -12.26       -5.57    48.7s
    hm1_norm_ρdiff=3.223937050229835e-5 hm1_norm_Δρ=6.146356361725185e-7  error_V_h1=13.462431231034161  α = 0.00396
 290   -21.48138541089      -12.54       -5.52    53.6s
    hm1_norm_ρdiff=3.2328935671684066e-5 hm1_norm_Δρ=8.176876130774555e-7  error_V_h1=13.462432658011181  α = 0.00153
 291   -21.48138541089      -12.37       -5.03    58.3s
    hm1_norm_ρdiff=3.183935571166782e-5 hm1_norm_Δρ=2.5371927651071848e-6  error_V_h1=13.462435492224145  α = 0.000557
 292   -21.48138541089      -12.17       -5.27    53.4s
    hm1_norm_ρdiff=3.2365405558290224e-5 hm1_norm_Δρ=1.2311978769234106e-6  error_V_h1=13.462436198637517  α = 0.00155
 293   -21.48138541089      -12.26       -4.86    58.8s
    hm1_norm_ρdiff=3.189263517177081e-5 hm1_norm_Δρ=3.419097830793063e-6  error_V_h1=13.462443946231858  α = 0.000515
 294   -21.48138541089      -12.13       -4.93    53.4s
    hm1_norm_ρdiff=3.243767458859604e-5 hm1_norm_Δρ=3.196462867631592e-6  error_V_h1=13.46245380956103  α = 0.00126
 295   -21.48138541089      -12.40       -5.14    53.8s
    hm1_norm_ρdiff=3.242858813796851e-5 hm1_norm_Δρ=1.721032287435299e-6  error_V_h1=13.462456545635316  α = 0.00135
 296   -21.48138541089      -12.56       -5.34    54.1s
    hm1_norm_ρdiff=3.2196897757475315e-5 hm1_norm_Δρ=1.0321715431832645e-6  error_V_h1=13.462460115345115  α = 0.00149
 297   -21.48138541089      -12.71       -5.18    59.0s
    hm1_norm_ρdiff=3.2085326386380036e-5 hm1_norm_Δρ=1.8782401689816433e-6  error_V_h1=13.462461961425715  α = 0.000555
 298   -21.48138541089      -12.46       -5.78    49.2s
    hm1_norm_ρdiff=3.2237042088001714e-5 hm1_norm_Δρ=4.4295470051605555e-7  error_V_h1=13.462468463793597  α = 0.00413
 299   -21.48138541089      -12.20       -4.93    59.3s
    hm1_norm_ρdiff=3.264373586469229e-5 hm1_norm_Δρ=3.909701246990369e-6  error_V_h1=13.462474842522896  α = 0.000518
 300   -21.48138541089      -12.56       -4.97    53.9s
    hm1_norm_ρdiff=3.2192301629064146e-5 hm1_norm_Δρ=2.4030352719476336e-6  error_V_h1=13.462475307904917  α = 0.00135
Trying again without preconditioner ...
n     Energy            log10(ΔE)   log10(Δρ)   Δtime
---   ---------------   ---------   ---------   ------
  1   -21.48138541089                   -3.88    78.2s
    hm1_norm_ρdiff=5.963723585210082e-5 hm1_norm_Δρ=5.824875459513387e-5  error_V_h1=13.4624746658731  α = 5.22e-5
  2   -21.48138541089      -11.98       -4.03    63.7s
    hm1_norm_ρdiff=4.065175441985793e-5 hm1_norm_Δρ=2.1313794701884683e-5  error_V_h1=13.462473323833166  α = 0.000159
  3   -21.48138541089      -12.39       -4.14    68.6s
    hm1_norm_ρdiff=3.7990379353226445e-5 hm1_norm_Δρ=2.0420904522523282e-5  error_V_h1=13.462471418121304  α = 6.33e-5
  4   -21.48138541089      -12.56       -4.16    63.6s
    hm1_norm_ρdiff=3.5239775928557374e-5 hm1_norm_Δρ=1.5862956404054682e-5  error_V_h1=13.462464810785187  α = 0.000152
  5   -21.48138541090      -12.30       -4.37    63.3s
    hm1_norm_ρdiff=3.361891238732813e-5 hm1_norm_Δρ=8.59089101741115e-6  error_V_h1=13.462460481404715  α = 0.000189
  6   -21.48138541090      -12.28       -4.34    63.1s
    hm1_norm_ρdiff=3.3010792878989776e-5 hm1_norm_Δρ=9.300974503284365e-6  error_V_h1=13.462456639383033  α = 0.000188
  7   -21.48138541090      -12.21       -4.36    64.2s
    hm1_norm_ρdiff=3.413289958659564e-5 hm1_norm_Δρ=8.524160139979987e-6  error_V_h1=13.462450743558648  α = 0.000195
  8   -21.48138541090      -12.83       -4.48    58.9s
    hm1_norm_ρdiff=3.212563873986642e-5 hm1_norm_Δρ=7.068046810332699e-6  error_V_h1=13.462450903809172  α = 0.000448
  9   -21.48138541090      -12.16       -4.41    63.8s
    hm1_norm_ρdiff=3.397410276520868e-5 hm1_norm_Δρ=8.323323925664246e-6  error_V_h1=13.462452608902595  α = 0.000198
 10   -21.48138541090      -12.32       -4.31    63.7s
    hm1_norm_ρdiff=3.387868878372438e-5 hm1_norm_Δρ=1.077125684722724e-5  error_V_h1=13.462451791681849  α = 0.000176
 11   -21.48138541090      -12.75       -4.49    57.6s
    hm1_norm_ρdiff=3.2745182304496314e-5 hm1_norm_Δρ=6.061694935368913e-6  error_V_h1=13.462455750557208  α = 0.000421
 12   -21.48138541090      -12.74       -4.09    66.9s
    hm1_norm_ρdiff=5.0487258633410105e-5 hm1_norm_Δρ=3.243877174314574e-5  error_V_h1=13.462457210404347  α = 4.94e-5
 13   -21.48138541090      -12.84       -4.10    62.5s
    hm1_norm_ρdiff=3.4305907157804487e-5 hm1_norm_Δρ=1.715840390846266e-5  error_V_h1=13.462461895950645  α = 0.000138
 14   -21.48138541090      -12.75       -4.79    57.4s
    hm1_norm_ρdiff=3.2438016826838625e-5 hm1_norm_Δρ=2.9030562290493224e-6  error_V_h1=13.46246484157344  α = 0.000472
 15   -21.48138541090      -13.00       -4.32    62.3s
    hm1_norm_ρdiff=3.44208170140125e-5 hm1_norm_Δρ=1.1451757363642513e-5  error_V_h1=13.462469549403474  α = 0.000141
 16   -21.48138541090      -13.25       -4.36    67.3s
    hm1_norm_ρdiff=3.3961737664973114e-5 hm1_norm_Δρ=1.0439757151214016e-5  error_V_h1=13.462471259135164  α = 5.94e-5
 17   -21.48138541090      -12.97       -4.94    57.8s
    hm1_norm_ρdiff=3.227397948409548e-5 hm1_norm_Δρ=1.7259393989341973e-6  error_V_h1=13.462468055655522  α = 0.000517
 18   -21.48138541090      -12.94       -4.82    62.1s
    hm1_norm_ρdiff=3.248947492755498e-5 hm1_norm_Δρ=2.9312441343824784e-6  error_V_h1=13.462466198060199  α = 0.000199
 19   -21.48138541090      -12.53       -4.35    62.0s
    hm1_norm_ρdiff=3.506146575994772e-5 hm1_norm_Δρ=1.0198945447173724e-5  error_V_h1=13.462463149216651  α = 0.000166
 20   -21.48138541090      -13.19       -4.69    62.0s
    hm1_norm_ρdiff=3.238171327583275e-5 hm1_norm_Δρ=4.790200866406355e-6  error_V_h1=13.462462757147168  α = 0.000161
 21   -21.48138541090      -13.75       -4.70    62.0s
    hm1_norm_ρdiff=3.297890843906992e-5 hm1_norm_Δρ=5.297885893700104e-6  error_V_h1=13.462462162650795  α = 0.000152
 22   -21.48138541090      -12.71       -4.31    62.0s
    hm1_norm_ρdiff=3.3777506350869496e-5 hm1_norm_Δρ=1.0319674702053229e-5  error_V_h1=13.462457801572214  α = 0.000157
 23   -21.48138541090      -13.13       -4.21    67.2s
    hm1_norm_ρdiff=3.574628927463412e-5 hm1_norm_Δρ=2.4310144857322795e-5  error_V_h1=13.462456392864322  α = 4.87e-5
 24   -21.48138541090      -13.07       -4.12    62.7s
    hm1_norm_ρdiff=3.814894867519406e-5 hm1_norm_Δρ=1.6432453073289055e-5  error_V_h1=13.462450493354705  α = 0.000133
 25   -21.48138541090      -13.19       -4.74    62.3s
    hm1_norm_ρdiff=3.215011940826063e-5 hm1_norm_Δρ=3.996714027041579e-6  error_V_h1=13.462449222846722  α = 0.000173
 26   -21.48138541090      -12.87       -4.28    67.7s
    hm1_norm_ρdiff=3.460437311551547e-5 hm1_norm_Δρ=1.3354237189058141e-5  error_V_h1=13.462447095479149  α = 6.09e-5
 27   -21.48138541090      -13.85       -4.78    67.9s
    hm1_norm_ρdiff=3.236364841822169e-5 hm1_norm_Δρ=4.136394986316883e-6  error_V_h1=13.462446086907903  α = 6.41e-5
 28   -21.48138541090      -13.50       -4.87    63.2s
    hm1_norm_ρdiff=3.2235356894273275e-5 hm1_norm_Δρ=2.398155809042381e-6  error_V_h1=13.462446186160227  α = 0.000187
 29   -21.48138541090      -13.11       -5.22    58.3s
    hm1_norm_ρdiff=3.222528212358877e-5 hm1_norm_Δρ=9.132813105021964e-7  error_V_h1=13.462447793119216  α = 0.000577
 30   -21.48138541090      -13.27       -4.74    64.3s
    hm1_norm_ρdiff=3.191561450402888e-5 hm1_norm_Δρ=4.713367372090414e-6  error_V_h1=13.462448853060296  α = 0.000161
 31   -21.48138541090      -13.45       -4.75    64.3s
    hm1_norm_ρdiff=3.2875507614395436e-5 hm1_norm_Δρ=4.739375084668551e-6  error_V_h1=13.462447997551035  α = 0.000143
 32   -21.48138541090      -13.50       -4.79    68.5s
    hm1_norm_ρdiff=3.2249705822565504e-5 hm1_norm_Δρ=4.269772987578567e-6  error_V_h1=13.462448154243864  α = 6.45e-5
 33   -21.48138541090      -13.27       -4.53    63.7s
    hm1_norm_ρdiff=3.299413803013967e-5 hm1_norm_Δρ=6.483042048277821e-6  error_V_h1=13.46245049885936  α = 0.000148
 34   -21.48138541090      -14.45       -4.44    68.1s
    hm1_norm_ρdiff=3.812426832676431e-5 hm1_norm_Δρ=1.4442485835319886e-5  error_V_h1=13.462451310646765  α = 4.72e-5
 35   -21.48138541090      -12.60       -4.14    68.5s
    hm1_norm_ρdiff=3.380840463044852e-5 hm1_norm_Δρ=1.558131345081846e-5  error_V_h1=13.462454768037453  α = 6.44e-5
 36   -21.48138541090      -13.75       -5.03    64.0s
    hm1_norm_ρdiff=3.233578017618703e-5 hm1_norm_Δρ=1.9600807124076664e-6  error_V_h1=13.462456068345118  α = 0.000175
 37   -21.48138541090      -13.41       -5.36    58.9s
    hm1_norm_ρdiff=3.222564177982824e-5 hm1_norm_Δρ=7.676054224948216e-7  error_V_h1=13.46246002064623  α = 0.000561
 38   -21.48138541090      -13.27       -4.74    69.4s
    hm1_norm_ρdiff=3.249467961162558e-5 hm1_norm_Δρ=4.268613890485858e-6  error_V_h1=13.462461510903314  α = 6.42e-5
 39   -21.48138541090      -14.15       -4.89    68.2s
    hm1_norm_ρdiff=3.2272291468450746e-5 hm1_norm_Δρ=2.655494103391784e-6  error_V_h1=13.46246143917656  α = 6.42e-5
 40   -21.48138541090      -14.45       -5.21     127s
    hm1_norm_ρdiff=3.217493326630198e-5 hm1_norm_Δρ=9.81871583136084e-7  error_V_h1=13.46246143873883  α = 2.01e-6
 41   -21.48138541090   +    -Inf       -4.97    68.4s
    hm1_norm_ρdiff=3.2815690110152946e-5 hm1_norm_Δρ=3.0442685602985017e-6  error_V_h1=13.462461150095516  α = 6.18e-5
 42   -21.48138541090      -13.67       -4.82    68.2s
    hm1_norm_ρdiff=3.2174599449664766e-5 hm1_norm_Δρ=4.312483845803458e-6  error_V_h1=13.462461542508938  α = 6.3e-5
 43   -21.48138541090      -13.67       -5.15    63.4s
    hm1_norm_ρdiff=3.214609875021384e-5 hm1_norm_Δρ=1.9131248246192016e-6  error_V_h1=13.462461521629454  α = 0.000144
 44   -21.48138541090   +    -Inf       -4.74    68.8s
    hm1_norm_ρdiff=3.235137938800737e-5 hm1_norm_Δρ=4.049286509156214e-6  error_V_h1=13.46246088123839  α = 6.37e-5
 45   -21.48138541090   +    -Inf       -4.45    69.2s
    hm1_norm_ρdiff=3.2059406981292396e-5 hm1_norm_Δρ=1.3913006201071539e-5  error_V_h1=13.462460505428515  α = 4.68e-5

#-- |ρε - ρref| = 3.2194316010705454e-5 vs. 1.7782794100389228e-9 = δ*ε  error_V_h1=13.462460505428515  Qε=0.974874876551717


# --- ε=1.0e-7

n     Energy            log10(ΔE)   log10(Δρ)   Δtime
---   ---------------   ---------   ---------   ------
  1   -21.48121305286                   -0.89    78.4s
    hm1_norm_ρdiff=0.08214177129860073 hm1_norm_Δρ=0.0821361915359458  error_V_h1=24.00774979028578  α = 6.05e-5
  2   -21.48121349539       -6.35       -1.78    57.4s
    hm1_norm_ρdiff=0.006914737072878275 hm1_norm_Δρ=0.006913602684775459  error_V_h1=23.989464939716118  α = 0.000413
  3   -21.48121365764       -6.79       -2.04    57.6s
    hm1_norm_ρdiff=0.0034199983737663426 hm1_norm_Δρ=0.0034191883537722755  error_V_h1=23.980958993337097  α = 0.000433
  4   -21.48121386345       -6.69       -2.17    58.6s
    hm1_norm_ρdiff=0.002449015239538764 hm1_norm_Δρ=0.002448155366140249  error_V_h1=23.96972027936319  α = 0.000472
  5   -21.48121403968       -6.75       -2.72    52.8s
    hm1_norm_ρdiff=0.0004761263334061494 hm1_norm_Δρ=0.0004744259946524881  error_V_h1=23.959786872534696  α = 0.00157
  6   -21.48121408600       -7.33       -2.91    52.5s
    hm1_norm_ρdiff=0.0003583925949275829 hm1_norm_Δρ=0.0003567969505999056  error_V_h1=23.956554977796046  α = 0.00141
  7   -21.48121409402       -8.10       -2.79    53.4s
    hm1_norm_ρdiff=0.00044026691429672663 hm1_norm_Δρ=0.00043909576473574855  error_V_h1=23.955399566174055  α = 0.0012
  8   -21.48121412886       -7.46       -3.20    49.3s
    hm1_norm_ρdiff=0.000140289418028403 hm1_norm_Δρ=0.00013671115582857061  error_V_h1=23.952624279074314  α = 0.00385
  9   -21.48121416468       -7.45       -3.19    49.3s
    hm1_norm_ρdiff=0.00014419362821478093 hm1_norm_Δρ=0.00014090089081783704  error_V_h1=23.948599483353902  α = 0.00372
 10   -21.48121419061       -7.59       -3.19    49.8s
    hm1_norm_ρdiff=0.00014966670602110813 hm1_norm_Δρ=0.00014650506691064533  error_V_h1=23.944654460885477  α = 0.00368
 11   -21.48121425434       -7.20       -3.15    49.3s
    hm1_norm_ρdiff=0.00014864307544216522 hm1_norm_Δρ=0.00014551176869345968  error_V_h1=23.937036971423076  α = 0.00392
 12   -21.48121430975       -7.26       -1.97    69.1s
    hm1_norm_ρdiff=0.006562121675261185 hm1_norm_Δρ=0.006567847104482647  error_V_h1=23.935303347860525  α = 6.04e-5
 13   -21.48121487251       -6.25       -1.82    64.7s
    hm1_norm_ρdiff=0.006261331218278935 hm1_norm_Δρ=0.006263621735041652  error_V_h1=23.919074968842953  α = 0.000188
 14   -21.48121500049       -6.89       -2.03    64.1s
    hm1_norm_ρdiff=0.0035404668339190613 hm1_norm_Δρ=0.0035417365810428134  error_V_h1=23.916189726433206  α = 0.00018
 15   -21.48121504059       -7.40       -2.45    59.7s
    hm1_norm_ρdiff=0.0012613475468136765 hm1_norm_Δρ=0.0012622234912435173  error_V_h1=23.916679494775703  α = 0.000455
 16   -21.48121506143       -7.68       -3.32    48.8s
    hm1_norm_ρdiff=0.00011216174003016562 hm1_norm_Δρ=0.00010821427264320899  error_V_h1=23.91415198900474  α = 0.00381
 17   -21.48121506836       -8.16       -2.89    53.6s
    hm1_norm_ρdiff=0.0003657445405619926 hm1_norm_Δρ=0.0003646563206378483  error_V_h1=23.912423295987278  α = 0.0012
 18   -21.48121510549       -7.43       -2.63    59.0s
    hm1_norm_ρdiff=0.0006366240676965813 hm1_norm_Δρ=0.0006359544559919161  error_V_h1=23.909851295489517  α = 0.000541
 19   -21.48121513399       -7.55       -3.11    53.6s
    hm1_norm_ρdiff=0.00017350018233912304 hm1_norm_Δρ=0.00017076310289333563  error_V_h1=23.90760463953641  α = 0.00162
 20   -21.48121515780       -7.62       -3.04    54.0s
    hm1_norm_ρdiff=0.00020570435652278278 hm1_norm_Δρ=0.00020330837573738605  error_V_h1=23.906707487376284  α = 0.00151
 21   -21.48121518161       -7.62       -3.02    54.4s
    hm1_norm_ρdiff=0.00022727883628974647 hm1_norm_Δρ=0.00022528534632446033  error_V_h1=23.906389331178474  α = 0.00146
 22   -21.48121520095       -7.71       -3.23    53.7s
    hm1_norm_ρdiff=0.00013719101292644463 hm1_norm_Δρ=0.00013332419031155212  error_V_h1=23.906166686121573  α = 0.00163
 23   -21.48121520257       -8.79       -2.75    67.8s
    hm1_norm_ρdiff=0.0010777881667981633 hm1_norm_Δρ=0.0010716780203291552  error_V_h1=23.906101762808618  α = 6.18e-5
 24   -21.48121521300       -7.98       -3.73    48.2s
    hm1_norm_ρdiff=5.089197892694999e-5 hm1_norm_Δρ=4.08012242571622e-5  error_V_h1=23.905324088535654  α = 0.00435
 25   -21.48121521392       -9.03       -2.93    57.5s
    hm1_norm_ρdiff=0.0004180365166240166 hm1_norm_Δρ=0.0004169312928274729  error_V_h1=23.90486353193655  α = 0.000405
 26   -21.48121522880       -7.83       -2.60    57.5s
    hm1_norm_ρdiff=0.0008524955994562312 hm1_norm_Δρ=0.0008518392853208797  error_V_h1=23.90288413280008  α = 0.000445
 27   -21.48121523388       -8.29       -2.96    53.4s
    hm1_norm_ρdiff=0.0002977059338105582 hm1_norm_Δρ=0.0002938112330281137  error_V_h1=23.90093579411768  α = 0.00121
 28   -21.48121524347       -8.02       -2.80    53.6s
    hm1_norm_ρdiff=0.00039627367373326784 hm1_norm_Δρ=0.0003957588630296479  error_V_h1=23.900516273002612  α = 0.0012
 29   -21.48121524758       -8.39       -3.17    58.7s
    hm1_norm_ρdiff=0.00018036858450712844 hm1_norm_Δρ=0.00017832142580936994  error_V_h1=23.900318254110015  α = 0.000565
 30   -21.48121525536       -8.11       -3.65    48.7s
    hm1_norm_ρdiff=5.8538575608505814e-5 hm1_norm_Δρ=4.89541267998416e-5  error_V_h1=23.89903812641918  α = 0.00403
 31   -21.48121526849       -7.88       -3.32    53.5s
    hm1_norm_ρdiff=0.00010486775432620077 hm1_norm_Δρ=9.986135081673911e-5  error_V_h1=23.897357494126606  α = 0.00166
 32   -21.48121528062       -7.92       -3.22    53.4s
    hm1_norm_ρdiff=0.00013190633676135477 hm1_norm_Δρ=0.00012881868101768693  error_V_h1=23.895341984668278  α = 0.00154
 33   -21.48121529516       -7.84       -3.73    43.5s
    hm1_norm_ρdiff=4.5621096300640973e-5 hm1_norm_Δρ=3.2990336714855184e-5  error_V_h1=23.889074557821342  α = 0.00981
 34   -21.48121530034       -8.29       -3.23    48.8s
    hm1_norm_ρdiff=0.00011066585696579318 hm1_norm_Δρ=0.00010627333308675431  error_V_h1=23.881779956394237  α = 0.00342
 35   -21.48121530237       -8.69       -3.36    53.5s
    hm1_norm_ρdiff=0.00013650576848184894 hm1_norm_Δρ=0.00013581124118846146  error_V_h1=23.88056045436196  α = 0.00124
 36   -21.48121530706       -8.33       -2.56    63.1s
    hm1_norm_ρdiff=0.0010214732826557343 hm1_norm_Δρ=0.0010170993497236303  error_V_h1=23.879887618843025  α = 0.00016
 37   -21.48121531085       -8.42       -2.94    57.9s
    hm1_norm_ρdiff=0.00039323997242033597 hm1_norm_Δρ=0.00039254445508969075  error_V_h1=23.880793824901932  α = 0.000455
 38   -21.48121532078       -8.00       -2.87    57.3s
    hm1_norm_ρdiff=0.0003589199774010651 hm1_norm_Δρ=0.0003606792843307394  error_V_h1=23.88142563048975  α = 0.000523
 39   -21.48121533744       -7.78       -2.88    57.5s
    hm1_norm_ρdiff=0.00034067518190601247 hm1_norm_Δρ=0.00033876958759379295  error_V_h1=23.881041668908633  α = 0.000566
 40   -21.48121533823       -9.10       -3.79    53.7s
    hm1_norm_ρdiff=5.884454939334275e-5 hm1_norm_Δρ=4.746075596188278e-5  error_V_h1=23.880676469587456  α = 0.00142
 41   -21.48121534283       -8.34       -3.05    57.9s
    hm1_norm_ρdiff=0.0001814738244720922 hm1_norm_Δρ=0.00017975277608739588  error_V_h1=23.88028657393616  α = 0.00057
 42   -21.48121534624       -8.47       -3.19    57.9s
    hm1_norm_ρdiff=0.00017006671636416666 hm1_norm_Δρ=0.00016745867805437374  error_V_h1=23.879970927894245  α = 0.000561
 43   -21.48121534953       -8.48       -3.61    52.9s
    hm1_norm_ρdiff=6.44924460069834e-5 hm1_norm_Δρ=5.575290115137355e-5  error_V_h1=23.879636154837044  α = 0.00163
 44   -21.48121535868       -8.04       -3.28    52.6s
    hm1_norm_ρdiff=0.00010455497843066722 hm1_norm_Δρ=0.00010054453150386142  error_V_h1=23.88084429530931  α = 0.00159
 45   -21.48121537085       -7.91       -3.10    52.3s
    hm1_norm_ρdiff=0.0001602861202868783 hm1_norm_Δρ=0.00015739142507679706  error_V_h1=23.88374102272919  α = 0.00147
 46   -21.48121537268       -8.74       -2.78    62.2s
    hm1_norm_ρdiff=0.0005373763878290182 hm1_norm_Δρ=0.0005339447122814576  error_V_h1=23.884275694260314  α = 0.000166
 47   -21.48121537362       -9.03       -2.90    62.5s
    hm1_norm_ρdiff=0.00045639794793176416 hm1_norm_Δρ=0.00045934957861589306  error_V_h1=23.884470886465117  α = 0.000159
 48   -21.48121537455       -9.03       -3.20    57.8s
    hm1_norm_ρdiff=0.00022017614865533057 hm1_norm_Δρ=0.00021756550304323936  error_V_h1=23.883971368309133  α = 0.000443
 49   -21.48121537543       -9.06       -3.53    58.2s
    hm1_norm_ρdiff=8.880875922998939e-5 hm1_norm_Δρ=8.036342473827887e-5  error_V_h1=23.883858265515222  α = 0.000564
 50   -21.48121537692       -8.83       -4.06    43.8s
    hm1_norm_ρdiff=3.5150303388645404e-5 hm1_norm_Δρ=1.6835455147153457e-5  error_V_h1=23.88456166279166  α = 0.00943
 51   -21.48121537823       -8.88       -3.26    53.1s
    hm1_norm_ρdiff=0.00011088258399353136 hm1_norm_Δρ=0.00010939166819480714  error_V_h1=23.885751345135155  α = 0.00126
 52   -21.48121537880       -9.24       -2.85    58.0s
    hm1_norm_ρdiff=0.00031807952214781395 hm1_norm_Δρ=0.00031519595063077456  error_V_h1=23.886280532250844  α = 0.000399
 53   -21.48121537938       -9.23       -3.56    53.9s
    hm1_norm_ρdiff=7.389032676183124e-5 hm1_norm_Δρ=6.728689230816535e-5  error_V_h1=23.886301707076512  α = 0.00128
 54   -21.48121538168       -8.64       -3.61    53.3s
    hm1_norm_ρdiff=6.0413677055819814e-5 hm1_norm_Δρ=5.2943619262437103e-5  error_V_h1=23.88629090690178  α = 0.00158
 55   -21.48121538304       -8.87       -3.74    48.9s
    hm1_norm_ρdiff=4.6970432258416844e-5 hm1_norm_Δρ=3.5091393452713796e-5  error_V_h1=23.885729926165407  α = 0.00362
 56   -21.48121538466       -8.79       -3.52    54.3s
    hm1_norm_ρdiff=7.573857501362206e-5 hm1_norm_Δρ=6.958374227601526e-5  error_V_h1=23.884786269964412  α = 0.0014
 57   -21.48121538502       -9.45       -3.30    63.2s
    hm1_norm_ρdiff=0.00015565607583683375 hm1_norm_Δρ=0.00015504239844258574  error_V_h1=23.884568587196483  α = 0.000186
 58   -21.48121538539       -9.43       -3.17    62.9s
    hm1_norm_ρdiff=0.00023009453010984016 hm1_norm_Δρ=0.00022405274472768528  error_V_h1=23.88437039751753  α = 0.00017
 59   -21.48121538608       -9.17       -3.33    57.7s
    hm1_norm_ρdiff=0.0001618038411665412 hm1_norm_Δρ=0.00015935945901273746  error_V_h1=23.884436808491618  α = 0.000458
 60   -21.48121538691       -9.08       -3.84    52.8s
    hm1_norm_ρdiff=4.266962154171534e-5 hm1_norm_Δρ=3.1598452464785194e-5  error_V_h1=23.8839700953217  α = 0.00157
 61   -21.48121538976       -8.54       -3.45    52.7s
    hm1_norm_ρdiff=7.695819804334795e-5 hm1_norm_Δρ=7.019088133798418e-5  error_V_h1=23.882978916037374  α = 0.00151
 62   -21.48121539022       -9.35       -2.91    58.1s
    hm1_norm_ρdiff=0.00026894515629229414 hm1_norm_Δρ=0.00026418458146596396  error_V_h1=23.881946536428636  α = 0.000405
 63   -21.48121539209       -8.73       -2.81    62.7s
    hm1_norm_ρdiff=0.00038282038422667443 hm1_norm_Δρ=0.0003827191611695448  error_V_h1=23.8814720530236  α = 0.000186
 64   -21.48121539281       -9.14       -3.43    57.5s
    hm1_norm_ρdiff=9.70039934138386e-5 hm1_norm_Δρ=9.226235469670555e-5  error_V_h1=23.881430395108357  α = 0.000533
 65   -21.48121539337       -9.25       -3.83    53.7s
    hm1_norm_ρdiff=4.376726283458626e-5 hm1_norm_Δρ=3.1439334239717583e-5  error_V_h1=23.88142239851776  α = 0.00152
 66   -21.48121539499       -8.79       -3.62    53.6s
    hm1_norm_ρdiff=6.0878114903617534e-5 hm1_norm_Δρ=5.350693715484473e-5  error_V_h1=23.881573426126547  α = 0.0015
 67   -21.48121539532       -9.48       -3.60    53.3s
    hm1_norm_ρdiff=6.963782518004446e-5 hm1_norm_Δρ=6.0997875948740434e-5  error_V_h1=23.881739485493206  α = 0.00123
 68   -21.48121539584       -9.28       -4.38    48.0s
    hm1_norm_ρdiff=3.1874820562466574e-5 hm1_norm_Δρ=9.075540407204915e-6  error_V_h1=23.881361811394385  α = 0.00436
 69   -21.48121539605       -9.69       -3.65    57.6s
    hm1_norm_ρdiff=8.229692476530035e-5 hm1_norm_Δρ=7.241120251168531e-5  error_V_h1=23.88122920359311  α = 0.000473
 70   -21.48121539679       -9.13       -3.31    58.6s
    hm1_norm_ρdiff=0.00012696283282780278 hm1_norm_Δρ=0.0001248872938029422  error_V_h1=23.881044266369376  α = 0.000486
 71   -21.48121539690       -9.93       -3.84    54.1s
    hm1_norm_ρdiff=5.4716040970801366e-5 hm1_norm_Δρ=4.277797610176247e-5  error_V_h1=23.880899333877494  α = 0.00122
 72   -21.48121539720       -9.53       -3.58    53.4s
    hm1_norm_ρdiff=6.365960076848866e-5 hm1_norm_Δρ=5.56789384669573e-5  error_V_h1=23.880726230264187  α = 0.00126
 73   -21.48121539754       -9.47       -2.95    58.4s
    hm1_norm_ρdiff=0.00027772682429385003 hm1_norm_Δρ=0.00027921861916414814  error_V_h1=23.881208994084698  α = 0.000393
 74   -21.48121539774       -9.68       -3.60    58.6s
    hm1_norm_ρdiff=6.947378317884247e-5 hm1_norm_Δρ=6.136000120493065e-5  error_V_h1=23.88123118801549  α = 0.000496
 75   -21.48121539795       -9.68       -3.67    53.0s
    hm1_norm_ρdiff=5.716249176629202e-5 hm1_norm_Δρ=4.847485308797078e-5  error_V_h1=23.88099834718208  α = 0.00123
 76   -21.48121539833       -9.43       -3.97    53.4s
    hm1_norm_ρdiff=4.1114416564605035e-5 hm1_norm_Δρ=2.7600897125133164e-5  error_V_h1=23.880746665376073  α = 0.00147
 77   -21.48121539889       -9.25       -3.76    53.0s
    hm1_norm_ρdiff=4.999545483344426e-5 hm1_norm_Δρ=3.875620481446263e-5  error_V_h1=23.880287308081556  α = 0.00141
 78   -21.48121539931       -9.38       -3.56    52.5s
    hm1_norm_ρdiff=7.29632781101829e-5 hm1_norm_Δρ=6.766058984744777e-5  error_V_h1=23.87987854533146  α = 0.00124
 79   -21.48121539969       -9.42       -4.07    53.8s
    hm1_norm_ρdiff=3.788357742094028e-5 hm1_norm_Δρ=2.048679875669452e-5  error_V_h1=23.87976842466554  α = 0.00158
 80   -21.48121539981       -9.92       -3.33    63.8s
    hm1_norm_ρdiff=0.00017919052914782007 hm1_norm_Δρ=0.00018026287139492767  error_V_h1=23.87974410798483  α = 0.000155
 81   -21.48121540009       -9.56       -3.52    57.6s
    hm1_norm_ρdiff=8.057295139243791e-5 hm1_norm_Δρ=7.255605102865138e-5  error_V_h1=23.879820410072792  α = 0.000491
 82   -21.48121540029       -9.70       -3.48    57.6s
    hm1_norm_ρdiff=0.00010065647953758891 hm1_norm_Δρ=9.858494462300559e-5  error_V_h1=23.87994987597815  α = 0.000446
 83   -21.48121540072       -9.36       -3.32    57.8s
    hm1_norm_ρdiff=0.00011395311302715462 hm1_norm_Δρ=0.00010974767671488749  error_V_h1=23.879888627766384  α = 0.000477
 84   -21.48121540172       -9.00       -3.01    62.6s
    hm1_norm_ρdiff=0.00026032170290329594 hm1_norm_Δρ=0.0002554682756150885  error_V_h1=23.879715982110696  α = 0.00019
 85   -21.48121540174      -10.67       -3.67    59.0s
    hm1_norm_ρdiff=6.376633168463707e-5 hm1_norm_Δρ=5.690251844500351e-5  error_V_h1=23.879698964230457  α = 0.00041
 86   -21.48121540211       -9.42       -3.61    59.2s
    hm1_norm_ρdiff=6.449639380113347e-5 hm1_norm_Δρ=5.6795592895565645e-5  error_V_h1=23.87981142752585  α = 0.000558
 87   -21.48121540215      -10.39       -4.03    54.4s
    hm1_norm_ρdiff=3.8933682332935835e-5 hm1_norm_Δρ=2.362815474602797e-5  error_V_h1=23.87993790942658  α = 0.00121
 88   -21.48121540224      -10.07       -3.81    54.5s
    hm1_norm_ρdiff=4.6097077541410226e-5 hm1_norm_Δρ=3.511112525749489e-5  error_V_h1=23.880232728261156  α = 0.00122
 89   -21.48121540286       -9.21       -3.59    59.1s
    hm1_norm_ρdiff=7.260882786251675e-5 hm1_norm_Δρ=6.445857470961445e-5  error_V_h1=23.880339117077842  α = 0.000571
 90   -21.48121540294      -10.09       -4.43    53.5s
    hm1_norm_ρdiff=3.161201538674511e-5 hm1_norm_Δρ=9.270309597076733e-6  error_V_h1=23.880382769874284  α = 0.00161
 91   -21.48121540298      -10.42       -3.49    63.8s
    hm1_norm_ρdiff=0.00013443180772241428 hm1_norm_Δρ=0.00012731056723221988  error_V_h1=23.880400835115097  α = 0.000149
 92   -21.48121540303      -10.26       -3.86    59.7s
    hm1_norm_ρdiff=4.4802930240213956e-5 hm1_norm_Δρ=3.472222775961879e-5  error_V_h1=23.880362406021924  α = 0.000491
 93   -21.48121540313      -10.03       -3.67    59.5s
    hm1_norm_ρdiff=7.465492241356974e-5 hm1_norm_Δρ=6.538775453970272e-5  error_V_h1=23.880296529158525  α = 0.00044
 94   -21.48121540328       -9.81       -3.59    58.8s
    hm1_norm_ρdiff=6.870217387054244e-5 hm1_norm_Δρ=6.136560738891425e-5  error_V_h1=23.88032817800241  α = 0.000482
 95   -21.48121540330      -10.62       -4.30    53.7s
    hm1_norm_ρdiff=3.420666376106521e-5 hm1_norm_Δρ=1.2327431792785032e-5  error_V_h1=23.880264984494353  α = 0.00131
 96   -21.48121540338      -10.13       -3.84    59.2s
    hm1_norm_ρdiff=5.185949116078199e-5 hm1_norm_Δρ=4.092924722114947e-5  error_V_h1=23.880275905400698  α = 0.000486
 97   -21.48121540353       -9.81       -3.89    54.3s
    hm1_norm_ρdiff=4.046688282845151e-5 hm1_norm_Δρ=2.6769310974115166e-5  error_V_h1=23.880088085716686  α = 0.00134
 98   -21.48121540363      -10.01       -3.78    55.1s
    hm1_norm_ρdiff=5.1451717320171014e-5 hm1_norm_Δρ=4.1835720812371734e-5  error_V_h1=23.879872219025255  α = 0.0012
 99   -21.48121540376       -9.88       -3.68    54.1s
    hm1_norm_ρdiff=5.717529463734841e-5 hm1_norm_Δρ=4.770343253033721e-5  error_V_h1=23.879512251244517  α = 0.0012
 100   -21.48121540414       -9.43       -4.28    49.1s
    hm1_norm_ρdiff=3.251395628187526e-5 hm1_norm_Δρ=1.0191371917099566e-5  error_V_h1=23.879270843284083  α = 0.00407
 101   -21.48121540468       -9.26       -4.18    49.4s
    hm1_norm_ρdiff=3.385313346903e-5 hm1_norm_Δρ=1.2631737937381931e-5  error_V_h1=23.8789659692411  α = 0.004
 102   -21.48121540477      -10.04       -3.37    64.4s
    hm1_norm_ρdiff=0.00017350402865012567 hm1_norm_Δρ=0.00017456205196637084  error_V_h1=23.87891214743553  α = 0.000155
 103   -21.48121540482      -10.32       -3.97    53.9s
    hm1_norm_ρdiff=4.2944071641294115e-5 hm1_norm_Δρ=2.9106078915895027e-5  error_V_h1=23.8789216061299  α = 0.0012
 104   -21.48121540492      -10.03       -3.68    58.8s
    hm1_norm_ρdiff=7.652881374830413e-5 hm1_norm_Δρ=7.353305589131866e-5  error_V_h1=23.878916017137307  α = 0.000426
 105   -21.48121540501      -10.02       -4.02    53.8s
    hm1_norm_ρdiff=3.986477418547544e-5 hm1_norm_Δρ=2.5485654731004263e-5  error_V_h1=23.878904672457594  α = 0.00128
 106   -21.48121540520       -9.72       -3.86    53.7s
    hm1_norm_ρdiff=4.052295694771192e-5 hm1_norm_Δρ=2.846095544985454e-5  error_V_h1=23.87912469796873  α = 0.00136
 107   -21.48121540525      -10.32       -3.91    53.8s
    hm1_norm_ρdiff=4.40948786500258e-5 hm1_norm_Δρ=3.022541677886708e-5  error_V_h1=23.87909267736113  α = 0.00118
 108   -21.48121540529      -10.39       -3.73    58.8s
    hm1_norm_ρdiff=6.487767924701503e-5 hm1_norm_Δρ=5.5208930435078624e-5  error_V_h1=23.879171339508556  α = 0.00042
 109   -21.48121540560       -9.51       -3.64    58.7s
    hm1_norm_ρdiff=6.352498276256374e-5 hm1_norm_Δρ=5.5883118942664407e-5  error_V_h1=23.879270343049978  α = 0.000544
 110   -21.48121540585       -9.60       -3.69    59.2s
    hm1_norm_ρdiff=6.69628766405442e-5 hm1_norm_Δρ=6.0506952200173154e-5  error_V_h1=23.879369582804685  α = 0.000515
 111   -21.48121540613       -9.56       -4.01    54.5s
    hm1_norm_ρdiff=3.602777304198681e-5 hm1_norm_Δρ=1.8224118875434816e-5  error_V_h1=23.879552236758876  α = 0.00158
 112   -21.48121540632       -9.71       -3.94    54.5s
    hm1_norm_ρdiff=3.539517902694351e-5 hm1_norm_Δρ=1.9914371693414494e-5  error_V_h1=23.879793670847807  α = 0.00145
 113   -21.48121540635      -10.61       -3.64    64.1s
    hm1_norm_ρdiff=9.706125153348237e-5 hm1_norm_Δρ=8.858219824374431e-5  error_V_h1=23.87982089951189  α = 0.000155
 114   -21.48121540646       -9.96       -3.68    59.2s
    hm1_norm_ρdiff=6.440753575137506e-5 hm1_norm_Δρ=5.767326984632744e-5  error_V_h1=23.879820441227462  α = 0.00047
 115   -21.48121540648      -10.68       -3.78    60.0s
    hm1_norm_ρdiff=6.864414164449757e-5 hm1_norm_Δρ=5.816614998749468e-5  error_V_h1=23.879837014326668  α = 0.0004
 116   -21.48121540654      -10.22       -3.82    59.8s
    hm1_norm_ρdiff=5.257870839216218e-5 hm1_norm_Δρ=4.284602663113542e-5  error_V_h1=23.87985835015647  α = 0.000467
 117   -21.48121540664       -9.97       -3.88    59.3s
    hm1_norm_ρdiff=4.236896891300939e-5 hm1_norm_Δρ=2.7546460076410814e-5  error_V_h1=23.87976502620758  α = 0.000575
 118   -21.48121540681       -9.78       -3.75    59.6s
    hm1_norm_ρdiff=5.340538201741017e-5 hm1_norm_Δρ=4.547020584403219e-5  error_V_h1=23.879797259342315  α = 0.000528
 119   -21.48121540684      -10.44       -3.59    64.0s
    hm1_norm_ρdiff=8.11427731952172e-5 hm1_norm_Δρ=7.722963669166891e-5  error_V_h1=23.879752599979962  α = 0.000167
 120   -21.48121540687      -10.57       -4.54    53.2s
    hm1_norm_ρdiff=3.157129371661473e-5 hm1_norm_Δρ=7.198185856711925e-6  error_V_h1=23.879734099907793  α = 0.00149
 121   -21.48121540692      -10.29       -4.06    58.1s
    hm1_norm_ρdiff=4.0782425809009373e-5 hm1_norm_Δρ=2.5975361826488846e-5  error_V_h1=23.879705778623148  α = 0.000522
 122   -21.48121540695      -10.55       -4.38    49.2s
    hm1_norm_ρdiff=3.155566550201776e-5 hm1_norm_Δρ=8.13845762128737e-6  error_V_h1=23.879651729710126  α = 0.00342
 123   -21.48121540703      -10.13       -4.09    54.0s
    hm1_norm_ρdiff=3.583446224099764e-5 hm1_norm_Δρ=1.6402921276587478e-5  error_V_h1=23.879542692895217  α = 0.00133
 124   -21.48121540704      -10.72       -3.78    63.9s
    hm1_norm_ρdiff=6.5737946901919e-5 hm1_norm_Δρ=6.167751386089661e-5  error_V_h1=23.879532161450562  α = 0.000164
 125   -21.48121540709      -10.31       -3.90    59.9s
    hm1_norm_ρdiff=4.90213925186506e-5 hm1_norm_Δρ=3.7132732135754904e-5  error_V_h1=23.879550508950693  α = 0.000467
 126   -21.48121540712      -10.55       -3.83    59.8s
    hm1_norm_ρdiff=5.7261147216829235e-5 hm1_norm_Δρ=5.1771066435966364e-5  error_V_h1=23.879536534488942  α = 0.000409
 127   -21.48121540715      -10.48       -4.13    60.3s
    hm1_norm_ρdiff=3.8376174257131084e-5 hm1_norm_Δρ=2.2656538913325025e-5  error_V_h1=23.879533825385028  α = 0.0005
 128   -21.48121540745       -9.54       -4.87    39.4s
    hm1_norm_ρdiff=3.079845222676717e-5 hm1_norm_Δρ=2.1272108401687506e-6  error_V_h1=23.879848870519865  α = 0.0221
 129   -21.48121540756       -9.93       -3.92    54.3s
    hm1_norm_ρdiff=4.389560834426751e-5 hm1_norm_Δρ=2.8696599725710216e-5  error_V_h1=23.879781037424987  α = 0.00128
 130   -21.48121540763      -10.21       -4.11    54.2s
    hm1_norm_ρdiff=3.390750402197207e-5 hm1_norm_Δρ=1.5959188017812048e-5  error_V_h1=23.879793786709612  α = 0.00138
 131   -21.48121540765      -10.65       -3.90    63.6s
    hm1_norm_ρdiff=5.164841588593842e-5 hm1_norm_Δρ=4.000744003708302e-5  error_V_h1=23.879814608326154  α = 0.000189
 132   -21.48121540769      -10.42       -4.15    54.0s
    hm1_norm_ρdiff=3.478060216919718e-5 hm1_norm_Δρ=1.703511319635278e-5  error_V_h1=23.879916578801193  α = 0.00132
 133   -21.48121540775      -10.21       -3.91    54.3s
    hm1_norm_ρdiff=3.999002802725461e-5 hm1_norm_Δρ=2.499042659308293e-5  error_V_h1=23.880071619602475  α = 0.00124
 134   -21.48121540783      -10.06       -3.88    58.5s
    hm1_norm_ρdiff=3.861581313771687e-5 hm1_norm_Δρ=2.6142713918946595e-5  error_V_h1=23.88015310535285  α = 0.000529
 135   -21.48121540785      -10.98       -3.94    63.8s
    hm1_norm_ρdiff=4.6838978482032386e-5 hm1_norm_Δρ=3.8446226263551424e-5  error_V_h1=23.880150007564133  α = 0.000181
 136   -21.48121540788      -10.46       -4.23    59.2s
    hm1_norm_ρdiff=3.411301027185212e-5 hm1_norm_Δρ=1.61922985047312e-5  error_V_h1=23.880145566813482  α = 0.000541
 137   -21.48121540791      -10.49       -3.86    58.8s
    hm1_norm_ρdiff=5.223634410519081e-5 hm1_norm_Δρ=3.93256192810374e-5  error_V_h1=23.880170956225218  α = 0.00043
 138   -21.48121540795      -10.46       -4.05    58.6s
    hm1_norm_ρdiff=3.988626581181291e-5 hm1_norm_Δρ=2.608113391234066e-5  error_V_h1=23.880184924288766  α = 0.000493
 139   -21.48121540816       -9.68       -4.01    52.6s
    hm1_norm_ρdiff=3.491358621893595e-5 hm1_norm_Δρ=1.8349337089406742e-5  error_V_h1=23.880126621366564  α = 0.00143
 140   -21.48121540826       -9.97       -3.93    57.3s
    hm1_norm_ρdiff=4.0472601087812474e-5 hm1_norm_Δρ=2.9856052952696247e-5  error_V_h1=23.880139875905865  α = 0.000542
 141   -21.48121540830      -10.45       -3.94    59.4s
    hm1_norm_ρdiff=4.042984311894948e-5 hm1_norm_Δρ=2.52736997236006e-5  error_V_h1=23.88010824598533  α = 0.000506
 142   -21.48121540830      -11.35       -4.35    59.0s
    hm1_norm_ρdiff=3.411934783875567e-5 hm1_norm_Δρ=1.3458791661128739e-5  error_V_h1=23.88012825921528  α = 0.000441
 143   -21.48121540836      -10.25       -4.03    58.8s
    hm1_norm_ρdiff=3.8975220754101595e-5 hm1_norm_Δρ=2.348608242086954e-5  error_V_h1=23.880075607193614  α = 0.000554
 144   -21.48121540841      -10.32       -3.97    54.3s
    hm1_norm_ρdiff=3.804516101728952e-5 hm1_norm_Δρ=2.320302267286906e-5  error_V_h1=23.87995653483109  α = 0.00123
 145   -21.48121540849      -10.09       -4.70    48.2s
    hm1_norm_ρdiff=3.130307904021965e-5 hm1_norm_Δρ=4.21790306356619e-6  error_V_h1=23.879912024616885  α = 0.00406
 146   -21.48121540865       -9.78       -4.48    48.3s
    hm1_norm_ρdiff=3.1103346441886995e-5 hm1_norm_Δρ=5.151497248103552e-6  error_V_h1=23.879989639907897  α = 0.00424
 147   -21.48121540867      -10.92       -4.16    57.7s
    hm1_norm_ρdiff=3.389428913527085e-5 hm1_norm_Δρ=1.7590435907041622e-5  error_V_h1=23.879990227759844  α = 0.000486
 148   -21.48121540877       -9.97       -4.32    52.7s
    hm1_norm_ρdiff=3.259343833410848e-5 hm1_norm_Δρ=1.1870710062483239e-5  error_V_h1=23.879888179447637  α = 0.00155
 149   -21.48121540884      -10.19       -4.05    58.4s
    hm1_norm_ρdiff=3.958422961169238e-5 hm1_norm_Δρ=2.263256109231626e-5  error_V_h1=23.879833317706424  α = 0.000565
 150   -21.48121540897       -9.88       -4.00    52.8s
    hm1_norm_ρdiff=3.532364702092614e-5 hm1_norm_Δρ=1.73292595324958e-5  error_V_h1=23.879612720693647  α = 0.00144
 151   -21.48121540906      -10.04       -4.28    53.7s
    hm1_norm_ρdiff=3.2499736742143e-5 hm1_norm_Δρ=1.2132959867180141e-5  error_V_h1=23.879538722391533  α = 0.00152
 152   -21.48121540907      -10.86       -4.11    53.4s
    hm1_norm_ρdiff=3.841962150926121e-5 hm1_norm_Δρ=1.92492681705038e-5  error_V_h1=23.879444650232376  α = 0.00112
 153   -21.48121540911      -10.42       -3.60    63.3s
    hm1_norm_ρdiff=8.34776565974273e-5 hm1_norm_Δρ=7.919096710365256e-5  error_V_h1=23.879385079727104  α = 0.000171
 154   -21.48121540913      -10.88       -4.32    53.7s
    hm1_norm_ρdiff=3.367544739133845e-5 hm1_norm_Δρ=1.3178645637606292e-5  error_V_h1=23.879346562238457  α = 0.00121
 155   -21.48121540915      -10.59       -4.09    54.0s
    hm1_norm_ρdiff=3.683582975235168e-5 hm1_norm_Δρ=1.977834277508133e-5  error_V_h1=23.879330390964476  α = 0.00121
 156   -21.48121540922      -10.13       -3.96    58.4s
    hm1_norm_ρdiff=3.691545778526713e-5 hm1_norm_Δρ=2.1829818709994043e-5  error_V_h1=23.87932330894045  α = 0.000578
 157   -21.48121540923      -11.42       -4.41    53.3s
    hm1_norm_ρdiff=3.3008314654316294e-5 hm1_norm_Δρ=9.83824287972696e-6  error_V_h1=23.879322140823184  α = 0.00121
 158   -21.48121540923      -11.61       -4.28    63.1s
    hm1_norm_ρdiff=3.314235387360664e-5 hm1_norm_Δρ=1.4858940360091426e-5  error_V_h1=23.87931765375295  α = 0.000195
 159   -21.48121540927      -10.46       -4.59    53.8s
    hm1_norm_ρdiff=3.11264179367912e-5 hm1_norm_Δρ=5.410842950505417e-6  error_V_h1=23.87934684156824  α = 0.00165
 160   -21.48121540928      -11.02       -4.47    57.5s
    hm1_norm_ρdiff=3.1508129909615336e-5 hm1_norm_Δρ=9.031735165281227e-6  error_V_h1=23.87935068415879  α = 0.000564
 161   -21.48121540930      -10.55       -4.13    52.5s
    hm1_norm_ρdiff=3.403120022927032e-5 hm1_norm_Δρ=1.4555714892162981e-5  error_V_h1=23.879405314093496  α = 0.00124
 162   -21.48121540932      -10.71       -4.43    52.9s
    hm1_norm_ρdiff=3.259856465445602e-5 hm1_norm_Δρ=9.324247378287462e-6  error_V_h1=23.879416454945634  α = 0.00132
 163   -21.48121540940      -10.10       -3.59    62.8s
    hm1_norm_ρdiff=7.23486307722877e-5 hm1_norm_Δρ=7.028066941649068e-5  error_V_h1=23.879469981140712  α = 0.000179
 164   -21.48121540941      -10.97       -3.97    63.3s
    hm1_norm_ρdiff=4.7493815945979925e-5 hm1_norm_Δρ=3.542753547468801e-5  error_V_h1=23.879486753439753  α = 0.000173
 165   -21.48121540944      -10.61       -4.10    58.0s
    hm1_norm_ρdiff=3.7844364009974675e-5 hm1_norm_Δρ=2.314614636561903e-5  error_V_h1=23.87951095473189  α = 0.000472
 166   -21.48121540949      -10.32       -3.90    59.0s
    hm1_norm_ρdiff=4.3875546420630486e-5 hm1_norm_Δρ=3.1832590692978095e-5  error_V_h1=23.879494523808397  α = 0.000492
 167   -21.48121540949      -11.15       -4.72    49.2s
    hm1_norm_ρdiff=3.091414637758668e-5 hm1_norm_Δρ=3.907327617058052e-6  error_V_h1=23.87949582332981  α = 0.00345
 168   -21.48121540951      -10.71       -4.12    58.4s
    hm1_norm_ρdiff=3.5331299356328765e-5 hm1_norm_Δρ=2.08033219828828e-5  error_V_h1=23.879487098816107  α = 0.00048
 169   -21.48121540952      -11.05       -4.24    58.3s
    hm1_norm_ρdiff=3.458248863282593e-5 hm1_norm_Δρ=1.4216742463215746e-5  error_V_h1=23.879503249476112  α = 0.000493
 170   -21.48121540954      -10.68       -4.41    53.6s
    hm1_norm_ρdiff=3.2130743036357485e-5 hm1_norm_Δρ=8.552250511809324e-6  error_V_h1=23.87946060971071  α = 0.00137
 171   -21.48121540955      -11.25       -4.55    53.5s
    hm1_norm_ρdiff=3.201633840013522e-5 hm1_norm_Δρ=8.016668518574319e-6  error_V_h1=23.87946128889335  α = 0.00122
 172   -21.48121540959      -10.40       -4.10    58.9s
    hm1_norm_ρdiff=3.5918802289290155e-5 hm1_norm_Δρ=1.8625004365248416e-5  error_V_h1=23.87944275237475  α = 0.000554
 173   -21.48121540960      -11.06       -4.43    53.8s
    hm1_norm_ρdiff=3.176023004671107e-5 hm1_norm_Δρ=1.0087320637444821e-5  error_V_h1=23.879428187271312  α = 0.00122
 174   -21.48121540961      -10.84       -4.74    55.0s
    hm1_norm_ρdiff=3.0410791193827466e-5 hm1_norm_Δρ=4.8498030056488335e-6  error_V_h1=23.879458818172715  α = 0.00149
 175   -21.48121540964      -10.51       -4.12    58.7s
    hm1_norm_ρdiff=3.671420677825506e-5 hm1_norm_Δρ=1.774749142534505e-5  error_V_h1=23.87946787380087  α = 0.000528
 176   -21.48121540965      -11.04       -4.05    58.9s
    hm1_norm_ρdiff=3.9952534242085195e-5 hm1_norm_Δρ=2.5086850117959345e-5  error_V_h1=23.879442623704158  α = 0.000436
 177   -21.48121540968      -10.53       -4.26    58.9s
    hm1_norm_ρdiff=3.4420992934771086e-5 hm1_norm_Δρ=1.4764764295644309e-5  error_V_h1=23.879435968187575  α = 0.000563
 178   -21.48121540972      -10.44       -4.17    53.3s
    hm1_norm_ρdiff=3.414341593325494e-5 hm1_norm_Δρ=1.4825833127747781e-5  error_V_h1=23.87941900430903  α = 0.0013
 179   -21.48121540972      -11.15       -4.28    58.7s
    hm1_norm_ρdiff=3.638498200056295e-5 hm1_norm_Δρ=1.694755116964395e-5  error_V_h1=23.879406553154055  α = 0.000436
 180   -21.48121540974      -10.91       -4.16    58.9s
    hm1_norm_ρdiff=3.482017405344044e-5 hm1_norm_Δρ=1.807965420232166e-5  error_V_h1=23.87937169379002  α = 0.00048
 181   -21.48121540977      -10.53       -4.40    53.9s
    hm1_norm_ρdiff=3.189959290479817e-5 hm1_norm_Δρ=9.236597043180114e-6  error_V_h1=23.879415410787225  α = 0.0014
 182   -21.48121540979      -10.70       -4.26    58.2s
    hm1_norm_ρdiff=3.432389180490442e-5 hm1_norm_Δρ=1.6073750885903094e-5  error_V_h1=23.879408517656618  α = 0.000523
 183   -21.48121540980      -10.75       -4.47    53.6s
    hm1_norm_ρdiff=3.152150235917879e-5 hm1_norm_Δρ=7.391271072723317e-6  error_V_h1=23.879432104052768  α = 0.0014
 184   -21.48121540983      -10.52       -4.27    57.5s
    hm1_norm_ρdiff=3.527527577607239e-5 hm1_norm_Δρ=1.5347833512996376e-5  error_V_h1=23.87944290002121  α = 0.000548
 185   -21.48121540985      -10.76       -4.59    52.8s
    hm1_norm_ρdiff=3.05155458654023e-5 hm1_norm_Δρ=5.8659303144405474e-6  error_V_h1=23.8794749649463  α = 0.00145
 186   -21.48121540987      -10.85       -4.35    52.7s
    hm1_norm_ρdiff=3.334435942032002e-5 hm1_norm_Δρ=1.0120045697556609e-5  error_V_h1=23.879471519041452  α = 0.00119
 187   -21.48121540989      -10.59       -4.02    57.4s
    hm1_norm_ρdiff=3.644440699580599e-5 hm1_norm_Δρ=2.0488477616463944e-5  error_V_h1=23.879458882155507  α = 0.000519
 188   -21.48121540990      -11.09       -4.15    57.4s
    hm1_norm_ρdiff=3.615083542017776e-5 hm1_norm_Δρ=2.0010398047812437e-5  error_V_h1=23.879470201492243  α = 0.00044
 189   -21.48121540992      -10.73       -4.37    59.7s
    hm1_norm_ρdiff=3.2824273392378095e-5 hm1_norm_Δρ=1.1452462077080371e-5  error_V_h1=23.879464646931766  α = 0.00057
 190   -21.48121540992      -11.36       -4.13    59.4s
    hm1_norm_ρdiff=3.579865269046906e-5 hm1_norm_Δρ=2.1659679805046183e-5  error_V_h1=23.879475551177844  α = 0.000405
 191   -21.48121540993      -11.24       -4.23    60.3s
    hm1_norm_ρdiff=3.496315930168241e-5 hm1_norm_Δρ=1.5759930360097497e-5  error_V_h1=23.879489314556075  α = 0.000453
 192   -21.48121540993      -11.33       -4.49    54.4s
    hm1_norm_ρdiff=3.178227265161369e-5 hm1_norm_Δρ=7.846737344689658e-6  error_V_h1=23.879457924686793  α = 0.00121
 193   -21.48121540993      -11.86       -4.77    53.7s
    hm1_norm_ρdiff=3.111582105303928e-5 hm1_norm_Δρ=4.596441693669463e-6  error_V_h1=23.879468880781037  α = 0.00121
 194   -21.48121540994      -11.12       -4.48    57.5s
    hm1_norm_ρdiff=3.171862023770266e-5 hm1_norm_Δρ=7.64777422926916e-6  error_V_h1=23.879466149129332  α = 0.000565
 195   -21.48121540994      -11.52       -4.93    52.7s
    hm1_norm_ρdiff=3.063021887029188e-5 hm1_norm_Δρ=3.298271327509846e-6  error_V_h1=23.879457100913378  α = 0.00136
 196   -21.48121540995      -11.31       -4.32    57.6s
    hm1_norm_ρdiff=3.3594618556297014e-5 hm1_norm_Δρ=1.0540470481353037e-5  error_V_h1=23.879440555695172  α = 0.000486
 197   -21.48121540996      -10.98       -3.78    62.5s
    hm1_norm_ρdiff=5.052357544897135e-5 hm1_norm_Δρ=4.383217393171589e-5  error_V_h1=23.879440186422098  α = 0.000159
 198   -21.48121540997      -11.19       -4.23    57.8s
    hm1_norm_ρdiff=3.335678319350359e-5 hm1_norm_Δρ=1.2460276290101616e-5  error_V_h1=23.879445570492145  α = 0.0005
 199   -21.48121540997      -11.36       -4.38    57.3s
    hm1_norm_ρdiff=3.354127965320979e-5 hm1_norm_Δρ=1.2392911472912184e-5  error_V_h1=23.879440838289025  α = 0.00045
 200   -21.48121540998      -11.18       -5.01    52.8s
    hm1_norm_ρdiff=3.076521692606669e-5 hm1_norm_Δρ=2.48779371514213e-6  error_V_h1=23.879445651946284  α = 0.00163
 201   -21.48121540998      -11.20       -4.18    62.9s
    hm1_norm_ρdiff=3.818128612737998e-5 hm1_norm_Δρ=1.9891232795714465e-5  error_V_h1=23.87944064016278  α = 0.000189
 202   -21.48121541000      -10.92       -4.42    57.9s
    hm1_norm_ρdiff=3.1950295570251424e-5 hm1_norm_Δρ=9.710505684608721e-6  error_V_h1=23.879436826569606  α = 0.000559
 203   -21.48121541002      -10.65       -4.42    53.6s
    hm1_norm_ρdiff=3.1860270986024944e-5 hm1_norm_Δρ=8.708776475117788e-6  error_V_h1=23.879477606545453  α = 0.00136
 204   -21.48121541003      -10.90       -4.59    54.0s
    hm1_norm_ρdiff=3.142742996556974e-5 hm1_norm_Δρ=6.646540744201593e-6  error_V_h1=23.879469651736187  α = 0.00137
 205   -21.48121541004      -11.07       -4.50    54.5s
    hm1_norm_ρdiff=3.14613049168152e-5 hm1_norm_Δρ=6.221637186726557e-6  error_V_h1=23.879486359596218  α = 0.00134
 206   -21.48121541005      -11.16       -4.54    59.4s
    hm1_norm_ρdiff=3.308059094837625e-5 hm1_norm_Δρ=1.0072309941212335e-5  error_V_h1=23.879492227399464  α = 0.000504
 207   -21.48121541005      -11.28       -4.45    58.9s
    hm1_norm_ρdiff=3.1065754858624563e-5 hm1_norm_Δρ=8.64325021443734e-6  error_V_h1=23.87950235992997  α = 0.000519
 208   -21.48121541006      -11.30       -4.81    53.8s
    hm1_norm_ρdiff=3.0600060087684806e-5 hm1_norm_Δρ=3.5587374541991307e-6  error_V_h1=23.87951046928647  α = 0.00148
 209   -21.48121541006      -11.11       -4.26    57.4s
    hm1_norm_ρdiff=3.4174815859088494e-5 hm1_norm_Δρ=1.2402912011484651e-5  error_V_h1=23.879515810083245  α = 0.000475
 210   -21.48121541007      -11.08       -4.39    57.7s
    hm1_norm_ρdiff=3.2359559974264115e-5 hm1_norm_Δρ=9.717607268682524e-6  error_V_h1=23.879504931362188  α = 0.00055
 211   -21.48121541008      -11.27       -4.52    57.4s
    hm1_norm_ρdiff=3.1477160822665715e-5 hm1_norm_Δρ=8.211151311633336e-6  error_V_h1=23.879500592532455  α = 0.000528
 212   -21.48121541008      -11.80       -4.60    57.5s
    hm1_norm_ρdiff=3.104663717203668e-5 hm1_norm_Δρ=7.771658360562206e-6  error_V_h1=23.879504302788227  α = 0.000469
 213   -21.48121541008      -11.35       -4.61    52.7s
    hm1_norm_ρdiff=3.147291572798548e-5 hm1_norm_Δρ=5.430154612678654e-6  error_V_h1=23.879498856390786  α = 0.00131
 214   -21.48121541010      -10.73       -4.27    56.9s
    hm1_norm_ρdiff=3.336213783228491e-5 hm1_norm_Δρ=1.3064524449944888e-5  error_V_h1=23.879482827798963  α = 0.000554
 215   -21.48121541011      -11.03       -4.61    52.5s
    hm1_norm_ρdiff=3.120631657904319e-5 hm1_norm_Δρ=5.691727771318844e-6  error_V_h1=23.879486771986198  α = 0.00136
 216   -21.48121541011      -11.51       -4.33    52.6s
    hm1_norm_ρdiff=3.170907344642563e-5 hm1_norm_Δρ=8.659413131928896e-6  error_V_h1=23.879472015935036  α = 0.00119
 217   -21.48121541012      -11.30       -4.69    58.5s
    hm1_norm_ρdiff=3.083559630383219e-5 hm1_norm_Δρ=6.671131008385147e-6  error_V_h1=23.879472870408165  α = 0.000546
 218   -21.48121541012      -11.56       -4.48    53.9s
    hm1_norm_ρdiff=3.2158256846358194e-5 hm1_norm_Δρ=7.382999899699862e-6  error_V_h1=23.879479116241075  α = 0.0012
 219   -21.48121541013      -11.30       -4.38    59.5s
    hm1_norm_ρdiff=3.272857542380103e-5 hm1_norm_Δρ=9.947127315373298e-6  error_V_h1=23.879484752925677  α = 0.000498
 220   -21.48121541013      -11.24       -4.03    64.2s
    hm1_norm_ρdiff=3.6558562740280655e-5 hm1_norm_Δρ=2.3692009337820752e-5  error_V_h1=23.879490576822985  α = 0.000178
 221   -21.48121541014      -11.25       -4.46    58.4s
    hm1_norm_ρdiff=3.1794501062730235e-5 hm1_norm_Δρ=8.638476308037414e-6  error_V_h1=23.879506925186938  α = 0.000529
 222   -21.48121541014      -11.36       -4.92    53.9s
    hm1_norm_ρdiff=3.095590536439269e-5 hm1_norm_Δρ=3.2909325548371064e-6  error_V_h1=23.87952581861737  α = 0.00145
 223   -21.48121541015      -11.32       -4.52    58.6s
    hm1_norm_ρdiff=3.230953667988482e-5 hm1_norm_Δρ=8.802597771734244e-6  error_V_h1=23.879532493185838  α = 0.000512
 224   -21.48121541015      -11.18       -4.16    58.9s
    hm1_norm_ρdiff=3.445357751265532e-5 hm1_norm_Δρ=1.8690864026127103e-5  error_V_h1=23.879567297453146  α = 0.000438
 225   -21.48121541016      -11.20       -4.65    53.2s
    hm1_norm_ρdiff=3.125316014505043e-5 hm1_norm_Δρ=5.172360531151568e-6  error_V_h1=23.879588343933428  α = 0.00136
 226   -21.48121541017      -11.24       -4.66    52.7s
    hm1_norm_ρdiff=3.1286081465884486e-5 hm1_norm_Δρ=5.24683248306867e-6  error_V_h1=23.87958384471305  α = 0.00135
 227   -21.48121541018      -10.82       -4.28    58.0s
    hm1_norm_ρdiff=3.3204898199842915e-5 hm1_norm_Δρ=1.1639713528274078e-5  error_V_h1=23.879596237642623  α = 0.000556
 228   -21.48121541019      -11.40       -4.81    53.5s
    hm1_norm_ρdiff=3.063397389130472e-5 hm1_norm_Δρ=4.404334671848598e-6  error_V_h1=23.879617055595116  α = 0.00135
 229   -21.48121541019      -11.66       -4.43    53.7s
    hm1_norm_ρdiff=3.143509051781761e-5 hm1_norm_Δρ=8.80348893850885e-6  error_V_h1=23.879631445457672  α = 0.00118
 230   -21.48121541019      -11.70       -4.36    59.1s
    hm1_norm_ρdiff=3.225776653814717e-5 hm1_norm_Δρ=1.149508143354044e-5  error_V_h1=23.87962931272384  α = 0.000453
 231   -21.48121541019      -11.39       -4.77    54.7s
    hm1_norm_ρdiff=3.111705491610089e-5 hm1_norm_Δρ=3.5244984689554094e-6  error_V_h1=23.879649467169727  α = 0.00138
 232   -21.48121541020      -11.65       -4.28    64.7s
    hm1_norm_ρdiff=3.291784412609061e-5 hm1_norm_Δρ=1.534382839789213e-5  error_V_h1=23.879652148914897  α = 0.000186
 233   -21.48121541020      -11.20       -4.77    54.4s
    hm1_norm_ρdiff=3.114582783631411e-5 hm1_norm_Δρ=3.822563884545848e-6  error_V_h1=23.879643167342117  α = 0.00146
 234   -21.48121541020      -12.05       -4.51    59.2s
    hm1_norm_ρdiff=3.160349935480023e-5 hm1_norm_Δρ=9.845906397059498e-6  error_V_h1=23.87963990190746  α = 0.000412
 235   -21.48121541021      -11.47       -4.15    59.5s
    hm1_norm_ρdiff=3.836038025567774e-5 hm1_norm_Δρ=2.037784651893832e-5  error_V_h1=23.879620246577563  α = 0.000408
 236   -21.48121541021      -11.19       -4.50    59.1s
    hm1_norm_ρdiff=3.1436272045001796e-5 hm1_norm_Δρ=7.737910609503641e-6  error_V_h1=23.879613624112853  α = 0.000549
 237   -21.48121541022      -11.29       -4.51    59.4s
    hm1_norm_ρdiff=3.136484483912252e-5 hm1_norm_Δρ=7.50669941124117e-6  error_V_h1=23.879615424888033  α = 0.000534
 238   -21.48121541022      -11.92       -5.00    49.8s
    hm1_norm_ρdiff=3.0703947679722566e-5 hm1_norm_Δρ=2.1416857201327166e-6  error_V_h1=23.879620469953647  α = 0.00339
 239   -21.48121541023      -11.20       -4.60    59.4s
    hm1_norm_ρdiff=3.2009153715378647e-5 hm1_norm_Δρ=6.907225180055655e-6  error_V_h1=23.879615207567394  α = 0.000555
 240   -21.48121541024      -10.77       -4.28    58.9s
    hm1_norm_ρdiff=3.395187922855586e-5 hm1_norm_Δρ=1.2761552006278022e-5  error_V_h1=23.879618513685326  α = 0.000551
 241   -21.48121541025      -11.34       -4.65    58.4s
    hm1_norm_ρdiff=3.130865742701784e-5 hm1_norm_Δρ=5.437087069994477e-6  error_V_h1=23.879620319291853  α = 0.000578
 242   -21.48121541025      -11.26       -4.23    57.7s
    hm1_norm_ρdiff=3.245487870019901e-5 hm1_norm_Δρ=1.2994835817753346e-5  error_V_h1=23.879608269937275  α = 0.000462
 243   -21.48121541025      -11.85       -4.88    58.0s
    hm1_norm_ρdiff=3.1203971789032734e-5 hm1_norm_Δρ=3.5959454817652166e-6  error_V_h1=23.879608568884457  α = 0.00055
 244   -21.48121541026      -11.13       -4.37    58.6s
    hm1_norm_ρdiff=3.1408523746667944e-5 hm1_norm_Δρ=8.767420994560835e-6  error_V_h1=23.879620539309723  α = 0.000542
 245   -21.48121541026      -11.70       -4.42    64.0s
    hm1_norm_ρdiff=3.370358925867061e-5 hm1_norm_Δρ=1.2133641887523852e-5  error_V_h1=23.879621669893428  α = 0.000188
 246   -21.48121541027      -11.17       -4.16    63.4s
    hm1_norm_ρdiff=3.57072446380263e-5 hm1_norm_Δρ=2.0742455620346636e-5  error_V_h1=23.87962745928433  α = 0.00019
 247   -21.48121541027      -11.75       -5.26    49.8s
    hm1_norm_ρdiff=3.072609338956773e-5 hm1_norm_Δρ=1.2075663219461606e-6  error_V_h1=23.879631338691215  α = 0.00368
 248   -21.48121541028      -11.43       -5.08    54.5s
    hm1_norm_ρdiff=3.079467819849469e-5 hm1_norm_Δρ=2.242487944967143e-6  error_V_h1=23.8796272436244  α = 0.00154
 249   -21.48121541028      -11.21       -4.41    54.2s
    hm1_norm_ρdiff=3.221885092821811e-5 hm1_norm_Δρ=8.505473740401133e-6  error_V_h1=23.87961795286746  α = 0.00124
 250   -21.48121541028      -11.99       -5.16    48.3s
    hm1_norm_ρdiff=3.082519582858574e-5 hm1_norm_Δρ=1.7280594177182959e-6  error_V_h1=23.879626851403934  α = 0.00331
 251   -21.48121541028      -11.97       -4.73    52.8s
    hm1_norm_ρdiff=3.055310680866344e-5 hm1_norm_Δρ=4.455651298681258e-6  error_V_h1=23.879644391342396  α = 0.00124
 252   -21.48121541029      -11.58       -4.76    52.7s
    hm1_norm_ρdiff=3.114291269589417e-5 hm1_norm_Δρ=3.6761316737752654e-6  error_V_h1=23.879654369244193  α = 0.00133
 253   -21.48121541029      -11.71       -5.42    48.5s
    hm1_norm_ρdiff=3.069074010173028e-5 hm1_norm_Δρ=8.753127794695651e-7  error_V_h1=23.87965228570497  α = 0.00415
 254   -21.48121541029      -11.67       -4.73    58.5s
    hm1_norm_ρdiff=3.076000644354456e-5 hm1_norm_Δρ=5.593436358463636e-6  error_V_h1=23.879649596297927  α = 0.000529
 255   -21.48121541029      -11.81       -4.32    63.2s
    hm1_norm_ρdiff=3.361323313604867e-5 hm1_norm_Δρ=1.1340477968851201e-5  error_V_h1=23.879647462343346  α = 0.000182
 256   -21.48121541030      -11.44       -5.10    54.0s
    hm1_norm_ρdiff=3.078061047800153e-5 hm1_norm_Δρ=1.8623539132166477e-6  error_V_h1=23.87964615314868  α = 0.00165
 257   -21.48121541030      -12.25       -4.88    53.7s
    hm1_norm_ρdiff=3.075097692117693e-5 hm1_norm_Δρ=3.7484625776621035e-6  error_V_h1=23.879646195402586  α = 0.00123
 258   -21.48121541030      -11.71       -4.59    59.0s
    hm1_norm_ρdiff=3.227301116395089e-5 hm1_norm_Δρ=7.707033223000891e-6  error_V_h1=23.879644082622434  α = 0.000484
 259   -21.48121541030      -12.16       -4.69    53.9s
    hm1_norm_ρdiff=3.097132413366175e-5 hm1_norm_Δρ=5.224792791806901e-6  error_V_h1=23.879640253139037  α = 0.00117
 260   -21.48121541031      -11.04       -4.60    53.6s
    hm1_norm_ρdiff=3.094554475558445e-5 hm1_norm_Δρ=5.54253201305593e-6  error_V_h1=23.87963064426719  α = 0.00138
 261   -21.48121541032      -11.14       -4.24    59.7s
    hm1_norm_ρdiff=3.269341385013221e-5 hm1_norm_Δρ=1.273944318841396e-5  error_V_h1=23.879622375260244  α = 0.000458
 262   -21.48121541032      -11.35       -4.62    59.6s
    hm1_norm_ρdiff=3.1756624995844845e-5 hm1_norm_Δρ=5.51813216343472e-6  error_V_h1=23.87960983104258  α = 0.000562
 263   -21.48121541032      -11.48       -4.55    58.0s
    hm1_norm_ρdiff=3.099777967295847e-5 hm1_norm_Δρ=6.780052449657342e-6  error_V_h1=23.8795995552959  α = 0.000511
 264   -21.48121541033      -11.73       -4.91    52.8s
    hm1_norm_ρdiff=3.0789531775082864e-5 hm1_norm_Δρ=2.6187443777959865e-6  error_V_h1=23.87959905917669  α = 0.00137
 265   -21.48121541033      -12.55       -5.05    52.9s
    hm1_norm_ρdiff=3.093719744241254e-5 hm1_norm_Δρ=2.471012172152201e-6  error_V_h1=23.879597418621547  α = 0.00119
 266   -21.48121541033      -12.38       -4.64    62.1s
    hm1_norm_ρdiff=3.079021455232648e-5 hm1_norm_Δρ=6.606817264450277e-6  error_V_h1=23.879597259006438  α = 0.000192
 267   -21.48121541033      -11.50       -5.11    53.0s
    hm1_norm_ρdiff=3.082582642229008e-5 hm1_norm_Δρ=1.805230329888764e-6  error_V_h1=23.87959201082061  α = 0.00153
 268   -21.48121541033      -11.99       -4.54    57.6s
    hm1_norm_ρdiff=3.26392802783965e-5 hm1_norm_Δρ=9.586203973694656e-6  error_V_h1=23.8795882774236  α = 0.000428
 269   -21.48121541033      -11.81       -4.48    62.1s
    hm1_norm_ρdiff=3.143298055274436e-5 hm1_norm_Δρ=9.794362262621244e-6  error_V_h1=23.879587506452168  α = 0.000193
 270   -21.48121541034      -11.40       -4.45    57.1s
    hm1_norm_ρdiff=3.246226667060219e-5 hm1_norm_Δρ=9.361666042877913e-6  error_V_h1=23.87958674808036  α = 0.000492
 271   -21.48121541034      -12.21       -4.74    52.6s
    hm1_norm_ρdiff=3.119547598219156e-5 hm1_norm_Δρ=4.200628682184454e-6  error_V_h1=23.87959043304768  α = 0.00118
 272   -21.48121541034      -12.83       -4.64    58.9s
    hm1_norm_ρdiff=3.169125477375906e-5 hm1_norm_Δρ=6.514853004381027e-6  error_V_h1=23.879592129247467  α = 0.000395
 273   -21.48121541034      -12.04       -5.57    48.7s
    hm1_norm_ρdiff=3.0686124579035785e-5 hm1_norm_Δρ=6.116762626088513e-7  error_V_h1=23.87959153501588  α = 0.00404
 274   -21.48121541034      -12.39       -5.02    58.1s
    hm1_norm_ρdiff=3.120428284289695e-5 hm1_norm_Δρ=3.1660065784023764e-6  error_V_h1=23.87959071595314  α = 0.000497
 275   -21.48121541034      -11.65       -4.96    52.8s
    hm1_norm_ρdiff=3.083710732620504e-5 hm1_norm_Δρ=2.5019648444615854e-6  error_V_h1=23.879586934748556  α = 0.00145
 276   -21.48121541034      -12.02       -4.62    57.6s
    hm1_norm_ρdiff=3.110418982219585e-5 hm1_norm_Δρ=6.983665629576003e-6  error_V_h1=23.879586151022153  α = 0.000455
 277   -21.48121541034      -12.48       -4.71    62.3s
    hm1_norm_ρdiff=3.073237350015438e-5 hm1_norm_Δρ=4.7601009628477236e-6  error_V_h1=23.879585509009612  α = 0.000206
 278   -21.48121541034      -11.62       -5.22    48.3s
    hm1_norm_ρdiff=3.073657948151004e-5 hm1_norm_Δρ=1.1595384187443593e-6  error_V_h1=23.879575452609473  α = 0.00376
 279   -21.48121541034      -11.88       -4.56    57.7s
    hm1_norm_ρdiff=3.131758231015119e-5 hm1_norm_Δρ=8.271294392521163e-6  error_V_h1=23.87957744305907  α = 0.000434
 280   -21.48121541035      -12.63       -5.06    53.6s
    hm1_norm_ρdiff=3.098577415561007e-5 hm1_norm_Δρ=2.234489074688079e-6  error_V_h1=23.879567676994913  α = 0.0013
 281   -21.48121541035      -11.98       -4.48    57.8s
    hm1_norm_ρdiff=3.149471502132663e-5 hm1_norm_Δρ=8.333458380400353e-6  error_V_h1=23.879555549131737  α = 0.00044
 282   -21.48121541035      -11.90       -4.70    52.7s
    hm1_norm_ρdiff=3.0787722310472985e-5 hm1_norm_Δρ=4.747344673364471e-6  error_V_h1=23.879544879326218  α = 0.00118
 283   -21.48121541035      -11.71       -4.35    62.3s
    hm1_norm_ρdiff=3.2769536811517605e-5 hm1_norm_Δρ=1.3360458458447039e-5  error_V_h1=23.87954178268182  α = 0.00018
 284   -21.48121541035      -11.64       -5.07    53.2s
    hm1_norm_ρdiff=3.086980107953879e-5 hm1_norm_Δρ=2.0938055058464736e-6  error_V_h1=23.87953465346895  α = 0.00146
 285   -21.48121541035      -12.30       -4.95    57.4s
    hm1_norm_ρdiff=3.0516504544363802e-5 hm1_norm_Δρ=3.8188997352586275e-6  error_V_h1=23.8795341704177  α = 0.000478
 286   -21.48121541035      -11.80       -5.00    53.1s
    hm1_norm_ρdiff=3.0802479479686716e-5 hm1_norm_Δρ=2.3370232546923835e-6  error_V_h1=23.879527117810873  α = 0.00141
 287   -21.48121541035      -12.07       -4.85    57.9s
    hm1_norm_ρdiff=3.1209457025676946e-5 hm1_norm_Δρ=4.228692282987162e-6  error_V_h1=23.879526543515983  α = 0.00049
 288   -21.48121541035      -12.46       -4.72    62.9s
    hm1_norm_ρdiff=3.087184224608404e-5 hm1_norm_Δρ=4.419676321191519e-6  error_V_h1=23.87952413815825  α = 0.000198
 289   -21.48121541036      -11.99       -4.84    53.8s
    hm1_norm_ρdiff=3.0792663099255856e-5 hm1_norm_Δρ=3.1652050897523765e-6  error_V_h1=23.879524671244468  α = 0.00119
 290   -21.48121541036      -12.54       -4.59    59.0s
    hm1_norm_ρdiff=3.2190175697634124e-5 hm1_norm_Δρ=8.058895948485171e-6  error_V_h1=23.87952129701032  α = 0.000399
 291   -21.48121541036      -12.30       -4.54    59.0s
    hm1_norm_ρdiff=3.0904344282304164e-5 hm1_norm_Δρ=8.013127305770126e-6  error_V_h1=23.87952965402774  α = 0.000403
 292   -21.48121541036      -12.05       -4.60    59.3s
    hm1_norm_ρdiff=3.157645640758995e-5 hm1_norm_Δρ=6.43479370263579e-6  error_V_h1=23.87953742391848  α = 0.000446
 293   -21.48121541036      -11.47       -4.65    58.7s
    hm1_norm_ρdiff=3.1555211486882225e-5 hm1_norm_Δρ=5.591138615433368e-6  error_V_h1=23.879540588910064  α = 0.000547
 294   -21.48121541036      -12.45       -5.27    59.0s
    hm1_norm_ρdiff=3.064653083772686e-5 hm1_norm_Δρ=1.5892954010455e-6  error_V_h1=23.8795396636114  α = 0.000565
 295   -21.48121541036      -11.64       -5.11    53.9s
    hm1_norm_ρdiff=3.075543910414195e-5 hm1_norm_Δρ=1.646694245592934e-6  error_V_h1=23.879538644633488  α = 0.00158
 296   -21.48121541037      -11.60       -5.27    49.2s
    hm1_norm_ρdiff=3.073258009303877e-5 hm1_norm_Δρ=1.1219229594473456e-6  error_V_h1=23.87952305806981  α = 0.00383
 297   -21.48121541037      -11.81       -4.92    53.9s
    hm1_norm_ρdiff=3.071289190436026e-5 hm1_norm_Δρ=2.919365201994861e-6  error_V_h1=23.879515184809136  α = 0.00133
 298   -21.48121541037      -11.88       -4.73    58.5s
    hm1_norm_ρdiff=3.160440111463594e-5 hm1_norm_Δρ=4.91518204091429e-6  error_V_h1=23.879508612226665  α = 0.000497
 299   -21.48121541037      -12.11       -4.98    58.9s
    hm1_norm_ρdiff=3.0630899147667586e-5 hm1_norm_Δρ=3.1219939538423115e-6  error_V_h1=23.879506372236484  α = 0.000541
 300   -21.48121541037      -11.96       -4.49    58.4s
    hm1_norm_ρdiff=3.1851210109160956e-5 hm1_norm_Δρ=7.959357649130077e-6  error_V_h1=23.879504127927884  α = 0.000447
Trying again without preconditioner ...
n     Energy            log10(ΔE)   log10(Δρ)   Δtime
---   ---------------   ---------   ---------   ------
  1   -21.48121541037                   -3.49    77.9s
    hm1_norm_ρdiff=0.00012613953178302448 hm1_norm_Δρ=0.00012596945537490765  error_V_h1=23.879504163130413  α = 4.4e-5
  2   -21.48121541038      -11.26       -3.57    67.2s
    hm1_norm_ρdiff=7.19822568133342e-5 hm1_norm_Δρ=6.226650137749691e-5  error_V_h1=23.879506264811713  α = 6.16e-5
  3   -21.48121541038      -11.45       -3.68    66.7s
    hm1_norm_ρdiff=5.4448466750975846e-5 hm1_norm_Δρ=4.5254284640489493e-5  error_V_h1=23.879509166235394  α = 6.31e-5
  4   -21.48121541038      -11.60       -3.95    62.6s
    hm1_norm_ρdiff=3.676577541285778e-5 hm1_norm_Δρ=2.220963443893436e-5  error_V_h1=23.879521292638536  α = 0.000164
  5   -21.48121541038      -12.03       -3.64    67.6s
    hm1_norm_ρdiff=6.797647909123328e-5 hm1_norm_Δρ=5.91868215088414e-5  error_V_h1=23.879527691963723  α = 5.01e-5
  6   -21.48121541039      -11.82       -3.86    63.8s
    hm1_norm_ρdiff=4.0890191295828085e-5 hm1_norm_Δρ=2.5778374022659574e-5  error_V_h1=23.879535882961296  α = 0.00015
  7   -21.48121541039      -12.04       -3.90    63.5s
    hm1_norm_ρdiff=3.773178134568292e-5 hm1_norm_Δρ=2.3829367668931614e-5  error_V_h1=23.87955035175688  α = 0.000147
  8   -21.48121541039      -12.29       -4.00    64.2s
    hm1_norm_ρdiff=3.769218709523992e-5 hm1_norm_Δρ=2.1270767027239857e-5  error_V_h1=23.879560188804714  α = 0.000145
  9   -21.48121541039      -11.86       -4.11    63.9s
    hm1_norm_ρdiff=3.3878963060501745e-5 hm1_norm_Δρ=1.535021023715654e-5  error_V_h1=23.879561082707827  α = 0.000171
 10   -21.48121541039      -11.63       -4.11    62.3s
    hm1_norm_ρdiff=3.4682976947783146e-5 hm1_norm_Δρ=1.5165882082871688e-5  error_V_h1=23.879561523373827  α = 0.000183
 11   -21.48121541039      -11.43       -4.06    62.2s
    hm1_norm_ρdiff=3.3739474249539186e-5 hm1_norm_Δρ=1.4470209254176668e-5  error_V_h1=23.879553806357944  α = 0.000194
 12   -21.48121541040      -11.56       -3.34    72.0s
    hm1_norm_ρdiff=0.00017663629154922927 hm1_norm_Δρ=0.0001704373745574279  error_V_h1=23.87955262981307  α = 1.91e-5
 13   -21.48121541040      -12.00       -4.06    61.4s
    hm1_norm_ρdiff=3.434177920828205e-5 hm1_norm_Δρ=1.689143777676142e-5  error_V_h1=23.87954418087073  α = 0.000159
 14   -21.48121541040      -11.99       -4.03    62.6s
    hm1_norm_ρdiff=3.6713225313986e-5 hm1_norm_Δρ=1.8212635326369982e-5  error_V_h1=23.879539367076625  α = 0.000155
 15   -21.48121541040      -12.03       -3.83    67.2s
    hm1_norm_ρdiff=4.766764992172485e-5 hm1_norm_Δρ=3.580408049778498e-5  error_V_h1=23.879535086026557  α = 5.62e-5
 16   -21.48121541040      -12.10       -3.69    72.1s
    hm1_norm_ρdiff=6.675387720552278e-5 hm1_norm_Δρ=6.131594220239979e-5  error_V_h1=23.879533230451088  α = 2.1e-5
 17   -21.48121541040      -11.86       -3.79    67.2s
    hm1_norm_ρdiff=4.316681166053987e-5 hm1_norm_Δρ=3.145472377624552e-5  error_V_h1=23.879529419231073  α = 6.15e-5
 18   -21.48121541040      -11.91       -3.82    67.1s
    hm1_norm_ρdiff=4.3460179050069476e-5 hm1_norm_Δρ=2.8903069912085118e-5  error_V_h1=23.879522319379852  α = 6.16e-5
 19   -21.48121541040      -12.04       -3.86    67.7s
    hm1_norm_ρdiff=4.1265496496717944e-5 hm1_norm_Δρ=2.836216157308588e-5  error_V_h1=23.879517584399107  α = 5.94e-5
 20   -21.48121541041      -12.69       -4.20    62.6s
    hm1_norm_ρdiff=3.324871297063799e-5 hm1_norm_Δρ=1.190581268137552e-5  error_V_h1=23.879517621323988  α = 0.00014
 21   -21.48121541041      -12.50       -4.44    62.7s
    hm1_norm_ρdiff=3.1227421955894336e-5 hm1_norm_Δρ=6.524623846100764e-6  error_V_h1=23.87951753079557  α = 0.000168
 22   -21.48121541041      -12.66       -4.60    58.0s
    hm1_norm_ρdiff=3.085968217986383e-5 hm1_norm_Δρ=3.787870969620458e-6  error_V_h1=23.87952057043803  α = 0.000441
 23   -21.48121541041      -12.72       -4.05    72.8s
    hm1_norm_ρdiff=4.303123886744068e-5 hm1_norm_Δρ=3.399095266580877e-5  error_V_h1=23.879520654903086  α = 2.07e-5
 24   -21.48121541041      -12.15       -3.88    67.7s
    hm1_norm_ρdiff=4.0360161249149775e-5 hm1_norm_Δρ=2.44684423662342e-5  error_V_h1=23.879523536616226  α = 5.99e-5
 25   -21.48121541041      -12.18       -3.95    68.0s
    hm1_norm_ρdiff=3.713884209372345e-5 hm1_norm_Δρ=2.288204807943745e-5  error_V_h1=23.879525600851952  α = 6.05e-5
 26   -21.48121541041      -12.93       -4.22    68.2s
    hm1_norm_ρdiff=3.377507358381646e-5 hm1_norm_Δρ=1.4226671789208611e-5  error_V_h1=23.8795268825384  α = 5.63e-5
 27   -21.48121541041      -12.77       -4.76    62.8s
    hm1_norm_ρdiff=3.0807985291461116e-5 hm1_norm_Δρ=3.526085623139633e-6  error_V_h1=23.87952617672877  α = 0.000183
 28   -21.48121541041      -13.05       -4.46    67.4s
    hm1_norm_ρdiff=3.246460510694157e-5 hm1_norm_Δρ=8.40944961156026e-6  error_V_h1=23.879525619876073  α = 6.28e-5
 29   -21.48121541041      -13.22       -4.31    61.4s
    hm1_norm_ρdiff=3.2464032902989354e-5 hm1_norm_Δρ=1.0132415093129815e-5  error_V_h1=23.879521758102364  α = 0.000139
 30   -21.48121541041      -12.59       -4.40    61.1s
    hm1_norm_ρdiff=3.1313196985640524e-5 hm1_norm_Δρ=7.336004620950367e-6  error_V_h1=23.879519770817435  α = 0.000166
 31   -21.48121541041      -12.59       -4.20    66.2s
    hm1_norm_ρdiff=3.3709768509209583e-5 hm1_norm_Δρ=1.5277243730915854e-5  error_V_h1=23.879517867017285  α = 5.91e-5
 32   -21.48121541041      -13.13       -4.45    61.9s
    hm1_norm_ρdiff=3.1984732790685734e-5 hm1_norm_Δρ=6.9467058891186435e-6  error_V_h1=23.87951686681487  α = 0.000143
 33   -21.48121541041      -12.64       -4.36    61.6s
    hm1_norm_ρdiff=3.167075057726628e-5 hm1_norm_Δρ=7.725031545843201e-6  error_V_h1=23.879516103511857  α = 0.000155
 34   -21.48121541041      -13.09       -4.63    66.2s
    hm1_norm_ρdiff=3.073441885872265e-5 hm1_norm_Δρ=6.305207378180771e-6  error_V_h1=23.879516507259964  α = 6.38e-5
 35   -21.48121541041      -12.97       -4.31    67.7s
    hm1_norm_ρdiff=3.2574484858704696e-5 hm1_norm_Δρ=8.88298925653516e-6  error_V_h1=23.879517856613244  α = 6.24e-5
 36   -21.48121541041      -13.22       -4.52    62.7s
    hm1_norm_ρdiff=3.086022414931965e-5 hm1_norm_Δρ=6.050522114065629e-6  error_V_h1=23.879518697496717  α = 0.000144
 37   -21.48121541041      -13.15       -4.64    62.3s
    hm1_norm_ρdiff=3.1343612274139105e-5 hm1_norm_Δρ=4.866700150313435e-6  error_V_h1=23.879519110450122  α = 0.00015
 38   -21.48121541041      -13.09       -4.83    63.1s
    hm1_norm_ρdiff=3.084881213349203e-5 hm1_norm_Δρ=3.1288036819581274e-6  error_V_h1=23.879519309629625  α = 0.000166
 39   -21.48121541041      -13.67       -4.55    62.7s
    hm1_norm_ρdiff=3.0870065399672596e-5 hm1_norm_Δρ=5.62432997237227e-6  error_V_h1=23.879520575141413  α = 0.000139
 40   -21.48121541041      -12.68       -3.95    67.4s
    hm1_norm_ρdiff=3.914443425340256e-5 hm1_norm_Δρ=2.3663149278895062e-5  error_V_h1=23.879523017874305  α = 5.24e-5
 41   -21.48121541041      -12.92       -4.40    68.0s
    hm1_norm_ρdiff=3.1752134556944305e-5 hm1_norm_Δρ=8.065047788903438e-6  error_V_h1=23.87952303652997  α = 6.36e-5
 42   -21.48121541041      -13.55       -4.61    62.5s
    hm1_norm_ρdiff=3.1419367347530106e-5 hm1_norm_Δρ=5.06650611766073e-6  error_V_h1=23.879523698602707  α = 0.000136
 43   -21.48121541041      -13.07       -4.37    66.3s
    hm1_norm_ρdiff=3.147074684303434e-5 hm1_norm_Δρ=9.706074347552371e-6  error_V_h1=23.879523796726087  α = 5.93e-5
 44   -21.48121541041      -13.60       -4.43    60.7s
    hm1_norm_ρdiff=3.140085048726379e-5 hm1_norm_Δρ=7.338361480583742e-6  error_V_h1=23.879522759715748  α = 0.000134
 45   -21.48121541041      -13.25       -4.89    60.7s
    hm1_norm_ρdiff=3.085566953582965e-5 hm1_norm_Δρ=2.845265467785983e-6  error_V_h1=23.879520836736916  α = 0.000165
 46   -21.48121541041      -13.60       -4.84    60.7s
    hm1_norm_ρdiff=3.1335986507558555e-5 hm1_norm_Δρ=3.767848781551556e-6  error_V_h1=23.879518759674347  α = 0.000149
 47   -21.48121541041      -12.99       -4.36    60.7s
    hm1_norm_ρdiff=3.142662670125779e-5 hm1_norm_Δρ=7.617802720943679e-6  error_V_h1=23.879512650818953  α = 0.000147
 48   -21.48121541041      -12.92       -4.60    60.5s
    hm1_norm_ρdiff=3.0998026877946175e-5 hm1_norm_Δρ=4.952260901773522e-6  error_V_h1=23.879509392843307  α = 0.000162
 49   -21.48121541041      -13.67       -4.52    65.3s
    hm1_norm_ρdiff=3.1790389607697415e-5 hm1_norm_Δρ=6.5773431998727135e-6  error_V_h1=23.879508956875938  α = 5.85e-5
 50   -21.48121541041      -13.25       -4.24    65.6s
    hm1_norm_ρdiff=3.3809167362816295e-5 hm1_norm_Δρ=1.2595003624382797e-5  error_V_h1=23.87950796943111  α = 4.8e-5
 51   -21.48121541041      -13.22       -4.19    65.2s
    hm1_norm_ρdiff=3.298807960043829e-5 hm1_norm_Δρ=1.3694873312109557e-5  error_V_h1=23.879506463063457  α = 4.93e-5
 52   -21.48121541041      -14.15       -5.17    60.8s
    hm1_norm_ρdiff=3.079792348018221e-5 hm1_norm_Δρ=1.3880691614366007e-6  error_V_h1=23.87950656874647  α = 0.000167
 53   -21.48121541041      -13.27       -4.56    65.4s
    hm1_norm_ρdiff=3.094150751108327e-5 hm1_norm_Δρ=6.304723988043755e-6  error_V_h1=23.87950651649945  α = 5.78e-5
 54   -21.48121541041      -13.13       -4.78    60.8s
    hm1_norm_ρdiff=3.087292693484376e-5 hm1_norm_Δρ=2.530603413832835e-6  error_V_h1=23.879507451325974  α = 0.000171
 55   -21.48121541041      -13.07       -4.36    65.2s
    hm1_norm_ρdiff=3.215129947763364e-5 hm1_norm_Δρ=9.86120125120633e-6  error_V_h1=23.879508754330015  α = 5.7e-5
 56   -21.48121541041      -13.85       -4.67    65.1s
    hm1_norm_ρdiff=3.1231849846354754e-5 hm1_norm_Δρ=4.495535962895092e-6  error_V_h1=23.87951023433431  α = 6.25e-5
 57   -21.48121541041      -13.30       -4.23    70.2s
    hm1_norm_ρdiff=3.313558353038958e-5 hm1_norm_Δρ=1.6223333261044524e-5  error_V_h1=23.87951137080451  α = 1.99e-5
 58   -21.48121541041      -13.22       -4.38    65.3s
    hm1_norm_ρdiff=3.167870923574225e-5 hm1_norm_Δρ=7.1468626129365775e-6  error_V_h1=23.879514277251047  α = 6.41e-5
 59   -21.48121541041      -13.75       -4.71    60.8s
    hm1_norm_ρdiff=3.086606507025554e-5 hm1_norm_Δρ=3.789469357426865e-6  error_V_h1=23.879517817285585  α = 0.000135
 60   -21.48121541041      -13.60       -5.04    60.5s
    hm1_norm_ρdiff=3.065649478691165e-5 hm1_norm_Δρ=1.7455908029765978e-6  error_V_h1=23.879518781981837  α = 0.000154
 61   -21.48121541041      -13.45       -4.30    65.5s
    hm1_norm_ρdiff=3.2359827961388116e-5 hm1_norm_Δρ=1.1691768380461707e-5  error_V_h1=23.879520289442958  α = 4.58e-5
 62   -21.48121541041      -14.15       -4.40    65.5s
    hm1_norm_ρdiff=3.2421877470438154e-5 hm1_norm_Δρ=9.004459188657786e-6  error_V_h1=23.879521869204602  α = 4.87e-5
 63   -21.48121541041   +    -Inf       -5.24    60.8s
    hm1_norm_ρdiff=3.070975251077923e-5 hm1_norm_Δρ=1.3605472710063409e-6  error_V_h1=23.87952282190753  α = 0.00017
 64   -21.48121541041      -13.55       -5.27    55.9s
    hm1_norm_ρdiff=3.079486412413055e-5 hm1_norm_Δρ=1.0008781912658557e-6  error_V_h1=23.879526165683064  α = 0.000454
 65   -21.48121541041      -13.45       -4.61    60.8s
    hm1_norm_ρdiff=3.065085283270501e-5 hm1_norm_Δρ=4.36386099750708e-6  error_V_h1=23.879530082045903  α = 0.00014
 66   -21.48121541041      -13.55       -4.74    65.2s
    hm1_norm_ρdiff=3.106905597568169e-5 hm1_norm_Δρ=4.172513903449654e-6  error_V_h1=23.87953056385106  α = 6.17e-5
 67   -21.48121541041      -14.15       -5.29    56.0s
    hm1_norm_ρdiff=3.075323736371695e-5 hm1_norm_Δρ=9.29064341464166e-7  error_V_h1=23.87953232371383  α = 0.000455
 68   -21.48121541041      -13.45       -4.66    65.5s
    hm1_norm_ρdiff=3.064236464217718e-5 hm1_norm_Δρ=5.609867291439851e-6  error_V_h1=23.87953340304011  α = 5.35e-5
 69   -21.48121541041      -13.85       -4.73    60.7s
    hm1_norm_ρdiff=3.10148128665919e-5 hm1_norm_Δρ=3.3547197285498356e-6  error_V_h1=23.879534236186164  α = 0.000144
 70   -21.48121541041      -13.67       -4.83    60.6s
    hm1_norm_ρdiff=3.083945139524693e-5 hm1_norm_Δρ=2.7404555693907735e-6  error_V_h1=23.879532079624454  α = 0.000159
 71   -21.48121541041      -13.50       -4.74    65.4s
    hm1_norm_ρdiff=3.1060522940417285e-5 hm1_norm_Δρ=3.2655937928198136e-6  error_V_h1=23.879530956044107  α = 6.38e-5
 72   -21.48121541041      -14.15       -4.60     168s
    hm1_norm_ρdiff=3.153872032282556e-5 hm1_norm_Δρ=6.408200047421759e-6  error_V_h1=23.879530956043357  α = 5.73e-11
 73   -21.48121541041      -13.67       -4.36    65.4s
    hm1_norm_ρdiff=3.204428657319399e-5 hm1_norm_Δρ=1.0526764082144319e-5  error_V_h1=23.879528422036632  α = 4.78e-5
 74   -21.48121541041      -14.15       -4.98    70.0s
    hm1_norm_ρdiff=3.0774987272157073e-5 hm1_norm_Δρ=2.145551156350257e-6  error_V_h1=23.87952818054353  α = 1.81e-5
 75   -21.48121541041      -14.15       -4.65     126s
    hm1_norm_ρdiff=3.065813588809824e-5 hm1_norm_Δρ=4.551945238382208e-6  error_V_h1=23.87952512494072  α = 0.000117
 76   -21.48121541041      -13.85       -4.54    65.5s
    hm1_norm_ρdiff=3.154685508435952e-5 hm1_norm_Δρ=5.11557536097421e-6  error_V_h1=23.879522561082734  α = 6.22e-5
 77   -21.48121541041      -13.67       -5.25    60.7s
    hm1_norm_ρdiff=3.077247149044721e-5 hm1_norm_Δρ=1.103501603105679e-6  error_V_h1=23.879521405180984  α = 0.000168
 78   -21.48121541041   +    -Inf       -4.81    98.0s
    hm1_norm_ρdiff=3.0650689971994855e-5 hm1_norm_Δρ=2.743809445905041e-6  error_V_h1=23.879521405181702  α = 0.0
 79   -21.48121541041      -13.55       -4.41    64.7s
    hm1_norm_ρdiff=3.415987735965716e-5 hm1_norm_Δρ=1.2900525838783691e-5  error_V_h1=23.879521761463774  α = 4.93e-5
 80   -21.48121541041      -13.50       -4.76    69.8s
    hm1_norm_ρdiff=3.05569948933073e-5 hm1_norm_Δρ=6.574869595595645e-6  error_V_h1=23.879521764373447  α = 2.1e-5
 81   -21.48121541041      -14.15       -4.98    65.1s
    hm1_norm_ρdiff=3.0820807725810146e-5 hm1_norm_Δρ=2.0363224363354966e-6  error_V_h1=23.879521741154623  α = 6.31e-5
 82   -21.48121541041   +    -Inf       -4.81    69.6s
    hm1_norm_ρdiff=3.085183373610358e-5 hm1_norm_Δρ=3.247166364869657e-6  error_V_h1=23.879521566120044  α = 0.000103
 83   -21.48121541041      -13.55       -4.60    65.3s
    hm1_norm_ρdiff=3.090712849448263e-5 hm1_norm_Δρ=4.847667390478861e-6  error_V_h1=23.879521346755705  α = 5.48e-5
 84   -21.48121541041      -14.15       -5.04     150s
    hm1_norm_ρdiff=3.090474604138732e-5 hm1_norm_Δρ=1.9314032984716607e-6  error_V_h1=23.87952133784013  α = 4.05e-6
 85   -21.48121541041   +    -Inf       -5.18     122s
    hm1_norm_ρdiff=3.0674169828172485e-5 hm1_norm_Δρ=1.2286864484497412e-6  error_V_h1=23.879521337951893  α = 1.54e-7
 86   -21.48121541041      -13.97       -5.18    98.7s
    hm1_norm_ρdiff=3.075648198475352e-5 hm1_norm_Δρ=1.4142793799797016e-6  error_V_h1=23.879521337957296  α = 3.09e-9
 87   -21.48121541041   +  -14.15       -5.34    93.3s
    hm1_norm_ρdiff=3.066030693713278e-5 hm1_norm_Δρ=7.981233275397749e-7  error_V_h1=23.879521337957026  α = 0.0
 88   -21.48121541041   +    -Inf       -4.51    65.0s
    hm1_norm_ρdiff=3.21724483460905e-5 hm1_norm_Δρ=1.1763455327832185e-5  error_V_h1=23.879521095830953  α = 4.54e-5
 89   -21.48121541041      -14.45       -4.84    69.8s
    hm1_norm_ρdiff=3.188023327604293e-5 hm1_norm_Δρ=5.569870428685557e-6  error_V_h1=23.87952109340724  α = 2.01e-5
 90   -21.48121541041      -13.97       -5.22    65.0s
    hm1_norm_ρdiff=3.0646526978171804e-5 hm1_norm_Δρ=1.434857147713766e-6  error_V_h1=23.879521162442046  α = 6.12e-5
 91   -21.48121541041      -14.15       -4.87     112s
    hm1_norm_ρdiff=3.09116810572255e-5 hm1_norm_Δρ=2.8176479028934332e-6  error_V_h1=23.87952116254593  α = 3.05e-8
 92   -21.48121541041   +  -14.45       -5.23    93.5s
    hm1_norm_ρdiff=3.071869034675944e-5 hm1_norm_Δρ=1.14545209318928e-6  error_V_h1=23.879521162545963  α = 0.0
 93   -21.48121541041      -13.67       -4.56    69.6s
    hm1_norm_ρdiff=3.437661285926616e-5 hm1_norm_Δρ=1.222176237954811e-5  error_V_h1=23.879521277449744  α = 1.99e-5
 94   -21.48121541041      -13.97       -4.94     116s
    hm1_norm_ρdiff=3.05741200312984e-5 hm1_norm_Δρ=4.231892092260831e-6  error_V_h1=23.879521279308133  α = 8.92e-7
 95   -21.48121541041      -14.45       -5.48     225s
    hm1_norm_ρdiff=3.071188889873941e-5 hm1_norm_Δρ=1.0442080680104464e-6  error_V_h1=23.8795212793099  α = 5.87e-9
 96   -21.48121541041   +    -Inf       -5.23     113s
    hm1_norm_ρdiff=3.071054034275673e-5 hm1_norm_Δρ=1.0612902325311742e-6  error_V_h1=23.87952127930952  α = 1.75e-10
 97   -21.48121541041   +  -14.45       -4.89    97.5s
    hm1_norm_ρdiff=3.0797040131292566e-5 hm1_norm_Δρ=1.6988054530675508e-6  error_V_h1=23.879521279310236  α = 0.0
 98   -21.48121541041   +    -Inf       -4.94     111s
    hm1_norm_ρdiff=3.036296619908772e-5 hm1_norm_Δρ=5.364101463480764e-6  error_V_h1=23.879521279310076  α = 5.48e-13
 99   -21.48121541041      -14.45       -2.32     257s
    hm1_norm_ρdiff=0.0022223317728739486 hm1_norm_Δρ=0.002226689372035042  error_V_h1=23.879521279318073  α = 3.26e-11
 100   -21.48121541041   +  -14.45       -5.29    93.1s
    hm1_norm_ρdiff=3.0795024962436915e-5 hm1_norm_Δρ=1.6042010839279473e-6  error_V_h1=23.87952127931801  α = 0.0
 101   -21.48121541041      -14.15       -4.94     284s
    hm1_norm_ρdiff=3.0362881656664334e-5 hm1_norm_Δρ=5.359113488470536e-6  error_V_h1=23.87952127931948  α = 2.79e-11
 102   -21.48121541041      -14.45       -5.04     203s
    hm1_norm_ρdiff=3.06750437357041e-5 hm1_norm_Δρ=3.0412386143496555e-6  error_V_h1=23.879521279319604  α = 3.72e-16
 103   -21.48121541041   +  -14.15       -4.06     102s
    hm1_norm_ρdiff=4.099152829232105e-5 hm1_norm_Δρ=2.9395668218447147e-5  error_V_h1=23.87952127931821  α = 0.0
 104   -21.48121541041      -14.15       -4.94     272s
    hm1_norm_ρdiff=3.0362881539305276e-5 hm1_norm_Δρ=5.359100082200876e-6  error_V_h1=23.879521279319086  α = 5.8e-14
 105   -21.48121541041   +  -14.45       -4.62    97.3s
    hm1_norm_ρdiff=3.1184576394762857e-5 hm1_norm_Δρ=9.231498230561918e-6  error_V_h1=23.879521279318677  α = 0.0
 106   -21.48121541041      -14.45       -4.94     220s
    hm1_norm_ρdiff=3.0362881656069706e-5 hm1_norm_Δρ=5.359097728019394e-6  error_V_h1=23.879521279319047  α = 2.98e-14
 107   -21.48121541041   +  -14.15       -3.94     108s
    hm1_norm_ρdiff=5.615017080694784e-5 hm1_norm_Δρ=5.1509951769702253e-5  error_V_h1=23.879521279319572  α = 0.0
 108   -21.48121541041      -14.15       -4.94     280s
    hm1_norm_ρdiff=3.0362881621514303e-5 hm1_norm_Δρ=5.359097280416271e-6  error_V_h1=23.87952127931951  α = 3.06e-13
 109   -21.48121541041   +  -14.15       -3.15     112s
    hm1_norm_ρdiff=0.00032890363747520914 hm1_norm_Δρ=0.0003320730006848414  error_V_h1=23.879521279318745  α = 0.0
 110   -21.48121541041      -14.15       -4.94     265s
    hm1_norm_ρdiff=3.0362881501849394e-5 hm1_norm_Δρ=5.359101249174726e-6  error_V_h1=23.879521279318347  α = 1.9e-13
 111   -21.48121541041   +  -14.15       -4.22     108s
    hm1_norm_ρdiff=3.733657912790494e-5 hm1_norm_Δρ=2.565474617566566e-5  error_V_h1=23.87952127931879  α = 0.0
 112   -21.48121541041      -14.15       -4.94     240s
    hm1_norm_ρdiff=3.0362881530182874e-5 hm1_norm_Δρ=5.359100302485745e-6  error_V_h1=23.87952127931939  α = 1.79e-13
 113   -21.48121541041   +    -Inf       -3.39     113s
    hm1_norm_ρdiff=0.00018663090947700447 hm1_norm_Δρ=0.00018867506620459567  error_V_h1=23.879521279319395  α = 0.0
 114   -21.48121541041   +    -Inf       -4.94     254s
    hm1_norm_ρdiff=3.0362881301892244e-5 hm1_norm_Δρ=5.359107851742327e-6  error_V_h1=23.879521279319782  α = 2.98e-14

#-- |ρε - ρref| = 3.069292643415389e-5 vs. 1.0e-9 = δ*ε  error_V_h1=23.879521279319782  Qε=0.9765793553685004

|v-vref|h1 = [1.438714529381646, 2.4692016552716938, 4.3159859603210435, 7.606526381543255, 13.462460505428515, 23.879521279319782]
|v-vref|l2 = [0.1193660805432192, 0.1801313455674715, 0.2933732576270583, 0.4982130820813131, 0.8654269873359751, 1.5211312034406488]
 ────────────────────────────────────────────────────────────────────────────────
                                        Time                    Allocations      
                               ───────────────────────   ────────────────────────
       Tot / % measured:            37.8h /  77.7%           76.0TiB /  47.1%    

 Section               ncalls     time    %tot     avg     alloc    %tot      avg
 ────────────────────────────────────────────────────────────────────────────────
 DftHamiltonian mul...  1.24M    11.2h   38.1%  32.3ms   7.08TiB   19.8%  5.96MiB
   nonlocal             1.24M    5.93h   20.2%  17.2ms   4.66TiB   13.0%  3.92MiB
   local+kinetic        4.98M    3.81h   13.0%  2.75ms   29.5GiB    0.1%  6.22KiB
 compute_density        24.6k    10.8h   36.9%   1.59s   1.24TiB    3.5%  52.8MiB
   symmetrize_ρ         24.6k    7.61h   25.9%   1.11s    546GiB    1.5%  22.7MiB
 energy_hamiltonian     22.2k    6.72h   22.9%   1.09s   26.3TiB   73.6%  1.22GiB
   ene_ops              22.2k    4.04h   13.8%   656ms   2.63TiB    7.4%   124MiB
     ene_ops: nonlocal  22.2k    2.46h    8.4%   399ms    172GiB    0.5%  7.93MiB
     ene_ops: dualmap   22.2k    1.42h    4.8%   230ms   1.95TiB    5.4%  92.0MiB
     ene_ops: kinetic   22.2k     475s    0.4%  21.4ms   5.95GiB    0.0%   281KiB
     ene_ops: hartree   22.2k     103s    0.1%  4.65ms    434GiB    1.2%  20.0MiB
     ene_ops: local     22.2k    12.9s    0.0%   579μs   87.6GiB    0.2%  4.04MiB
 ortho_qr                136k    1975s    1.9%  14.6ms   0.99TiB    2.8%  7.61MiB
 PlaneWaveBasis            29     273s    0.3%   9.41s    127GiB    0.3%  4.40GiB
   Instantiation At...     29     200s    0.2%   6.91s   97.9GiB    0.3%  3.38GiB
   build_kpoints           29    11.2s    0.0%   387ms   12.0GiB    0.0%   422MiB
   Instantiation At...     29    9.43s    0.0%   325ms   5.92GiB    0.0%   209MiB
     enforce_real!         29   85.1ms    0.0%  2.94ms    116KiB    0.0%  3.98KiB
   Instantiation Du...     29    8.17s    0.0%   282ms   2.50GiB    0.0%  88.3MiB
   Instantiation Ki...     29    580ms    0.0%  20.0ms   1.32GiB    0.0%  46.6MiB
   Instantiation Ewald     29    187ms    0.0%  6.45ms    104KiB    0.0%  3.59KiB
     precomp: Ewald        29    187ms    0.0%  6.43ms   62.1KiB    0.0%  2.14KiB
   Instantiation Ha...     29    154ms    0.0%  5.31ms    174MiB    0.0%  6.01MiB
     enforce_real!         29   81.3ms    0.0%  2.80ms    116KiB    0.0%  3.98KiB
   _check_kpoint_re...     29    102ms    0.0%  3.52ms     0.00B    0.0%    0.00B
   Instantiation Ps...     29    928μs    0.0%  32.0μs    378KiB    0.0%  13.0KiB
 load_scfres                1    25.5s    0.0%   25.5s   7.57GiB    0.0%  7.57GiB
   energy_hamiltonian       1    9.49s    0.0%   9.49s   1.43GiB    0.0%  1.43GiB
     ene_ops                1    8.96s    0.0%   8.96s    342MiB    0.0%   342MiB
       ene_ops: xc          1    7.57s    0.0%   7.57s    293MiB    0.0%   293MiB
       ene_ops: non...      1    531ms    0.0%   531ms   9.47MiB    0.0%  9.47MiB
       ene_ops: kin...      1   35.7ms    0.0%  35.7ms    324KiB    0.0%   324KiB
       ene_ops: har...      1   8.54ms    0.0%  8.54ms   20.0MiB    0.0%  20.0MiB
       ene_ops: local       1   2.04ms    0.0%  2.04ms   4.04MiB    0.0%  4.04MiB
   Instantiation At...      1    4.64s    0.0%   4.64s   3.45GiB    0.0%  3.45GiB
   Instantiation At...      1    1.61s    0.0%   1.61s    316MiB    0.0%   316MiB
     enforce_real!          1   2.70ms    0.0%  2.70ms   3.98KiB    0.0%  3.98KiB
   Instantiation Xc         1    427ms    0.0%   427ms    168MiB    0.0%   168MiB
     enforce_real!          1   2.81ms    0.0%  2.81ms   3.98KiB    0.0%  3.98KiB
   Instantiation Ps...      1    222ms    0.0%   222ms   20.2MiB    0.0%  20.2MiB
   build_kpoints            1    198ms    0.0%   198ms    422MiB    0.0%   422MiB
   Instantiation Ki...      1   12.4ms    0.0%  12.4ms   46.6MiB    0.0%  46.6MiB
   Instantiation Ewald      1   10.1ms    0.0%  10.1ms   43.2KiB    0.0%  43.2KiB
     precomp: Ewald         1   9.91ms    0.0%  9.91ms   40.4KiB    0.0%  40.4KiB
   Instantiation Ha...      1   5.09ms    0.0%  5.09ms   6.01MiB    0.0%  6.01MiB
     enforce_real!          1   2.70ms    0.0%  2.70ms   3.98KiB    0.0%  3.98KiB
   _check_kpoint_re...      1   3.25ms    0.0%  3.25ms     0.00B    0.0%    0.00B
 save_scfres                2    6.72s    0.0%   3.36s    711MiB    0.0%   356MiB
 symmetry_operations       29    221ms    0.0%  7.62ms   12.2MiB    0.0%   431KiB
   _check_symmetries       29   4.24ms    0.0%   146μs   5.18MiB    0.0%   183KiB
 ────────────────────────────────────────────────────────────────────────────────
