{"Rεs":[0.9990014244750458,0.9988949567172316,0.998683216496676,0.9983245177662223,0.9977668392637279,0.9966632907768398,0.9947655557209206,0.9916943147810213,0.9863074777811534,0.9776666945699239,0.9641005135084937,0.9439460527093253,0.9151494618073804,0.8754560310394012,0.8237467465371409,0.7573087484794355,0.6819846492244807,0.607902184882726,0.5420500804791657,0.5027868672390059,0.47995423798214315,0.4739294385999442,0.537924938595435,0.5134388722217759,0.5359959726570815,0.5015629838503419,0.5011690831375445,0.48647147791275036,0.48520040955166266],"εs":[1.0,0.5623413251903491,0.31622776601683794,0.1778279410038923,0.1,0.05623413251903491,0.03162277660168379,0.01778279410038923,0.01,0.005623413251903491,0.0031622776601683794,0.0017782794100389228,0.001,0.0005623413251903491,0.00031622776601683794,0.00017782794100389227,0.0001,5.623413251903491e-5,3.1622776601683795e-5,1.778279410038923e-5,1.0e-5,5.623413251903491e-6,3.162277660168379e-6,1.778279410038923e-6,1.0e-6,5.62341325190349e-7,3.162277660168379e-7,1.7782794100389227e-7,1.0e-7],"Δρ_hm1":2.6614188284159798e-5,"Sεs":[0.04145202819429341,0.041455054243801685,0.04146527802721908,0.041495232918597906,0.04157426574103438,0.041839987323404486,0.0427064895806745,0.044893627378261955,0.05089861926338024,0.06376409456216847,0.08714224774286407,0.12221797694567929,0.16835032611028786,0.2245878172977713,0.2849304365641644,0.36891771434670817,0.45875982203915017,0.5516686319783692,0.6530761100015304,0.7132561557271424,0.8470993266779275,0.8765697336961082,0.86878601214428,0.8566539708592589,0.8383779037793525,0.8879434252623736,0.879019617631727,0.9070668128639006,0.8917699424254849],"Qεs":[0.0003153089739707657,0.0005918620486862713,0.0010945595270250548,0.0019191491998544296,0.003201304459088146,0.005693269558457095,0.010279738840348142,0.017241419823277017,0.029538080865947607,0.048452951756111855,0.07665246323763512,0.11497418261308971,0.16316758587330657,0.22072950970983957,0.28189924167819896,0.36658165357386213,0.45688335830366483,0.5501091785157232,0.6517593376647495,0.7120506811046731,0.8460845690807703,0.8755891312773613,0.8677966142344054,0.8556505446540863,0.8373525770687568,0.8869753972034772,0.8780417512625748,0.9061192149921913,0.8908060726062592]}