{"Rεs":[0.999819928124079,0.9996797034490366,0.9994026877948131,0.9989374183184639,0.9982212219945308,0.9968051909384513,0.994345422001496,0.9903851702634254,0.9835172128491392,0.972609959971913,0.9557532622167466,0.9311131082452428,0.8963265770072715,0.8484477043371453,0.7837195517340407,0.7023646339050682,0.6038068023555271,0.5005297438604195,0.4028608162259339,0.3244760147396135,0.27140357814872235,0.24055369490039125,0.2240702374951103,0.21516040882013768,0.21005689977722564,0.20706971662186388,0.2053665099206478,0.20443098997192163,0.20392495040046305],"εs":[1.0,0.5623413251903491,0.31622776601683794,0.1778279410038923,0.1,0.05623413251903491,0.03162277660168379,0.01778279410038923,0.01,0.005623413251903491,0.0031622776601683794,0.0017782794100389228,0.001,0.0005623413251903491,0.00031622776601683794,0.00017782794100389227,0.0001,5.623413251903491e-5,3.1622776601683795e-5,1.778279410038923e-5,1.0e-5,5.623413251903491e-6,3.162277660168379e-6,1.778279410038923e-6,1.0e-6,5.62341325190349e-7,3.162277660168379e-7,1.7782794100389227e-7,1.0e-7],"Δρ_hm1":0.00014714730628614706,"Sεs":[0.0003819006309304483,0.0007134892099248287,0.0013253038229232633,0.0023215210985349636,0.00384871675394,0.006855017928043552,0.012351057995069394,0.020774180051229572,0.035419277926891764,0.05783557124124146,0.09076123272932542,0.1346338138302782,0.18839967736382235,0.25095691404961795,0.3243359572468344,0.40598906494996423,0.5020897825768629,0.6015655069035454,0.699417198153991,0.7843782431478189,0.8503371602830129,0.8971531851674007,0.9281500680730199,0.9477815772081069,0.9599651020469557,0.9674580656168611,0.9720609909868123,0.9748674033418085,0.9765731804040939],"Qεs":[0.00038190063103764386,0.00071348920991632,0.0013253038229674857,0.0023215210985122994,0.00384871675397675,0.00685501792823829,0.012351057995047309,0.020774180051268843,0.03541927792684314,0.05783557124141841,0.09076123272912327,0.13463381383020942,0.18839967736380844,0.2509569140497344,0.32433595724676456,0.4059890649500069,0.5020897825769199,0.6015655069035286,0.6994171981540295,0.7843782431478102,0.8503371602830223,0.8971531851674471,0.9281500680730967,0.9477815772080797,0.9599651020470104,0.9674580656167846,0.9720609909867961,0.9748674033418103,0.9765731804041589]}