
DFTK Version      0.6.16
Julia Version     1.10.4
FFTW.jl provider  fftw v3.3.10

BLAS.get_config()
  LinearAlgebra.BLAS.LBTConfig
  Libraries: 
  └ [ILP64] libopenblas64_.so

MPI.versioninfo()
  MPIPreferences:
    binary:  MPICH_jll
    abi:     MPICH
  
  Package versions
    MPI.jl:             0.20.16
    MPIPreferences.jl:  0.1.10
    MPICH_jll:          4.1.2+1
  
  Library information:
    libmpi:  /home/herbst/.julia/artifacts/0ed4137b58af5c5e3797cb0c400e60ed7c308bae/lib/libmpi.so
    libmpi dlpath:  /home/herbst/.julia/artifacts/0ed4137b58af5c5e3797cb0c400e60ed7c308bae/lib/libmpi.so
    MPI version:  4.0.0
    Library version:  
      MPICH Version:      4.1.2
      MPICH Release date: Wed Jun  7 15:22:45 CDT 2023
      MPICH ABI:          15:1:3
      MPICH Device:       ch3:nemesis
      MPICH configure:    --prefix=/workspace/destdir --build=x86_64-linux-musl --host=x86_64-linux-gnu --enable-shared=yes --enable-static=no --with-device=ch3 --disable-dependency-tracking --enable-fast=all,O3 --docdir=/tmp --mandir=/tmp
      MPICH CC:           cc    -DNDEBUG -DNVALGRIND -O3
      MPICH CXX:          c++   -DNDEBUG -DNVALGRIND -O3
      MPICH F77:          gfortran   -O3
      MPICH FC:           gfortran   -O3
      
  


truncated grid size:(60, 60, 60)
|ρref - ρorig|hm1 = 3.107753708913078e-5
|ρref - ρorig|l2  = 9.569885472605459e-5

# --- ε=1.0

n     Energy            log10(ΔE)   log10(Δρ)   Δtime
---   ---------------   ---------   ---------   ------
  1   -21.62786608518                   -0.78    40.8s
    hm1_norm_ρdiff=0.0005952752827158102 hm1_norm_Δρ=0.10656384434945745  error_V_h1=5.087733488487436  α = 1.0
  2   -21.66354287970       -1.45       -1.40    19.1s
    hm1_norm_ρdiff=0.10598094261937378 hm1_norm_Δρ=0.024833189083532103  error_V_h1=5.089499030749909  α = 1.0
  3   -21.66518331735       -2.79       -1.81    14.3s
    hm1_norm_ρdiff=0.08222879446984994 hm1_norm_Δρ=0.008400355263368835  error_V_h1=5.090025294498232  α = 1.0
  4   -21.67119565065       -2.22       -1.93    14.7s
    hm1_norm_ρdiff=0.0743409994294477 hm1_norm_Δρ=0.007256621851312573  error_V_h1=5.089510232645627  α = 1.0

#-- |ρε - ρref| = 0.08366619259508813 vs. 0.01 = δ*ε  error_V_h1=5.089368671698386  Qε=0.0008259155628636133


# --- ε=0.5623413251903491

n     Energy            log10(ΔE)   log10(Δρ)   Δtime
---   ---------------   ---------   ---------   ------
  1   -21.67196814958                   -2.79    31.3s
    hm1_norm_ρdiff=0.08366619513578755 hm1_norm_Δρ=0.0009474942251348368  error_V_h1=5.084744341182327  α = 1.0
  2   -21.67234466736       -3.42       -3.13    12.6s
    hm1_norm_ρdiff=0.08274582009451788 hm1_norm_Δρ=0.00034544508784985727  error_V_h1=5.084763267891416  α = 1.0

#-- |ρε - ρref| = 0.0837679928354636 vs. 0.005623413251903491 = δ*ε  error_V_h1=5.084622196799375  Qε=0.0014596188963628227


# --- ε=0.31622776601683794

n     Energy            log10(ΔE)   log10(Δρ)   Δtime
---   ---------------   ---------   ---------   ------
  1   -21.67206734096                   -3.09    39.5s
    hm1_norm_ρdiff=0.08390728605975466 hm1_norm_Δρ=0.000388205774118293  error_V_h1=5.076221413070834  α = 0.535
  2   -21.67209330784       -4.59       -3.48    14.1s
    hm1_norm_ρdiff=0.08360655557818772 hm1_norm_Δρ=0.00019795181802978822  error_V_h1=5.076263695132574  α = 1.0

#-- |ρε - ρref| = 0.08349313296554256 vs. 0.0031622776601683794 = δ*ε  error_V_h1=5.076251941583204  Qε=0.002780496144290051


# --- ε=0.1778279410038923

n     Energy            log10(ΔE)   log10(Δρ)   Δtime
---   ---------------   ---------   ---------   ------
  1   -21.67142881401                   -3.26    42.2s
    hm1_norm_ρdiff=0.08358064810810888 hm1_norm_Δρ=0.0002596269214642363  error_V_h1=5.061345508544484  α = 0.526
  2   -21.67143450101       -5.25       -3.67    12.6s
    hm1_norm_ρdiff=0.08339587380189883 hm1_norm_Δρ=0.000135674157394799  error_V_h1=5.0614008474167385  α = 1.0

#-- |ρε - ρref| = 0.08325606928991584 vs. 0.001778279410038923 = δ*ε  error_V_h1=5.061405064824315  Qε=0.00489580511115754


# --- ε=0.1

n     Energy            log10(ΔE)   log10(Δρ)   Δtime
---   ---------------   ---------   ---------   ------
  1   -21.67023499864                   -3.04    39.1s
    hm1_norm_ρdiff=0.08354887298728247 hm1_norm_Δρ=0.0005624879782171504  error_V_h1=5.035121961868951  α = 0.477
  2   -21.67023647588       -5.83       -3.23    20.7s
    hm1_norm_ρdiff=0.08317417217127362 hm1_norm_Δρ=0.00036788431620335426  error_V_h1=5.035251652449249  α = 0.495

#-- |ρε - ρref| = 0.08273955896104132 vs. 0.001 = δ*ε  error_V_h1=5.035299846861519  Qε=0.007888996432859306


# --- ε=0.05623413251903491

n     Energy            log10(ΔE)   log10(Δρ)   Δtime
---   ---------------   ---------   ---------   ------
  1   -21.66813513236                   -2.76    32.8s
    hm1_norm_ρdiff=0.08273955955097846 hm1_norm_Δρ=0.0010806857516580158  error_V_h1=4.989950283503935  α = 1.0
  2   -21.66813855188       -5.47       -3.61    13.4s
    hm1_norm_ρdiff=0.0816601181795293 hm1_norm_Δρ=0.00015121716517033307  error_V_h1=4.989762074721771  α = 1.0
  3   -21.66813941635       -6.06       -3.56    24.1s
    hm1_norm_ρdiff=0.08171850941405835 hm1_norm_Δρ=0.00017105534184846236  error_V_h1=4.989653802890827  α = 0.501

#-- |ρε - ρref| = 0.08185454996363617 vs. 0.0005623413251903491 = δ*ε  error_V_h1=4.989697194256693  Qε=0.014231967251721407


# --- ε=0.03162277660168379

n     Energy            log10(ΔE)   log10(Δρ)   Δtime
---   ---------------   ---------   ---------   ------
  1   -21.66451195804                   -2.48    32.4s
    hm1_norm_ρdiff=0.08185455394529192 hm1_norm_Δρ=0.0020479227434078043  error_V_h1=4.912312426327285  α = 1.0
  2   -21.66452475415       -4.89       -3.20    14.2s
    hm1_norm_ρdiff=0.07980893668457383 hm1_norm_Δρ=0.0003974434585053852  error_V_h1=4.911423100480753  α = 1.0
  3   -21.66452701812       -5.65       -3.51    21.3s
    hm1_norm_ρdiff=0.08010163353080271 hm1_norm_Δρ=0.0001750902524113704  error_V_h1=4.9112525508783795  α = 0.473
  4   -21.66452766907       -6.19       -3.96    13.6s
    hm1_norm_ρdiff=0.08026928326965928 hm1_norm_Δρ=5.950567702884039e-5  error_V_h1=4.911377242878718  α = 1.0

#-- |ρε - ρref| = 0.08013844750436154 vs. 0.00031622776601683794 = δ*ε  error_V_h1=4.911539574657129  Qε=0.025166862840076572


# --- ε=0.01778279410038923

n     Energy            log10(ΔE)   log10(Δρ)   Δtime
---   ---------------   ---------   ---------   ------
  1   -21.65840480728                   -2.25    32.0s
    hm1_norm_ρdiff=0.08013846696147847 hm1_norm_Δρ=0.0034807405718202166  error_V_h1=4.783258505133175  α = 1.0
  2   -21.65844590924       -4.39       -2.90    14.5s
    hm1_norm_ρdiff=0.07666193374121831 hm1_norm_Δρ=0.0007822515179644438  error_V_h1=4.7801488394143945  α = 1.0
  3   -21.65845175044       -5.23       -3.28    23.1s
    hm1_norm_ρdiff=0.07728369624814202 hm1_norm_Δρ=0.0002904241071352957  error_V_h1=4.779634221200763  α = 0.509
  4   -21.65845356362       -5.74       -3.73    14.3s
    hm1_norm_ρdiff=0.07755494030183688 hm1_norm_Δρ=0.00010500208273508813  error_V_h1=4.78003267304823  α = 1.0
  5   -21.65845460783       -5.98       -3.62    13.2s
    hm1_norm_ρdiff=0.07745565574474209 hm1_norm_Δρ=0.00013425756595337448  error_V_h1=4.780510974678848  α = 1.0

#-- |ρε - ρref| = 0.0773406805128067 vs. 0.0001778279410038923 = δ*ε  error_V_h1=4.78045837206179  Qε=0.04338794199746611


# --- ε=0.01

n     Energy            log10(ΔE)   log10(Δρ)   Δtime
---   ---------------   ---------   ---------   ------
  1   -21.64845906446                   -2.02    29.0s
    hm1_norm_ρdiff=0.07734078004386649 hm1_norm_Δρ=0.006005290625156945  error_V_h1=4.580454655084531  α = 1.0
  2   -21.64861668135       -3.80       -2.58    12.4s
    hm1_norm_ρdiff=0.07134489331388326 hm1_norm_Δρ=0.0016379816876437709  error_V_h1=4.568954189971483  α = 1.0
  3   -21.64862951009       -4.89       -3.15    20.9s
    hm1_norm_ρdiff=0.07279076014833653 hm1_norm_Δρ=0.00036426430514684984  error_V_h1=4.567992392489655  α = 0.5
  4   -21.64863410331       -5.34       -3.67    12.2s
    hm1_norm_ρdiff=0.07309905454043888 hm1_norm_Δρ=0.0001131943512428256  error_V_h1=4.568689761635902  α = 1.0
  5   -21.64863621231       -5.68       -3.46    12.0s
    hm1_norm_ρdiff=0.07299452785022027 hm1_norm_Δρ=0.0001918217133955991  error_V_h1=4.5698871906639615  α = 1.0
  6   -21.64863694274       -6.14       -4.37    11.7s
    hm1_norm_ρdiff=0.07281228645040938 hm1_norm_Δρ=1.8812699213653908e-5  error_V_h1=4.569821887603144  α = 1.0
  7   -21.64863734684       -6.39       -3.93    16.0s
    hm1_norm_ρdiff=0.07282458504899994 hm1_norm_Δρ=6.722681432875532e-5  error_V_h1=4.569385627027343  α = 1.0

#-- |ρε - ρref| = 0.07288567234493858 vs. 0.0001 = δ*ε  error_V_h1=4.569411745884378  Qε=0.07241708140044625


# --- ε=0.005623413251903491

n     Energy            log10(ΔE)   log10(Δρ)   Δtime
---   ---------------   ---------   ---------   ------
  1   -21.63305905902                   -1.79    36.3s
    hm1_norm_ρdiff=0.07288615527334108 hm1_norm_Δρ=0.010152538487079983  error_V_h1=4.29332369950701  α = 1.0
  2   -21.63367798678       -3.21       -2.26    12.9s
    hm1_norm_ρdiff=0.0627542010403859 hm1_norm_Δρ=0.0034509753615460056  error_V_h1=4.251013690746532  α = 1.0
  3   -21.63370994305       -4.50       -2.91    23.4s
    hm1_norm_ρdiff=0.0659136741423976 hm1_norm_Δρ=0.0006166331559784102  error_V_h1=4.248341652347193  α = 0.512
  4   -21.63372102115       -4.96       -3.46    13.4s
    hm1_norm_ρdiff=0.06640809742681676 hm1_norm_Δρ=0.00018778245144535012  error_V_h1=4.250359755818485  α = 1.0
  5   -21.63372555240       -5.34       -3.30    15.3s
    hm1_norm_ρdiff=0.06623063028919123 hm1_norm_Δρ=0.00027130886192924477  error_V_h1=4.253182735945873  α = 1.0
  6   -21.63372767723       -5.67       -4.07    16.4s
    hm1_norm_ρdiff=0.06597878066554011 hm1_norm_Δρ=4.216860526514406e-5  error_V_h1=4.252818408080795  α = 1.0
  7   -21.63372834831       -6.17       -3.77    15.8s
    hm1_norm_ρdiff=0.06601542635973395 hm1_norm_Δρ=9.371106551229363e-5  error_V_h1=4.251849611475457  α = 1.0
  8   -21.63372889653       -6.26       -4.47    13.9s
    hm1_norm_ρdiff=0.06610311775842179 hm1_norm_Δρ=1.4543451472009533e-5  error_V_h1=4.251929805408046  α = 1.0
  9   -21.63372901840       -6.91       -4.20    15.4s
    hm1_norm_ρdiff=0.06609318940026149 hm1_norm_Δρ=3.49140399210066e-5  error_V_h1=4.252292911943547  α = 1.0

#-- |ρε - ρref| = 0.06606484911215015 vs. 5.6234132519034914e-5 = δ*ε  error_V_h1=4.252266820596204  Qε=0.11719202664446361


# --- ε=0.0031622776601683794

n     Energy            log10(ΔE)   log10(Δρ)   Δtime
---   ---------------   ---------   ---------   ------
  1   -21.61041802056                   -1.58    31.3s
    hm1_norm_ρdiff=0.06606687960306169 hm1_norm_Δρ=0.016350057623189074  error_V_h1=3.9666677061684767  α = 1.0
  2   -21.61299516409       -2.59       -1.94    14.3s
    hm1_norm_ρdiff=0.04976940951995413 hm1_norm_Δρ=0.007081170703006867  error_V_h1=3.817480322876204  α = 1.0
  3   -21.61305604110       -4.22       -2.74    19.9s
    hm1_norm_ρdiff=0.05647620922334595 hm1_norm_Δρ=0.0008860410194216096  error_V_h1=3.8119402372182045  α = 0.519
  4   -21.61307791744       -4.66       -3.38    15.4s
    hm1_norm_ρdiff=0.05709704078087848 hm1_norm_Δρ=0.00021380896385375062  error_V_h1=3.8154372427727554  α = 1.0
  5   -21.61308550373       -5.12       -3.23    14.7s
    hm1_norm_ρdiff=0.056902902289485725 hm1_norm_Δρ=0.00030822091207564504  error_V_h1=3.8202176168844595  α = 1.0
  6   -21.61309079776       -5.28       -3.89    15.0s
    hm1_norm_ρdiff=0.05664027883560212 hm1_norm_Δρ=5.343987756004683e-5  error_V_h1=3.819948374735771  α = 1.0
  7   -21.61309167302       -6.06       -3.66    14.5s
    hm1_norm_ρdiff=0.05667152879735457 hm1_norm_Δρ=0.00011149445244316896  error_V_h1=3.8183026332954126  α = 1.0
  8   -21.61309307859       -5.85       -4.13    14.2s
    hm1_norm_ρdiff=0.05676498521886241 hm1_norm_Δρ=3.165612898387904e-5  error_V_h1=3.8184598652955395  α = 1.0
  9   -21.61309317837       -7.00       -4.07    13.0s
    hm1_norm_ρdiff=0.056747942903713 hm1_norm_Δρ=4.364426133599666e-5  error_V_h1=3.8191263931243404  α = 1.0
 10   -21.61309354421       -6.44       -4.46    14.6s
    hm1_norm_ρdiff=0.05671144927327517 hm1_norm_Δρ=1.5140632539025397e-5  error_V_h1=3.819037305440824  α = 1.0
 11   -21.61309361238       -7.17       -4.45    21.3s
    hm1_norm_ρdiff=0.056712161494309 hm1_norm_Δρ=1.8251172251976614e-5  error_V_h1=3.81889501955265  α = 0.494

#-- |ρε - ρref| = 0.056731211682949735 vs. 3.1622776601683795e-5 = δ*ε  error_V_h1=3.8188198454673894  Qε=0.17967953943831463


# --- ε=0.0017782794100389228

n     Energy            log10(ΔE)   log10(Δρ)   Δtime
---   ---------------   ---------   ---------   ------
  1   -21.58727099565                   -1.39    41.4s
    hm1_norm_ρdiff=0.06891896940415311 hm1_norm_Δρ=0.02515163634192566  error_V_h1=3.354917064495058  α = 0.516
  2   -21.58772304663       -3.34       -2.49    15.7s
    hm1_norm_ρdiff=0.043853328262870646 hm1_norm_Δρ=0.0018383488051461232  error_V_h1=3.296943882840184  α = 1.0
  3   -21.58775156040       -4.54       -2.73    13.6s
    hm1_norm_ρdiff=0.04544282962726242 hm1_norm_Δρ=0.0009216846237922153  error_V_h1=3.277100258276172  α = 1.0
  4   -21.58785136034       -4.00       -2.96    15.7s
    hm1_norm_ρdiff=0.04614852545891696 hm1_norm_Δρ=0.0005781857252723332  error_V_h1=3.292204390018695  α = 1.0
  5   -21.58786430992       -4.89       -3.12    21.2s
    hm1_norm_ρdiff=0.04578175430204406 hm1_norm_Δρ=0.0003991213627446398  error_V_h1=3.2973036392524078  α = 0.509
  6   -21.58786902402       -5.33       -3.91    13.9s
    hm1_norm_ρdiff=0.04545308753874558 hm1_norm_Δρ=6.152259905729334e-5  error_V_h1=3.299488610801021  α = 1.0
  7   -21.58787129962       -5.64       -4.02    13.6s
    hm1_norm_ρdiff=0.0454076909580204 hm1_norm_Δρ=3.97819213592704e-5  error_V_h1=3.2990754835375284  α = 1.0
  8   -21.58787215792       -6.07       -4.09    15.1s
    hm1_norm_ρdiff=0.045429619782558266 hm1_norm_Δρ=3.308992294747748e-5  error_V_h1=3.2983114192603815  α = 1.0
  9   -21.58787254452       -6.41       -4.31    15.5s
    hm1_norm_ρdiff=0.04543834040774177 hm1_norm_Δρ=2.4383328964362732e-5  error_V_h1=3.2988665578982412  α = 1.0
 10   -21.58787276574       -6.66       -4.40    14.2s
    hm1_norm_ρdiff=0.045419080582158565 hm1_norm_Δρ=1.7362500940979244e-5  error_V_h1=3.2993500746224735  α = 1.0
 11   -21.58787285172       -7.07       -4.72    15.3s
    hm1_norm_ρdiff=0.045411920123245755 hm1_norm_Δρ=9.702194657117305e-6  error_V_h1=3.2990918140311183  α = 1.0

#-- |ρε - ρref| = 0.04542546794085029 vs. 1.778279410038923e-5 = δ*ε  error_V_h1=3.298825668039003  Qε=0.25774810447252017


# --- ε=0.001

n     Energy            log10(ΔE)   log10(Δρ)   Δtime
---   ---------------   ---------   ---------   ------
  1   -21.55663982563                   -1.24    40.1s
    hm1_norm_ρdiff=0.0620820671913583 hm1_norm_Δρ=0.03587922743351722  error_V_h1=3.189160031383013  α = 0.537
  2   -21.56108375074       -2.35       -1.91    12.0s
    hm1_norm_ρdiff=0.026442083995047994 hm1_norm_Δρ=0.007379989880829707  error_V_h1=2.7677165101304473  α = 1.0
  3   -21.56121023075       -3.90       -2.51    23.2s
    hm1_norm_ρdiff=0.03317684764878785 hm1_norm_Δρ=0.0015064282829355053  error_V_h1=2.746184046054574  α = 0.522
  4   -21.56124699365       -4.43       -3.10    14.4s
    hm1_norm_ρdiff=0.034003793542156636 hm1_norm_Δρ=0.0003405975985360151  error_V_h1=2.749774097767622  α = 1.0
  5   -21.56125938232       -4.91       -3.25    12.9s
    hm1_norm_ρdiff=0.03380644908548224 hm1_norm_Δρ=0.0003013000538818501  error_V_h1=2.7629254837197754  α = 1.0
  6   -21.56126762214       -5.08       -3.41    17.5s
    hm1_norm_ρdiff=0.03357415746157587 hm1_norm_Δρ=0.00016075917475792434  error_V_h1=2.7660650003366056  α = 1.0
  7   -21.56126997573       -5.63       -3.63    17.3s
    hm1_norm_ρdiff=0.033593625604789415 hm1_norm_Δρ=0.00012543522025743178  error_V_h1=2.7596088390776874  α = 1.0
  8   -21.56127142509       -5.84       -3.78    13.7s
    hm1_norm_ρdiff=0.03369031260704205 hm1_norm_Δρ=6.947020420967532e-5  error_V_h1=2.7583238653551687  α = 1.0
  9   -21.56127199718       -6.24       -3.92    15.2s
    hm1_norm_ρdiff=0.033683096890027096 hm1_norm_Δρ=5.99660331070163e-5  error_V_h1=2.7615650429741896  α = 1.0
 10   -21.56127227839       -6.55       -4.29    16.1s
    hm1_norm_ρdiff=0.033641403114949994 hm1_norm_Δρ=2.1833137315147746e-5  error_V_h1=2.761830449702513  α = 1.0
 11   -21.56127241624       -6.86       -4.22    13.9s
    hm1_norm_ρdiff=0.033646416111602594 hm1_norm_Δρ=2.7763613549569625e-5  error_V_h1=2.7604064577024334  α = 1.0
 12   -21.56127248220       -7.18       -4.81    16.4s
    hm1_norm_ρdiff=0.03366346307931978 hm1_norm_Δρ=6.573269046723193e-6  error_V_h1=2.7604988380039432  α = 1.0
 13   -21.56127250992       -7.56       -4.56    13.6s
    hm1_norm_ρdiff=0.03365968468054227 hm1_norm_Δρ=1.316169493624372e-5  error_V_h1=2.761203586870107  α = 1.0
 14   -21.56127252917       -7.72       -5.02    14.8s
    hm1_norm_ρdiff=0.03365104570386481 hm1_norm_Δρ=4.787422179767284e-6  error_V_h1=2.760987107989982  α = 1.0
 15   -21.56127253307       -8.41       -4.91    14.3s
    hm1_norm_ρdiff=0.03365530115294626 hm1_norm_Δρ=5.1930367951230636e-6  error_V_h1=2.7607793646080183  α = 1.0

#-- |ρε - ρref| = 0.03365639682368103 vs. 1.0e-5 = δ*ε  error_V_h1=2.760831213789993  Qε=0.3434724410540656


# --- ε=0.0005623413251903491

n     Energy            log10(ΔE)   log10(Δρ)   Δtime
---   ---------------   ---------   ---------   ------
  1   -21.53575165718                   -1.12    48.8s
    hm1_norm_ρdiff=0.0675170786278556 hm1_norm_Δρ=0.047493833971586116  error_V_h1=2.521662146071171  α = 0.287
  2   -21.53693855883       -2.93       -2.21    14.1s
    hm1_norm_ρdiff=0.020341156750723795 hm1_norm_Δρ=0.0032410768868263045  error_V_h1=2.308113757845631  α = 1.0
  3   -21.53711108913       -3.76       -2.52    19.5s
    hm1_norm_ρdiff=0.02258742461463995 hm1_norm_Δρ=0.001534204950500582  error_V_h1=2.2603123816123434  α = 0.504
  4   -21.53712246500       -4.94       -2.83    14.0s
    hm1_norm_ρdiff=0.023474233097825346 hm1_norm_Δρ=0.0005990790603218461  error_V_h1=2.2484440998930157  α = 1.0
  5   -21.53715290482       -4.52       -3.13    16.3s
    hm1_norm_ρdiff=0.023309994481234112 hm1_norm_Δρ=0.0003488617677691599  error_V_h1=2.2776014203373105  α = 1.0
  6   -21.53715384187       -6.03       -3.52    12.9s
    hm1_norm_ρdiff=0.02310471033368741 hm1_norm_Δρ=0.00012711778466266812  error_V_h1=2.2818161604646185  α = 1.0
  7   -21.53715847894       -5.33       -3.60    15.3s
    hm1_norm_ρdiff=0.023136364489912957 hm1_norm_Δρ=0.00011321144046003224  error_V_h1=2.273806964263526  α = 1.0
  8   -21.53715885666       -6.42       -3.94    17.7s
    hm1_norm_ρdiff=0.023185201794798785 hm1_norm_Δρ=5.05134234671937e-5  error_V_h1=2.273061203811042  α = 1.0
  9   -21.53715956698       -6.15       -4.30    14.6s
    hm1_norm_ρdiff=0.023168471923351863 hm1_norm_Δρ=2.458551235115548e-5  error_V_h1=2.2756601333989885  α = 1.0
 10   -21.53715961470       -7.32       -4.18    16.0s
    hm1_norm_ρdiff=0.02315482890949688 hm1_norm_Δρ=2.8785214161668413e-5  error_V_h1=2.2760282613897225  α = 1.0
 11   -21.53715982701       -6.67       -4.44    15.9s
    hm1_norm_ρdiff=0.02315895832640953 hm1_norm_Δρ=1.5993282621233312e-5  error_V_h1=2.2751800729373755  α = 1.0
 12   -21.53715985900       -7.49       -4.75    21.7s
    hm1_norm_ρdiff=0.023163280694019 hm1_norm_Δρ=7.10484923830076e-6  error_V_h1=2.275152284172502  α = 0.509
 13   -21.53715987326       -7.85       -4.89    16.7s
    hm1_norm_ρdiff=0.02316193914674282 hm1_norm_Δρ=6.080991313133055e-6  error_V_h1=2.275500928835751  α = 1.0
 14   -21.53715988264       -8.03       -4.92    14.5s
    hm1_norm_ρdiff=0.023157876947180626 hm1_norm_Δρ=6.107929098864558e-6  error_V_h1=2.275251937587259  α = 1.0
 15   -21.53715988424       -8.80       -4.98    14.1s
    hm1_norm_ρdiff=0.023162660613259518 hm1_norm_Δρ=5.333290767591955e-6  error_V_h1=2.2755266067166886  α = 1.0
 16   -21.53715988651       -8.64       -5.16    14.9s
    hm1_norm_ρdiff=0.02315843977464525 hm1_norm_Δρ=3.860883861313469e-6  error_V_h1=2.275201977515242  α = 1.0

#-- |ρε - ρref| = 0.023160705995165367 vs. 5.623413251903491e-6 = δ*ε  error_V_h1=2.2753200233015414  Qε=0.4262854030014477


# --- ε=0.00031622776601683794

n     Energy            log10(ΔE)   log10(Δρ)   Δtime
---   ---------------   ---------   ---------   ------
  1   -21.51767049222                   -1.03    54.0s
    hm1_norm_ρdiff=0.07227704435513932 hm1_norm_Δρ=0.05812435309916778  error_V_h1=1.8945999695976823  α = 0.154
  2   -21.51793841306       -3.57       -2.28    22.8s
    hm1_norm_ρdiff=0.014536589078572845 hm1_norm_Δρ=0.002198181238664587  error_V_h1=1.93924683153629  α = 0.507
  3   -21.51803585059       -4.01       -2.92    14.8s
    hm1_norm_ρdiff=0.014601811859315259 hm1_norm_Δρ=0.00062063939597914  error_V_h1=1.8649693189584184  α = 1.0
  4   -21.51805134498       -4.81       -3.28    15.2s
    hm1_norm_ρdiff=0.015117911231338132 hm1_norm_Δρ=0.00020769417508298407  error_V_h1=1.8566004053272165  α = 1.0
  5   -21.51805672853       -5.27       -3.34    15.2s
    hm1_norm_ρdiff=0.015093585399739675 hm1_norm_Δρ=0.00022085329549904434  error_V_h1=1.872437977109301  α = 1.0
  6   -21.51806090634       -5.38       -3.42    13.7s
    hm1_norm_ρdiff=0.014980149106035122 hm1_norm_Δρ=0.0001566292304353725  error_V_h1=1.8848659500702003  α = 1.0
  7   -21.51806136640       -6.34       -3.60    14.1s
    hm1_norm_ρdiff=0.01495255826151746 hm1_norm_Δρ=0.00011255162816250992  error_V_h1=1.87096108788621  α = 1.0
  8   -21.51806312192       -5.76       -3.71    14.1s
    hm1_norm_ρdiff=0.014998661364363392 hm1_norm_Δρ=7.78058444235795e-5  error_V_h1=1.8711564759804458  α = 1.0
  9   -21.51806336996       -6.61       -3.95    14.7s
    hm1_norm_ρdiff=0.015009869729682565 hm1_norm_Δρ=5.074256861959715e-5  error_V_h1=1.876095090767797  α = 1.0
 10   -21.51806376478       -6.40       -4.21    14.7s
    hm1_norm_ρdiff=0.014985508808668719 hm1_norm_Δρ=2.4145168405382328e-5  error_V_h1=1.8760748866510677  α = 1.0
 11   -21.51806383326       -7.16       -4.38    14.0s
    hm1_norm_ρdiff=0.01498408369455237 hm1_norm_Δρ=1.7465781543604593e-5  error_V_h1=1.8733845568731062  α = 1.0
 12   -21.51806391838       -7.07       -4.70    14.0s
    hm1_norm_ρdiff=0.014995572526348002 hm1_norm_Δρ=6.880533399835147e-6  error_V_h1=1.8739939351739614  α = 1.0
 13   -21.51806394467       -7.58       -4.54    24.0s
    hm1_norm_ρdiff=0.01500284038320901 hm1_norm_Δρ=1.454832474734702e-5  error_V_h1=1.874819918413584  α = 0.503
 14   -21.51806395052       -8.23       -4.71    21.2s
    hm1_norm_ρdiff=0.014985996511763978 hm1_norm_Δρ=1.0064813339699988e-5  error_V_h1=1.8744439972960383  α = 0.521
 15   -21.51806395494       -8.35       -4.79    23.5s
    hm1_norm_ρdiff=0.014997671454472276 hm1_norm_Δρ=8.637556419356254e-6  error_V_h1=1.8748263719003657  α = 0.518
 16   -21.51806395747       -8.60       -5.21    16.1s
    hm1_norm_ρdiff=0.01498983154519505 hm1_norm_Δρ=3.1273662736921943e-6  error_V_h1=1.874443282469353  α = 1.0
 17   -21.51806395969       -8.65       -5.53    13.2s
    hm1_norm_ρdiff=0.014992056117550763 hm1_norm_Δρ=1.2987044501182708e-6  error_V_h1=1.8745673963386105  α = 1.0

#-- |ρε - ρref| = 0.014991366187018603 vs. 3.1622776601683796e-6 = δ*ε  error_V_h1=1.8746405225426102  Qε=0.4986249630475115


# --- ε=0.00017782794100389227

n     Energy            log10(ΔE)   log10(Δρ)   Δtime
---   ---------------   ---------   ---------   ------
  1   -21.50415836708                   -0.97    62.8s
    hm1_norm_ρdiff=0.07599565415370647 hm1_norm_Δρ=0.06655110725439313  error_V_h1=1.3958218355275172  α = 0.0815
  2   -21.50439615479       -3.62       -2.14    26.4s
    hm1_norm_ρdiff=0.0109629847348877 hm1_norm_Δρ=0.0031524290150421997  error_V_h1=1.5096717539832123  α = 0.273
  3   -21.50443309812       -4.43       -2.80    22.8s
    hm1_norm_ρdiff=0.00965788961107493 hm1_norm_Δρ=0.0007003053752950928  error_V_h1=1.541709529867668  α = 0.512
  4   -21.50444786428       -4.83       -2.84    24.7s
    hm1_norm_ρdiff=0.009499512286493317 hm1_norm_Δρ=0.0006605509118516857  error_V_h1=1.5795179934280321  α = 0.534
  5   -21.50446192981       -4.85       -3.26    15.8s
    hm1_norm_ρdiff=0.009196609471786946 hm1_norm_Δρ=0.00019804028594506046  error_V_h1=1.545177664924257  α = 1.0
  6   -21.50446609159       -5.38       -3.56    12.7s
    hm1_norm_ρdiff=0.00922897426368859 hm1_norm_Δρ=0.00011103391529660934  error_V_h1=1.55043904872265  α = 1.0
  7   -21.50446735719       -5.90       -3.84    12.5s
    hm1_norm_ρdiff=0.009288955201687998 hm1_norm_Δρ=5.1938439247527304e-5  error_V_h1=1.5483048573164702  α = 1.0
  8   -21.50446794214       -6.23       -3.99    15.1s
    hm1_norm_ρdiff=0.009281580855361248 hm1_norm_Δρ=3.923472487010149e-5  error_V_h1=1.5502112073229417  α = 1.0
  9   -21.50446831680       -6.43       -4.27    15.2s
    hm1_norm_ρdiff=0.009263996246939146 hm1_norm_Δρ=1.801230569272474e-5  error_V_h1=1.550418778855388  α = 1.0
 10   -21.50446835158       -7.46       -4.44    13.5s
    hm1_norm_ρdiff=0.009270529217437845 hm1_norm_Δρ=1.3524228769913953e-5  error_V_h1=1.5484392217995657  α = 1.0
 11   -21.50446844596       -7.03       -4.64    15.1s
    hm1_norm_ρdiff=0.009277528159365429 hm1_norm_Δρ=8.116257119141875e-6  error_V_h1=1.5492688931037029  α = 1.0
 12   -21.50446846569       -7.70       -4.62    23.0s
    hm1_norm_ρdiff=0.009278619573002862 hm1_norm_Δρ=1.0733656061713943e-5  error_V_h1=1.5501062241358692  α = 0.502
 13   -21.50446846928       -8.45       -4.62    29.3s
    hm1_norm_ρdiff=0.00926066239715793 hm1_norm_Δρ=1.4570590034800056e-5  error_V_h1=1.5493833310041256  α = 0.291
 14   -21.50446847491       -8.25       -4.96    23.9s
    hm1_norm_ρdiff=0.009276725521091513 hm1_norm_Δρ=5.096686494014173e-6  error_V_h1=1.5496302600761518  α = 0.497
 15   -21.50446847761       -8.57       -4.90    24.5s
    hm1_norm_ρdiff=0.009272806320668287 hm1_norm_Δρ=5.024648462793815e-6  error_V_h1=1.5496368042547497  α = 0.52
 16   -21.50446847921       -8.80       -4.99    23.0s
    hm1_norm_ρdiff=0.009273017264528026 hm1_norm_Δρ=4.253695964319707e-6  error_V_h1=1.5494330655831743  α = 0.52
 17   -21.50446847993       -9.14       -5.50    13.9s
    hm1_norm_ρdiff=0.009273397612478732 hm1_norm_Δρ=1.2346091622813003e-6  error_V_h1=1.5497268915442384  α = 1.0
 18   -21.50446848025       -9.50       -5.50    15.0s
    hm1_norm_ρdiff=0.00927298552255762 hm1_norm_Δρ=1.1991315085428736e-6  error_V_h1=1.5497229812383964  α = 1.0

#-- |ρε - ρref| = 0.00927338805381409 vs. 1.7782794100389227e-6 = δ*ε  error_V_h1=1.5494841460897908  Qε=0.5596927830568704


# --- ε=0.0001

n     Energy            log10(ΔE)   log10(Δρ)   Δtime
---   ---------------   ---------   ---------   ------
  1   -21.49204596878                   -0.94    59.2s
    hm1_norm_ρdiff=0.07508332200118518 hm1_norm_Δρ=0.07238670337880547  error_V_h1=2.743794202509448  α = 0.0897
  2   -21.49347772427       -2.84       -1.92    20.1s
    hm1_norm_ρdiff=0.004391445666170536 hm1_norm_Δρ=0.005001114034227563  error_V_h1=2.4193833562182334  α = 0.525
  3   -21.49444296665       -3.02       -1.96    19.7s
    hm1_norm_ρdiff=0.0032951613897438097 hm1_norm_Δρ=0.005630984775236198  error_V_h1=1.7048519222188916  α = 0.536
  4   -21.49467455379       -3.64       -1.90    25.3s
    hm1_norm_ρdiff=0.007386195010436997 hm1_norm_Δρ=0.0059331964642083965  error_V_h1=1.4638301443855393  α = 0.298
  5   -21.49519905441       -3.28       -2.42    12.1s
    hm1_norm_ρdiff=0.006750099616685575 hm1_norm_Δρ=0.0017379759386581693  error_V_h1=1.2216648709743345  α = 1.0
  6   -21.49543233030       -3.63       -2.50    19.5s
    hm1_norm_ρdiff=0.0057155209004101214 hm1_norm_Δρ=0.0011060226793854384  error_V_h1=1.3803584694244302  α = 0.5
  7   -21.49547282604       -4.39       -2.99    12.6s
    hm1_norm_ρdiff=0.0052129981372130655 hm1_norm_Δρ=0.0005282700206691788  error_V_h1=1.2626547811291722  α = 1.0
  8   -21.49549138063       -4.73       -3.03    19.0s
    hm1_norm_ρdiff=0.005673136333107996 hm1_norm_Δρ=0.00034485893023489765  error_V_h1=1.258133633367246  α = 0.509
  9   -21.49549918735       -5.11       -3.27    19.7s
    hm1_norm_ρdiff=0.005767435699099863 hm1_norm_Δρ=0.0002390561260176355  error_V_h1=1.2713342748725773  α = 0.505
 10   -21.49550015375       -6.01       -3.58    23.6s
    hm1_norm_ρdiff=0.005623722268531863 hm1_norm_Δρ=0.00010594405467252774  error_V_h1=1.2773517167970327  α = 0.526
 11   -21.49550037773       -6.65       -4.29    16.3s
    hm1_norm_ρdiff=0.0055479357916356315 hm1_norm_Δρ=1.865859648512203e-5  error_V_h1=1.2772657397966634  α = 1.0
 12   -21.49550043257       -7.26       -4.46    13.7s
    hm1_norm_ρdiff=0.005556764588371117 hm1_norm_Δρ=1.3639284617281538e-5  error_V_h1=1.2750440948228525  α = 1.0
 13   -21.49550048803       -7.26       -4.69    15.3s
    hm1_norm_ρdiff=0.005566848658546147 hm1_norm_Δρ=6.914694046580067e-6  error_V_h1=1.2751479119998574  α = 1.0
 14   -21.49550050219       -7.85       -4.58    23.3s
    hm1_norm_ρdiff=0.005565954668129084 hm1_norm_Δρ=1.0771594897572795e-5  error_V_h1=1.2756496117851988  α = 0.517
 15   -21.49550050598       -8.42       -4.36    29.2s
    hm1_norm_ρdiff=0.005560613805017672 hm1_norm_Δρ=1.7274851892458015e-5  error_V_h1=1.2764816242400832  α = 0.297
 16   -21.49550051491       -8.05       -5.05    13.9s
    hm1_norm_ρdiff=0.005559178027626649 hm1_norm_Δρ=3.058774295506473e-6  error_V_h1=1.2761719247998644  α = 1.0
 17   -21.49550051758       -8.57       -5.17    21.4s
    hm1_norm_ρdiff=0.005559261899323602 hm1_norm_Δρ=2.8199814347234486e-6  error_V_h1=1.2758383931221788  α = 0.499
 18   -21.49550051777       -9.72       -4.88    27.3s
    hm1_norm_ρdiff=0.005561343871095781 hm1_norm_Δρ=5.604567295035756e-6  error_V_h1=1.2757559811967123  α = 0.299
 19   -21.49550051810       -9.48       -5.33    13.5s
    hm1_norm_ρdiff=0.0055610737609204895 hm1_norm_Δρ=1.7562952315836756e-6  error_V_h1=1.276132380041761  α = 1.0
 20   -21.49550051874       -9.20       -5.46    17.8s
    hm1_norm_ρdiff=0.005560509221031334 hm1_norm_Δρ=1.1140664294466817e-6  error_V_h1=1.2759694474048446  α = 1.0
 21   -21.49550051895       -9.68       -5.36    28.6s
    hm1_norm_ρdiff=0.0055589011114640695 hm1_norm_Δρ=2.274199942733817e-6  error_V_h1=1.275867221398295  α = 0.267
 22   -21.49550051910       -9.83       -5.27    29.8s
    hm1_norm_ρdiff=0.005561298089939121 hm1_norm_Δρ=1.7451569192009352e-6  error_V_h1=1.2760035294742422  α = 0.289
 23   -21.49550051916      -10.18       -5.65    23.5s
    hm1_norm_ρdiff=0.005560347550395699 hm1_norm_Δρ=8.824730724418668e-7  error_V_h1=1.2759668323716886  α = 0.527
 24   -21.49550051919      -10.51       -6.01    13.6s
    hm1_norm_ρdiff=0.005560695778675392 hm1_norm_Δρ=3.384257221104424e-7  error_V_h1=1.2759510924865087  α = 1.0

#-- |ρε - ρref| = 0.0055606651744281015 vs. 1.0000000000000002e-6 = δ*ε  error_V_h1=1.2759491777024818  Qε=0.6144885679489703


# --- ε=5.623413251903491e-5

n     Energy            log10(ΔE)   log10(Δρ)   Δtime
---   ---------------   ---------   ---------   ------
  1   -21.48846385815                   -0.92    66.5s
    hm1_norm_ρdiff=0.07819301069911518 hm1_norm_Δρ=0.07630249890921574  error_V_h1=2.2236995945895552  α = 0.0468
  2   -21.48891259508       -3.35       -1.90    38.0s
    hm1_norm_ρdiff=0.005801626852224282 hm1_norm_Δρ=0.005209880993550391  error_V_h1=2.060446739961136  α = 0.151
  3   -21.48935840123       -3.35       -2.19    31.0s
    hm1_norm_ρdiff=0.002380831915233307 hm1_norm_Δρ=0.0029884470053345284  error_V_h1=1.7337047372540824  α = 0.277
  4   -21.48977879325       -3.38       -2.00    34.5s
    hm1_norm_ρdiff=0.0035760806938361467 hm1_norm_Δρ=0.005079201042146081  error_V_h1=1.299293130596562  α = 0.154
  5   -21.48987209789       -4.03       -2.47    27.7s
    hm1_norm_ρdiff=0.002875998633574729 hm1_norm_Δρ=0.001238613888221491  error_V_h1=1.0216083287743678  α = 0.281
  6   -21.48987738665       -5.28       -3.38    19.7s
    hm1_norm_ρdiff=0.003377314882862123 hm1_norm_Δρ=0.0001506410560955319  error_V_h1=1.0193952677399039  α = 0.514
  7   -21.48987864568       -5.90       -3.42    18.0s
    hm1_norm_ρdiff=0.0033515725986166187 hm1_norm_Δρ=0.0001562087721146541  error_V_h1=1.0307636319396942  α = 0.537
  8   -21.48987977814       -5.95       -3.49    22.6s
    hm1_norm_ρdiff=0.003283607787597131 hm1_norm_Δρ=0.00010934031997135739  error_V_h1=1.0444998793660099  α = 0.53
  9   -21.48988031585       -6.27       -3.83    13.3s
    hm1_norm_ρdiff=0.0032431760536620405 hm1_norm_Δρ=4.431228308684784e-5  error_V_h1=1.0454270741173115  α = 1.0
 10   -21.48988065074       -6.48       -3.91    14.1s
    hm1_norm_ρdiff=0.003263252145458677 hm1_norm_Δρ=3.67524443530915e-5  error_V_h1=1.0310150817088797  α = 1.0
 11   -21.48988092561       -6.56       -4.13    19.2s
    hm1_norm_ρdiff=0.0032778608168842482 hm1_norm_Δρ=2.598023243429862e-5  error_V_h1=1.0345574403347926  α = 1.0
 12   -21.48988104248       -6.93       -4.29    14.8s
    hm1_norm_ρdiff=0.0032679348940789755 hm1_norm_Δρ=1.793596761255573e-5  error_V_h1=1.039652651262963  α = 1.0
 13   -21.48988112549       -7.08       -4.42    13.3s
    hm1_norm_ρdiff=0.003261168238245213 hm1_norm_Δρ=1.2984457454417177e-5  error_V_h1=1.0393410842240285  α = 1.0
 14   -21.48988114599       -7.69       -4.08    37.7s
    hm1_norm_ρdiff=0.0032571719923056427 hm1_norm_Δρ=3.479787584270335e-5  error_V_h1=1.0372950053471968  α = 0.154
 15   -21.48988115265       -8.18       -4.26    29.2s
    hm1_norm_ρdiff=0.0032612939679156276 hm1_norm_Δρ=2.257070786197056e-5  error_V_h1=1.0368699507956876  α = 0.299
 16   -21.48988116998       -7.76       -4.28    29.5s
    hm1_norm_ρdiff=0.0032767239519287364 hm1_norm_Δρ=2.0861266899665118e-5  error_V_h1=1.0361235882572413  α = 0.293
 17   -21.48988117543       -8.26       -4.58    29.3s
    hm1_norm_ρdiff=0.0032739705001006117 hm1_norm_Δρ=1.2059818760282344e-5  error_V_h1=1.0359920809937964  α = 0.287
 18   -21.48988118221       -8.17       -4.44    38.4s
    hm1_norm_ρdiff=0.003262294980575919 hm1_norm_Δρ=1.1673445373297215e-5  error_V_h1=1.0358732804812694  α = 0.149
 19   -21.48988118611       -8.41       -4.64    30.3s
    hm1_norm_ρdiff=0.003269043853629558 hm1_norm_Δρ=7.590394393003478e-6  error_V_h1=1.0369824809308097  α = 0.278
 20   -21.48988118750       -8.85       -5.25    22.2s
    hm1_norm_ρdiff=0.003266174882663874 hm1_norm_Δρ=1.9125800701365278e-6  error_V_h1=1.0370087955305431  α = 0.505
 21   -21.48988118824       -9.13       -5.25    20.5s
    hm1_norm_ρdiff=0.0032667736974189045 hm1_norm_Δρ=1.6380376443508836e-6  error_V_h1=1.0368779143178253  α = 0.518
 22   -21.48988118870       -9.34       -5.67    12.9s
    hm1_norm_ρdiff=0.003267189446535183 hm1_norm_Δρ=6.591547501274781e-7  error_V_h1=1.0365421065595077  α = 1.0
 23   -21.48988118884       -9.86       -5.29    24.1s
    hm1_norm_ρdiff=0.0032683444974980847 hm1_norm_Δρ=1.8849657850026049e-6  error_V_h1=1.0367973277736242  α = 0.291
 24   -21.48988118904       -9.70       -5.66    21.5s
    hm1_norm_ρdiff=0.0032673413857386576 hm1_norm_Δρ=6.960773169164988e-7  error_V_h1=1.0368118701766311  α = 0.506
 25   -21.48988118909      -10.28       -5.87    21.3s
    hm1_norm_ρdiff=0.003267259373215835 hm1_norm_Δρ=4.504637312882595e-7  error_V_h1=1.0368105188216503  α = 0.522
 26   -21.48988118910      -10.98       -6.22    14.4s
    hm1_norm_ρdiff=0.0032671594989075728 hm1_norm_Δρ=2.145240137247646e-7  error_V_h1=1.0367982623001255  α = 1.0

#-- |ρε - ρref| = 0.0032671757496648647 vs. 5.62341325190349e-7 = δ*ε  error_V_h1=1.0368492101881555  Qε=0.6633810996448075


# --- ε=3.1622776601683795e-5

n     Energy            log10(ΔE)   log10(Δρ)   Δtime
---   ---------------   ---------   ---------   ------
  1   -21.48600317110                   -0.90    80.0s
    hm1_norm_ρdiff=0.08006573951984489 hm1_norm_Δρ=0.0787179323562336  error_V_h1=1.6113369509400908  α = 0.0232
  2   -21.48616767631       -3.78       -1.86    43.9s
    hm1_norm_ρdiff=0.006197807573280507 hm1_norm_Δρ=0.005713882243091484  error_V_h1=1.5092223931384523  α = 0.0874
  3   -21.48619342258       -4.59       -2.25    36.7s
    hm1_norm_ρdiff=0.002434099464304649 hm1_norm_Δρ=0.002306979943976486  error_V_h1=1.5312465968689066  α = 0.165
  4   -21.48631177556       -3.93       -2.32    39.5s
    hm1_norm_ρdiff=0.0018622808479302302 hm1_norm_Δρ=0.001939979028916008  error_V_h1=1.380830658476964  α = 0.153
  5   -21.48639858212       -4.06       -2.66    21.7s
    hm1_norm_ρdiff=0.0013489460234434067 hm1_norm_Δρ=0.0009643439477006016  error_V_h1=0.9350981255333126  α = 0.536
  6   -21.48643403161       -4.45       -2.90    20.4s
    hm1_norm_ρdiff=0.0021365410764303656 hm1_norm_Δρ=0.0004119179809709551  error_V_h1=0.8126119228348953  α = 0.526
  7   -21.48645561194       -4.67       -2.81    31.6s
    hm1_norm_ρdiff=0.0022736335787711163 hm1_norm_Δρ=0.0006021109657156871  error_V_h1=0.7845680493371142  α = 0.289
  8   -21.48646930135       -4.86       -2.86    29.1s
    hm1_norm_ρdiff=0.002145463020385046 hm1_norm_Δρ=0.00046862305040305504  error_V_h1=0.837986666888401  α = 0.289
  9   -21.48647278577       -5.46       -3.32    26.3s
    hm1_norm_ρdiff=0.0018550524039172578 hm1_norm_Δρ=0.00012596954133166715  error_V_h1=0.8735956053957963  α = 0.529
 10   -21.48647524201       -5.61       -3.56    21.7s
    hm1_norm_ρdiff=0.0018381066340224914 hm1_norm_Δρ=9.035822442508787e-5  error_V_h1=0.8486896009615269  α = 0.52
 11   -21.48647585695       -6.21       -3.74    24.4s
    hm1_norm_ρdiff=0.0018729622200871865 hm1_norm_Δρ=6.526895624953406e-5  error_V_h1=0.8223146477518524  α = 0.533
 12   -21.48647625625       -6.40       -4.06    20.1s
    hm1_norm_ρdiff=0.0019066428505492893 hm1_norm_Δρ=2.893268607842026e-5  error_V_h1=0.8189660192881482  α = 0.512
 13   -21.48647630434       -7.32       -3.85    35.5s
    hm1_norm_ρdiff=0.0019221124876998643 hm1_norm_Δρ=5.9637549726455077e-5  error_V_h1=0.8177167855130213  α = 0.162
 14   -21.48647641521       -6.96       -3.84    38.9s
    hm1_norm_ρdiff=0.0019291540826693978 hm1_norm_Δρ=5.736268779236622e-5  error_V_h1=0.8241391888020951  α = 0.153
 15   -21.48647642241       -8.14       -3.67    47.7s
    hm1_norm_ρdiff=0.0019061277210661819 hm1_norm_Δρ=7.824332123496023e-5  error_V_h1=0.828586923165558  α = 0.0897
 16   -21.48647644961       -7.57       -4.67    22.6s
    hm1_norm_ρdiff=0.0018913177546199637 hm1_norm_Δρ=6.731952733315653e-6  error_V_h1=0.829982065243896  α = 0.5
 17   -21.48647645540       -8.24       -4.06    44.5s
    hm1_norm_ρdiff=0.001905135337226308 hm1_norm_Δρ=3.134525340616317e-5  error_V_h1=0.829071741938161  α = 0.088
 18   -21.48647646118       -8.24       -4.41    41.7s
    hm1_norm_ρdiff=0.0018880151854659376 hm1_norm_Δρ=1.197267358356265e-5  error_V_h1=0.8286118670024828  α = 0.148
 19   -21.48647646354       -8.63       -4.60    34.2s
    hm1_norm_ρdiff=0.0018912464581140773 hm1_norm_Δρ=9.15832074607791e-6  error_V_h1=0.8273968244797235  α = 0.297
 20   -21.48647646748       -8.40       -4.74    28.8s
    hm1_norm_ρdiff=0.001893518894188822 hm1_norm_Δρ=5.707226207113619e-6  error_V_h1=0.8268218533082472  α = 0.284
 21   -21.48647646953       -8.69       -4.99    22.1s
    hm1_norm_ρdiff=0.0018944060265443092 hm1_norm_Δρ=2.7527080367083727e-6  error_V_h1=0.8270278767876938  α = 0.53
 22   -21.48647647047       -9.03       -4.89    31.1s
    hm1_norm_ρdiff=0.0018964500845147524 hm1_norm_Δρ=4.294627678490875e-6  error_V_h1=0.8279104773027274  α = 0.294
 23   -21.48647647195       -8.83       -5.01    31.4s
    hm1_norm_ρdiff=0.001894092843842228 hm1_norm_Δρ=2.696422033453508e-6  error_V_h1=0.8278884092976713  α = 0.267
 24   -21.48647647249       -9.27       -5.42    21.9s
    hm1_norm_ρdiff=0.0018942126234969309 hm1_norm_Δρ=1.1314095874458633e-6  error_V_h1=0.8277028266551623  α = 0.52
 25   -21.48647647269       -9.70       -4.91    46.1s
    hm1_norm_ρdiff=0.0018923201479796642 hm1_norm_Δρ=5.459820464582136e-6  error_V_h1=0.8277090635516186  α = 0.0868
 26   -21.48647647290       -9.68       -5.09    39.9s
    hm1_norm_ρdiff=0.0018947189427803493 hm1_norm_Δρ=2.4167291430236416e-6  error_V_h1=0.8277460610317182  α = 0.154
 27   -21.48647647294      -10.51       -5.21    40.6s
    hm1_norm_ρdiff=0.0018933031640377283 hm1_norm_Δρ=2.5832704854430087e-6  error_V_h1=0.8274635153620832  α = 0.166
 28   -21.48647647300      -10.16       -5.56    23.3s
    hm1_norm_ρdiff=0.0018942852692770582 hm1_norm_Δρ=8.178703000971874e-7  error_V_h1=0.8274217347206729  α = 0.54
 29   -21.48647647302      -10.72       -5.48    39.2s
    hm1_norm_ρdiff=0.0018956708337999379 hm1_norm_Δρ=1.7148654997379059e-6  error_V_h1=0.8275013277647212  α = 0.166
 30   -21.48647647311      -10.05       -5.35    40.6s
    hm1_norm_ρdiff=0.001894131678160889 hm1_norm_Δρ=1.2444597351904226e-6  error_V_h1=0.8275863386472552  α = 0.151
 31   -21.48647647316      -10.35       -5.58    29.6s
    hm1_norm_ρdiff=0.0018942087277855184 hm1_norm_Δρ=8.759251724089687e-7  error_V_h1=0.8275889438907135  α = 0.29
 32   -21.48647647320      -10.36       -5.82    32.2s
    hm1_norm_ρdiff=0.0018942175215680955 hm1_norm_Δρ=4.165437774796337e-7  error_V_h1=0.8276402447618803  α = 0.278
 33   -21.48647647321      -11.00       -5.99    30.6s
    hm1_norm_ρdiff=0.0018942640846303321 hm1_norm_Δρ=2.9890566686291473e-7  error_V_h1=0.8276429654640186  α = 0.283
 34   -21.48647647322      -11.20       -6.23    21.9s
    hm1_norm_ρdiff=0.0018942806617407034 hm1_norm_Δρ=1.808490143072938e-7  error_V_h1=0.8275823287483182  α = 0.531

#-- |ρε - ρref| = 0.0018943135432429306 vs. 3.1622776601683797e-7 = δ*ε  error_V_h1=0.8275851245358088  Qε=0.7117947208094976


# --- ε=1.778279410038923e-5

n     Energy            log10(ΔE)   log10(Δρ)   Δtime
---   ---------------   ---------   ---------   ------
  1   -21.48429589896                   -0.90    82.9s
    hm1_norm_ρdiff=0.08111328710726416 hm1_norm_Δρ=0.08015751748746035  error_V_h1=1.1255114732726725  α = 0.0108
  2   -21.48440254305       -3.97       -1.84    49.4s
    hm1_norm_ρdiff=0.006494572716797652 hm1_norm_Δρ=0.006142120447915254  error_V_h1=0.8304387832430327  α = 0.0463
  3   -21.48442100078       -4.73       -2.22    58.4s
    hm1_norm_ρdiff=0.0027079839828968314 hm1_norm_Δρ=0.0024237408685838166  error_V_h1=0.8031524800676143  α = 0.046
  4   -21.48443122912       -4.99       -2.44    47.4s
    hm1_norm_ρdiff=0.0016305525929420825 hm1_norm_Δρ=0.0013013125549590173  error_V_h1=0.8658381206607976  α = 0.089
  5   -21.48444188871       -4.97       -3.17    21.9s
    hm1_norm_ρdiff=0.0009755686742534106 hm1_norm_Δρ=0.0002037431093073075  error_V_h1=0.8477265854488647  α = 0.532
  6   -21.48445036463       -5.07       -3.12    32.1s
    hm1_norm_ρdiff=0.000992556290725825 hm1_norm_Δρ=0.0002807479316562927  error_V_h1=0.7607752096213938  α = 0.289
  7   -21.48445197284       -5.79       -2.90    39.4s
    hm1_norm_ρdiff=0.0010686470702640856 hm1_norm_Δρ=0.00041772943330302983  error_V_h1=0.6911238532359932  α = 0.166
  8   -21.48445547334       -5.46       -3.23    29.9s
    hm1_norm_ρdiff=0.001112569326638237 hm1_norm_Δρ=0.00015193173447850558  error_V_h1=0.6181960672161096  α = 0.286
  9   -21.48445747344       -5.70       -3.49    30.6s
    hm1_norm_ρdiff=0.0011347199471647815 hm1_norm_Δρ=8.705025183882009e-5  error_V_h1=0.6134302373498183  α = 0.267
 10   -21.48445848331       -6.00       -3.62    31.4s
    hm1_norm_ρdiff=0.001132901697528598 hm1_norm_Δρ=8.059231253794289e-5  error_V_h1=0.6322404536619782  α = 0.284
 11   -21.48445876136       -6.56       -3.85    29.7s
    hm1_norm_ρdiff=0.0011040435396775738 hm1_norm_Δρ=4.692642258039512e-5  error_V_h1=0.6500588704148115  α = 0.288
 12   -21.48445885948       -7.01       -4.15    29.3s
    hm1_norm_ρdiff=0.0010932975894237572 hm1_norm_Δρ=1.957279349997266e-5  error_V_h1=0.6540271796689395  α = 0.275
 13   -21.48445888676       -7.56       -3.30    62.2s
    hm1_norm_ρdiff=0.000995667338793229 hm1_norm_Δρ=0.00021066681105546035  error_V_h1=0.6566322287474109  α = 0.0231
 14   -21.48445890628       -7.71       -4.46    23.5s
    hm1_norm_ρdiff=0.0010842155071522006 hm1_norm_Δρ=1.2011170982581687e-5  error_V_h1=0.6539129957083527  α = 0.538
 15   -21.48445892134       -7.82       -4.03    46.7s
    hm1_norm_ρdiff=0.0010923425187998777 hm1_norm_Δρ=3.0193066710747387e-5  error_V_h1=0.6512284355184949  α = 0.0858
 16   -21.48445892575       -8.36       -4.04    46.9s
    hm1_norm_ρdiff=0.0010919542347232114 hm1_norm_Δρ=3.6024362342217224e-5  error_V_h1=0.650230692702954  α = 0.0895
 17   -21.48445894184       -7.79       -4.16    39.1s
    hm1_norm_ρdiff=0.0010887418611791435 hm1_norm_Δρ=2.0072404348072146e-5  error_V_h1=0.6501339635085394  α = 0.16
 18   -21.48445895287       -7.96       -4.43    37.5s
    hm1_norm_ρdiff=0.0010935765871292343 hm1_norm_Δρ=1.338226216200285e-5  error_V_h1=0.6500998689154365  α = 0.152
 19   -21.48445896198       -8.04       -4.26    39.4s
    hm1_norm_ρdiff=0.0010889491385442298 hm1_norm_Δρ=1.5172029901434654e-5  error_V_h1=0.6487048449414669  α = 0.161
 20   -21.48445896505       -8.51       -4.62    39.0s
    hm1_norm_ρdiff=0.0010866437801395424 hm1_norm_Δρ=6.356843466541054e-6  error_V_h1=0.6490302943118778  α = 0.152
 21   -21.48445896804       -8.52       -4.41    41.7s
    hm1_norm_ρdiff=0.0010957277597289882 hm1_norm_Δρ=1.3196540228388503e-5  error_V_h1=0.6504792232594214  α = 0.0844
 22   -21.48445896843       -9.42       -4.76    30.6s
    hm1_norm_ρdiff=0.0010889994323985785 hm1_norm_Δρ=5.582633497967863e-6  error_V_h1=0.652337335893805  α = 0.301
 23   -21.48445896974       -8.88       -4.80    39.4s
    hm1_norm_ρdiff=0.001084866883712059 hm1_norm_Δρ=5.105319222981052e-6  error_V_h1=0.6513696982331153  α = 0.157
 24   -21.48445897010       -9.44       -4.42    53.4s
    hm1_norm_ρdiff=0.0010837310498416084 hm1_norm_Δρ=1.3135879923809596e-5  error_V_h1=0.651744384869598  α = 0.047
 25   -21.48445897175       -8.78       -4.84    30.6s
    hm1_norm_ρdiff=0.0010877288741261964 hm1_norm_Δρ=4.78728037591292e-6  error_V_h1=0.650637657419798  α = 0.296
 26   -21.48445897191       -9.78       -4.84    38.3s
    hm1_norm_ρdiff=0.0010894854341720439 hm1_norm_Δρ=4.59227010111069e-6  error_V_h1=0.650075183251601  α = 0.165
 27   -21.48445897205       -9.87       -4.67    47.9s
    hm1_norm_ρdiff=0.0010895910928321855 hm1_norm_Δρ=8.700863714141711e-6  error_V_h1=0.6502833627979162  α = 0.0896
 28   -21.48445897291       -9.07       -4.73    47.6s
    hm1_norm_ρdiff=0.0010885447413886572 hm1_norm_Δρ=6.137267326627399e-6  error_V_h1=0.6506791666899783  α = 0.0812
 29   -21.48445897371       -9.09       -5.18    27.4s
    hm1_norm_ρdiff=0.0010884424226331503 hm1_norm_Δρ=1.5358486234206949e-6  error_V_h1=0.650884939356299  α = 0.27
 30   -21.48445897390       -9.74       -5.38    28.9s
    hm1_norm_ρdiff=0.0010884298890794922 hm1_norm_Δρ=1.2681300830245167e-6  error_V_h1=0.6507771760191067  α = 0.292
 31   -21.48445897399      -10.06       -5.30    36.9s
    hm1_norm_ρdiff=0.0010888863747767583 hm1_norm_Δρ=1.754130675654817e-6  error_V_h1=0.6507593593809702  α = 0.163
 32   -21.48445897401      -10.64       -5.38    33.6s
    hm1_norm_ρdiff=0.001087546618766748 hm1_norm_Δρ=1.6410870106868484e-6  error_V_h1=0.6505395068010981  α = 0.165
 33   -21.48445897406      -10.27       -5.24    34.7s
    hm1_norm_ρdiff=0.0010891191287697893 hm1_norm_Δρ=1.5870880074885625e-6  error_V_h1=0.6506731681297895  α = 0.165
 34   -21.48445897410      -10.48       -5.44    40.5s
    hm1_norm_ρdiff=0.0010879514499454956 hm1_norm_Δρ=1.2308196140158473e-6  error_V_h1=0.6506593208243293  α = 0.0822
 35   -21.48445897411      -10.78       -5.14    46.9s
    hm1_norm_ρdiff=0.0010897311026200733 hm1_norm_Δρ=2.706893215059038e-6  error_V_h1=0.6506972477518583  α = 0.0471
 36   -21.48445897420      -10.06       -5.60    27.4s
    hm1_norm_ρdiff=0.0010885595403070396 hm1_norm_Δρ=6.429689784655676e-7  error_V_h1=0.6510192913872145  α = 0.282
 37   -21.48445897422      -10.64       -5.72    33.4s
    hm1_norm_ρdiff=0.001088411762259311 hm1_norm_Δρ=6.132493122013883e-7  error_V_h1=0.6509192253759738  α = 0.152
 38   -21.48445897423      -11.00       -5.59    38.3s
    hm1_norm_ρdiff=0.0010886943689675896 hm1_norm_Δρ=1.0274932972898128e-6  error_V_h1=0.6509137163466494  α = 0.0886
 39   -21.48445897423      -11.66       -5.60    39.9s
    hm1_norm_ρdiff=0.0010886286392791343 hm1_norm_Δρ=8.631472136440683e-7  error_V_h1=0.6508591986052188  α = 0.0896
 40   -21.48445897424      -11.16       -6.01    27.4s
    hm1_norm_ρdiff=0.0010885135294414234 hm1_norm_Δρ=2.5500516115692776e-7  error_V_h1=0.6507823591572679  α = 0.294
 41   -21.48445897424      -11.59       -5.96    33.2s
    hm1_norm_ρdiff=0.00108850481849358 hm1_norm_Δρ=3.6323129814118186e-7  error_V_h1=0.6508174929922892  α = 0.164
 42   -21.48445897425      -11.62       -6.01    32.5s
    hm1_norm_ρdiff=0.0010885853213846689 hm1_norm_Δρ=3.2839226121036533e-7  error_V_h1=0.6508413101308587  α = 0.163
 43   -21.48445897425      -11.58       -5.97    41.7s
    hm1_norm_ρdiff=0.0010882156789059033 hm1_norm_Δρ=4.341008270676822e-7  error_V_h1=0.6508133759358765  α = 0.0851
 44   -21.48445897425      -11.49       -5.91    39.1s
    hm1_norm_ρdiff=0.0010886605779119945 hm1_norm_Δρ=3.5450645315439644e-7  error_V_h1=0.6508305787554077  α = 0.0835
 45   -21.48445897425      -12.07       -6.32    26.2s
    hm1_norm_ρdiff=0.0010885337220853568 hm1_norm_Δρ=1.3298222539407238e-7  error_V_h1=0.650842633261792  α = 0.299
 46   -21.48445897425      -12.62       -5.98    46.2s
    hm1_norm_ρdiff=0.0010887724940470312 hm1_norm_Δρ=4.3817515379112016e-7  error_V_h1=0.6508466202431382  α = 0.0468
 47   -21.48445897425      -11.87       -6.15    31.4s
    hm1_norm_ρdiff=0.001088496826312005 hm1_norm_Δρ=2.0686129097142173e-7  error_V_h1=0.6508642058527352  α = 0.163
 48   -21.48445897426      -11.99       -6.52    28.2s
    hm1_norm_ρdiff=0.0010885450622154004 hm1_norm_Δρ=8.584919938761662e-8  error_V_h1=0.6508620801678231  α = 0.288
 49   -21.48445897426      -12.29       -6.51    33.6s
    hm1_norm_ρdiff=0.0010885285627333942 hm1_norm_Δρ=1.0113700108381951e-7  error_V_h1=0.6508422605300711  α = 0.161

#-- |ρε - ρref| = 0.0010885288067625863 vs. 1.778279410038923e-7 = δ*ε  error_V_h1=0.6508285070639015  Qε=0.7568784365930608


# --- ε=1.0e-5

n     Energy            log10(ΔE)   log10(Δρ)   Δtime
---   ---------------   ---------   ---------   ------
  1   -21.48277102812                   -0.89    73.1s
    hm1_norm_ρdiff=0.08124675974031632 hm1_norm_Δρ=0.08098169706050377  error_V_h1=2.8298267484527835  α = 0.00959
  2   -21.48285546062       -4.07       -1.81    55.3s
    hm1_norm_ρdiff=0.006623014367030512 hm1_norm_Δρ=0.006438423463963626  error_V_h1=2.622230836284593  α = 0.0225
  3   -21.48288562375       -4.52       -2.11    46.0s
    hm1_norm_ρdiff=0.0030357392785307475 hm1_norm_Δρ=0.003040034023034269  error_V_h1=2.562471507609795  α = 0.0464
  4   -21.48290324891       -4.75       -2.14    38.4s
    hm1_norm_ρdiff=0.0025285845086118236 hm1_norm_Δρ=0.002704636188672324  error_V_h1=2.5457373572538677  α = 0.0898
  5   -21.48315641904       -3.60       -2.58    25.8s
    hm1_norm_ρdiff=0.0006452155990272647 hm1_norm_Δρ=0.000988523155901214  error_V_h1=1.5585402778833959  α = 0.279
  6   -21.48319637180       -4.40       -2.40    32.2s
    hm1_norm_ρdiff=0.0011352727269649072 hm1_norm_Δρ=0.0013544535657959505  error_V_h1=1.300905325785102  α = 0.165
  7   -21.48320857827       -4.91       -2.39    35.9s
    hm1_norm_ρdiff=0.0013964732559031449 hm1_norm_Δρ=0.0013798713684488888  error_V_h1=1.1628725589743456  α = 0.0896
  8   -21.48323612035       -4.56       -2.71    33.6s
    hm1_norm_ρdiff=0.0008816980875764088 hm1_norm_Δρ=0.0005149678912332191  error_V_h1=0.8869655057391933  α = 0.152
  9   -21.48325753943       -4.67       -2.95    28.1s
    hm1_norm_ρdiff=0.0008287887923025476 hm1_norm_Δρ=0.0003232744011899535  error_V_h1=0.6543626928585357  α = 0.287
 10   -21.48327435677       -4.77       -2.88    33.1s
    hm1_norm_ρdiff=0.0008998117290192992 hm1_norm_Δρ=0.00040712204631155344  error_V_h1=0.4861175303875962  α = 0.151
 11   -21.48327885823       -5.35       -3.08    34.0s
    hm1_norm_ρdiff=0.0007413146216055195 hm1_norm_Δρ=0.00026782405022126096  error_V_h1=0.5057791903838069  α = 0.159
 12   -21.48327927127       -6.38       -3.38    26.0s
    hm1_norm_ρdiff=0.0006333897799043858 hm1_norm_Δρ=9.575572420776527e-5  error_V_h1=0.5544024858664286  α = 0.3
 13   -21.48328030492       -5.99       -3.69    27.3s
    hm1_norm_ρdiff=0.0006056475351475479 hm1_norm_Δρ=6.707876983528529e-5  error_V_h1=0.5645028819277962  α = 0.284
 14   -21.48328062642       -6.49       -3.12    45.8s
    hm1_norm_ρdiff=0.0005438963382899759 hm1_norm_Δρ=0.0003003799529195928  error_V_h1=0.5510230760214653  α = 0.0466
 15   -21.48328104297       -6.38       -3.24    40.5s
    hm1_norm_ρdiff=0.000586197668218817 hm1_norm_Δρ=0.00016564818629371855  error_V_h1=0.5199613006750162  α = 0.0884
 16   -21.48328120846       -6.78       -3.12    56.3s
    hm1_norm_ρdiff=0.000666869110323699 hm1_norm_Δρ=0.0002983958131250381  error_V_h1=0.5121670835475796  α = 0.023
 17   -21.48328138961       -6.74       -3.51    40.6s
    hm1_norm_ρdiff=0.0006497236918533962 hm1_norm_Δρ=8.356753377730383e-5  error_V_h1=0.511444073505963  α = 0.0856
 18   -21.48328143856       -7.31       -3.25    53.8s
    hm1_norm_ρdiff=0.0005523279339590819 hm1_norm_Δρ=0.0001666405594028117  error_V_h1=0.5115601806933011  α = 0.0232
 19   -21.48328147617       -7.42       -3.90    26.7s
    hm1_norm_ρdiff=0.000629589960825634 hm1_norm_Δρ=3.132351259142263e-5  error_V_h1=0.49451153747938825  α = 0.301
 20   -21.48328152613       -7.30       -3.73    39.8s
    hm1_norm_ρdiff=0.0006374074622831881 hm1_norm_Δρ=5.229290021036198e-5  error_V_h1=0.49414334127373805  α = 0.088
 21   -21.48328153912       -7.89       -3.76    40.5s
    hm1_norm_ρdiff=0.0006100974476147906 hm1_norm_Δρ=5.297620596817513e-5  error_V_h1=0.4967300731818497  α = 0.0898
 22   -21.48328159089       -7.29       -3.58    47.8s
    hm1_norm_ρdiff=0.0006621745196488565 hm1_norm_Δρ=7.519924036063944e-5  error_V_h1=0.5028654724843384  α = 0.0449
 23   -21.48328162042       -7.53       -3.91    34.1s
    hm1_norm_ρdiff=0.0006294025844699591 hm1_norm_Δρ=3.542471434188807e-5  error_V_h1=0.5110557045106876  α = 0.165
 24   -21.48328166275       -7.37       -4.07    33.2s
    hm1_norm_ρdiff=0.0006234936800642245 hm1_norm_Δρ=2.4833462297183425e-5  error_V_h1=0.5143281131739484  α = 0.158
 25   -21.48328167745       -7.83       -4.06    42.9s
    hm1_norm_ρdiff=0.0006139060845972645 hm1_norm_Δρ=2.785212736289113e-5  error_V_h1=0.5124828196311596  α = 0.0874
 26   -21.48328169200       -7.84       -3.65    48.4s
    hm1_norm_ρdiff=0.000611565759522494 hm1_norm_Δρ=6.055063928822647e-5  error_V_h1=0.5113799929504439  α = 0.0468
 27   -21.48328169590       -8.41       -4.09    45.2s
    hm1_norm_ρdiff=0.0006277147733752773 hm1_norm_Δρ=2.9692044581630562e-5  error_V_h1=0.5112393761477109  α = 0.0465
 28   -21.48328169964       -8.43       -4.16    39.3s
    hm1_norm_ρdiff=0.0006293732090291523 hm1_norm_Δρ=2.0209367807577512e-5  error_V_h1=0.5124705133216153  α = 0.0897
 29   -21.48328170477       -8.29       -3.65    54.8s
    hm1_norm_ρdiff=0.0005860460337807116 hm1_norm_Δρ=6.55480081007635e-5  error_V_h1=0.5134072791674994  α = 0.0231
 30   -21.48328170883       -8.39       -4.19    37.6s
    hm1_norm_ρdiff=0.0006238151825133215 hm1_norm_Δρ=1.7002429658846968e-5  error_V_h1=0.5129469453342326  α = 0.166
 31   -21.48328171427       -8.26       -4.53    33.1s
    hm1_norm_ρdiff=0.0006195965740923468 hm1_norm_Δρ=9.12524052074546e-6  error_V_h1=0.508837426146858  α = 0.159
 32   -21.48328171565       -8.86       -4.44    32.6s
    hm1_norm_ρdiff=0.0006186486607857473 hm1_norm_Δρ=1.0441256528900197e-5  error_V_h1=0.5076897051002807  α = 0.166
 33   -21.48328171762       -8.71       -4.17    48.4s
    hm1_norm_ρdiff=0.000631501416980085 hm1_norm_Δρ=1.806078764066872e-5  error_V_h1=0.5080745311429955  α = 0.0465
 34   -21.48328172030       -8.57       -4.42    41.6s
    hm1_norm_ρdiff=0.0006198017499283353 hm1_norm_Δρ=1.184728823455701e-5  error_V_h1=0.5068484613248946  α = 0.0874
 35   -21.48328172351       -8.49       -4.68    34.2s
    hm1_norm_ρdiff=0.0006225127249621794 hm1_norm_Δρ=5.19479580070945e-6  error_V_h1=0.5074993537873804  α = 0.153
 36   -21.48328172475       -8.91       -4.71    39.6s
    hm1_norm_ρdiff=0.0006214053791657244 hm1_norm_Δρ=5.876017280701942e-6  error_V_h1=0.5078510918363384  α = 0.0814
 37   -21.48328172529       -9.27       -4.30    51.3s
    hm1_norm_ρdiff=0.0006221861978343606 hm1_norm_Δρ=1.624587416972584e-5  error_V_h1=0.508115115751214  α = 0.0232
 38   -21.48328172598       -9.16       -5.03    32.7s
    hm1_norm_ρdiff=0.0006225420130306791 hm1_norm_Δρ=2.512287808975801e-6  error_V_h1=0.5088769562596654  α = 0.155
 39   -21.48328172630       -9.49       -4.47    55.7s
    hm1_norm_ρdiff=0.0006229348617802048 hm1_norm_Δρ=1.2807639277029565e-5  error_V_h1=0.5091128836583856  α = 0.023
 40   -21.48328172639      -10.07       -4.46    60.1s
    hm1_norm_ρdiff=0.0006127713135759716 hm1_norm_Δρ=1.2838188844725815e-5  error_V_h1=0.509148273551621  α = 0.0107
 41   -21.48328172651       -9.90       -5.10    34.0s
    hm1_norm_ρdiff=0.000622165697954257 hm1_norm_Δρ=2.295597022023579e-6  error_V_h1=0.5092049716936279  α = 0.165
 42   -21.48328172666       -9.82       -5.33    33.8s
    hm1_norm_ρdiff=0.0006214569631005644 hm1_norm_Δρ=1.1859796053230475e-6  error_V_h1=0.5089838389597668  α = 0.155
 43   -21.48328172673      -10.19       -5.45    33.1s
    hm1_norm_ρdiff=0.0006214518765291908 hm1_norm_Δρ=1.0498152157507216e-6  error_V_h1=0.5092009442630565  α = 0.161
 44   -21.48328172676      -10.42       -5.66    26.9s
    hm1_norm_ρdiff=0.0006214012468739114 hm1_norm_Δρ=6.063560978208115e-7  error_V_h1=0.5091060760397922  α = 0.296
 45   -21.48328172678      -10.79       -5.24    46.5s
    hm1_norm_ρdiff=0.0006223010279885775 hm1_norm_Δρ=1.5638234803292354e-6  error_V_h1=0.5091573500332333  α = 0.0466
 46   -21.48328172679      -11.23       -5.47    33.8s
    hm1_norm_ρdiff=0.0006213966170134763 hm1_norm_Δρ=9.246615926204789e-7  error_V_h1=0.5091461742293593  α = 0.166
 47   -21.48328172681      -10.71       -5.54    40.1s
    hm1_norm_ρdiff=0.0006217577545203887 hm1_norm_Δρ=9.107817565507957e-7  error_V_h1=0.5091686444616146  α = 0.0865
 48   -21.48328172683      -10.62       -5.70    33.6s
    hm1_norm_ρdiff=0.0006215317885116855 hm1_norm_Δρ=5.600557189057698e-7  error_V_h1=0.5089730139435457  α = 0.159
 49   -21.48328172684      -11.13       -5.27    51.8s
    hm1_norm_ρdiff=0.0006216091276271534 hm1_norm_Δρ=1.685756607216063e-6  error_V_h1=0.5089573814373508  α = 0.0225
 50   -21.48328172684      -11.26       -5.62    47.3s
    hm1_norm_ρdiff=0.000621789713251009 hm1_norm_Δρ=9.243451173474113e-7  error_V_h1=0.5089719118188349  α = 0.0459
 51   -21.48328172685      -11.31       -5.50    45.8s
    hm1_norm_ρdiff=0.0006225071605682885 hm1_norm_Δρ=1.259275068307309e-6  error_V_h1=0.509013555171043  α = 0.0467
 52   -21.48328172685      -11.28       -5.34    48.9s
    hm1_norm_ρdiff=0.0006210507076205819 hm1_norm_Δρ=1.2505028714838098e-6  error_V_h1=0.5090225679422695  α = 0.0466
 53   -21.48328172686      -11.08       -5.73    41.0s
    hm1_norm_ρdiff=0.0006217440636759415 hm1_norm_Δρ=5.191662619266593e-7  error_V_h1=0.5090282841748636  α = 0.084
 54   -21.48328172687      -11.32       -6.15    33.5s
    hm1_norm_ρdiff=0.0006216192470802094 hm1_norm_Δρ=1.7810934494019908e-7  error_V_h1=0.5090583450778374  α = 0.15
 55   -21.48328172687      -11.38       -6.12    34.8s
    hm1_norm_ρdiff=0.0006215929768644615 hm1_norm_Δρ=1.6606744001765435e-7  error_V_h1=0.5090927511895667  α = 0.151
 56   -21.48328172687      -12.08       -5.96    47.3s
    hm1_norm_ρdiff=0.0006217262371811139 hm1_norm_Δρ=3.1233152935043816e-7  error_V_h1=0.5090992601938117  α = 0.0451
 57   -21.48328172687      -11.69       -6.00    40.5s
    hm1_norm_ρdiff=0.0006215085399692256 hm1_norm_Δρ=2.6951278480879234e-7  error_V_h1=0.5090946480113794  α = 0.0869
 58   -21.48328172687      -12.13       -6.52    33.4s
    hm1_norm_ρdiff=0.0006216109568277449 hm1_norm_Δρ=7.934096783754935e-8  error_V_h1=0.5090846490089309  α = 0.154
 59   -21.48328172687      -12.21       -6.14    49.2s
    hm1_norm_ρdiff=0.000621555360617581 hm1_norm_Δρ=2.4684942083988047e-7  error_V_h1=0.509064169713027  α = 0.0447
 60   -21.48328172687      -13.55       -6.73    33.2s
    hm1_norm_ρdiff=0.0006215960444926823 hm1_norm_Δρ=6.66660520649823e-8  error_V_h1=0.5090473770371305  α = 0.166
 61   -21.48328172687      -13.05       -6.44    40.4s
    hm1_norm_ρdiff=0.0006216068118746987 hm1_norm_Δρ=1.0215425324420236e-7  error_V_h1=0.509041915801488  α = 0.09
 62   -21.48328172687      -13.09       -6.22    51.2s
    hm1_norm_ρdiff=0.0006218105385728614 hm1_norm_Δρ=2.60240483482585e-7  error_V_h1=0.5090482405840273  α = 0.023
 63   -21.48328172688      -12.57       -6.08    47.5s
    hm1_norm_ρdiff=0.0006215473543706331 hm1_norm_Δρ=2.188529265755647e-7  error_V_h1=0.5090611161814258  α = 0.0466
 64   -21.48328172688      -12.97       -6.70    48.5s
    hm1_norm_ρdiff=0.0006215943114852804 hm1_norm_Δρ=7.839475133870123e-8  error_V_h1=0.5090598847277862  α = 0.0446
 65   -21.48328172688      -13.34       -6.67    32.8s
    hm1_norm_ρdiff=0.0006216225047851125 hm1_norm_Δρ=6.334325503742427e-8  error_V_h1=0.5090611669689499  α = 0.165

#-- |ρε - ρref| = 0.0006216030357862371 vs. 1.0000000000000001e-7 = δ*ε  error_V_h1=0.50906000048546  Qε=0.7948624884414917


# --- ε=5.623413251903491e-6

n     Energy            log10(ΔE)   log10(Δρ)   Δtime
---   ---------------   ---------   ---------   ------
  1   -21.48249011700                   -0.89    81.7s
    hm1_norm_ρdiff=0.08172736732222902 hm1_norm_Δρ=0.08147559996074012  error_V_h1=1.7206410002160544  α = 0.00412
  2   -21.48250610774       -4.80       -1.80    54.1s
    hm1_norm_ρdiff=0.006666886886326376 hm1_norm_Δρ=0.006610549462046338  error_V_h1=1.6507680965873837  α = 0.0221
  3   -21.48251264304       -5.18       -2.12    54.5s
    hm1_norm_ρdiff=0.00298116941726663 hm1_norm_Δρ=0.0029488895422334505  error_V_h1=1.6209832741506112  α = 0.0225
  4   -21.48252418795       -4.94       -2.26    52.9s
    hm1_norm_ρdiff=0.0019966464573915846 hm1_norm_Δρ=0.00196523742831442  error_V_h1=1.5460400095438662  α = 0.0231
  5   -21.48254629744       -4.66       -2.88    33.0s
    hm1_norm_ρdiff=0.0003761361105457937 hm1_norm_Δρ=0.0003702545992029067  error_V_h1=1.3652617467224575  α = 0.154
  6   -21.48255762182       -4.95       -2.81    30.9s
    hm1_norm_ρdiff=0.0004399707688610244 hm1_norm_Δρ=0.0005527109339106732  error_V_h1=1.2403453252189145  α = 0.165
  7   -21.48257163391       -4.85       -2.46    49.8s
    hm1_norm_ρdiff=0.0010829726080404053 hm1_norm_Δρ=0.001192536851951144  error_V_h1=1.0520146493250226  α = 0.0462
  8   -21.48258933089       -4.75       -2.70    40.5s
    hm1_norm_ρdiff=0.0005071999027123739 hm1_norm_Δρ=0.0005597052879574616  error_V_h1=0.7568653039559792  α = 0.0825
  9   -21.48259408397       -5.32       -2.90    39.5s
    hm1_norm_ρdiff=0.0004410794799006369 hm1_norm_Δρ=0.000327301256163594  error_V_h1=0.6437198747533924  α = 0.0854
 10   -21.48259521437       -5.95       -3.15    33.3s
    hm1_norm_ρdiff=0.0004118791562977732 hm1_norm_Δρ=0.00019098258160548306  error_V_h1=0.5681155913813907  α = 0.165
 11   -21.48259769218       -5.61       -3.30    33.0s
    hm1_norm_ρdiff=0.0004150945337193678 hm1_norm_Δρ=0.00014040353338741908  error_V_h1=0.46114018894991227  α = 0.159
 12   -21.48259805362       -6.44       -2.82    58.5s
    hm1_norm_ρdiff=0.0008991785408377957 hm1_norm_Δρ=0.0006543239043149766  error_V_h1=0.45050576531053915  α = 0.0107
 13   -21.48260036437       -5.64       -2.90    47.1s
    hm1_norm_ρdiff=0.000669254773444501 hm1_norm_Δρ=0.00044051974028790937  error_V_h1=0.40271552186527404  α = 0.0458
 14   -21.48260050721       -6.85       -2.58    54.9s
    hm1_norm_ρdiff=0.0011230018234065315 hm1_norm_Δρ=0.0009720107001171581  error_V_h1=0.43275348362037463  α = 0.0216
 15   -21.48260058350       -7.12       -3.25    47.0s
    hm1_norm_ρdiff=0.00040938312742795543 hm1_norm_Δρ=0.00019190538818942334  error_V_h1=0.45277192829787477  α = 0.0463
 16   -21.48260098456       -6.40       -3.48    39.6s
    hm1_norm_ρdiff=0.00034008317959372767 hm1_norm_Δρ=8.780083956892846e-5  error_V_h1=0.45237782211222605  α = 0.0845
 17   -21.48260184270       -6.07       -3.57    32.4s
    hm1_norm_ρdiff=0.00035020801452663144 hm1_norm_Δρ=6.966683762110656e-5  error_V_h1=0.4197616545021956  α = 0.154
 18   -21.48260199516       -6.82       -3.14    56.2s
    hm1_norm_ρdiff=0.0003146563491983079 hm1_norm_Δρ=0.00022329711083042284  error_V_h1=0.4144977923385608  α = 0.0232
 19   -21.48260212427       -6.89       -3.60    38.3s
    hm1_norm_ρdiff=0.0003552391394128447 hm1_norm_Δρ=6.53892962221113e-5  error_V_h1=0.4166747004385667  α = 0.0877
 20   -21.48260220749       -7.08       -3.89    35.5s
    hm1_norm_ρdiff=0.00034876855209789724 hm1_norm_Δρ=3.0178321811387544e-5  error_V_h1=0.4084197420050673  α = 0.163
 21   -21.48260227192       -7.19       -3.65    45.1s
    hm1_norm_ρdiff=0.00032827563596275105 hm1_norm_Δρ=6.166161168428266e-5  error_V_h1=0.4014394304788863  α = 0.0443
 22   -21.48260229455       -7.65       -3.62    46.0s
    hm1_norm_ρdiff=0.0003737096278808324 hm1_norm_Δρ=6.33544900295072e-5  error_V_h1=0.4037047299472224  α = 0.0467
 23   -21.48260230555       -7.96       -4.05    47.8s
    hm1_norm_ρdiff=0.0003410102424870483 hm1_norm_Δρ=2.973259464419409e-5  error_V_h1=0.40373270297208824  α = 0.0455
 24   -21.48260232429       -7.73       -3.36    59.6s
    hm1_norm_ρdiff=0.00040890074506574577 hm1_norm_Δρ=0.00013206746964808055  error_V_h1=0.40259751605140615  α = 0.0107
 25   -21.48260233700       -7.90       -4.24    32.7s
    hm1_norm_ρdiff=0.00035082459336960374 hm1_norm_Δρ=1.4165004949312096e-5  error_V_h1=0.39802489303525235  α = 0.164
 26   -21.48260234277       -8.24       -3.77    53.5s
    hm1_norm_ρdiff=0.0003734101951133557 hm1_norm_Δρ=5.703803284242133e-5  error_V_h1=0.39755997885535144  α = 0.0229
 27   -21.48260234602       -8.49       -4.00    51.7s
    hm1_norm_ρdiff=0.0003636256091600167 hm1_norm_Δρ=3.522117120768652e-5  error_V_h1=0.3975686366077905  α = 0.023
 28   -21.48260235458       -8.07       -4.19    43.0s
    hm1_norm_ρdiff=0.000357332446166412 hm1_norm_Δρ=1.7436878121637806e-5  error_V_h1=0.39952954878471114  α = 0.0884
 29   -21.48260236266       -8.09       -4.27    40.0s
    hm1_norm_ρdiff=0.0003536540945121451 hm1_norm_Δρ=1.3634539558937014e-5  error_V_h1=0.40052698808354653  α = 0.0864
 30   -21.48260236520       -8.59       -4.54    32.8s
    hm1_norm_ρdiff=0.00035430439257678375 hm1_norm_Δρ=7.5332141593339296e-6  error_V_h1=0.40062343171147485  α = 0.165
 31   -21.48260236613       -9.03       -4.23    44.7s
    hm1_norm_ρdiff=0.00034789550561596633 hm1_norm_Δρ=1.7328277718955018e-5  error_V_h1=0.4004824744677864  α = 0.0466
 32   -21.48260236768       -8.81       -4.38    45.1s
    hm1_norm_ρdiff=0.00036095303798086564 hm1_norm_Δρ=1.1574049348202074e-5  error_V_h1=0.401649600798522  α = 0.0458
 33   -21.48260236863       -9.02       -4.20    50.0s
    hm1_norm_ρdiff=0.0003489603347344143 hm1_norm_Δρ=1.6892008338481137e-5  error_V_h1=0.40131882467484253  α = 0.0464
 34   -21.48260236913       -9.30       -4.52    45.1s
    hm1_norm_ρdiff=0.00035755552086166615 hm1_norm_Δρ=9.40873615240576e-6  error_V_h1=0.4009176423110089  α = 0.0465
 35   -21.48260236922      -10.04       -4.02    55.7s
    hm1_norm_ρdiff=0.0003459119418134917 hm1_norm_Δρ=2.9021497237275574e-5  error_V_h1=0.4006075720381861  α = 0.0221
 36   -21.48260237031       -8.96       -4.38    47.1s
    hm1_norm_ρdiff=0.0003551944485419518 hm1_norm_Δρ=1.1596231684870823e-5  error_V_h1=0.4006499307264397  α = 0.0465
 37   -21.48260237055       -9.61       -4.27    52.5s
    hm1_norm_ρdiff=0.0003478420143951437 hm1_norm_Δρ=1.8998921550786958e-5  error_V_h1=0.40017102895543694  α = 0.0225
 38   -21.48260237100       -9.35       -4.69    47.6s
    hm1_norm_ρdiff=0.00035520310315841856 hm1_norm_Δρ=7.219659900643115e-6  error_V_h1=0.3999265436952634  α = 0.0465
 39   -21.48260237191       -9.04       -4.44    38.5s
    hm1_norm_ρdiff=0.0003520068293102539 hm1_norm_Δρ=8.892003395589193e-6  error_V_h1=0.3980162121232093  α = 0.0895
 40   -21.48260237271       -9.10       -4.90    33.2s
    hm1_norm_ρdiff=0.00035389498381154194 hm1_norm_Δρ=2.8886341606760128e-6  error_V_h1=0.3982273016261096  α = 0.162
 41   -21.48260237351       -9.09       -4.53    45.4s
    hm1_norm_ρdiff=0.000353037064489806 hm1_norm_Δρ=7.56188478296319e-6  error_V_h1=0.39875710381307633  α = 0.0451
 42   -21.48260237382       -9.50       -4.53    52.9s
    hm1_norm_ρdiff=0.0003570820530874211 hm1_norm_Δρ=9.747949481837766e-6  error_V_h1=0.39903104416520707  α = 0.023
 43   -21.48260237399       -9.79       -4.79    45.9s
    hm1_norm_ρdiff=0.0003517916815309014 hm1_norm_Δρ=4.599563620107124e-6  error_V_h1=0.39905975165280866  α = 0.046
 44   -21.48260237422       -9.63       -4.54    51.1s
    hm1_norm_ρdiff=0.00035880878425235935 hm1_norm_Δρ=9.41787947871899e-6  error_V_h1=0.39956827196630873  α = 0.023
 45   -21.48260237431      -10.05       -4.72    52.9s
    hm1_norm_ρdiff=0.00035098010931602827 hm1_norm_Δρ=5.835940312715316e-6  error_V_h1=0.3996831954481938  α = 0.023
 46   -21.48260237461       -9.51       -4.11    60.1s
    hm1_norm_ρdiff=0.0003616780395726198 hm1_norm_Δρ=2.601553425906256e-5  error_V_h1=0.39975426895067806  α = 0.0104
 47   -21.48260237477       -9.81       -5.31    33.8s
    hm1_norm_ρdiff=0.00035338738752981155 hm1_norm_Δρ=1.216317118527416e-6  error_V_h1=0.3998694564261322  α = 0.161
 48   -21.48260237488       -9.95       -4.49    59.3s
    hm1_norm_ρdiff=0.00035722923231509807 hm1_norm_Δρ=1.0997409639649043e-5  error_V_h1=0.3999752704256827  α = 0.0106
 49   -21.48260237493      -10.35       -4.69    55.3s
    hm1_norm_ρdiff=0.0003518379388644291 hm1_norm_Δρ=7.46720141037796e-6  error_V_h1=0.40008487899530787  α = 0.0223
 50   -21.48260237520       -9.57       -4.65    44.4s
    hm1_norm_ρdiff=0.00035459449241043536 hm1_norm_Δρ=5.7480750464023885e-6  error_V_h1=0.4004617117299401  α = 0.0463
 51   -21.48260237525      -10.29       -5.21    40.8s
    hm1_norm_ρdiff=0.00035327505594467837 hm1_norm_Δρ=1.4931099785482731e-6  error_V_h1=0.40022708338397295  α = 0.0889
 52   -21.48260237526      -10.85       -5.46    39.8s
    hm1_norm_ρdiff=0.00035355299850059403 hm1_norm_Δρ=8.862025695582431e-7  error_V_h1=0.4001482722191147  α = 0.0879
 53   -21.48260237527      -11.27       -5.28    48.4s
    hm1_norm_ρdiff=0.00035288306840638414 hm1_norm_Δρ=1.8471919047538228e-6  error_V_h1=0.40004875272367324  α = 0.0463
 54   -21.48260237529      -10.60       -5.03    51.0s
    hm1_norm_ρdiff=0.00035459851451701723 hm1_norm_Δρ=2.7960585045046745e-6  error_V_h1=0.4000455253086633  α = 0.0229
 55   -21.48260237531      -10.77       -5.09    52.0s
    hm1_norm_ρdiff=0.0003520661480669047 hm1_norm_Δρ=2.601567177920053e-6  error_V_h1=0.3999245509237073  α = 0.023
 56   -21.48260237532      -11.16       -5.17    55.2s
    hm1_norm_ρdiff=0.0003544099635383872 hm1_norm_Δρ=2.058610682639417e-6  error_V_h1=0.39990005569816595  α = 0.0229
 57   -21.48260237534      -10.67       -4.71    56.9s
    hm1_norm_ρdiff=0.0003517604828994369 hm1_norm_Δρ=7.258448970620339e-6  error_V_h1=0.39991084818463907  α = 0.0103
 58   -21.48260237536      -10.59       -5.58    39.0s
    hm1_norm_ρdiff=0.0003534997804306395 hm1_norm_Δρ=6.358646688158086e-7  error_V_h1=0.39990020180018604  α = 0.0849
 59   -21.48260237537      -11.36       -5.31    52.9s
    hm1_norm_ρdiff=0.0003529889638611351 hm1_norm_Δρ=1.6617749189885533e-6  error_V_h1=0.3998805661052731  α = 0.023
 60   -21.48260237537      -11.32       -4.91    51.5s
    hm1_norm_ρdiff=0.0003547817986639399 hm1_norm_Δρ=4.562178029511112e-6  error_V_h1=0.399878655733345  α = 0.0216
 61   -21.48260237539      -10.79       -5.23    45.4s
    hm1_norm_ρdiff=0.00035324660078189877 hm1_norm_Δρ=1.5242326013067504e-6  error_V_h1=0.399863204076233  α = 0.0461
 62   -21.48260237540      -10.86       -5.67    40.9s
    hm1_norm_ρdiff=0.0003534949053118009 hm1_norm_Δρ=5.231386625646211e-7  error_V_h1=0.39995682016569445  α = 0.0851
 63   -21.48260237541      -11.32       -5.62    45.6s
    hm1_norm_ρdiff=0.0003533291513217351 hm1_norm_Δρ=6.2684752871252e-7  error_V_h1=0.39995967219208234  α = 0.0449
 64   -21.48260237541      -11.22       -5.24    55.0s
    hm1_norm_ρdiff=0.00035405581215437835 hm1_norm_Δρ=1.9779538716929183e-6  error_V_h1=0.4000127498918512  α = 0.0229
 65   -21.48260237542      -11.78       -5.92    38.9s
    hm1_norm_ρdiff=0.00035329344530744724 hm1_norm_Δρ=3.816277596289645e-7  error_V_h1=0.40001935950175893  α = 0.0887
 66   -21.48260237542      -11.35       -5.32    51.6s
    hm1_norm_ρdiff=0.0003542391423106062 hm1_norm_Δρ=1.5080370809667338e-6  error_V_h1=0.40008674031759445  α = 0.023
 67   -21.48260237542      -11.66       -5.45    53.5s
    hm1_norm_ρdiff=0.0003529080082507311 hm1_norm_Δρ=1.1543094861901329e-6  error_V_h1=0.40008685465981747  α = 0.0228
 68   -21.48260237543      -11.38       -5.12    60.2s
    hm1_norm_ρdiff=0.0003541114470462702 hm1_norm_Δρ=3.2027301967754588e-6  error_V_h1=0.40006677479656505  α = 0.0103
 69   -21.48260237544      -10.98       -6.26    20.2s
    hm1_norm_ρdiff=0.0003534304553651386 hm1_norm_Δρ=1.419259681889068e-7  error_V_h1=0.3999422497140664  α = 0.536
 70   -21.48260237544      -11.43       -6.04    34.2s
    hm1_norm_ρdiff=0.00035348163870172866 hm1_norm_Δρ=2.2487889970670123e-7  error_V_h1=0.39997419557725217  α = 0.161
 71   -21.48260237544      -11.88       -5.47    51.7s
    hm1_norm_ρdiff=0.0003532534344459589 hm1_norm_Δρ=1.052713742376615e-6  error_V_h1=0.39995255795713686  α = 0.0234
 72   -21.48260237544      -12.26       -5.93    40.8s
    hm1_norm_ρdiff=0.00035353245621344873 hm1_norm_Δρ=4.1075265741479764e-7  error_V_h1=0.3999345249795449  α = 0.0888
 73   -21.48260237545      -11.51       -5.71    49.4s
    hm1_norm_ρdiff=0.0003533259152746761 hm1_norm_Δρ=4.449182287604271e-7  error_V_h1=0.39994152325369026  α = 0.0444
 74   -21.48260237545      -11.84       -5.98    32.1s
    hm1_norm_ρdiff=0.0003534824015287891 hm1_norm_Δρ=2.327769867192902e-7  error_V_h1=0.40000516911973855  α = 0.166
 75   -21.48260237545      -11.75       -5.63    51.6s
    hm1_norm_ρdiff=0.0003537562936665565 hm1_norm_Δρ=8.289609065845382e-7  error_V_h1=0.4000266196022686  α = 0.0231
 76   -21.48260237545      -11.99       -6.03    40.1s
    hm1_norm_ρdiff=0.00035335714623097476 hm1_norm_Δρ=2.5176095485010926e-7  error_V_h1=0.40001577929630533  α = 0.089
 77   -21.48260237545      -12.10       -5.54    55.1s
    hm1_norm_ρdiff=0.0003539385756311113 hm1_norm_Δρ=8.74923316639799e-7  error_V_h1=0.4000365801592437  α = 0.0226
 78   -21.48260237545      -12.02       -6.33    34.3s
    hm1_norm_ρdiff=0.0003533941990889387 hm1_norm_Δρ=1.4368023279162243e-7  error_V_h1=0.4000129764511367  α = 0.166
 79   -21.48260237545      -11.88       -5.28    58.8s
    hm1_norm_ρdiff=0.00035401090676848786 hm1_norm_Δρ=1.9664018739981037e-6  error_V_h1=0.3999890380577118  α = 0.0101
 80   -21.48260237545      -11.75       -6.11    39.2s
    hm1_norm_ρdiff=0.0003535066090245235 hm1_norm_Δρ=2.2365948666878433e-7  error_V_h1=0.3999865756410026  α = 0.0861
 81   -21.48260237546      -12.07       -6.21    38.7s
    hm1_norm_ρdiff=0.0003534011834616002 hm1_norm_Δρ=2.1330245800745043e-7  error_V_h1=0.3999714223305847  α = 0.0886
 82   -21.48260237546      -12.03       -6.13    39.1s
    hm1_norm_ρdiff=0.00035344485729684453 hm1_norm_Δρ=1.7625078495294454e-7  error_V_h1=0.3999554344133282  α = 0.0871
 83   -21.48260237546      -12.29       -6.24    45.7s
    hm1_norm_ρdiff=0.00035348208919324753 hm1_norm_Δρ=1.977303646628096e-7  error_V_h1=0.39995749169841427  α = 0.0456
 84   -21.48260237546      -12.54       -5.95    55.1s
    hm1_norm_ρdiff=0.0003533656748821964 hm1_norm_Δρ=2.75772553915369e-7  error_V_h1=0.39995553408039763  α = 0.0234
 85   -21.48260237546      -12.74       -6.43    31.5s
    hm1_norm_ρdiff=0.00035346006164583004 hm1_norm_Δρ=9.358695354002462e-8  error_V_h1=0.4000035937379402  α = 0.166
 86   -21.48260237546      -12.73       -6.42    32.3s
    hm1_norm_ρdiff=0.00035342372779386755 hm1_norm_Δρ=1.0567776719233097e-7  error_V_h1=0.3999989458171391  α = 0.166
 87   -21.48260237546      -12.36       -6.30    46.1s
    hm1_norm_ρdiff=0.00035348978043648385 hm1_norm_Δρ=1.6186899395778196e-7  error_V_h1=0.40001014644496796  α = 0.0454
 88   -21.48260237546      -12.86       -5.98    59.8s
    hm1_norm_ρdiff=0.0003531979038057251 hm1_norm_Δρ=3.5653059167501697e-7  error_V_h1=0.4000071845323714  α = 0.0104
 89   -21.48260237546      -13.11       -6.19    53.1s
    hm1_norm_ρdiff=0.00035352426395789154 hm1_norm_Δρ=1.9214783706522506e-7  error_V_h1=0.40001300970561904  α = 0.023
 90   -21.48260237546      -12.88       -6.01    58.7s
    hm1_norm_ρdiff=0.0003533643162471977 hm1_norm_Δρ=3.2503068657746513e-7  error_V_h1=0.4000157771466371  α = 0.0104
 91   -21.48260237546      -12.40       -6.44    39.8s
    hm1_norm_ρdiff=0.0003534405727019451 hm1_norm_Δρ=9.58693346216234e-8  error_V_h1=0.4000221560656379  α = 0.0866
 92   -21.48260237546      -13.37       -6.36    53.2s
    hm1_norm_ρdiff=0.0003534982679841866 hm1_norm_Δρ=1.5595025577633478e-7  error_V_h1=0.4000213337373749  α = 0.0226
 93   -21.48260237546      -12.47       -6.47    39.7s
    hm1_norm_ρdiff=0.00035344720774198844 hm1_norm_Δρ=7.476353756263927e-8  error_V_h1=0.4000060274876345  α = 0.0846
 94   -21.48260237546      -13.15       -6.65    45.7s
    hm1_norm_ρdiff=0.00035343675336418543 hm1_norm_Δρ=6.604644488821715e-8  error_V_h1=0.4000004732174741  α = 0.0446
 95   -21.48260237546      -13.50       -6.50    54.3s
    hm1_norm_ρdiff=0.00035346926131059987 hm1_norm_Δρ=1.0039512872824635e-7  error_V_h1=0.3999959702306477  α = 0.0232
 96   -21.48260237546      -13.30       -6.67    48.9s
    hm1_norm_ρdiff=0.0003534347035391949 hm1_norm_Δρ=5.1501458868810336e-8  error_V_h1=0.3999890079669822  α = 0.0457
 97   -21.48260237546      -13.60       -6.67    45.9s
    hm1_norm_ρdiff=0.0003534714515732183 hm1_norm_Δρ=6.682824504374188e-8  error_V_h1=0.39999641352996984  α = 0.0464
 98   -21.48260237546      -13.60       -7.32    40.7s
    hm1_norm_ρdiff=0.0003534430989685982 hm1_norm_Δρ=1.7841264341875003e-8  error_V_h1=0.39999431794092283  α = 0.0898
 99   -21.48260237546   +    -Inf       -7.27    38.5s
    hm1_norm_ρdiff=0.00035343990621614725 hm1_norm_Δρ=1.4356868435793588e-8  error_V_h1=0.3999943579527348  α = 0.0828

#-- |ρε - ρref| = 0.00035344708103324934 vs. 5.623413251903491e-8 = δ*ε  error_V_h1=0.3999957303646749  Qε=0.8239504087404551


# --- ε=3.162277660168379e-6

n     Energy            log10(ΔE)   log10(Δρ)   Δtime
---   ---------------   ---------   ---------   ------
  1   -21.48216852122                   -0.89    80.0s
    hm1_norm_ρdiff=0.08195229675091736 hm1_norm_Δρ=0.08175716934277287  error_V_h1=1.432245114407999  α = 0.00166
  2   -21.48219249328       -4.62       -1.80    60.0s
    hm1_norm_ρdiff=0.006771607455498451 hm1_norm_Δρ=0.006719256334317578  error_V_h1=0.980629254497635  α = 0.0101
  3   -21.48219855403       -5.22       -2.10    62.6s
    hm1_norm_ρdiff=0.0030876393599829034 hm1_norm_Δρ=0.0030537903284656273  error_V_h1=0.8410752366207513  α = 0.0103
  4   -21.48220376341       -5.28       -2.26    59.5s
    hm1_norm_ρdiff=0.0020014695902100866 hm1_norm_Δρ=0.0019641431341336146  error_V_h1=0.7057641521370187  α = 0.0107
  5   -21.48220656892       -5.55       -2.90    46.5s
    hm1_norm_ρdiff=0.0003948283098544641 hm1_norm_Δρ=0.0003224210463328633  error_V_h1=0.6384935692325167  α = 0.045
  6   -21.48220761694       -5.98       -3.10    45.6s
    hm1_norm_ρdiff=0.00031722296368313663 hm1_norm_Δρ=0.00023967049382293956  error_V_h1=0.6210493070369889  α = 0.0462
  7   -21.48220836130       -6.13       -2.91    50.4s
    hm1_norm_ρdiff=0.00040386044213123925 hm1_norm_Δρ=0.0003458971607724014  error_V_h1=0.6049063915080801  α = 0.0231
  8   -21.48220997640       -5.79       -3.30    39.4s
    hm1_norm_ρdiff=0.00023626243201591417 hm1_norm_Δρ=0.00012320391456199014  error_V_h1=0.5581480573019717  α = 0.0813
  9   -21.48221120890       -5.91       -3.25    38.4s
    hm1_norm_ρdiff=0.0002492755526505177 hm1_norm_Δρ=0.0001580588625294086  error_V_h1=0.509144392476455  α = 0.0881
 10   -21.48221192464       -6.15       -3.29    39.1s
    hm1_norm_ρdiff=0.00024486671920910075 hm1_norm_Δρ=0.00015188895022803578  error_V_h1=0.45894898404213025  α = 0.089
 11   -21.48221252014       -6.23       -3.35    39.4s
    hm1_norm_ρdiff=0.00022874818386195612 hm1_norm_Δρ=0.00012324553003679718  error_V_h1=0.39845969046279206  α = 0.0886
 12   -21.48221261422       -7.03       -3.44    52.6s
    hm1_norm_ρdiff=0.0003153161219400754 hm1_norm_Δρ=0.0001313277542873529  error_V_h1=0.3919177679713462  α = 0.023
 13   -21.48221291728       -6.52       -2.61    60.2s
    hm1_norm_ρdiff=0.0005121306201975018 hm1_norm_Δρ=0.0006016194976470407  error_V_h1=0.34740284325420295  α = 0.0104
 14   -21.48221293909       -7.66       -3.12    60.6s
    hm1_norm_ρdiff=0.00032129434679563547 hm1_norm_Δρ=0.0002763460368921678  error_V_h1=0.34049883815583215  α = 0.00982
 15   -21.48221297583       -7.43       -3.50    44.7s
    hm1_norm_ρdiff=0.00021365244207205715 hm1_norm_Δρ=8.459212119655125e-5  error_V_h1=0.3241314326506117  α = 0.0466
 16   -21.48221300114       -7.60       -3.52    40.4s
    hm1_norm_ρdiff=0.0002259329050498568 hm1_norm_Δρ=8.569319868114248e-5  error_V_h1=0.323460467910346  α = 0.0463
 17   -21.48221311255       -6.95       -3.53    47.3s
    hm1_norm_ρdiff=0.00022252638339156846 hm1_norm_Δρ=8.626849047781133e-5  error_V_h1=0.3039863388591193  α = 0.0464
 18   -21.48221318556       -7.14       -3.49    54.5s
    hm1_norm_ρdiff=0.00023187158738721127 hm1_norm_Δρ=0.00010897173372159082  error_V_h1=0.2949579915628438  α = 0.023
 19   -21.48221330887       -6.91       -3.57    41.1s
    hm1_norm_ρdiff=0.0002133282502509058 hm1_norm_Δρ=5.3859854827856436e-5  error_V_h1=0.31099710743065356  α = 0.0888
 20   -21.48221334161       -7.48       -3.38    56.0s
    hm1_norm_ρdiff=0.000240129292344451 hm1_norm_Δρ=0.00011811001462136932  error_V_h1=0.30909002060104906  α = 0.0227
 21   -21.48221337717       -7.45       -3.68    46.4s
    hm1_norm_ρdiff=0.00021107276400497113 hm1_norm_Δρ=5.868242291824463e-5  error_V_h1=0.318431067870886  α = 0.0466
 22   -21.48221342183       -7.35       -3.78    48.7s
    hm1_norm_ρdiff=0.00020573706934675932 hm1_norm_Δρ=3.847394817729571e-5  error_V_h1=0.32605746344232667  α = 0.0444
 23   -21.48221342473       -8.54       -3.46    66.5s
    hm1_norm_ρdiff=0.00011740950973263063 hm1_norm_Δρ=0.0001267858282058307  error_V_h1=0.32654920640095186  α = 0.00423
 24   -21.48221343498       -7.99       -3.42    58.8s
    hm1_norm_ρdiff=0.00025956421721503133 hm1_norm_Δρ=9.06623178822216e-5  error_V_h1=0.330743843834102  α = 0.0106
 25   -21.48221343717       -8.66       -3.45    62.0s
    hm1_norm_ρdiff=0.00024342560754240538 hm1_norm_Δρ=0.00012647374035906653  error_V_h1=0.33249701356818673  α = 0.0094
 26   -21.48221344949       -7.91       -3.51    52.9s
    hm1_norm_ρdiff=0.00021266751119242573 hm1_norm_Δρ=8.072216017359356e-5  error_V_h1=0.3356713486764451  α = 0.0227
 27   -21.48221346153       -7.92       -3.50    54.5s
    hm1_norm_ρdiff=0.00020711626000951094 hm1_norm_Δρ=9.556152828102862e-5  error_V_h1=0.33144937733036756  α = 0.0223
 28   -21.48221346730       -8.24       -3.77    52.6s
    hm1_norm_ρdiff=0.00020124065566600054 hm1_norm_Δρ=5.04438073517253e-5  error_V_h1=0.3320788443971081  α = 0.0228
 29   -21.48221347298       -8.25       -4.28    43.7s
    hm1_norm_ρdiff=0.00020038437958902697 hm1_norm_Δρ=1.6238596310441058e-5  error_V_h1=0.33128365957390615  α = 0.0456
 30   -21.48221350386       -7.51       -3.75    45.3s
    hm1_norm_ρdiff=0.00020055854927403003 hm1_norm_Δρ=3.731530430371076e-5  error_V_h1=0.31954211017574374  α = 0.046
 31   -21.48221350486       -9.00       -3.79    52.0s
    hm1_norm_ρdiff=0.00020182892252452084 hm1_norm_Δρ=5.383704121243464e-5  error_V_h1=0.31880243203867126  α = 0.0217
 32   -21.48221350724       -8.62       -4.07    45.7s
    hm1_norm_ρdiff=0.00020171610360277757 hm1_norm_Δρ=2.306077248562725e-5  error_V_h1=0.31498612725578623  α = 0.0464
 33   -21.48221351157       -8.36       -4.69    32.0s
    hm1_norm_ρdiff=0.000201656945071262 hm1_norm_Δρ=5.431275944979306e-6  error_V_h1=0.31574137760055393  α = 0.161
 34   -21.48221351297       -8.85       -4.19    54.0s
    hm1_norm_ρdiff=0.00021916635379460036 hm1_norm_Δρ=2.27137418343481e-5  error_V_h1=0.3154304322466705  α = 0.0227
 35   -21.48221351505       -8.68       -3.47    59.2s
    hm1_norm_ρdiff=0.0001716326370513508 hm1_norm_Δρ=8.756547427145989e-5  error_V_h1=0.31281790969308015  α = 0.0097
 36   -21.48221351583       -9.10       -3.74    59.0s
    hm1_norm_ρdiff=0.00020680606730480807 hm1_norm_Δρ=6.38859907540096e-5  error_V_h1=0.3123904893266243  α = 0.00955
 37   -21.48221351783       -8.70       -3.95    54.7s
    hm1_norm_ρdiff=0.00020533818900900558 hm1_norm_Δρ=3.0243898136361847e-5  error_V_h1=0.3123707457885176  α = 0.0228
 38   -21.48221351949       -8.78       -3.96    53.6s
    hm1_norm_ρdiff=0.00020774665153170914 hm1_norm_Δρ=3.215304393686528e-5  error_V_h1=0.3144474636311917  α = 0.0225
 39   -21.48221352044       -9.02       -4.30    54.7s
    hm1_norm_ρdiff=0.00020305686274233565 hm1_norm_Δρ=1.4433525653496932e-5  error_V_h1=0.3147133473523621  α = 0.0231
 40   -21.48221352178       -8.87       -4.55    46.8s
    hm1_norm_ρdiff=0.00020120115631097022 hm1_norm_Δρ=8.17508717827625e-6  error_V_h1=0.31565407056024686  α = 0.046
 41   -21.48221352415       -8.62       -4.18    43.9s
    hm1_norm_ρdiff=0.00020189682064511834 hm1_norm_Δρ=1.4855775305905421e-5  error_V_h1=0.31824125897723526  α = 0.0467
 42   -21.48221352504       -9.05       -4.32    53.7s
    hm1_norm_ρdiff=0.00020200868769197487 hm1_norm_Δρ=1.3116376998419846e-5  error_V_h1=0.3180343832444748  α = 0.023
 43   -21.48221352632       -8.89       -4.47    47.9s
    hm1_norm_ρdiff=0.0002002547727909179 hm1_norm_Δρ=9.418308004686411e-6  error_V_h1=0.31799473091076697  α = 0.0465
 44   -21.48221352670       -9.42       -4.40    44.9s
    hm1_norm_ρdiff=0.00019916269800663615 hm1_norm_Δρ=1.0563390219416613e-5  error_V_h1=0.3170389144903315  α = 0.0463
 45   -21.48221352696       -9.58       -3.90    67.1s
    hm1_norm_ρdiff=0.00016498714932529213 hm1_norm_Δρ=4.610983697958639e-5  error_V_h1=0.3170306202158082  α = 0.00404
 46   -21.48221352717       -9.69       -3.87    59.2s
    hm1_norm_ρdiff=0.0002218985091221387 hm1_norm_Δρ=3.87112279212448e-5  error_V_h1=0.3175160270846777  α = 0.00933
 47   -21.48221352725      -10.09       -4.16    61.6s
    hm1_norm_ρdiff=0.00020288026599352957 hm1_norm_Δρ=2.3402178788921758e-5  error_V_h1=0.3174965429854879  α = 0.00942
 48   -21.48221352751       -9.59       -4.29    52.8s
    hm1_norm_ρdiff=0.0001998165789037736 hm1_norm_Δρ=1.3520883757663819e-5  error_V_h1=0.3171931177232282  α = 0.0225
 49   -21.48221352777       -9.58       -4.30    51.0s
    hm1_norm_ρdiff=0.0001990898422115508 hm1_norm_Δρ=1.397519164768539e-5  error_V_h1=0.316238552264164  α = 0.0224
 50   -21.48221352784      -10.17       -5.02    37.2s
    hm1_norm_ρdiff=0.00020034097221062068 hm1_norm_Δρ=2.6399993624332266e-6  error_V_h1=0.3161722092986835  α = 0.0895
 51   -21.48221352844       -9.22       -4.70    46.3s
    hm1_norm_ρdiff=0.00020093916423016825 hm1_norm_Δρ=5.452866099669599e-6  error_V_h1=0.3161720495922885  α = 0.0458
 52   -21.48221352922       -9.11       -4.25    52.9s
    hm1_norm_ρdiff=0.00020255032293945859 hm1_norm_Δρ=1.5308410054219105e-5  error_V_h1=0.3164078459293344  α = 0.023
 53   -21.48221352958       -9.43       -4.94    40.1s
    hm1_norm_ρdiff=0.000200465032543284 hm1_norm_Δρ=2.5718484506635087e-6  error_V_h1=0.3166055348683472  α = 0.0869
 54   -21.48221352976       -9.75       -4.79    46.0s
    hm1_norm_ρdiff=0.0002018108419296038 hm1_norm_Δρ=5.448974369753159e-6  error_V_h1=0.31715255594522557  α = 0.0463
 55   -21.48221352981      -10.31       -4.87    39.0s
    hm1_norm_ρdiff=0.00020104523904344808 hm1_norm_Δρ=3.4121572817310924e-6  error_V_h1=0.3178388919986999  α = 0.0897
 56   -21.48221352987      -10.21       -4.42    68.3s
    hm1_norm_ρdiff=0.0001881886575548488 hm1_norm_Δρ=1.5176494530811678e-5  error_V_h1=0.3178307068059738  α = 0.0045
 57   -21.48221352997      -10.01       -4.81    45.9s
    hm1_norm_ρdiff=0.00020045802164237982 hm1_norm_Δρ=3.818119213533728e-6  error_V_h1=0.31788744218017567  α = 0.0463
 58   -21.48221353004      -10.20       -4.63    60.4s
    hm1_norm_ρdiff=0.00019965047595726633 hm1_norm_Δρ=7.750952826460827e-6  error_V_h1=0.3177658793174468  α = 0.0105
 59   -21.48221353013      -10.05       -5.09    41.5s
    hm1_norm_ρdiff=0.0002006291027807872 hm1_norm_Δρ=2.133102167900479e-6  error_V_h1=0.3173172478899454  α = 0.0888
 60   -21.48221353021      -10.05       -4.77    52.6s
    hm1_norm_ρdiff=0.00020084151450708906 hm1_norm_Δρ=5.1529368342006696e-6  error_V_h1=0.31720757998282534  α = 0.023
 61   -21.48221353023      -10.69       -4.56    52.5s
    hm1_norm_ρdiff=0.00019919833495152145 hm1_norm_Δρ=8.037281834296866e-6  error_V_h1=0.3168359665323326  α = 0.022
 62   -21.48221353028      -10.32       -4.84    47.5s
    hm1_norm_ρdiff=0.0002020974621986616 hm1_norm_Δρ=4.4463660070526655e-6  error_V_h1=0.3167984824340934  α = 0.0224
 63   -21.48221353043       -9.83       -4.94    46.2s
    hm1_norm_ρdiff=0.0001997275921587446 hm1_norm_Δρ=2.748273668372139e-6  error_V_h1=0.3162945597394625  α = 0.046
 64   -21.48221353052      -10.05       -4.99    45.8s
    hm1_norm_ρdiff=0.00020053352304157186 hm1_norm_Δρ=2.286102459737102e-6  error_V_h1=0.3161219863443281  α = 0.0463
 65   -21.48221353057      -10.33       -4.93    51.5s
    hm1_norm_ρdiff=0.00020036050563337332 hm1_norm_Δρ=3.4016883756801025e-6  error_V_h1=0.3161236186358741  α = 0.023
 66   -21.48221353064      -10.11       -5.01    44.4s
    hm1_norm_ρdiff=0.00019945304507448252 hm1_norm_Δρ=2.5772793441193193e-6  error_V_h1=0.31602027049542064  α = 0.0464
 67   -21.48221353065      -11.04       -4.58    68.6s
    hm1_norm_ρdiff=0.00019429687505809768 hm1_norm_Δρ=8.808463492563475e-6  error_V_h1=0.3160074974039684  α = 0.00432
 68   -21.48221353069      -10.44       -4.90    52.3s
    hm1_norm_ρdiff=0.00020109347721569917 hm1_norm_Δρ=3.4621929272898677e-6  error_V_h1=0.31609877940709197  α = 0.0228
 69   -21.48221353070      -11.02       -5.45    53.2s
    hm1_norm_ρdiff=0.00020073812512583493 hm1_norm_Δρ=1.104094031921858e-6  error_V_h1=0.316185801835305  α = 0.0229
 70   -21.48221353075      -10.26       -4.60    58.0s
    hm1_norm_ρdiff=0.00020011088394420067 hm1_norm_Δρ=7.4123635668793106e-6  error_V_h1=0.3164300765144344  α = 0.0104
 71   -21.48221353077      -10.93       -5.04    62.8s
    hm1_norm_ρdiff=0.00020016474798354534 hm1_norm_Δρ=2.754265703377526e-6  error_V_h1=0.3164705808346432  α = 0.0102
 72   -21.48221353080      -10.42       -4.65    62.2s
    hm1_norm_ρdiff=0.00020209870452627331 hm1_norm_Δρ=6.621333137245203e-6  error_V_h1=0.3166262915907878  α = 0.0105
 73   -21.48221353081      -11.65       -5.28    59.8s
    hm1_norm_ρdiff=0.00019991815912987 hm1_norm_Δρ=1.6906617961786196e-6  error_V_h1=0.3166322326768294  α = 0.0103
 74   -21.48221353081      -11.05       -5.34    53.5s
    hm1_norm_ρdiff=0.0002009688443875223 hm1_norm_Δρ=1.146621930765691e-6  error_V_h1=0.31673192939558575  α = 0.0229
 75   -21.48221353082      -11.45       -5.34    47.8s
    hm1_norm_ρdiff=0.00020056548166247283 hm1_norm_Δρ=1.0226892447541364e-6  error_V_h1=0.3168022895327116  α = 0.0465
 76   -21.48221353082      -11.31       -5.31    52.3s
    hm1_norm_ρdiff=0.000200723113196596 hm1_norm_Δρ=1.3941653585537584e-6  error_V_h1=0.3168058549293024  α = 0.0227
 77   -21.48221353084      -10.86       -5.18    54.9s
    hm1_norm_ρdiff=0.0002014483934553222 hm1_norm_Δρ=1.8228363728281697e-6  error_V_h1=0.31679766635345286  α = 0.0227
 78   -21.48221353084      -11.75       -4.99    67.4s
    hm1_norm_ρdiff=0.00020232193885047449 hm1_norm_Δρ=2.974556414559895e-6  error_V_h1=0.3168067845479548  α = 0.00444
 79   -21.48221353084      -11.54       -5.25    53.0s
    hm1_norm_ρdiff=0.00020025594137971792 hm1_norm_Δρ=1.69329936013718e-6  error_V_h1=0.31674672863787195  α = 0.0221
 80   -21.48221353084      -11.54       -6.16    39.3s
    hm1_norm_ρdiff=0.0002005247180886567 hm1_norm_Δρ=1.953385370810675e-7  error_V_h1=0.3167725545780347  α = 0.09
 81   -21.48221353085      -11.13       -5.87    42.3s
    hm1_norm_ρdiff=0.0002005208174252382 hm1_norm_Δρ=3.548822595727705e-7  error_V_h1=0.31664050085381157  α = 0.0884
 82   -21.48221353086      -11.07       -5.35    52.6s
    hm1_norm_ρdiff=0.00020004551318598504 hm1_norm_Δρ=1.3955174191517087e-6  error_V_h1=0.3165233446637545  α = 0.0216
 83   -21.48221353086      -12.50       -5.60    53.1s
    hm1_norm_ρdiff=0.0002003060970277524 hm1_norm_Δρ=9.085405672201389e-7  error_V_h1=0.3164789920340948  α = 0.0218
 84   -21.48221353086      -12.14       -5.22    61.3s
    hm1_norm_ρdiff=0.00020126586441767452 hm1_norm_Δρ=1.9054154158564214e-6  error_V_h1=0.3164463011474127  α = 0.00939
 85   -21.48221353086      -12.12       -5.84    46.6s
    hm1_norm_ρdiff=0.0002004549141923357 hm1_norm_Δρ=3.828815390298003e-7  error_V_h1=0.3164086077795866  α = 0.0464
 86   -21.48221353086      -11.83       -5.98    47.5s
    hm1_norm_ρdiff=0.00020064905887104406 hm1_norm_Δρ=2.8495034319909186e-7  error_V_h1=0.31646680664263643  α = 0.0464
 87   -21.48221353087      -11.64       -6.12    33.6s
    hm1_norm_ρdiff=0.00020055772376208165 hm1_norm_Δρ=1.4774304233504713e-7  error_V_h1=0.3166255588686549  α = 0.165
 88   -21.48221353087      -12.14       -6.09    45.8s
    hm1_norm_ρdiff=0.00020065911954007982 hm1_norm_Δρ=2.204859647635852e-7  error_V_h1=0.3166324356133506  α = 0.0462
 89   -21.48221353087      -13.34       -5.77    52.0s
    hm1_norm_ρdiff=0.0002003864094115628 hm1_norm_Δρ=4.635059551288199e-7  error_V_h1=0.31665983582847385  α = 0.0222
 90   -21.48221353087      -11.53       -5.81    43.6s
    hm1_norm_ρdiff=0.0002005581277420206 hm1_norm_Δρ=3.6934990567671313e-7  error_V_h1=0.3166746363752762  α = 0.0463
 91   -21.48221353087      -12.07       -5.87    54.8s
    hm1_norm_ρdiff=0.000200603388720604 hm1_norm_Δρ=3.3494377132894e-7  error_V_h1=0.31669858073033497  α = 0.0227
 92   -21.48221353087      -12.03       -5.85    53.7s
    hm1_norm_ρdiff=0.00020048535891456991 hm1_norm_Δρ=3.2254925729195393e-7  error_V_h1=0.31668676863459777  α = 0.0234
 93   -21.48221353087      -12.46       -5.93    56.0s
    hm1_norm_ρdiff=0.00020051017127085328 hm1_norm_Δρ=3.271780469410496e-7  error_V_h1=0.31668391198575574  α = 0.0229
 94   -21.48221353087      -12.81       -5.85    51.9s
    hm1_norm_ρdiff=0.00020062512431196657 hm1_norm_Δρ=4.2892778078809037e-7  error_V_h1=0.3166871228556092  α = 0.0215
 95   -21.48221353087      -12.84       -5.65    66.9s
    hm1_norm_ρdiff=0.0002000449562937051 hm1_norm_Δρ=8.961168194518675e-7  error_V_h1=0.31668779695020816  α = 0.00443
 96   -21.48221353087      -12.61       -5.97    55.2s
    hm1_norm_ρdiff=0.000200553561002171 hm1_norm_Δρ=2.672863706672133e-7  error_V_h1=0.3166733697250498  α = 0.023
 97   -21.48221353087      -12.29       -6.30    44.3s
    hm1_norm_ρdiff=0.00020052208582386756 hm1_norm_Δρ=1.2226578027094402e-7  error_V_h1=0.3166425939883455  α = 0.0449
 98   -21.48221353087      -12.62       -5.98    46.6s
    hm1_norm_ρdiff=0.0002004504583490427 hm1_norm_Δρ=2.46899786726973e-7  error_V_h1=0.3165699556683313  α = 0.0462
 99   -21.48221353087      -12.60       -6.43    46.9s
    hm1_norm_ρdiff=0.00020053671593414768 hm1_norm_Δρ=9.690220227607233e-8  error_V_h1=0.3165640420335754  α = 0.045
 100   -21.48221353087      -12.84       -5.87    59.4s
    hm1_norm_ρdiff=0.00020070731526395798 hm1_norm_Δρ=4.1277365569099035e-7  error_V_h1=0.31655317865084703  α = 0.0104
 101   -21.48221353087      -12.67       -6.15    52.8s
    hm1_norm_ρdiff=0.0002004483803698526 hm1_norm_Δρ=1.879348731685263e-7  error_V_h1=0.31654973832575406  α = 0.0229
 102   -21.48221353087      -12.84       -6.56    41.3s
    hm1_norm_ρdiff=0.00020055810615661785 hm1_norm_Δρ=7.24591743875488e-8  error_V_h1=0.3165801749587755  α = 0.0889
 103   -21.48221353087      -13.13       -6.25    44.5s
    hm1_norm_ρdiff=0.00020056284841106435 hm1_norm_Δρ=1.431524256804854e-7  error_V_h1=0.31660732536851777  α = 0.0465
 104   -21.48221353087      -13.05       -6.03    61.1s
    hm1_norm_ρdiff=0.00020052079423272027 hm1_norm_Δρ=2.5707757511374696e-7  error_V_h1=0.31660604726476854  α = 0.0108
 105   -21.48221353087      -13.55       -5.82    60.8s
    hm1_norm_ρdiff=0.00020038188242188273 hm1_norm_Δρ=5.405606960303427e-7  error_V_h1=0.3166081395221913  α = 0.00929
 106   -21.48221353087      -13.19       -5.87    66.8s
    hm1_norm_ρdiff=0.00020082557445135315 hm1_norm_Δρ=5.09627199963977e-7  error_V_h1=0.3166060273844344  α = 0.00434
 107   -21.48221353087      -13.19       -6.34    54.4s
    hm1_norm_ρdiff=0.00020053029159129734 hm1_norm_Δρ=1.211693043365538e-7  error_V_h1=0.31661298816105  α = 0.023
 108   -21.48221353087      -12.84       -6.75    36.6s
    hm1_norm_ρdiff=0.00020054426131619485 hm1_norm_Δρ=3.975949803509863e-8  error_V_h1=0.31663031434396594  α = 0.0823
 109   -21.48221353087      -12.84       -6.06    55.3s
    hm1_norm_ρdiff=0.00020059948795261354 hm1_norm_Δρ=2.2474994787093777e-7  error_V_h1=0.31663955872981386  α = 0.023
 110   -21.48221353087      -13.37       -6.70    40.1s
    hm1_norm_ρdiff=0.00020050897881674257 hm1_norm_Δρ=5.771138672152285e-8  error_V_h1=0.31660937169961656  α = 0.0872
 111   -21.48221353087      -13.17       -6.57    45.3s
    hm1_norm_ρdiff=0.0002005188386122553 hm1_norm_Δρ=7.249222924352661e-8  error_V_h1=0.31659632044905284  α = 0.0453
 112   -21.48221353087      -13.37       -6.39    54.4s
    hm1_norm_ρdiff=0.00020058267123067416 hm1_norm_Δρ=1.0718254459622243e-7  error_V_h1=0.31658790729805697  α = 0.0225
 113   -21.48221353087      -13.41       -6.33    54.1s
    hm1_norm_ρdiff=0.000200507462454422 hm1_norm_Δρ=1.324432943895302e-7  error_V_h1=0.3165835275624972  α = 0.0227
 114   -21.48221353087      -13.45       -6.56    51.8s
    hm1_norm_ρdiff=0.000200546975578186 hm1_norm_Δρ=7.495836736138566e-8  error_V_h1=0.3165832236381327  α = 0.0199
 115   -21.48221353087      -14.45       -6.61    47.4s
    hm1_norm_ρdiff=0.0002005328256446535 hm1_norm_Δρ=6.818187620529045e-8  error_V_h1=0.3165792394174446  α = 0.0463
 116   -21.48221353087   +    -Inf       -5.95    59.4s
    hm1_norm_ρdiff=0.00020069225354939048 hm1_norm_Δρ=4.2931586083508613e-7  error_V_h1=0.3165804321801139  α = 0.00891
 117   -21.48221353087      -13.55       -6.14    66.5s
    hm1_norm_ρdiff=0.00020066486556326616 hm1_norm_Δρ=2.62628346651038e-7  error_V_h1=0.3165785681060584  α = 0.00458
 118   -21.48221353087      -13.11       -6.86    47.5s
    hm1_norm_ρdiff=0.00020054689321534862 hm1_norm_Δρ=3.391525498501356e-8  error_V_h1=0.31658216756522584  α = 0.0405
 119   -21.48221353087      -13.50       -6.86    37.7s
    hm1_norm_ρdiff=0.00020054505838494407 hm1_norm_Δρ=3.265095558207085e-8  error_V_h1=0.3165922939464483  α = 0.0877
 120   -21.48221353087      -13.27       -6.56    47.3s
    hm1_norm_ρdiff=0.00020054596221310674 hm1_norm_Δρ=8.477544570891746e-8  error_V_h1=0.31659500411921065  α = 0.0231
 121   -21.48221353087      -14.45       -6.48     304s
    hm1_norm_ρdiff=0.00020058920917540314 hm1_norm_Δρ=9.633755857281982e-8  error_V_h1=0.3165950041190323  α = 2.18e-12
 122   -21.48221353087   +    -Inf       -4.92     288s
    hm1_norm_ρdiff=0.00020231082622646865 hm1_norm_Δρ=3.4562532524258e-6  error_V_h1=0.31659500411916736  α = 2.36e-16
 123   -21.48221353087   +  -14.15       -4.01     139s
    hm1_norm_ρdiff=0.0002158420491389259 hm1_norm_Δρ=2.7969580448307894e-5  error_V_h1=0.3165950041191756  α = 0.0
 124   -21.48221353087      -13.50       -5.73    65.6s
    hm1_norm_ρdiff=0.00020003639906108922 hm1_norm_Δρ=8.656538144285127e-7  error_V_h1=0.31659388724570353  α = 0.00387
 125   -21.48221353087      -14.15       -6.16    66.1s
    hm1_norm_ρdiff=0.0002007714440554658 hm1_norm_Δρ=3.409553483827345e-7  error_V_h1=0.31659444753620436  α = 0.00152
 126   -21.48221353088      -13.55       -6.58    48.8s
    hm1_norm_ρdiff=0.00020053724627725557 hm1_norm_Δρ=7.729049313377205e-8  error_V_h1=0.31659423052152225  α = 0.0212
 127   -21.48221353088      -13.75       -6.64    55.4s
    hm1_norm_ρdiff=0.00020052093897880577 hm1_norm_Δρ=7.758021073903875e-8  error_V_h1=0.31659415706340316  α = 0.0225
 128   -21.48221353088      -13.41       -6.80    50.6s
    hm1_norm_ρdiff=0.00020055040771603115 hm1_norm_Δρ=4.0133620125730797e-8  error_V_h1=0.31659607212291196  α = 0.0188
 129   -21.48221353088      -13.97       -6.80    52.1s
    hm1_norm_ρdiff=0.00020053995584068583 hm1_norm_Δρ=4.52028324657137e-8  error_V_h1=0.3165976309807437  α = 0.023
 130   -21.48221353088   +    -Inf       -7.04    92.7s
    hm1_norm_ρdiff=0.00020054225573512983 hm1_norm_Δρ=2.1910832631372237e-8  error_V_h1=0.31659763098070004  α = 0.0
 131   -21.48221353088      -13.97       -6.01     266s
    hm1_norm_ρdiff=0.00020109153597475232 hm1_norm_Δρ=6.109367709997531e-7  error_V_h1=0.31659763098360416  α = 3.5e-9
 132   -21.48221353088   +  -14.45       -6.55     106s
    hm1_norm_ρdiff=0.000200550065739506 hm1_norm_Δρ=1.1625673891890561e-7  error_V_h1=0.31659763098357985  α = 0.0
 133   -21.48221353088   +    -Inf       -6.01     206s
    hm1_norm_ρdiff=0.000201091534746004 hm1_norm_Δρ=6.109354054437344e-7  error_V_h1=0.31659763098383537  α = 4.53e-10
 134   -21.48221353088   +  -13.97       -6.52     114s
    hm1_norm_ρdiff=0.00020061481472678105 hm1_norm_Δρ=1.394465161699992e-7  error_V_h1=0.3165976309837992  α = 0.0
 135   -21.48221353088      -13.75       -6.01    74.1s
    hm1_norm_ρdiff=0.00020109064415417977 hm1_norm_Δρ=6.109352639088299e-7  error_V_h1=0.31659867725235985  α = 0.00161
 136   -21.48221353088   +    -Inf       -6.55     108s
    hm1_norm_ρdiff=0.00020054719830073497 hm1_norm_Δρ=1.1552482052236518e-7  error_V_h1=0.3165986772523891  α = 0.0
 137   -21.48221353088   +    -Inf       -6.62     126s
    hm1_norm_ρdiff=0.00020059485562937636 hm1_norm_Δρ=1.0983110427440365e-7  error_V_h1=0.3165986785056923  α = 1.09e-5
Trying again without preconditioner ...
n     Energy            log10(ΔE)   log10(Δρ)   Δtime
---   ---------------   ---------   ---------   ------
  1   -21.48221353088                   -5.64     397s
    hm1_norm_ρdiff=0.00020060627048118583 hm1_norm_Δρ=7.881544360031671e-7  error_V_h1=0.31659867850559437  α = 9.0e-12
  2   -21.48221353088      -14.15       -4.52     133s
    hm1_norm_ρdiff=0.00020380544757765798 hm1_norm_Δρ=1.0538885727489863e-5  error_V_h1=0.3166008891857074  α = 0.000144
  3   -21.48221353088      -13.60       -6.02    88.4s
    hm1_norm_ρdiff=0.0002005643489074299 hm1_norm_Δρ=2.7571685789459524e-7  error_V_h1=0.31660418783581806  α = 0.00367
  4   -21.48221353088   +  -14.45       -5.85     185s
    hm1_norm_ρdiff=0.00020044949365474545 hm1_norm_Δρ=4.547146506797442e-7  error_V_h1=0.3166041878354498  α = 0.0
  5   -21.48221353088      -14.15       -5.51     248s
    hm1_norm_ρdiff=0.00020039659496189202 hm1_norm_Δρ=1.1365561233160248e-6  error_V_h1=0.316604187830526  α = 6.41e-9
  6   -21.48221353088   +  -14.45       -5.85     101s
    hm1_norm_ρdiff=0.0002002800966261896 hm1_norm_Δρ=5.12349925378927e-7  error_V_h1=0.31660418783060024  α = 0.0
  7   -21.48221353088   +  -14.15       -5.51     102s
    hm1_norm_ρdiff=0.00020039659419885552 hm1_norm_Δρ=1.1365436680371865e-6  error_V_h1=0.31660418783015803  α = 0.0
  8   -21.48221353088      -13.67       -5.51    59.5s
    hm1_norm_ρdiff=0.0002003967662562332 hm1_norm_Δρ=1.136543674514402e-6  error_V_h1=0.3166032385694961  α = 0.00124
  9   -21.48221353088      -14.45       -5.86     288s
    hm1_norm_ρdiff=0.00020030476430422145 hm1_norm_Δρ=4.936720934211461e-7  error_V_h1=0.3166032385695087  α = 1.18e-12
 10   -21.48221353088   +  -14.45       -3.04     154s
    hm1_norm_ρdiff=0.00028815455981360773 hm1_norm_Δρ=0.000323559714659175  error_V_h1=0.3166032385695348  α = 0.0
 11   -21.48221353088   +  -14.45       -5.41     115s
    hm1_norm_ρdiff=0.00020031542317281855 hm1_norm_Δρ=1.5308417204821953e-6  error_V_h1=0.3166032385694972  α = 0.0
 12   -21.48221353088      -14.45       -5.41     141s
    hm1_norm_ρdiff=0.00020031542317031472 hm1_norm_Δρ=1.530841736795689e-6  error_V_h1=0.31660323856961636  α = 1.06e-10
 13   -21.48221353088      -14.45       -5.88     210s
    hm1_norm_ρdiff=0.00020056530945522277 hm1_norm_Δρ=4.401762829342602e-7  error_V_h1=0.3166032385670082  α = 5.08e-9
 14   -21.48221353088   +  -14.45       -6.28     106s
    hm1_norm_ρdiff=0.00020037775683299133 hm1_norm_Δρ=2.0189910291759828e-7  error_V_h1=0.3166032385670794  α = 0.0
 15   -21.48221353088   +    -Inf       -5.41     137s
    hm1_norm_ρdiff=0.00020031542245723815 hm1_norm_Δρ=1.530839716236638e-6  error_V_h1=0.3166032385669391  α = 1.47e-10
 16   -21.48221353088   +    -Inf       -5.85     114s
    hm1_norm_ρdiff=0.00020064088556430334 hm1_norm_Δρ=4.957028835870595e-7  error_V_h1=0.3166032385670168  α = 0.0

#-- |ρε - ρref| = 0.0002005382424313199 vs. 3.162277660168379e-8 = δ*ε  error_V_h1=0.3166032385670168  Qε=0.8445929492845673


# --- ε=1.778279410038923e-6

n     Energy            log10(ΔE)   log10(Δρ)   Δtime
---   ---------------   ---------   ---------   ------
  1   -21.48194157041                   -0.89    88.5s
    hm1_norm_ρdiff=0.08198599978032689 hm1_norm_Δρ=0.08191420115032295  error_V_h1=2.102586042059637  α = 0.00141
  2   -21.48195720666       -4.81       -1.79    64.0s
    hm1_norm_ρdiff=0.006819031021307044 hm1_norm_Δρ=0.006782871165017155  error_V_h1=1.7523851317298966  α = 0.00434
  3   -21.48196138907       -5.38       -2.09    64.4s
    hm1_norm_ρdiff=0.0031828319401196754 hm1_norm_Δρ=0.003163092768023092  error_V_h1=1.6490526932351768  α = 0.00441
  4   -21.48196367417       -5.64       -2.23    63.6s
    hm1_norm_ρdiff=0.002138729315805007 hm1_norm_Δρ=0.0021316143310147477  error_V_h1=1.599986294267318  α = 0.00968
  5   -21.48196629295       -5.58       -2.83    45.6s
    hm1_norm_ρdiff=0.00038019929784419273 hm1_norm_Δρ=0.0003770934150279426  error_V_h1=1.5385308375849396  α = 0.0467
  6   -21.48196776091       -5.83       -2.93    44.9s
    hm1_norm_ρdiff=0.0003423993430610594 hm1_norm_Δρ=0.0003517907963687611  error_V_h1=1.5044677088203213  α = 0.0465
  7   -21.48196923690       -5.83       -2.62    50.4s
    hm1_norm_ρdiff=0.0006777307447890233 hm1_norm_Δρ=0.0006975384755685982  error_V_h1=1.4660312132969182  α = 0.0226
  8   -21.48197394999       -5.33       -2.93    38.6s
    hm1_norm_ρdiff=0.00026853983887555586 hm1_norm_Δρ=0.0003128757776383659  error_V_h1=1.3204862850126724  α = 0.0892
  9   -21.48197995067       -5.22       -2.79    45.5s
    hm1_norm_ρdiff=0.00041057009514120174 hm1_norm_Δρ=0.0004539034126640895  error_V_h1=1.097064873908887  α = 0.0463
 10   -21.48198362333       -5.44       -2.83    45.8s
    hm1_norm_ρdiff=0.0004080417705387895 hm1_norm_Δρ=0.0004437550276015298  error_V_h1=0.9370749736386325  α = 0.0465
 11   -21.48198628139       -5.58       -2.86    44.0s
    hm1_norm_ρdiff=0.0003303551144335022 hm1_norm_Δρ=0.0003494719003462098  error_V_h1=0.7917290211673299  α = 0.0465
 12   -21.48198666328       -6.42       -2.56    57.3s
    hm1_norm_ρdiff=0.0006012191707173029 hm1_norm_Δρ=0.0006425793410420182  error_V_h1=0.7730210228359893  α = 0.01
 13   -21.48198696650       -6.52       -2.96    59.9s
    hm1_norm_ρdiff=0.000388644164657125 hm1_norm_Δρ=0.0003954112334710193  error_V_h1=0.7503631550390342  α = 0.0106
 14   -21.48198763762       -6.17       -2.73    58.0s
    hm1_norm_ρdiff=0.0005989586221165044 hm1_norm_Δρ=0.0005761580763697375  error_V_h1=0.6986753493435994  α = 0.0106
 15   -21.48198829934       -6.18       -2.46    63.6s
    hm1_norm_ρdiff=0.001194065895784521 hm1_norm_Δρ=0.0011607972021100805  error_V_h1=0.6460021058002487  α = 0.00442
 16   -21.48198912686       -6.08       -2.94    49.6s
    hm1_norm_ρdiff=0.00037532781317793114 hm1_norm_Δρ=0.0003148530397110049  error_V_h1=0.5693311057196427  α = 0.0231
 17   -21.48198949148       -6.44       -2.99    54.8s
    hm1_norm_ρdiff=0.0003721193193876011 hm1_norm_Δρ=0.0003268734582886283  error_V_h1=0.5291674331535974  α = 0.0226
 18   -21.48198994853       -6.34       -2.80    60.0s
    hm1_norm_ρdiff=0.0005292409475853954 hm1_norm_Δρ=0.0004900349969188003  error_V_h1=0.4826825734201606  α = 0.0106
 19   -21.48199037721       -6.37       -2.47    59.5s
    hm1_norm_ρdiff=0.0009105331376059753 hm1_norm_Δρ=0.0008780342281683746  error_V_h1=0.42458481160264383  α = 0.0098
 20   -21.48199043284       -7.25       -2.65    57.9s
    hm1_norm_ρdiff=0.0006432373847161325 hm1_norm_Δρ=0.0005925874292233822  error_V_h1=0.4164402192903388  α = 0.00928
 21   -21.48199079362       -6.44       -2.53    59.0s
    hm1_norm_ρdiff=0.0008935730025844758 hm1_norm_Δρ=0.000850245697196622  error_V_h1=0.40574744490990544  α = 0.00969
 22   -21.48199120303       -6.39       -2.76    56.6s
    hm1_norm_ρdiff=0.0004823559843708756 hm1_norm_Δρ=0.00043694454843548066  error_V_h1=0.3860258314816761  α = 0.0106
 23   -21.48199129884       -7.02       -2.57    65.0s
    hm1_norm_ρdiff=0.000698222121949327 hm1_norm_Δρ=0.0006449050540667277  error_V_h1=0.3925573005028826  α = 0.0041
 24   -21.48199133192       -7.48       -3.28    58.5s
    hm1_norm_ρdiff=0.00020280795766908395 hm1_norm_Δρ=0.00016035237819104185  error_V_h1=0.388967029297008  α = 0.0104
 25   -21.48199139422       -7.21       -2.91    63.6s
    hm1_norm_ρdiff=0.0003491009480645289 hm1_norm_Δρ=0.00036074888225282097  error_V_h1=0.37913588636611506  α = 0.00435
 26   -21.48199146830       -7.13       -3.52    46.4s
    hm1_norm_ρdiff=0.00011976946976076055 hm1_norm_Δρ=7.389125604527593e-5  error_V_h1=0.32705393853467196  α = 0.0466
 27   -21.48199151777       -7.31       -2.97    58.1s
    hm1_norm_ρdiff=0.0002726506912055448 hm1_norm_Δρ=0.00032170393651596564  error_V_h1=0.3156584041186563  α = 0.00937
 28   -21.48199161147       -7.03       -2.94    57.8s
    hm1_norm_ρdiff=0.0003612861581927076 hm1_norm_Δρ=0.00036626396148401277  error_V_h1=0.31554461936401007  α = 0.00985
 29   -21.48199164808       -7.44       -3.36    58.3s
    hm1_norm_ρdiff=0.00014642581990120107 hm1_norm_Δρ=0.00012449183496651518  error_V_h1=0.3104577170081779  α = 0.0107
 30   -21.48199181852       -6.77       -2.91    56.8s
    hm1_norm_ρdiff=0.00031745250762439095 hm1_norm_Δρ=0.0003230534979797239  error_V_h1=0.31112855684448854  α = 0.0105
 31   -21.48199190887       -7.04       -2.91    64.6s
    hm1_norm_ρdiff=0.00030356733412490795 hm1_norm_Δρ=0.00032282531724349075  error_V_h1=0.31110399192374627  α = 0.0101
 32   -21.48199204015       -6.88       -2.87    61.8s
    hm1_norm_ρdiff=0.00036602952387870016 hm1_norm_Δρ=0.00038546727723824106  error_V_h1=0.28923350054245917  α = 0.01
 33   -21.48199205792       -7.75       -3.29    59.1s
    hm1_norm_ρdiff=0.00020362321414179614 hm1_norm_Δρ=0.0001603634388752663  error_V_h1=0.282771755489792  α = 0.00993
 34   -21.48199206851       -7.98       -2.95    65.8s
    hm1_norm_ρdiff=0.0002316465480175942 hm1_norm_Δρ=0.0002625293002823869  error_V_h1=0.2723073742375811  α = 0.00393
 35   -21.48199206994       -8.84       -3.48    58.9s
    hm1_norm_ρdiff=0.000148978776820844 hm1_norm_Δρ=9.989046607763087e-5  error_V_h1=0.27060204880906524  α = 0.00925
 36   -21.48199208370       -7.86       -4.04    47.3s
    hm1_norm_ρdiff=0.00012687020490955786 hm1_norm_Δρ=2.4745758402112945e-5  error_V_h1=0.26427190152220825  α = 0.0468
 37   -21.48199211865       -7.46       -3.44    50.3s
    hm1_norm_ρdiff=0.00015854708245222922 hm1_norm_Δρ=9.616479421097416e-5  error_V_h1=0.2778655419708946  α = 0.0227
 38   -21.48199214490       -7.58       -3.05    63.3s
    hm1_norm_ρdiff=0.0003342575315885185 hm1_norm_Δρ=0.0002522125593690597  error_V_h1=0.2770908297331297  α = 0.00432
 39   -21.48199217225       -7.56       -3.14    59.3s
    hm1_norm_ρdiff=0.00028895154841281594 hm1_norm_Δρ=0.0002485954988704136  error_V_h1=0.27470542266340836  α = 0.00442
 40   -21.48199217831       -8.22       -3.68    52.4s
    hm1_norm_ρdiff=0.00013308205172098353 hm1_norm_Δρ=5.5738784587717685e-5  error_V_h1=0.26741782733389996  α = 0.0105
 41   -21.48199218859       -7.99       -3.50    63.0s
    hm1_norm_ρdiff=0.0001503233794445131 hm1_norm_Δρ=8.792912925792286e-5  error_V_h1=0.25993472533799583  α = 0.0103
 42   -21.48199220020       -7.94       -3.34    61.9s
    hm1_norm_ρdiff=0.00018859210398331552 hm1_norm_Δρ=0.00011403937694305038  error_V_h1=0.2558107817441765  α = 0.0101
 43   -21.48199221949       -7.71       -3.31    59.0s
    hm1_norm_ρdiff=0.00020058416177729836 hm1_norm_Δρ=0.00014000047919702558  error_V_h1=0.25680172079592467  α = 0.0101
 44   -21.48199222299       -8.46       -3.49    57.0s
    hm1_norm_ρdiff=0.0001435995119935226 hm1_norm_Δρ=0.00010329936827734314  error_V_h1=0.25900460793164387  α = 0.0095
 45   -21.48199222458       -8.80       -3.37    67.1s
    hm1_norm_ρdiff=0.00018269381398011746 hm1_norm_Δρ=9.98156329027264e-5  error_V_h1=0.26233354043959645  α = 0.00396
 46   -21.48199222827       -8.43       -3.43    65.1s
    hm1_norm_ρdiff=0.00016319387109865939 hm1_norm_Δρ=0.00011321703357001828  error_V_h1=0.26244067864255544  α = 0.00428
 47   -21.48199222935       -8.96       -3.55    58.8s
    hm1_norm_ρdiff=0.00010744328760381264 hm1_norm_Δρ=7.792788028718912e-5  error_V_h1=0.26386811540397187  α = 0.00917
 48   -21.48199223328       -8.41       -3.63    48.5s
    hm1_norm_ρdiff=0.0001231784020788225 hm1_norm_Δρ=6.378813951664943e-5  error_V_h1=0.2504830373379986  α = 0.0219
 49   -21.48199223514       -8.73       -4.46    39.1s
    hm1_norm_ρdiff=0.00011511898176984147 hm1_norm_Δρ=8.609268120358523e-6  error_V_h1=0.2495559425896444  α = 0.0463
 50   -21.48199223603       -9.05       -4.08    63.6s
    hm1_norm_ρdiff=0.0001067050136121386 hm1_norm_Δρ=2.2588480045994158e-5  error_V_h1=0.248561206091886  α = 0.0106
 51   -21.48199224252       -8.19       -4.37    45.6s
    hm1_norm_ρdiff=0.00011507328639421738 hm1_norm_Δρ=1.1730531895686025e-5  error_V_h1=0.24974464739290472  α = 0.045
 52   -21.48199224311       -9.22       -3.66    61.5s
    hm1_norm_ρdiff=0.00016126512742307232 hm1_norm_Δρ=7.826635081119146e-5  error_V_h1=0.2486586088323868  α = 0.00896
 53   -21.48199224723       -8.39       -3.65    60.4s
    hm1_norm_ρdiff=0.00010092992220185894 hm1_norm_Δρ=5.423741669671712e-5  error_V_h1=0.25062612516506144  α = 0.0104
 54   -21.48199225349       -8.20       -4.17    48.6s
    hm1_norm_ρdiff=0.00011729703420978203 hm1_norm_Δρ=1.778263415968998e-5  error_V_h1=0.2509463204103471  α = 0.0463
 55   -21.48199225426       -9.11       -3.85    52.1s
    hm1_norm_ρdiff=0.00013954836099099927 hm1_norm_Δρ=5.0882032361559116e-5  error_V_h1=0.2502548382652631  α = 0.00936
 56   -21.48199225552       -8.90       -3.52    66.7s
    hm1_norm_ρdiff=0.00010890443190873798 hm1_norm_Δρ=7.137057348591796e-5  error_V_h1=0.24727611215752188  α = 0.0043
 57   -21.48199225613       -9.22       -4.17    57.7s
    hm1_norm_ρdiff=0.00012103516268930389 hm1_norm_Δρ=1.799787863984323e-5  error_V_h1=0.25002236528679034  α = 0.0226
 58   -21.48199225643       -9.52       -4.11    67.1s
    hm1_norm_ρdiff=0.00011870950595374204 hm1_norm_Δρ=2.6360278515659342e-5  error_V_h1=0.25016485653912485  α = 0.00416
 59   -21.48199225715       -9.14       -4.49    54.2s
    hm1_norm_ρdiff=0.00011207228333640959 hm1_norm_Δρ=7.738887252334313e-6  error_V_h1=0.25233916131875866  α = 0.0229
 60   -21.48199225786       -9.15       -4.13    61.4s
    hm1_norm_ρdiff=0.00012039515709162443 hm1_norm_Δρ=1.8028197264417777e-5  error_V_h1=0.25381329903186534  α = 0.0106
 61   -21.48199225790      -10.43       -4.09    56.5s
    hm1_norm_ρdiff=0.0001071157446938844 hm1_norm_Δρ=2.2626255468115507e-5  error_V_h1=0.25336256949557334  α = 0.00953
 62   -21.48199225835       -9.35       -4.50    49.0s
    hm1_norm_ρdiff=0.0001146314338520461 hm1_norm_Δρ=8.124062212677811e-6  error_V_h1=0.2549725701598533  α = 0.0465
 63   -21.48199226050       -8.67       -3.56    64.4s
    hm1_norm_ρdiff=0.00011374225954815006 hm1_norm_Δρ=9.678417200111482e-5  error_V_h1=0.2545493607382487  α = 0.00404
 64   -21.48199226115       -9.19       -4.30    52.8s
    hm1_norm_ρdiff=0.00011644272598117605 hm1_norm_Δρ=1.0725668509529566e-5  error_V_h1=0.25348814977001544  α = 0.023
 65   -21.48199226257       -8.85       -4.18    59.5s
    hm1_norm_ρdiff=0.00010675574091836262 hm1_norm_Δρ=2.157307507010981e-5  error_V_h1=0.2532601064677626  α = 0.0105
 66   -21.48199226325       -9.16       -3.88    68.1s
    hm1_norm_ρdiff=0.00010669587035714067 hm1_norm_Δρ=4.836584597918233e-5  error_V_h1=0.2533770905656582  α = 0.00418
 67   -21.48199226342       -9.77       -4.32    60.7s
    hm1_norm_ρdiff=0.00011646610998608691 hm1_norm_Δρ=1.1347279311346499e-5  error_V_h1=0.25383543133355374  α = 0.0106
 68   -21.48199226408       -9.18       -4.13    59.9s
    hm1_norm_ρdiff=0.00010748611744308094 hm1_norm_Δρ=1.7785813149598257e-5  error_V_h1=0.25215646688779864  α = 0.0105
 69   -21.48199226418      -10.03       -4.85    53.9s
    hm1_norm_ρdiff=0.00011402181143345161 hm1_norm_Δρ=4.045115688367413e-6  error_V_h1=0.25201974697592183  α = 0.0224
 70   -21.48199226427      -10.04       -4.30    66.8s
    hm1_norm_ρdiff=0.0001168821312770392 hm1_norm_Δρ=1.4643510477965681e-5  error_V_h1=0.25175558548881816  α = 0.0045
 71   -21.48199226455       -9.55       -4.94    44.6s
    hm1_norm_ρdiff=0.00011312287124216051 hm1_norm_Δρ=3.0108858315567113e-6  error_V_h1=0.25103847549602554  α = 0.0445
 72   -21.48199226476       -9.68       -3.87    69.5s
    hm1_norm_ρdiff=0.00013621244469952742 hm1_norm_Δρ=4.058940852751708e-5  error_V_h1=0.2507424182312202  α = 0.00401
 73   -21.48199226516       -9.40       -4.24    58.6s
    hm1_norm_ρdiff=0.00011386431188128151 hm1_norm_Δρ=1.4920116053714193e-5  error_V_h1=0.2508398796074357  α = 0.0106
 74   -21.48199226533       -9.76       -4.02    69.5s
    hm1_norm_ρdiff=0.00013253130216570353 hm1_norm_Δρ=3.382802107876617e-5  error_V_h1=0.2508610638122872  α = 0.00389
 75   -21.48199226544       -9.98       -4.77    52.9s
    hm1_norm_ρdiff=0.00011366450862701754 hm1_norm_Δρ=3.5952544137197114e-6  error_V_h1=0.25135554481856837  α = 0.0231
 76   -21.48199226548      -10.34       -5.07    54.7s
    hm1_norm_ρdiff=0.00011484433944589689 hm1_norm_Δρ=2.3791761109470417e-6  error_V_h1=0.25134074602042233  α = 0.023
 77   -21.48199226557      -10.04       -4.23    65.1s
    hm1_norm_ρdiff=0.0001218542181241844 hm1_norm_Δρ=2.006829138292124e-5  error_V_h1=0.25118933811979066  α = 0.00418
 78   -21.48199226559      -10.80       -4.79    54.7s
    hm1_norm_ρdiff=0.00011347378942867051 hm1_norm_Δρ=3.7113753674588274e-6  error_V_h1=0.25091908570959365  α = 0.0222
 79   -21.48199226563      -10.43       -4.63    61.0s
    hm1_norm_ρdiff=0.00011633062991293765 hm1_norm_Δρ=5.686592451980397e-6  error_V_h1=0.2512298163625302  α = 0.0102
 80   -21.48199226566      -10.52       -4.58    66.2s
    hm1_norm_ρdiff=0.00011452850173824362 hm1_norm_Δρ=8.078415856253426e-6  error_V_h1=0.2512733228468749  α = 0.00426
 81   -21.48199226568      -10.64       -5.15    52.1s
    hm1_norm_ρdiff=0.00011401096642657531 hm1_norm_Δρ=1.744980244214865e-6  error_V_h1=0.2514396903571525  α = 0.0229
 82   -21.48199226573      -10.30       -4.55    60.4s
    hm1_norm_ρdiff=0.00011755971967636404 hm1_norm_Δρ=7.741152779222742e-6  error_V_h1=0.2516877381424955  α = 0.0098
 83   -21.48199226579      -10.20       -4.18    63.9s
    hm1_norm_ρdiff=0.00010648777461978235 hm1_norm_Δρ=1.997015256935351e-5  error_V_h1=0.2516608819245541  α = 0.00404
 84   -21.48199226580      -10.93       -4.96    54.7s
    hm1_norm_ρdiff=0.00011408103442793546 hm1_norm_Δρ=2.9518720842701853e-6  error_V_h1=0.2513833121268258  α = 0.0225
 85   -21.48199226584      -10.42       -4.29    66.9s
    hm1_norm_ρdiff=0.00010740497711058685 hm1_norm_Δρ=1.8998149310239296e-5  error_V_h1=0.2514302756091487  α = 0.0039
 86   -21.48199226590      -10.25       -5.22    48.6s
    hm1_norm_ρdiff=0.00011411418119915609 hm1_norm_Δρ=1.5821677166717552e-6  error_V_h1=0.2510149846247982  α = 0.0457
 87   -21.48199226590      -11.43       -4.82    52.6s
    hm1_norm_ρdiff=0.00011346472974316293 hm1_norm_Δρ=4.400545551071092e-6  error_V_h1=0.2507111094806668  α = 0.0219
 88   -21.48199226590      -11.85       -4.65    61.4s
    hm1_norm_ρdiff=0.00011260766544762939 hm1_norm_Δρ=7.684795570184324e-6  error_V_h1=0.2508170977343424  α = 0.00937
 89   -21.48199226595      -10.29       -4.83    63.0s
    hm1_norm_ρdiff=0.00011562604821177883 hm1_norm_Δρ=4.471586377291218e-6  error_V_h1=0.2506854096664022  α = 0.0101
 90   -21.48199226596      -11.07       -4.49    59.9s
    hm1_norm_ρdiff=0.00011109641038421944 hm1_norm_Δρ=8.439084164448617e-6  error_V_h1=0.2503835142482356  α = 0.00942
 91   -21.48199226599      -10.57       -4.49    67.2s
    hm1_norm_ρdiff=0.00011420989364543927 hm1_norm_Δρ=9.652848293605938e-6  error_V_h1=0.2503049382382742  α = 0.00436
 92   -21.48199226600      -11.23       -5.11    47.9s
    hm1_norm_ρdiff=0.00011380648252001984 hm1_norm_Δρ=1.8169951316390361e-6  error_V_h1=0.2500790408722958  α = 0.0461
 93   -21.48199226604      -10.37       -4.45    67.8s
    hm1_norm_ρdiff=0.00010895513722519365 hm1_norm_Δρ=1.104129021607655e-5  error_V_h1=0.24997865250389265  α = 0.00422
 94   -21.48199226606      -10.63       -4.53    68.7s
    hm1_norm_ρdiff=0.00011874771535847597 hm1_norm_Δρ=8.955607801571883e-6  error_V_h1=0.2500901746763467  α = 0.00424
 95   -21.48199226610      -10.43       -4.84    61.6s
    hm1_norm_ρdiff=0.00011402760811909799 hm1_norm_Δρ=3.97041385285578e-6  error_V_h1=0.250348443882265  α = 0.0107
 96   -21.48199226619      -10.03       -5.52    39.7s
    hm1_norm_ρdiff=0.00011400749013731597 hm1_norm_Δρ=7.223624801852242e-7  error_V_h1=0.250822996843107  α = 0.0872
 97   -21.48199226621      -10.75       -4.67    60.4s
    hm1_norm_ρdiff=0.00011784668050584485 hm1_norm_Δρ=7.1816021541796014e-6  error_V_h1=0.2511334441897164  α = 0.00902
 98   -21.48199226629      -10.12       -4.88    50.9s
    hm1_norm_ρdiff=0.00011403212362182661 hm1_norm_Δρ=3.4082143670618033e-6  error_V_h1=0.2514816469146497  α = 0.023
 99   -21.48199226630      -10.83       -4.85    61.6s
    hm1_norm_ρdiff=0.00011435404813153996 hm1_norm_Δρ=4.554460159723043e-6  error_V_h1=0.2513395075746868  α = 0.00971
 100   -21.48199226631      -10.89       -5.04    58.6s
    hm1_norm_ρdiff=0.00011321308554456663 hm1_norm_Δρ=2.672243974090166e-6  error_V_h1=0.251461662439083  α = 0.0105
 101   -21.48199226632      -11.00       -4.70    58.4s
    hm1_norm_ρdiff=0.00011556731930131297 hm1_norm_Δρ=5.2042484286402205e-6  error_V_h1=0.2514709894191423  α = 0.00949
 102   -21.48199226633      -11.72       -5.22    58.0s
    hm1_norm_ρdiff=0.00011408503171823794 hm1_norm_Δρ=1.781726291799591e-6  error_V_h1=0.2514711860593963  α = 0.0105
 103   -21.48199226636      -10.52       -5.11    55.4s
    hm1_norm_ρdiff=0.00011409484530606639 hm1_norm_Δρ=1.8063324683189772e-6  error_V_h1=0.2515227059062717  α = 0.023
 104   -21.48199226637      -10.83       -5.79    39.9s
    hm1_norm_ρdiff=0.00011384446613438655 hm1_norm_Δρ=3.860101710059784e-7  error_V_h1=0.25152777713809005  α = 0.085
 105   -21.48199226637      -11.63       -4.98    67.4s
    hm1_norm_ρdiff=0.00011575581240934723 hm1_norm_Δρ=3.1465917216028177e-6  error_V_h1=0.25154778811769224  α = 0.00412
 106   -21.48199226638      -11.35       -5.22    60.8s
    hm1_norm_ρdiff=0.0001134700294265915 hm1_norm_Δρ=1.6964857492618508e-6  error_V_h1=0.2515350928650693  α = 0.0105
 107   -21.48199226638      -11.23       -5.26    54.0s
    hm1_norm_ρdiff=0.0001141411647255678 hm1_norm_Δρ=1.2499759336827904e-6  error_V_h1=0.25153504678951316  α = 0.0227
 108   -21.48199226639      -11.01       -4.54    67.3s
    hm1_norm_ρdiff=0.00010899242051268971 hm1_norm_Δρ=9.99430928571216e-6  error_V_h1=0.2514070185873146  α = 0.00375
 109   -21.48199226640      -11.47       -5.21    53.6s
    hm1_norm_ρdiff=0.00011352062366181608 hm1_norm_Δρ=1.5008691986976949e-6  error_V_h1=0.2511008989656671  α = 0.022
 110   -21.48199226640      -11.40       -5.25    58.3s
    hm1_norm_ρdiff=0.000113892487622665 hm1_norm_Δρ=1.8107626262807347e-6  error_V_h1=0.25112114458302254  α = 0.0103
 111   -21.48199226640      -11.36       -5.57    51.4s
    hm1_norm_ρdiff=0.0001140004351469027 hm1_norm_Δρ=7.623830329723539e-7  error_V_h1=0.25103902126998456  α = 0.023
 112   -21.48199226641      -11.16       -4.91    63.1s
    hm1_norm_ρdiff=0.00011301886419537347 hm1_norm_Δρ=3.2856527447015756e-6  error_V_h1=0.25112090736576026  α = 0.00977
 113   -21.48199226642      -11.39       -5.53    47.2s
    hm1_norm_ρdiff=0.00011414340340884594 hm1_norm_Δρ=6.783442872690981e-7  error_V_h1=0.25116717214704115  α = 0.0466
 114   -21.48199226642      -11.15       -5.41    54.7s
    hm1_norm_ρdiff=0.00011439998705872278 hm1_norm_Δρ=1.0123493666494091e-6  error_V_h1=0.25124665850850125  α = 0.0225
 115   -21.48199226643      -11.24       -5.30    57.7s
    hm1_norm_ρdiff=0.0001138151491144801 hm1_norm_Δρ=1.4572767396100772e-6  error_V_h1=0.2512434634607599  α = 0.0105
 116   -21.48199226643      -11.89       -4.98    65.6s
    hm1_norm_ρdiff=0.00011248313519371216 hm1_norm_Δρ=3.0532682588022837e-6  error_V_h1=0.2512492888088282  α = 0.00394
 117   -21.48199226643      -12.14       -5.30    61.7s
    hm1_norm_ρdiff=0.00011446461729381793 hm1_norm_Δρ=1.5365053682389597e-6  error_V_h1=0.2512740147937661  α = 0.00947
 118   -21.48199226644      -11.27       -5.23    59.4s
    hm1_norm_ρdiff=0.00011370534932832563 hm1_norm_Δρ=1.396738006560169e-6  error_V_h1=0.2512794788358289  α = 0.0107
 119   -21.48199226644      -11.95       -4.90    67.3s
    hm1_norm_ρdiff=0.00011591921826098322 hm1_norm_Δρ=4.469975761113505e-6  error_V_h1=0.2512941627752856  α = 0.00377
 120   -21.48199226644      -11.48       -5.25    59.5s
    hm1_norm_ρdiff=0.00011450144496884642 hm1_norm_Δρ=1.4354990237640557e-6  error_V_h1=0.251394655236841  α = 0.0102
 121   -21.48199226644      -11.45       -5.93    39.5s
    hm1_norm_ρdiff=0.00011391974326315758 hm1_norm_Δρ=2.735483968403825e-7  error_V_h1=0.25132919371803153  α = 0.0891
 122   -21.48199226645      -11.68       -5.53    52.9s
    hm1_norm_ρdiff=0.00011383397920570946 hm1_norm_Δρ=7.595935752634028e-7  error_V_h1=0.2513380701069213  α = 0.0224
 123   -21.48199226645      -11.56       -5.22    64.6s
    hm1_norm_ρdiff=0.00011408300808232009 hm1_norm_Δρ=1.493438410656724e-6  error_V_h1=0.2512561159657734  α = 0.0104
 124   -21.48199226645      -11.77       -5.46    52.0s
    hm1_norm_ρdiff=0.00011375133218641534 hm1_norm_Δρ=8.536996558849299e-7  error_V_h1=0.2512493932678644  α = 0.0223
 125   -21.48199226645      -12.06       -5.55    59.9s
    hm1_norm_ρdiff=0.0001135616373270164 hm1_norm_Δρ=8.224228823180034e-7  error_V_h1=0.2512205967742342  α = 0.0102
 126   -21.48199226645      -12.12       -5.91    53.5s
    hm1_norm_ρdiff=0.00011400050877850627 hm1_norm_Δρ=4.0163496751265313e-7  error_V_h1=0.25123055819087287  α = 0.0228
 127   -21.48199226645      -12.46       -5.07    66.6s
    hm1_norm_ρdiff=0.00011520368634024049 hm1_norm_Δρ=2.6099055102509594e-6  error_V_h1=0.25121330244677553  α = 0.00368
 128   -21.48199226645      -11.93       -5.18    69.1s
    hm1_norm_ρdiff=0.00011315549829238188 hm1_norm_Δρ=2.310221339012812e-6  error_V_h1=0.25119276908128213  α = 0.0041
 129   -21.48199226645      -11.97       -5.99    47.2s
    hm1_norm_ρdiff=0.00011399175460873524 hm1_norm_Δρ=2.5896643378666605e-7  error_V_h1=0.25120442064375303  α = 0.0467
 130   -21.48199226645      -12.10       -5.43    68.7s
    hm1_norm_ρdiff=0.00011373041896342531 hm1_norm_Δρ=9.9121649272569e-7  error_V_h1=0.2512209280210901  α = 0.00482
 131   -21.48199226646      -11.53       -5.71    54.3s
    hm1_norm_ρdiff=0.00011407919037434894 hm1_norm_Δρ=4.39148069189402e-7  error_V_h1=0.2512692521766056  α = 0.0229
 132   -21.48199226646      -12.01       -5.56    53.7s
    hm1_norm_ρdiff=0.00011393976472957389 hm1_norm_Δρ=7.31126927164364e-7  error_V_h1=0.2512677959912876  α = 0.0221
 133   -21.48199226646      -11.74       -5.92    48.6s
    hm1_norm_ρdiff=0.00011389232680188449 hm1_norm_Δρ=2.5633061792418503e-7  error_V_h1=0.25120145423710055  α = 0.0465
 134   -21.48199226646      -12.63       -5.92    46.9s
    hm1_norm_ρdiff=0.00011403404093092315 hm1_norm_Δρ=2.937858601898364e-7  error_V_h1=0.2512258268059266  α = 0.0462
 135   -21.48199226646      -12.17       -5.50    57.8s
    hm1_norm_ρdiff=0.00011364673097556216 hm1_norm_Δρ=9.222278004496174e-7  error_V_h1=0.251222655965106  α = 0.00949
 136   -21.48199226646      -12.29       -5.57    59.5s
    hm1_norm_ρdiff=0.00011431275994877298 hm1_norm_Δρ=7.254732555575832e-7  error_V_h1=0.25122322598777985  α = 0.0101
 137   -21.48199226646      -12.34       -5.78    62.5s
    hm1_norm_ρdiff=0.00011380751095529814 hm1_norm_Δρ=4.830286301465902e-7  error_V_h1=0.25120792027329336  α = 0.0102
 138   -21.48199226646      -12.61       -5.38    63.5s
    hm1_norm_ρdiff=0.00011338602741300096 hm1_norm_Δρ=1.350466898089729e-6  error_V_h1=0.2512187451381436  α = 0.00387
 139   -21.48199226646      -12.28       -6.14    48.2s
    hm1_norm_ρdiff=0.00011395229030119577 hm1_norm_Δρ=1.646693982409557e-7  error_V_h1=0.25122539421763984  α = 0.0469
 140   -21.48199226646      -12.50       -5.82    59.5s
    hm1_norm_ρdiff=0.00011394979949627425 hm1_norm_Δρ=4.5302901993480167e-7  error_V_h1=0.25121938966710766  α = 0.0102
 141   -21.48199226646      -13.25       -5.76    62.5s
    hm1_norm_ρdiff=0.00011378590406463374 hm1_norm_Δρ=5.088680590846872e-7  error_V_h1=0.2511955732646373  α = 0.00967
 142   -21.48199226646      -12.62       -6.11    53.6s
    hm1_norm_ρdiff=0.00011403243048774774 hm1_norm_Δρ=2.1556824758733017e-7  error_V_h1=0.25119922116530374  α = 0.0229
 143   -21.48199226646      -12.53       -5.41    66.2s
    hm1_norm_ρdiff=0.000113891988761378 hm1_norm_Δρ=9.740996472263173e-7  error_V_h1=0.25120695333245746  α = 0.00958
 144   -21.48199226646      -12.24       -5.91    53.0s
    hm1_norm_ρdiff=0.00011401748360395105 hm1_norm_Δρ=2.6655602985047097e-7  error_V_h1=0.2512450840626593  α = 0.0231
 145   -21.48199226647      -12.27       -5.60    61.2s
    hm1_norm_ρdiff=0.00011374727396051205 hm1_norm_Δρ=6.455606546530708e-7  error_V_h1=0.25122761869857285  α = 0.0103
 146   -21.48199226647      -12.73       -5.54    66.7s
    hm1_norm_ρdiff=0.00011426834723433422 hm1_norm_Δρ=9.176435628241679e-7  error_V_h1=0.25122695206211404  α = 0.00396
 147   -21.48199226647      -13.17       -5.87    61.4s
    hm1_norm_ρdiff=0.00011378766014268332 hm1_norm_Δρ=3.559198442163942e-7  error_V_h1=0.25122955975466166  α = 0.00993
 148   -21.48199226647      -12.93       -6.51    46.3s
    hm1_norm_ρdiff=0.00011398230470901669 hm1_norm_Δρ=7.50911614925779e-8  error_V_h1=0.2512426966460762  α = 0.0461
 149   -21.48199226647      -12.66       -5.72    65.8s
    hm1_norm_ρdiff=0.00011412947996284713 hm1_norm_Δρ=5.786938655122781e-7  error_V_h1=0.2512376594709425  α = 0.00444
 150   -21.48199226647      -12.71       -5.74    59.4s
    hm1_norm_ρdiff=0.0001138573047666894 hm1_norm_Δρ=4.3676187555386614e-7  error_V_h1=0.2512427782378443  α = 0.0102
 151   -21.48199226647      -13.85       -6.20    56.6s
    hm1_norm_ρdiff=0.00011397006942701162 hm1_norm_Δρ=1.83085042342902e-7  error_V_h1=0.2512462380360897  α = 0.0219
 152   -21.48199226647      -12.78       -5.61    68.9s
    hm1_norm_ρdiff=0.00011423692175315381 hm1_norm_Δρ=7.273071375194816e-7  error_V_h1=0.2512565553690306  α = 0.00431
 153   -21.48199226647      -13.00       -5.85    58.6s
    hm1_norm_ρdiff=0.00011382649409916804 hm1_norm_Δρ=3.8699216496303005e-7  error_V_h1=0.25125741076054625  α = 0.00974
 154   -21.48199226647      -12.75       -5.75    59.9s
    hm1_norm_ρdiff=0.00011394307801701839 hm1_norm_Δρ=4.5450036793399693e-7  error_V_h1=0.2512477413105979  α = 0.01
 155   -21.48199226647      -13.75       -6.17    53.1s
    hm1_norm_ρdiff=0.00011392309843778584 hm1_norm_Δρ=1.4957430172684884e-7  error_V_h1=0.25123607416027677  α = 0.0222
 156   -21.48199226647      -13.03       -6.13    58.6s
    hm1_norm_ρdiff=0.00011401983775357687 hm1_norm_Δρ=1.9509791354233245e-7  error_V_h1=0.2512441324739225  α = 0.0105
 157   -21.48199226647      -13.55       -5.96    66.5s
    hm1_norm_ρdiff=0.00011383230476844344 hm1_norm_Δρ=3.5955246990286647e-7  error_V_h1=0.251245306768625  α = 0.00391
 158   -21.48199226647      -13.60       -6.17    57.9s
    hm1_norm_ρdiff=0.00011402564601897965 hm1_norm_Δρ=1.789513949050669e-7  error_V_h1=0.25124371403593276  α = 0.0102
 159   -21.48199226647      -13.85       -6.12    61.0s
    hm1_norm_ρdiff=0.00011387841854871291 hm1_norm_Δρ=1.9452850355968573e-7  error_V_h1=0.2512392328702642  α = 0.00987
 160   -21.48199226647      -13.11       -6.77    46.0s
    hm1_norm_ρdiff=0.00011397212142828023 hm1_norm_Δρ=5.302125940179191e-8  error_V_h1=0.2512405746194505  α = 0.0467
 161   -21.48199226647      -12.53       -6.00    54.2s
    hm1_norm_ρdiff=0.00011397466224570542 hm1_norm_Δρ=2.147792449580015e-7  error_V_h1=0.2512564339172149  α = 0.0229
 162   -21.48199226647      -13.25       -5.99    61.7s
    hm1_norm_ρdiff=0.00011389104089561088 hm1_norm_Δρ=3.2390817786389165e-7  error_V_h1=0.2512562469861418  α = 0.00978
 163   -21.48199226647      -13.75       -6.03    59.8s
    hm1_norm_ρdiff=0.00011383535193700513 hm1_norm_Δρ=3.0723211289720167e-7  error_V_h1=0.25124954124921106  α = 0.00964
 164   -21.48199226647      -13.60       -5.93    59.8s
    hm1_norm_ρdiff=0.00011408151114449135 hm1_norm_Δρ=3.3744338551296917e-7  error_V_h1=0.25124855891393305  α = 0.00952
 165   -21.48199226647      -13.07       -6.51    53.2s
    hm1_norm_ρdiff=0.00011395090555034529 hm1_norm_Δρ=8.232242326256904e-8  error_V_h1=0.2512508663419536  α = 0.0229
 166   -21.48199226647      -13.13       -6.13    59.5s
    hm1_norm_ρdiff=0.00011396977224878637 hm1_norm_Δρ=1.9620167193381316e-7  error_V_h1=0.2512524187865445  α = 0.0106
 167   -21.48199226647      -13.67       -6.44    59.3s
    hm1_norm_ρdiff=0.00011392589570431298 hm1_norm_Δρ=1.051471520800337e-7  error_V_h1=0.25125027535683614  α = 0.0106
 168   -21.48199226647      -13.50       -5.91    67.8s
    hm1_norm_ρdiff=0.0001141043587388649 hm1_norm_Δρ=4.0861510133129103e-7  error_V_h1=0.2512495611342853  α = 0.00381
 169   -21.48199226647   +    -Inf       -6.39    62.2s
    hm1_norm_ρdiff=0.00011391255245212459 hm1_norm_Δρ=1.0532436539397866e-7  error_V_h1=0.2512500544005701  α = 0.0105
 170   -21.48199226647      -13.50       -6.41    51.8s
    hm1_norm_ρdiff=0.00011399061067389173 hm1_norm_Δρ=9.794469694814334e-8  error_V_h1=0.2512532665566105  α = 0.0222
 171   -21.48199226647      -13.75       -6.21    55.3s
    hm1_norm_ρdiff=0.00011391682418304428 hm1_norm_Δρ=1.2834193334396732e-7  error_V_h1=0.25125388563240225  α = 0.0219
 172   -21.48199226647      -13.85       -6.07    67.6s
    hm1_norm_ρdiff=0.00011399726105027843 hm1_norm_Δρ=2.6490896068950684e-7  error_V_h1=0.2512537334329369  α = 0.00443
 173   -21.48199226647      -13.34       -6.10    59.3s
    hm1_norm_ρdiff=0.00011400167065476335 hm1_norm_Δρ=2.610714570278082e-7  error_V_h1=0.25125527418794047  α = 0.00916
 174   -21.48199226647      -13.97       -6.17    67.8s
    hm1_norm_ρdiff=0.00011404473497812157 hm1_norm_Δρ=2.3496163395744134e-7  error_V_h1=0.2512572365419681  α = 0.00434
 175   -21.48199226647      -13.97       -5.95    57.8s
    hm1_norm_ρdiff=0.00011380454342781061 hm1_norm_Δρ=3.1359072838047067e-7  error_V_h1=0.2512532058601425  α = 0.00902
 176   -21.48199226647   +    -Inf       -6.79    45.9s
    hm1_norm_ρdiff=0.00011395123387654882 hm1_norm_Δρ=4.0879915219324056e-8  error_V_h1=0.25124936336285536  α = 0.0461
 177   -21.48199226647      -13.67       -6.48    57.5s
    hm1_norm_ρdiff=0.0001139475142338786 hm1_norm_Δρ=8.699992571818362e-8  error_V_h1=0.25124866150929287  α = 0.0107
 178   -21.48199226647      -13.37       -6.64    50.9s
    hm1_norm_ρdiff=0.00011396557008141435 hm1_norm_Δρ=6.613995530773221e-8  error_V_h1=0.2512475419536222  α = 0.0225
 179   -21.48199226647   +    -Inf       -5.95    74.1s
    hm1_norm_ρdiff=0.00011381394229451758 hm1_norm_Δρ=3.690154154232308e-7  error_V_h1=0.25124732536719885  α = 0.00162
 180   -21.48199226647      -13.37       -6.77    41.2s
    hm1_norm_ρdiff=0.00011395613588818247 hm1_norm_Δρ=3.487967286406917e-8  error_V_h1=0.25122831239793963  α = 0.0895
 181   -21.48199226647   +    -Inf       -6.40    60.8s
    hm1_norm_ρdiff=0.00011389299007682037 hm1_norm_Δρ=1.251501438440197e-7  error_V_h1=0.25122738616143986  α = 0.00987
 182   -21.48199226647      -13.50       -6.18    60.6s
    hm1_norm_ρdiff=0.00011400004394752854 hm1_norm_Δρ=1.4133291938822533e-7  error_V_h1=0.2512284132605545  α = 0.0106
 183   -21.48199226647      -14.45       -6.48    61.0s
    hm1_norm_ρdiff=0.00011394142243663899 hm1_norm_Δρ=1.0225062196987667e-7  error_V_h1=0.25122789932172757  α = 0.01
 184   -21.48199226647      -13.25       -6.10    66.8s
    hm1_norm_ρdiff=0.00011392797488398194 hm1_norm_Δρ=2.762262455102864e-7  error_V_h1=0.25122812206479667  α = 0.00366
 185   -21.48199226647      -14.45       -7.27     183s
    hm1_norm_ρdiff=0.00011395119852790337 hm1_norm_Δρ=1.2519438272661861e-8  error_V_h1=0.2512281474589856  α = 0.00512
 186   -21.48199226647   +    -Inf       -6.05     241s
    hm1_norm_ρdiff=0.00011417032637713543 hm1_norm_Δρ=3.383116077654376e-7  error_V_h1=0.25122814745896455  α = 7.04e-13
 187   -21.48199226647   +    -Inf       -3.65     107s
    hm1_norm_ρdiff=0.00018064837701794624 hm1_norm_Δρ=8.495719906056344e-5  error_V_h1=0.2512301272001961  α = 6.9e-6
Trying again without preconditioner ...
n     Energy            log10(ΔE)   log10(Δρ)   Δtime
---   ---------------   ---------   ---------   ------
  1   -21.48199226647                   -5.20    92.3s
    hm1_norm_ρdiff=0.00011262778080325268 hm1_norm_Δρ=2.2615719370178303e-6  error_V_h1=0.2512313729559877  α = 0.000558
  2   -21.48199226647      -13.37       -5.15    72.3s
    hm1_norm_ρdiff=0.00011486360440137482 hm1_norm_Δρ=1.7581254313859942e-6  error_V_h1=0.2512396101732304  α = 0.00121
  3   -21.48199226647      -14.15       -5.47    75.0s
    hm1_norm_ρdiff=0.00011406224892161408 hm1_norm_Δρ=9.073310180352414e-7  error_V_h1=0.2512438387974305  α = 0.00125
  4   -21.48199226647      -14.15       -5.61    86.9s
    hm1_norm_ρdiff=0.0001139241448971323 hm1_norm_Δρ=7.475656490902264e-7  error_V_h1=0.2512442489709837  α = 0.000164
  5   -21.48199226647      -13.75       -5.88    71.7s
    hm1_norm_ρdiff=0.00011383025643986926 hm1_norm_Δρ=3.3855416888343996e-7  error_V_h1=0.2512471686156143  α = 0.00161
  6   -21.48199226647      -14.15       -5.94    63.8s
    hm1_norm_ρdiff=0.00011402199555102482 hm1_norm_Δρ=2.554305790833097e-7  error_V_h1=0.2512531230839283  α = 0.00356
  7   -21.48199226647   +    -Inf       -5.98    73.3s
    hm1_norm_ρdiff=0.00011394800457073907 hm1_norm_Δρ=2.2656202842330102e-7  error_V_h1=0.2512549762785014  α = 0.00158
  8   -21.48199226647      -13.85       -6.04    68.7s
    hm1_norm_ρdiff=0.00011391550016372925 hm1_norm_Δρ=1.8240994964126586e-7  error_V_h1=0.25125444245675266  α = 0.00378
  9   -21.48199226647   +    -Inf       -6.11     257s
    hm1_norm_ρdiff=0.0001139633784426448 hm1_norm_Δρ=1.5535668277093979e-7  error_V_h1=0.251254442433631  α = 3.14e-8
 10   -21.48199226647   +    -Inf       -6.16     127s
    hm1_norm_ρdiff=0.00011395258658104946 hm1_norm_Δρ=1.4671084062011173e-7  error_V_h1=0.2512544120702113  α = 4.7e-5

#-- |ρε - ρref| = 0.00011395221190359924 vs. 1.7782794100389228e-8 = δ*ε  error_V_h1=0.2512544120702113  Qε=0.8583195060866176


# --- ε=1.0e-6

n     Energy            log10(ΔE)   log10(Δρ)   Δtime
---   ---------------   ---------   ---------   ------
  1   -21.48185106556                   -0.89    91.4s
    hm1_norm_ρdiff=0.08206391375148499 hm1_norm_Δρ=0.08200509345098299  error_V_h1=1.5581231959040405  α = 0.000564
  2   -21.48185709640       -5.22       -1.79    64.8s
    hm1_norm_ρdiff=0.00683233127073435 hm1_norm_Δρ=0.006819370538594895  error_V_h1=1.225861451194682  α = 0.0037
  3   -21.48185882326       -5.76       -2.08    66.4s
    hm1_norm_ρdiff=0.003205830583258131 hm1_norm_Δρ=0.003197962185646576  error_V_h1=1.1134368579087983  α = 0.00381
  4   -21.48186064714       -5.74       -2.22    66.6s
    hm1_norm_ρdiff=0.0021533426137241023 hm1_norm_Δρ=0.0021452453348026292  error_V_h1=0.9804541443054409  α = 0.00413
  5   -21.48186145954       -6.09       -2.83    51.7s
    hm1_norm_ρdiff=0.0003823003930371364 hm1_norm_Δρ=0.0003747205041740613  error_V_h1=0.9212311499222609  α = 0.0226
  6   -21.48186156494       -6.98       -3.02    52.9s
    hm1_norm_ρdiff=0.0002850489924315402 hm1_norm_Δρ=0.00027922496520251607  error_V_h1=0.9208260135866546  α = 0.0217
  7   -21.48186175037       -6.73       -2.86    55.8s
    hm1_norm_ρdiff=0.0003885892733145926 hm1_norm_Δρ=0.0003843701550476109  error_V_h1=0.9114456020456219  α = 0.00995
  8   -21.48186203994       -6.54       -3.26    47.6s
    hm1_norm_ρdiff=0.0001368531613434964 hm1_norm_Δρ=0.00012708131679506796  error_V_h1=0.9052058140701815  α = 0.0466
  9   -21.48186223203       -6.72       -3.20    44.9s
    hm1_norm_ρdiff=0.00015642616874807355 hm1_norm_Δρ=0.00015324358758371333  error_V_h1=0.9009757680406616  α = 0.0462
 10   -21.48186243651       -6.69       -3.19    47.8s
    hm1_norm_ρdiff=0.00017106831128818414 hm1_norm_Δρ=0.00017142727605555776  error_V_h1=0.8912835453048156  α = 0.0462
 11   -21.48186319218       -6.12       -3.14    47.7s
    hm1_norm_ρdiff=0.0001829232016624628 hm1_norm_Δρ=0.00018763106498699274  error_V_h1=0.8180850032373352  α = 0.0465
 12   -21.48186325934       -7.17       -2.93    67.8s
    hm1_norm_ρdiff=0.0005961093504688755 hm1_norm_Δρ=0.000654798694475279  error_V_h1=0.810796920118979  α = 0.00376
 13   -21.48186416056       -6.05       -2.08    68.4s
    hm1_norm_ρdiff=0.0023057216708767207 hm1_norm_Δρ=0.0023178373369310613  error_V_h1=0.7115978602489403  α = 0.0038
 14   -21.48186444628       -6.54       -2.33    73.3s
    hm1_norm_ρdiff=0.0016492680755539541 hm1_norm_Δρ=0.0016540923234894126  error_V_h1=0.6764784845900575  α = 0.00163
 15   -21.48186455420       -6.97       -2.86    66.8s
    hm1_norm_ρdiff=0.0004806583384438753 hm1_norm_Δρ=0.0004810439934841433  error_V_h1=0.6615032609509395  α = 0.00421
 16   -21.48186484098       -6.54       -3.02    60.6s
    hm1_norm_ρdiff=0.00025324621656530903 hm1_norm_Δρ=0.00024248858908190558  error_V_h1=0.6220816729343528  α = 0.0107
 17   -21.48186496415       -6.91       -2.93    60.5s
    hm1_norm_ρdiff=0.0003577854957500892 hm1_norm_Δρ=0.00034983286270624965  error_V_h1=0.5974266068492395  α = 0.00968
 18   -21.48186500933       -7.35       -3.05    61.4s
    hm1_norm_ρdiff=0.00025722618646867833 hm1_norm_Δρ=0.00024821929623916334  error_V_h1=0.5830472102971688  α = 0.00964
 19   -21.48186512569       -6.93       -3.08    52.0s
    hm1_norm_ρdiff=0.00020254750839943832 hm1_norm_Δρ=0.00018832837788976525  error_V_h1=0.5408707466647048  α = 0.0223
 20   -21.48186548478       -6.44       -2.91    59.9s
    hm1_norm_ρdiff=0.0003259400974907106 hm1_norm_Δρ=0.00031007646105151804  error_V_h1=0.47089342431358855  α = 0.0106
 21   -21.48186585815       -6.43       -2.86    59.3s
    hm1_norm_ρdiff=0.0003831847726686245 hm1_norm_Δρ=0.0003680208513806458  error_V_h1=0.3914504902104069  α = 0.0104
 22   -21.48186615251       -6.53       -2.95    60.3s
    hm1_norm_ρdiff=0.00032920686685246857 hm1_norm_Δρ=0.0003074760691991964  error_V_h1=0.333494145916766  α = 0.0105
 23   -21.48186615865       -8.21       -2.68    74.9s
    hm1_norm_ρdiff=0.0012461969132540858 hm1_norm_Δρ=0.0011880578514078105  error_V_h1=0.3373622794354148  α = 0.00118
 24   -21.48186637618       -6.66       -2.34    68.0s
    hm1_norm_ρdiff=0.0012538693233445702 hm1_norm_Δρ=0.0012442681066417037  error_V_h1=0.3346083806838008  α = 0.00375
 25   -21.48186643865       -7.20       -3.59    52.7s
    hm1_norm_ρdiff=7.969595599091505e-5 hm1_norm_Δρ=5.555120130281686e-5  error_V_h1=0.3137776193557155  α = 0.0231
 26   -21.48186644516       -8.19       -3.17    66.7s
    hm1_norm_ρdiff=0.00028430315364171997 hm1_norm_Δρ=0.00028140318997760787  error_V_h1=0.30988586872833873  α = 0.00353
 27   -21.48186648045       -7.45       -3.43    53.3s
    hm1_norm_ρdiff=0.00010536460088576323 hm1_norm_Δρ=8.387061268293436e-5  error_V_h1=0.3001865893818031  α = 0.0107
 28   -21.48186651532       -7.46       -3.12    59.8s
    hm1_norm_ρdiff=0.00023259921167241893 hm1_norm_Δρ=0.0002287352639968405  error_V_h1=0.30095121792901325  α = 0.00948
 29   -21.48186655563       -7.39       -3.12    67.3s
    hm1_norm_ρdiff=0.0002209722630080351 hm1_norm_Δρ=0.00021440700071060498  error_V_h1=0.2956727048243457  α = 0.00444
 30   -21.48186666619       -6.96       -3.13    60.1s
    hm1_norm_ρdiff=0.00017597591504509502 hm1_norm_Δρ=0.0001680495002521125  error_V_h1=0.28705898434853766  α = 0.0107
 31   -21.48186668015       -7.86       -3.87    54.1s
    hm1_norm_ρdiff=6.677129971279919e-5 hm1_norm_Δρ=3.412066883015677e-5  error_V_h1=0.2854241440133331  α = 0.023
 32   -21.48186670278       -7.65       -3.51    62.8s
    hm1_norm_ρdiff=9.841360822901986e-5 hm1_norm_Δρ=8.363809528440077e-5  error_V_h1=0.28160511733495897  α = 0.0105
 33   -21.48186670763       -8.31       -3.79    52.3s
    hm1_norm_ρdiff=6.856344411105105e-5 hm1_norm_Δρ=4.401774169713944e-5  error_V_h1=0.2787417126010997  α = 0.0219
 34   -21.48186672126       -7.87       -2.74    79.5s
    hm1_norm_ρdiff=0.0009493706273311071 hm1_norm_Δρ=0.0010059528896844635  error_V_h1=0.27318419867401794  α = 0.000564
 35   -21.48186677762       -7.25       -2.67    68.5s
    hm1_norm_ρdiff=0.0005753987969963679 hm1_norm_Δρ=0.000578954268310128  error_V_h1=0.2401447945199204  α = 0.00381
 36   -21.48186678574       -8.09       -3.71    58.7s
    hm1_norm_ρdiff=8.243116550061061e-5 hm1_norm_Δρ=5.5822995646867986e-5  error_V_h1=0.2319872196834231  α = 0.0104
 37   -21.48186679364       -8.10       -3.13    71.4s
    hm1_norm_ρdiff=0.0003335019779280877 hm1_norm_Δρ=0.00032364988898243136  error_V_h1=0.22943716319768334  α = 0.00155
 38   -21.48186679696       -8.48       -4.06    50.9s
    hm1_norm_ρdiff=7.025060794417226e-5 hm1_norm_Δρ=2.1689440668097185e-5  error_V_h1=0.22452806569906741  α = 0.0227
 39   -21.48186680742       -7.98       -3.27    59.1s
    hm1_norm_ρdiff=0.0001810968793524806 hm1_norm_Δρ=0.00016400865058311062  error_V_h1=0.2119802340266953  α = 0.00924
 40   -21.48186680932       -8.72       -4.38    48.2s
    hm1_norm_ρdiff=6.535055610959814e-5 hm1_norm_Δρ=9.379999429187131e-6  error_V_h1=0.2111708338054263  α = 0.0466
 41   -21.48186681370       -8.36       -4.04    47.6s
    hm1_norm_ρdiff=6.953206952936601e-5 hm1_norm_Δρ=1.9560538661353785e-5  error_V_h1=0.18884093665412507  α = 0.0463
 42   -21.48186682016       -8.19       -4.01    56.0s
    hm1_norm_ρdiff=7.577039169444323e-5 hm1_norm_Δρ=2.4422445460596766e-5  error_V_h1=0.18199457359971077  α = 0.023
 43   -21.48186682499       -8.32       -4.09    46.3s
    hm1_norm_ρdiff=7.101409395309982e-5 hm1_norm_Δρ=1.8698153011612505e-5  error_V_h1=0.1812777439483813  α = 0.0464
 44   -21.48186682636       -8.86       -3.85    53.9s
    hm1_norm_ρdiff=8.001107606474385e-5 hm1_norm_Δρ=3.732536111624533e-5  error_V_h1=0.18856296283538548  α = 0.0217
 45   -21.48186682682       -9.33       -3.47    74.8s
    hm1_norm_ρdiff=0.00014199170127861474 hm1_norm_Δρ=0.00019533665775100078  error_V_h1=0.18692719536509342  α = 0.00128
 46   -21.48186683101       -8.38       -3.45    67.2s
    hm1_norm_ρdiff=0.00011695265849998973 hm1_norm_Δρ=9.497400108354325e-5  error_V_h1=0.19223535047819967  α = 0.00414
 47   -21.48186683632       -8.28       -4.14    51.7s
    hm1_norm_ρdiff=6.804913334362062e-5 hm1_norm_Δρ=1.5569966453825466e-5  error_V_h1=0.19661655406565276  α = 0.023
 48   -21.48186683783       -8.82       -4.00    67.5s
    hm1_norm_ρdiff=7.414455663523072e-5 hm1_norm_Δρ=4.016438303784533e-5  error_V_h1=0.1959074513656335  α = 0.00445
 49   -21.48186684348       -8.25       -3.71    60.7s
    hm1_norm_ρdiff=8.143173283624408e-5 hm1_norm_Δρ=4.994352490833313e-5  error_V_h1=0.19681376471807957  α = 0.0102
 50   -21.48186684657       -8.51       -3.72    59.8s
    hm1_norm_ρdiff=7.878555953346309e-5 hm1_norm_Δρ=5.15852870134114e-5  error_V_h1=0.20188145633311505  α = 0.00987
 51   -21.48186684675       -9.74       -4.15    55.2s
    hm1_norm_ρdiff=6.911329716206012e-5 hm1_norm_Δρ=1.61143756107468e-5  error_V_h1=0.2057198973495844  α = 0.0218
 52   -21.48186685069       -8.41       -3.64    60.0s
    hm1_norm_ρdiff=8.313053529694625e-5 hm1_norm_Δρ=5.38119844446333e-5  error_V_h1=0.21502287629879008  α = 0.00992
 53   -21.48186685190       -8.92       -4.20    62.6s
    hm1_norm_ρdiff=6.158948236581418e-5 hm1_norm_Δρ=1.8413474173807107e-5  error_V_h1=0.21526552759536977  α = 0.0105
 54   -21.48186685581       -8.41       -3.91    53.8s
    hm1_norm_ρdiff=6.501525402947633e-5 hm1_norm_Δρ=2.8298750850330637e-5  error_V_h1=0.21306453817624926  α = 0.0105
 55   -21.48186685817       -8.63       -3.76    59.1s
    hm1_norm_ρdiff=7.141596806067884e-5 hm1_norm_Δρ=4.4548355813508e-5  error_V_h1=0.2080010230969112  α = 0.0099
 56   -21.48186685885       -9.16       -3.36    78.0s
    hm1_norm_ρdiff=0.00027398690264781233 hm1_norm_Δρ=0.00021707736107126868  error_V_h1=0.2080319586432473  α = 0.000585
 57   -21.48186685923       -9.43       -4.14    58.2s
    hm1_norm_ρdiff=6.665443205552878e-5 hm1_norm_Δρ=1.723569874508553e-5  error_V_h1=0.20536651089784752  α = 0.00992
 58   -21.48186685947       -9.62       -4.14    61.0s
    hm1_norm_ρdiff=6.658877022732556e-5 hm1_norm_Δρ=1.8249520094801384e-5  error_V_h1=0.20473320422498906  α = 0.00955
 59   -21.48186685951      -10.38       -4.58    61.0s
    hm1_norm_ρdiff=6.648923914711714e-5 hm1_norm_Δρ=1.0679339425399112e-5  error_V_h1=0.20489186497419423  α = 0.00935
 60   -21.48186686007       -9.26       -4.17    58.4s
    hm1_norm_ρdiff=6.816768509196733e-5 hm1_norm_Δρ=1.7754488778090227e-5  error_V_h1=0.20377612828081249  α = 0.0101
 61   -21.48186686103       -9.02       -3.95    58.7s
    hm1_norm_ρdiff=7.664345432351038e-5 hm1_norm_Δρ=3.0106957827162768e-5  error_V_h1=0.20085935883471934  α = 0.00978
 62   -21.48186686189       -9.06       -4.03    59.1s
    hm1_norm_ρdiff=6.783791642777588e-5 hm1_norm_Δρ=2.2094090349532345e-5  error_V_h1=0.1982258483266087  α = 0.0101
 63   -21.48186686254       -9.19       -3.88    59.2s
    hm1_norm_ρdiff=7.464918430802046e-5 hm1_norm_Δρ=3.216717767939633e-5  error_V_h1=0.19197558205874987  α = 0.00947
 64   -21.48186686268       -9.83       -4.48    60.3s
    hm1_norm_ρdiff=6.662326004327623e-5 hm1_norm_Δρ=7.762043607826852e-6  error_V_h1=0.19125402450131132  α = 0.0104
 65   -21.48186686309       -9.39       -4.89    46.0s
    hm1_norm_ρdiff=6.55917954715314e-5 hm1_norm_Δρ=2.7792619146129545e-6  error_V_h1=0.19421890446583226  α = 0.046
 66   -21.48186686356       -9.33       -4.02    61.1s
    hm1_norm_ρdiff=7.725945365269444e-5 hm1_norm_Δρ=2.4191938225371918e-5  error_V_h1=0.196596020080923  α = 0.00963
 67   -21.48186686359      -10.49       -3.84    72.9s
    hm1_norm_ρdiff=3.722353114167168e-5 hm1_norm_Δρ=6.709255596348714e-5  error_V_h1=0.1966252460404181  α = 0.0013
 68   -21.48186686374       -9.82       -4.13    59.5s
    hm1_norm_ρdiff=6.918062761969744e-5 hm1_norm_Δρ=1.735738236277053e-5  error_V_h1=0.19978293018050847  α = 0.00938
 69   -21.48186686403       -9.54       -4.11    67.7s
    hm1_norm_ρdiff=7.088945843290137e-5 hm1_norm_Δρ=2.2128580224958817e-5  error_V_h1=0.20012646398195677  α = 0.00417
 70   -21.48186686406      -10.50       -4.30    62.0s
    hm1_norm_ρdiff=6.951443008556608e-5 hm1_norm_Δρ=2.0717896330886925e-5  error_V_h1=0.19999605735680442  α = 0.00355
 71   -21.48186686423       -9.76       -4.67    57.4s
    hm1_norm_ρdiff=6.558614942893494e-5 hm1_norm_Δρ=6.32775768839783e-6  error_V_h1=0.2004393758936948  α = 0.0106
 72   -21.48186686451       -9.55       -4.14    62.7s
    hm1_norm_ρdiff=6.669878639000707e-5 hm1_norm_Δρ=2.0129546542142445e-5  error_V_h1=0.2024522998681707  α = 0.00957
 73   -21.48186686478       -9.58       -4.43    56.6s
    hm1_norm_ρdiff=6.737962990039238e-5 hm1_norm_Δρ=8.8398449617168e-6  error_V_h1=0.20356983994993114  α = 0.0106
 74   -21.48186686536       -9.23       -3.99    65.6s
    hm1_norm_ρdiff=6.991972129548729e-5 hm1_norm_Δρ=2.658282339148831e-5  error_V_h1=0.20491495931159343  α = 0.00442
 75   -21.48186686544      -10.12       -4.94    50.9s
    hm1_norm_ρdiff=6.543746273459114e-5 hm1_norm_Δρ=2.6747469173289417e-6  error_V_h1=0.2048173602486693  α = 0.0229
 76   -21.48186686563       -9.73       -4.45    61.3s
    hm1_norm_ρdiff=6.572427058278828e-5 hm1_norm_Δρ=7.237245110094684e-6  error_V_h1=0.20286069678185373  α = 0.0106
 77   -21.48186686590       -9.56       -4.19    62.9s
    hm1_norm_ρdiff=5.874658834782098e-5 hm1_norm_Δρ=1.974304581540969e-5  error_V_h1=0.20189407736242432  α = 0.00425
 78   -21.48186686591      -10.99       -4.41    73.9s
    hm1_norm_ρdiff=7.797064057063507e-5 hm1_norm_Δρ=1.5496011838364584e-5  error_V_h1=0.20177682387150075  α = 0.00148
 79   -21.48186686608       -9.79       -4.28    68.7s
    hm1_norm_ρdiff=6.400448739881923e-5 hm1_norm_Δρ=1.32858746991988e-5  error_V_h1=0.20062239758342892  α = 0.00446
 80   -21.48186686610      -10.66       -4.46    67.8s
    hm1_norm_ρdiff=6.524398466097275e-5 hm1_norm_Δρ=1.0557524287247188e-5  error_V_h1=0.20051006411032  α = 0.00389
 81   -21.48186686615      -10.29       -4.29    72.6s
    hm1_norm_ρdiff=6.761391907717816e-5 hm1_norm_Δρ=2.138034152283975e-5  error_V_h1=0.2005679836642846  α = 0.00163
 82   -21.48186686616      -10.97       -5.15    52.5s
    hm1_norm_ρdiff=6.56689959619961e-5 hm1_norm_Δρ=1.9988724715035486e-6  error_V_h1=0.2002586013881212  α = 0.0221
 83   -21.48186686628       -9.94       -4.29    61.8s
    hm1_norm_ρdiff=6.825635438376087e-5 hm1_norm_Δρ=1.4122019686342413e-5  error_V_h1=0.19912464792235746  α = 0.00948
 84   -21.48186686630      -10.64       -5.06    53.3s
    hm1_norm_ρdiff=6.537008596888248e-5 hm1_norm_Δρ=2.1861316602744804e-6  error_V_h1=0.19876058037780303  α = 0.0222
 85   -21.48186686631      -11.13       -5.19    53.7s
    hm1_norm_ρdiff=6.597037563523484e-5 hm1_norm_Δρ=1.879836068127086e-6  error_V_h1=0.19855451210882974  α = 0.0216
 86   -21.48186686635      -10.39       -4.82    60.2s
    hm1_norm_ρdiff=6.658116834280811e-5 hm1_norm_Δρ=3.977343681364667e-6  error_V_h1=0.19906229710230322  α = 0.0101
 87   -21.48186686636      -11.03       -4.81    65.3s
    hm1_norm_ρdiff=6.639288884652371e-5 hm1_norm_Δρ=4.158385431965978e-6  error_V_h1=0.19935066260425077  α = 0.0035
 88   -21.48186686637      -10.89       -4.83    66.6s
    hm1_norm_ρdiff=6.381353457799718e-5 hm1_norm_Δρ=3.971986096745752e-6  error_V_h1=0.19928502043453944  α = 0.00435
 89   -21.48186686639      -10.66       -3.90    80.7s
    hm1_norm_ρdiff=5.149715182404323e-5 hm1_norm_Δρ=3.3979887534784884e-5  error_V_h1=0.19956399685865872  α = 0.00064
 90   -21.48186686641      -10.75       -4.96    58.7s
    hm1_norm_ρdiff=6.647354282765288e-5 hm1_norm_Δρ=2.423238872835519e-6  error_V_h1=0.20006438123994824  α = 0.00965
 91   -21.48186686641      -11.87       -5.18    54.2s
    hm1_norm_ρdiff=6.555717928972178e-5 hm1_norm_Δρ=1.7195429100255304e-6  error_V_h1=0.20014138187165928  α = 0.0221
 92   -21.48186686643      -10.80       -4.57    73.0s
    hm1_norm_ρdiff=6.686284724004955e-5 hm1_norm_Δρ=1.0644055738101394e-5  error_V_h1=0.20017223050466484  α = 0.0016
 93   -21.48186686644      -10.87       -4.72    60.0s
    hm1_norm_ρdiff=6.51502218949214e-5 hm1_norm_Δρ=4.766456155861594e-6  error_V_h1=0.19987435376895216  α = 0.00957
 94   -21.48186686652      -10.09       -4.44    68.6s
    hm1_norm_ρdiff=6.610626890849062e-5 hm1_norm_Δρ=9.661494634520074e-6  error_V_h1=0.19988464953539825  α = 0.00436
 95   -21.48186686653      -11.16       -4.71    58.6s
    hm1_norm_ρdiff=6.605910870394737e-5 hm1_norm_Δρ=4.976050552295231e-6  error_V_h1=0.20022616617006161  α = 0.00977
 96   -21.48186686655      -10.57       -4.46    66.2s
    hm1_norm_ρdiff=6.328155439605658e-5 hm1_norm_Δρ=1.0972628455541286e-5  error_V_h1=0.20048022287731407  α = 0.0039
 97   -21.48186686658      -10.65       -4.87    59.7s
    hm1_norm_ρdiff=6.357944155825946e-5 hm1_norm_Δρ=4.020371861829975e-6  error_V_h1=0.20023378726007712  α = 0.00862
 98   -21.48186686658      -11.45       -4.49    66.8s
    hm1_norm_ρdiff=6.29978904282769e-5 hm1_norm_Δρ=1.1018073542056114e-5  error_V_h1=0.19996150161979695  α = 0.00331
 99   -21.48186686659      -11.06       -5.33    50.6s
    hm1_norm_ρdiff=6.518684584725851e-5 hm1_norm_Δρ=1.2025998331099147e-6  error_V_h1=0.2002476044385125  α = 0.0227
 100   -21.48186686659      -11.46       -5.09    59.3s
    hm1_norm_ρdiff=6.584340146247452e-5 hm1_norm_Δρ=1.529376261281565e-6  error_V_h1=0.20022899624325802  α = 0.0103
 101   -21.48186686662      -10.62       -4.46    64.6s
    hm1_norm_ρdiff=6.152837873529601e-5 hm1_norm_Δρ=9.534596095857783e-6  error_V_h1=0.2003128269281431  α = 0.00384
 102   -21.48186686665      -10.53       -5.03    61.0s
    hm1_norm_ρdiff=6.530188977662578e-5 hm1_norm_Δρ=2.5154301702056486e-6  error_V_h1=0.20028174558976297  α = 0.0105
 103   -21.48186686666      -10.73       -5.11    57.5s
    hm1_norm_ρdiff=6.624330367978646e-5 hm1_norm_Δρ=2.7303216055279335e-6  error_V_h1=0.20047853970512003  α = 0.00973
 104   -21.48186686670      -10.42       -4.53    67.3s
    hm1_norm_ρdiff=6.803021057435176e-5 hm1_norm_Δρ=6.586326892464416e-6  error_V_h1=0.2008242250797774  α = 0.0038
 105   -21.48186686671      -10.97       -5.19    60.7s
    hm1_norm_ρdiff=6.575572949120062e-5 hm1_norm_Δρ=1.7638821887507996e-6  error_V_h1=0.20089367631789323  α = 0.01
 106   -21.48186686674      -10.56       -4.93    57.8s
    hm1_norm_ρdiff=6.543569806785709e-5 hm1_norm_Δρ=3.0812586145900093e-6  error_V_h1=0.20059543136319477  α = 0.0104
 107   -21.48186686675      -11.04       -5.01    67.1s
    hm1_norm_ρdiff=6.636387086307888e-5 hm1_norm_Δρ=3.269479586630084e-6  error_V_h1=0.2004724870041739  α = 0.00446
 108   -21.48186686675      -11.49       -5.08    58.9s
    hm1_norm_ρdiff=6.69456262185767e-5 hm1_norm_Δρ=2.760008054260914e-6  error_V_h1=0.20033586160552394  α = 0.0091
 109   -21.48186686676      -11.20       -4.72    67.6s
    hm1_norm_ρdiff=6.435896673700328e-5 hm1_norm_Δρ=3.644792401020344e-6  error_V_h1=0.19996873907030333  α = 0.0043
 110   -21.48186686677      -10.95       -4.82    66.1s
    hm1_norm_ρdiff=6.593684135198273e-5 hm1_norm_Δρ=4.344966625256788e-6  error_V_h1=0.19972456899331317  α = 0.00428
 111   -21.48186686677      -11.55       -5.42    53.2s
    hm1_norm_ρdiff=6.544967012466347e-5 hm1_norm_Δρ=6.456286166666803e-7  error_V_h1=0.19967792811806157  α = 0.0218
 112   -21.48186686678      -11.27       -4.83    63.9s
    hm1_norm_ρdiff=6.699010095148527e-5 hm1_norm_Δρ=4.061272739365472e-6  error_V_h1=0.19957452195679476  α = 0.00383
 113   -21.48186686678      -12.35       -5.45    55.6s
    hm1_norm_ρdiff=6.539141139760707e-5 hm1_norm_Δρ=9.131106467105669e-7  error_V_h1=0.19958452290484474  α = 0.022
 114   -21.48186686678      -11.80       -4.91    58.0s
    hm1_norm_ρdiff=6.408343774362469e-5 hm1_norm_Δρ=4.280950459416917e-6  error_V_h1=0.199499539902781  α = 0.00344
 115   -21.48186686678      -11.51       -5.25    50.1s
    hm1_norm_ρdiff=6.601749178493213e-5 hm1_norm_Δρ=1.286404095312887e-6  error_V_h1=0.19963006618029705  α = 0.0101
 116   -21.48186686679      -11.60       -4.85    56.8s
    hm1_norm_ρdiff=6.47434222080037e-5 hm1_norm_Δρ=3.8293249789578025e-6  error_V_h1=0.19955435459800994  α = 0.00376
 117   -21.48186686679      -11.24       -5.35    51.6s
    hm1_norm_ρdiff=6.524308299613304e-5 hm1_norm_Δρ=1.1199881589868911e-6  error_V_h1=0.19957367667608567  α = 0.0105
 118   -21.48186686680      -11.43       -5.62    43.9s
    hm1_norm_ρdiff=6.517348606903828e-5 hm1_norm_Δρ=5.960924966424797e-7  error_V_h1=0.19947270552578847  α = 0.0228
 119   -21.48186686680      -11.40       -4.63    59.8s
    hm1_norm_ρdiff=6.176010797448864e-5 hm1_norm_Δρ=7.863878753435586e-6  error_V_h1=0.19960043806412683  α = 0.00154
 120   -21.48186686680      -11.93       -5.00     108s
    hm1_norm_ρdiff=6.568504298423601e-5 hm1_norm_Δρ=2.1257212953796915e-6  error_V_h1=0.19971497794976026  α = 0.00415
 121   -21.48186686681      -11.27       -5.62    86.7s
    hm1_norm_ρdiff=6.549513041807794e-5 hm1_norm_Δρ=4.559242824595398e-7  error_V_h1=0.19999853187814723  α = 0.0229
 122   -21.48186686681      -11.52       -5.44    87.8s
    hm1_norm_ρdiff=6.540435609948554e-5 hm1_norm_Δρ=7.069947287439953e-7  error_V_h1=0.20003075162634684  α = 0.0103
 123   -21.48186686681      -11.91       -5.18     113s
    hm1_norm_ρdiff=6.524209414096748e-5 hm1_norm_Δρ=2.0558817969174884e-6  error_V_h1=0.20007032825838875  α = 0.0038
 124   -21.48186686681      -11.44       -5.22    94.3s
    hm1_norm_ρdiff=6.561630122293871e-5 hm1_norm_Δρ=1.5949688232158999e-6  error_V_h1=0.19999290883704746  α = 0.00999
 125   -21.48186686682      -12.03       -5.00    74.5s
    hm1_norm_ρdiff=6.674965572159708e-5 hm1_norm_Δρ=3.466752715834131e-6  error_V_h1=0.200004098897712  α = 0.0016
 126   -21.48186686682      -12.08       -5.32    59.0s
    hm1_norm_ρdiff=6.477475363852186e-5 hm1_norm_Δρ=1.1543079801071722e-6  error_V_h1=0.19995544841394217  α = 0.00419
 127   -21.48186686682      -12.06       -4.89    57.1s
    hm1_norm_ρdiff=6.596885805572537e-5 hm1_norm_Δρ=3.3907785119474257e-6  error_V_h1=0.1999967496782218  α = 0.00365
 128   -21.48186686682      -12.16       -5.68    50.4s
    hm1_norm_ρdiff=6.554919592829403e-5 hm1_norm_Δρ=5.543557471718203e-7  error_V_h1=0.19999193677827592  α = 0.0101
 129   -21.48186686682      -11.83       -5.58    50.7s
    hm1_norm_ρdiff=6.581610985622925e-5 hm1_norm_Δρ=7.122593221496898e-7  error_V_h1=0.19999695682385413  α = 0.0101
 130   -21.48186686682      -11.85       -5.74    50.7s
    hm1_norm_ρdiff=6.549009239458821e-5 hm1_norm_Δρ=4.415817332341816e-7  error_V_h1=0.199992436147168  α = 0.0107
 131   -21.48186686682      -12.45       -5.20    63.8s
    hm1_norm_ρdiff=6.490561654984898e-5 hm1_norm_Δρ=1.7987720468022902e-6  error_V_h1=0.2000249418916272  α = 0.00176
 132   -21.48186686682      -12.10       -5.86    46.2s
    hm1_norm_ρdiff=6.552607071706543e-5 hm1_norm_Δρ=3.696305201941024e-7  error_V_h1=0.20011290785618752  α = 0.0224
 133   -21.48186686682      -11.66       -5.81    44.5s
    hm1_norm_ρdiff=6.547003989971956e-5 hm1_norm_Δρ=3.8212785654123256e-7  error_V_h1=0.20016201174010892  α = 0.0217
 134   -21.48186686682      -12.09       -5.42    57.5s
    hm1_norm_ρdiff=6.565071365687869e-5 hm1_norm_Δρ=1.3042473920269218e-6  error_V_h1=0.20016947508436111  α = 0.00435
 135   -21.48186686683      -11.72       -5.35    53.3s
    hm1_norm_ρdiff=6.553813060980788e-5 hm1_norm_Δρ=1.2606389910993675e-6  error_V_h1=0.2001509364318653  α = 0.00978
 136   -21.48186686683      -12.35       -5.02    57.7s
    hm1_norm_ρdiff=6.487129880416328e-5 hm1_norm_Δρ=2.933118190238404e-6  error_V_h1=0.20014266194744723  α = 0.00168
 137   -21.48186686683      -11.92       -5.64    47.9s
    hm1_norm_ρdiff=6.535890637035277e-5 hm1_norm_Δρ=6.119246360500995e-7  error_V_h1=0.20010342560087374  α = 0.0096
 138   -21.48186686683      -12.14       -5.25    53.3s
    hm1_norm_ρdiff=6.538050801308612e-5 hm1_norm_Δρ=1.540950337937404e-6  error_V_h1=0.2000788299904678  α = 0.00424
 139   -21.48186686683      -12.00       -5.41    52.6s
    hm1_norm_ρdiff=6.492574794696527e-5 hm1_norm_Δρ=1.2272191800156822e-6  error_V_h1=0.20006142138926683  α = 0.00431
 140   -21.48186686683      -11.86       -5.50    47.1s
    hm1_norm_ρdiff=6.501236467465052e-5 hm1_norm_Δρ=8.9550581313654e-7  error_V_h1=0.2000081270415258  α = 0.0104
 141   -21.48186686683      -12.50       -5.36    57.0s
    hm1_norm_ρdiff=6.647797800088418e-5 hm1_norm_Δρ=1.5198056535776012e-6  error_V_h1=0.19999916626841424  α = 0.00138
 142   -21.48186686683      -12.62       -5.35    56.3s
    hm1_norm_ρdiff=6.553545161434895e-5 hm1_norm_Δρ=1.0766135204586674e-6  error_V_h1=0.20001688066404386  α = 0.00145
 143   -21.48186686683      -11.92       -5.24    51.2s
    hm1_norm_ρdiff=6.491584791486123e-5 hm1_norm_Δρ=1.6308308172642616e-6  error_V_h1=0.1999651358539296  α = 0.00414
 144   -21.48186686683      -12.15       -5.64    46.5s
    hm1_norm_ρdiff=6.525106367375415e-5 hm1_norm_Δρ=6.544605904162263e-7  error_V_h1=0.19993055113489075  α = 0.00951
 145   -21.48186686683      -12.57       -5.62    53.5s
    hm1_norm_ρdiff=6.575497956954304e-5 hm1_norm_Δρ=8.053161691535038e-7  error_V_h1=0.19992942595077828  α = 0.0041
 146   -21.48186686683      -11.93       -5.37    51.8s
    hm1_norm_ρdiff=6.524257933895408e-5 hm1_norm_Δρ=1.4045436772026617e-6  error_V_h1=0.19994288115572414  α = 0.00423
 147   -21.48186686684      -13.67       -5.70    46.1s
    hm1_norm_ρdiff=6.541523696832223e-5 hm1_norm_Δρ=4.447229806862145e-7  error_V_h1=0.199939155311865  α = 0.00978
 148   -21.48186686684      -12.15       -5.58    46.6s
    hm1_norm_ρdiff=6.548406029622018e-5 hm1_norm_Δρ=5.868387876568096e-7  error_V_h1=0.19994117946192608  α = 0.0101
 149   -21.48186686684      -12.53       -5.74    52.6s
    hm1_norm_ρdiff=6.545986292147498e-5 hm1_norm_Δρ=5.671869069353736e-7  error_V_h1=0.199943754396295  α = 0.00402
 150   -21.48186686684      -12.63       -5.99    42.0s
    hm1_norm_ρdiff=6.547677032540784e-5 hm1_norm_Δρ=2.617712911385122e-7  error_V_h1=0.19995965224075105  α = 0.0209
 151   -21.48186686684      -12.66       -5.51    51.3s
    hm1_norm_ρdiff=6.572627951062463e-5 hm1_norm_Δρ=7.440743536765061e-7  error_V_h1=0.19997162092505405  α = 0.0042
 152   -21.48186686684      -12.93       -5.50    57.5s
    hm1_norm_ρdiff=6.492985553742365e-5 hm1_norm_Δρ=1.021556996664156e-6  error_V_h1=0.1999808190547659  α = 0.00164
 153   -21.48186686684      -12.81       -5.93    46.7s
    hm1_norm_ρdiff=6.561202192432522e-5 hm1_norm_Δρ=3.989344615781957e-7  error_V_h1=0.1999866584248943  α = 0.00979
 154   -21.48186686684      -12.93       -5.96    47.8s
    hm1_norm_ρdiff=6.550430877343502e-5 hm1_norm_Δρ=2.846480736773675e-7  error_V_h1=0.20000639971271417  α = 0.00992
 155   -21.48186686684      -13.17       -6.01    41.6s
    hm1_norm_ρdiff=6.541828776307371e-5 hm1_norm_Δρ=1.9761901314652014e-7  error_V_h1=0.20000200076181915  α = 0.0223
 156   -21.48186686684      -12.71       -6.08    47.6s
    hm1_norm_ρdiff=6.533254300180103e-5 hm1_norm_Δρ=2.873048751003352e-7  error_V_h1=0.19999513441645786  α = 0.00982
 157   -21.48186686684      -13.97       -5.84    47.0s
    hm1_norm_ρdiff=6.540976441345954e-5 hm1_norm_Δρ=4.3996059857001366e-7  error_V_h1=0.199993822018088  α = 0.00905
 158   -21.48186686684      -12.61       -5.63    52.3s
    hm1_norm_ρdiff=6.524056598013853e-5 hm1_norm_Δρ=6.798428854280552e-7  error_V_h1=0.1999963411002111  α = 0.00427
 159   -21.48186686684      -12.41       -5.53    53.2s
    hm1_norm_ρdiff=6.55203425539746e-5 hm1_norm_Δρ=5.795859896346955e-7  error_V_h1=0.1999924272874315  α = 0.00447
 160   -21.48186686684      -12.46       -6.32    42.0s
    hm1_norm_ρdiff=6.537998893808379e-5 hm1_norm_Δρ=1.2848396750862265e-7  error_V_h1=0.19998093058108476  α = 0.0228
 161   -21.48186686684      -12.63       -5.68    46.6s
    hm1_norm_ρdiff=6.528297037605421e-5 hm1_norm_Δρ=5.840423978250055e-7  error_V_h1=0.19997504340003028  α = 0.00924
 162   -21.48186686684      -13.37       -6.02    47.9s
    hm1_norm_ρdiff=6.534486908231649e-5 hm1_norm_Δρ=3.0411890952695964e-7  error_V_h1=0.19997316833825607  α = 0.00947
 163   -21.48186686684      -13.25       -5.29    57.7s
    hm1_norm_ρdiff=6.594512165057895e-5 hm1_norm_Δρ=1.3047408771747316e-6  error_V_h1=0.19996592358678417  α = 0.00163
 164   -21.48186686684      -12.32       -5.83    46.7s
    hm1_norm_ρdiff=6.529906127280131e-5 hm1_norm_Δρ=3.648252251157499e-7  error_V_h1=0.19996720129478274  α = 0.0105
 165   -21.48186686684      -12.63       -5.90    47.2s
    hm1_norm_ρdiff=6.561007101957967e-5 hm1_norm_Δρ=3.446337845066348e-7  error_V_h1=0.19998959562623903  α = 0.0104
 166   -21.48186686684      -12.80       -5.63    51.5s
    hm1_norm_ρdiff=6.532224275245286e-5 hm1_norm_Δρ=6.006749334970027e-7  error_V_h1=0.19998535915031615  α = 0.00416
 167   -21.48186686684      -12.64       -6.04    46.0s
    hm1_norm_ρdiff=6.544544533614185e-5 hm1_norm_Δρ=2.18152625154061e-7  error_V_h1=0.19999025598572814  α = 0.0103
 168   -21.48186686684      -13.00       -5.38    52.5s
    hm1_norm_ρdiff=6.506737108219933e-5 hm1_norm_Δρ=1.2259477805930926e-6  error_V_h1=0.19997766841455683  α = 0.00388
 169   -21.48186686684      -12.86       -5.87    52.3s
    hm1_norm_ρdiff=6.557131234449596e-5 hm1_norm_Δρ=3.92242007407636e-7  error_V_h1=0.19997924119302854  α = 0.00395
 170   -21.48186686684      -13.22       -5.93    47.3s
    hm1_norm_ρdiff=6.54325232410332e-5 hm1_norm_Δρ=2.778845976644856e-7  error_V_h1=0.19998787719985073  α = 0.00977
 171   -21.48186686684      -12.73       -6.13    47.4s
    hm1_norm_ρdiff=6.548652368855859e-5 hm1_norm_Δρ=1.9449257732787083e-7  error_V_h1=0.1999919438435515  α = 0.0101
 172   -21.48186686684      -12.88       -5.53    51.3s
    hm1_norm_ρdiff=6.567955018133489e-5 hm1_norm_Δρ=9.193119565193014e-7  error_V_h1=0.19999047135292985  α = 0.00376
 173   -21.48186686684      -12.78       -5.45    58.4s
    hm1_norm_ρdiff=6.583997133594297e-5 hm1_norm_Δρ=1.3130279188059413e-6  error_V_h1=0.19999139183792677  α = 0.00154
 174   -21.48186686684      -13.27       -5.54    58.2s
    hm1_norm_ρdiff=6.5222307516817e-5 hm1_norm_Δρ=6.98984681624356e-7  error_V_h1=0.19999359372158496  α = 0.00166
 175   -21.48186686684      -12.88       -6.21    47.1s
    hm1_norm_ρdiff=6.545931811045344e-5 hm1_norm_Δρ=1.4034243101422446e-7  error_V_h1=0.1999868063678351  α = 0.0106
 176   -21.48186686684      -13.13       -5.77    52.3s
    hm1_norm_ρdiff=6.522315062668836e-5 hm1_norm_Δρ=4.800649224983499e-7  error_V_h1=0.19997432857242087  α = 0.00436
 177   -21.48186686684      -13.41       -5.92    52.2s
    hm1_norm_ρdiff=6.548173322262577e-5 hm1_norm_Δρ=3.2052999068252675e-7  error_V_h1=0.19997368055710107  α = 0.00395
 178   -21.48186686684      -12.97       -6.61    37.0s
    hm1_norm_ρdiff=6.541116947505822e-5 hm1_norm_Δρ=6.071935968153693e-8  error_V_h1=0.1999461234390338  α = 0.0463
 179   -21.48186686684      -13.22       -5.58    52.4s
    hm1_norm_ρdiff=6.57581618057713e-5 hm1_norm_Δρ=9.174987691845499e-7  error_V_h1=0.1999543726392788  α = 0.00372
 180   -21.48186686684      -13.97       -6.17    52.2s
    hm1_norm_ρdiff=6.536341132062062e-5 hm1_norm_Δρ=1.876855858174229e-7  error_V_h1=0.19995165112804045  α = 0.00436
 181   -21.48186686684      -12.97       -5.98    46.4s
    hm1_norm_ρdiff=6.541713293216891e-5 hm1_norm_Δρ=2.469925387788203e-7  error_V_h1=0.1999330188649723  α = 0.00968
 182   -21.48186686684      -13.55       -6.58    35.6s
    hm1_norm_ρdiff=6.542168182361738e-5 hm1_norm_Δρ=5.732974737601621e-8  error_V_h1=0.19992435113346207  α = 0.0461
 183   -21.48186686684      -13.97       -5.77    51.3s
    hm1_norm_ρdiff=6.523317086821497e-5 hm1_norm_Δρ=5.149079658890807e-7  error_V_h1=0.19992919075463098  α = 0.0035
 184   -21.48186686684      -13.50       -6.58    41.2s
    hm1_norm_ρdiff=6.544228866188358e-5 hm1_norm_Δρ=6.377544167648568e-8  error_V_h1=0.1999352211650647  α = 0.0227
 185   -21.48186686684      -13.27       -6.31    46.5s
    hm1_norm_ρdiff=6.545943270360092e-5 hm1_norm_Δρ=1.3161703073420467e-7  error_V_h1=0.19993839133889899  α = 0.0108
 186   -21.48186686684      -13.27       -5.75    52.2s
    hm1_norm_ρdiff=6.520014016741446e-5 hm1_norm_Δρ=5.250587408926947e-7  error_V_h1=0.19994467502499766  α = 0.00364
 187   -21.48186686684      -13.55       -6.11    46.2s
    hm1_norm_ρdiff=6.54557034062087e-5 hm1_norm_Δρ=1.9029309475376874e-7  error_V_h1=0.19994318974160175  α = 0.00978
 188   -21.48186686684      -13.55       -6.48    41.6s
    hm1_norm_ρdiff=6.539093694764139e-5 hm1_norm_Δρ=8.339334691161636e-8  error_V_h1=0.19994332726986358  α = 0.0225
 189   -21.48186686684      -13.97       -5.87    51.7s
    hm1_norm_ρdiff=6.550061315491079e-5 hm1_norm_Δρ=4.397063048181412e-7  error_V_h1=0.19995044720455252  α = 0.0039
 190   -21.48186686684      -13.25       -5.80    51.0s
    hm1_norm_ρdiff=6.522662771176043e-5 hm1_norm_Δρ=5.261259732351737e-7  error_V_h1=0.19994813096365438  α = 0.00396
 191   -21.48186686684      -12.93       -6.28    45.8s
    hm1_norm_ρdiff=6.545953740674992e-5 hm1_norm_Δρ=1.1541506507398155e-7  error_V_h1=0.19995996193097135  α = 0.00974
 192   -21.48186686684      -13.75       -5.83    52.7s
    hm1_norm_ρdiff=6.5369015101084e-5 hm1_norm_Δρ=4.091801864506644e-7  error_V_h1=0.19996643634519598  α = 0.00406
 193   -21.48186686684      -13.11       -6.19    47.7s
    hm1_norm_ρdiff=6.542905733710167e-5 hm1_norm_Δρ=1.4560490774962235e-7  error_V_h1=0.19997074612637777  α = 0.0104
 194   -21.48186686684   +    -Inf       -6.30    53.0s
    hm1_norm_ρdiff=6.547371831585776e-5 hm1_norm_Δρ=1.489140036731428e-7  error_V_h1=0.19996829810580422  α = 0.00414
 195   -21.48186686684      -13.30       -6.10    51.5s
    hm1_norm_ρdiff=6.533665095092334e-5 hm1_norm_Δρ=2.0640659577783402e-7  error_V_h1=0.19996583817798827  α = 0.00418
 196   -21.48186686684      -13.97       -6.05    53.1s
    hm1_norm_ρdiff=6.549053268901052e-5 hm1_norm_Δρ=2.2069501108925784e-7  error_V_h1=0.19996847268272394  α = 0.00374
 197   -21.48186686684      -13.34       -5.65    58.4s
    hm1_norm_ρdiff=6.572345089695314e-5 hm1_norm_Δρ=7.137437063551419e-7  error_V_h1=0.19996706002546905  α = 0.00161
 198   -21.48186686684      -13.67       -6.29    46.2s
    hm1_norm_ρdiff=6.54028525186737e-5 hm1_norm_Δρ=1.3951523335363015e-7  error_V_h1=0.1999654433384057  α = 0.00944
 199   -21.48186686684      -13.85       -5.98    52.2s
    hm1_norm_ρdiff=6.552916606458982e-5 hm1_norm_Δρ=2.75221767805527e-7  error_V_h1=0.199964561093297  α = 0.00421
 200   -21.48186686684      -13.75       -5.94    58.2s
    hm1_norm_ρdiff=6.537325293993228e-5 hm1_norm_Δρ=3.710553098133671e-7  error_V_h1=0.1999618662437392  α = 0.00163
 201   -21.48186686684   +    -Inf       -5.98    53.0s
    hm1_norm_ρdiff=6.556393720254178e-5 hm1_norm_Δρ=3.404066137778124e-7  error_V_h1=0.19996033098424507  α = 0.00361
 202   -21.48186686684      -13.85       -6.61    46.8s
    hm1_norm_ρdiff=6.54360288696638e-5 hm1_norm_Δρ=5.4749868877066064e-8  error_V_h1=0.19996472196706117  α = 0.0106
 203   -21.48186686684      -13.75       -6.31    51.7s
    hm1_norm_ρdiff=6.54363747991685e-5 hm1_norm_Δρ=1.368057426293812e-7  error_V_h1=0.19996174327252977  α = 0.00459
 204   -21.48186686684      -13.97       -6.50    46.9s
    hm1_norm_ρdiff=6.541958421729172e-5 hm1_norm_Δρ=7.404945499673793e-8  error_V_h1=0.19995727275771383  α = 0.0102
 205   -21.48186686684      -13.45       -6.41    52.3s
    hm1_norm_ρdiff=6.544876894834083e-5 hm1_norm_Δρ=9.508655269594757e-8  error_V_h1=0.1999550146674862  α = 0.00455
 206   -21.48186686684      -13.60       -6.70    41.6s
    hm1_norm_ρdiff=6.541853170344481e-5 hm1_norm_Δρ=3.4889387014624464e-8  error_V_h1=0.19995297753497854  α = 0.0216
 207   -21.48186686684      -13.55       -6.04    52.7s
    hm1_norm_ρdiff=6.53478446944454e-5 hm1_norm_Δρ=2.1420691099081308e-7  error_V_h1=0.1999480043657708  α = 0.00405
 208   -21.48186686684      -14.45       -6.37    63.9s
    hm1_norm_ρdiff=6.540737582683099e-5 hm1_norm_Δρ=1.271032220896298e-7  error_V_h1=0.19994795430004703  α = 0.000367
 209   -21.48186686684   +    -Inf       -6.35    52.6s
    hm1_norm_ρdiff=6.548646654848259e-5 hm1_norm_Δρ=1.2950506843503848e-7  error_V_h1=0.19994910077264777  α = 0.00435
 210   -21.48186686684      -13.85       -6.25    52.1s
    hm1_norm_ρdiff=6.532404889333807e-5 hm1_norm_Δρ=1.9466078895254e-7  error_V_h1=0.19994831797230006  α = 0.00374
 211   -21.48186686684      -13.41       -6.72    41.1s
    hm1_norm_ρdiff=6.543066365534433e-5 hm1_norm_Δρ=4.1374111651463683e-8  error_V_h1=0.1999461958402179  α = 0.0231
 212   -21.48186686684      -13.97       -5.95    58.4s
    hm1_norm_ρdiff=6.527927424764554e-5 hm1_norm_Δρ=3.661722199860019e-7  error_V_h1=0.19994591795537928  α = 0.00163
 213   -21.48186686684      -13.75       -6.86    42.0s
    hm1_norm_ρdiff=6.54213923229538e-5 hm1_norm_Δρ=3.339299941839762e-8  error_V_h1=0.1999451767164136  α = 0.0227
 214   -21.48186686684      -13.75       -6.58    46.8s
    hm1_norm_ρdiff=6.54411269019341e-5 hm1_norm_Δρ=8.450041575575014e-8  error_V_h1=0.19994204563496892  α = 0.01
 215   -21.48186686684      -13.85       -6.50    41.4s
    hm1_norm_ρdiff=6.542130022724238e-5 hm1_norm_Δρ=6.142512528768499e-8  error_V_h1=0.19993948771515072  α = 0.0224
 216   -21.48186686684   +    -Inf       -6.38    51.8s
    hm1_norm_ρdiff=6.544885308316207e-5 hm1_norm_Δρ=1.1416071560599691e-7  error_V_h1=0.19994021175492374  α = 0.00435
 217   -21.48186686684      -13.45       -6.48    52.2s
    hm1_norm_ρdiff=6.540364318637033e-5 hm1_norm_Δρ=9.68028107141086e-8  error_V_h1=0.19994168554264471  α = 0.00357
 218   -21.48186686684      -14.45       -6.20    52.0s
    hm1_norm_ρdiff=6.547599837780944e-5 hm1_norm_Δρ=1.4827151927833367e-7  error_V_h1=0.19994457121170758  α = 0.00399
 219   -21.48186686684      -14.45       -6.48     215s
    hm1_norm_ρdiff=6.541391803362173e-5 hm1_norm_Δρ=1.0844734122573331e-7  error_V_h1=0.19994457121166492  α = 5.07e-14
 220   -21.48186686684   +  -13.97       -4.59     111s
    hm1_norm_ρdiff=6.52470153659886e-5 hm1_norm_Δρ=8.35192128163069e-6  error_V_h1=0.1999445712116921  α = 0.0
 221   -21.48186686684      -13.97       -6.14    62.5s
    hm1_norm_ρdiff=6.51039438658841e-5 hm1_norm_Δρ=4.074202885312925e-7  error_V_h1=0.19994426564563839  α = 0.000551
 222   -21.48186686684      -13.97       -6.33    61.1s
    hm1_norm_ρdiff=6.547426688075522e-5 hm1_norm_Δρ=2.0029817087393796e-7  error_V_h1=0.19994434115584822  α = 0.000441
 223   -21.48186686684      -14.45       -6.58    51.7s
    hm1_norm_ρdiff=6.539037859010547e-5 hm1_norm_Δρ=9.533431941716507e-8  error_V_h1=0.19994420510027067  α = 0.00409
 224   -21.48186686684      -14.45       -6.48    93.9s
    hm1_norm_ρdiff=6.544258463557917e-5 hm1_norm_Δρ=9.73365064773885e-8  error_V_h1=0.19994426944578458  α = 0.00026
 225   -21.48186686684   +  -13.85       -7.05    78.6s
    hm1_norm_ρdiff=6.542330570995834e-5 hm1_norm_Δρ=2.126840146169923e-8  error_V_h1=0.19994426944559904  α = 0.0
 226   -21.48186686684   +    -Inf       -6.18    57.9s
    hm1_norm_ρdiff=6.547337679174206e-5 hm1_norm_Δρ=2.874771492940104e-7  error_V_h1=0.19994474478619825  α = 0.0015
 227   -21.48186686684      -14.15       -7.12    61.5s
    hm1_norm_ρdiff=6.540268127457685e-5 hm1_norm_Δρ=2.7433350095176715e-8  error_V_h1=0.19994473773828614  α = 0.00207
 228   -21.48186686684      -14.45       -6.01    56.7s
    hm1_norm_ρdiff=6.553087378464967e-5 hm1_norm_Δρ=2.5999115806868734e-7  error_V_h1=0.1999459501116501  α = 0.00163
 229   -21.48186686684      -13.85       -6.83    56.5s
    hm1_norm_ρdiff=6.543642958364166e-5 hm1_norm_Δρ=5.145067507844912e-8  error_V_h1=0.199946103344239  α = 0.00114
 230   -21.48186686684      -14.45       -6.86    40.4s
    hm1_norm_ρdiff=6.541945898607105e-5 hm1_norm_Δρ=2.831601091625525e-8  error_V_h1=0.19994786763840902  α = 0.0228
 231   -21.48186686684      -13.85       -6.94    51.3s
    hm1_norm_ρdiff=6.542052429154919e-5 hm1_norm_Δρ=3.225608170827249e-8  error_V_h1=0.19994817209835292  α = 0.00319
 232   -21.48186686684      -13.97       -6.84     367s
    hm1_norm_ρdiff=6.541664073708332e-5 hm1_norm_Δρ=4.118067474336961e-8  error_V_h1=0.19994817211599875  α = 8.93e-8
 233   -21.48186686684   +  -14.45       -7.29    73.4s
    hm1_norm_ρdiff=6.542276945766876e-5 hm1_norm_Δρ=1.138504666551449e-8  error_V_h1=0.19994817211577412  α = 0.0
 234   -21.48186686684      -14.45       -6.19     152s
    hm1_norm_ρdiff=6.519114580612768e-5 hm1_norm_Δρ=3.3096290153186314e-7  error_V_h1=0.19994817211547525  α = 5.4e-16
 235   -21.48186686684   +  -14.45       -5.27     106s
    hm1_norm_ρdiff=6.377405012947295e-5 hm1_norm_Δρ=2.632531955737184e-6  error_V_h1=0.19994817211542407  α = 0.0
 236   -21.48186686684      -14.45       -6.19     279s
    hm1_norm_ρdiff=6.519114594618325e-5 hm1_norm_Δρ=3.3096275961415526e-7  error_V_h1=0.1999481721154679  α = 9.72e-11
 237   -21.48186686684   +  -13.97       -3.88     115s
    hm1_norm_ρdiff=5.116648664805756e-5 hm1_norm_Δρ=6.741592189304681e-5  error_V_h1=0.19994817211528476  α = 0.0
 238   -21.48186686684   +    -Inf       -6.19    56.7s
    hm1_norm_ρdiff=6.519143291847877e-5 hm1_norm_Δρ=3.309626712833209e-7  error_V_h1=0.19994776705639705  α = 0.00124
 239   -21.48186686684      -14.45       -6.54    57.6s
    hm1_norm_ρdiff=6.549180995904684e-5 hm1_norm_Δρ=1.256214349506451e-7  error_V_h1=0.19994820032470648  α = 0.00146
 240   -21.48186686684   +  -14.15       -6.96    78.0s
    hm1_norm_ρdiff=6.541633303060877e-5 hm1_norm_Δρ=3.482287046126854e-8  error_V_h1=0.19994820032495247  α = 0.0
 241   -21.48186686684      -13.85       -6.31    61.2s
    hm1_norm_ρdiff=6.564530862971084e-5 hm1_norm_Δρ=2.757658103146246e-7  error_V_h1=0.19994841391961743  α = 0.000435
 242   -21.48186686684   +    -Inf       -7.02     194s
    hm1_norm_ρdiff=6.540977257846576e-5 hm1_norm_Δρ=3.468190115947707e-8  error_V_h1=0.1999484139195561  α = 3.83e-11
 243   -21.48186686684   +    -Inf       -3.84     236s
    hm1_norm_ρdiff=6.613982079198119e-5 hm1_norm_Δρ=5.30495564554268e-5  error_V_h1=0.1999484139196356  α = 1.05e-15
Trying again without preconditioner ...
n     Energy            log10(ΔE)   log10(Δρ)   Δtime
---   ---------------   ---------   ---------   ------
  1   -21.48186686684                   -5.76     105s
    hm1_norm_ρdiff=6.558153430845457e-5 hm1_norm_Δρ=4.91366110474366e-7  error_V_h1=0.19994841391968102  α = 0.0
  2   -21.48186686684      -13.97       -5.76     157s
    hm1_norm_ρdiff=6.558153440700198e-5 hm1_norm_Δρ=4.913661883451751e-7  error_V_h1=0.19994841404368624  α = 4.73e-8
  3   -21.48186686684      -14.45       -5.55     148s
    hm1_norm_ρdiff=6.487951956144659e-5 hm1_norm_Δρ=8.561868225684679e-7  error_V_h1=0.19994841404381916  α = 4.01e-11
  4   -21.48186686684   +  -14.45       -4.57     106s
    hm1_norm_ρdiff=6.086659680825039e-5 hm1_norm_Δρ=7.982318016895238e-6  error_V_h1=0.19994841404399682  α = 0.0
  5   -21.48186686684   +    -Inf       -5.76     237s
    hm1_norm_ρdiff=6.558145778430488e-5 hm1_norm_Δρ=4.912654043978922e-7  error_V_h1=0.19994841409262065  α = 1.89e-8
  6   -21.48186686684   +  -14.45       -5.55    92.4s
    hm1_norm_ρdiff=6.489287542639602e-5 hm1_norm_Δρ=8.495670517926655e-7  error_V_h1=0.19994841409264758  α = 0.0
  7   -21.48186686684   +    -Inf       -5.76    68.2s
    hm1_norm_ρdiff=6.558140373881738e-5 hm1_norm_Δρ=4.912249653709195e-7  error_V_h1=0.1999488018239844  α = 0.000148
  8   -21.48186686684   +    -Inf       -5.55     259s
    hm1_norm_ρdiff=6.488059331445359e-5 hm1_norm_Δρ=8.571226387576306e-7  error_V_h1=0.19994880182678884  α = 6.84e-10

#-- |ρε - ρref| = 6.542339323745664e-5 vs. 1.0e-8 = δ*ε  error_V_h1=0.19994880182678884  Qε=0.867013799367847


# --- ε=5.62341325190349e-7

n     Energy            log10(ΔE)   log10(Δρ)   Δtime
---   ---------------   ---------   ---------   ------
  1   -21.48177687347                   -0.89    74.3s
    hm1_norm_ρdiff=0.0820775596381851 hm1_norm_Δρ=0.08205628611841582  error_V_h1=2.3179671513832374  α = 0.000465
  2   -21.48178173119       -5.31       -1.79    57.2s
    hm1_norm_ρdiff=0.00685106346673712 hm1_norm_Δρ=0.006840500413482913  error_V_h1=2.0020147407720605  α = 0.00152
  3   -21.48178307742       -5.87       -2.08    57.2s
    hm1_norm_ρdiff=0.0032446871804948886 hm1_norm_Δρ=0.003238786975566673  error_V_h1=1.9048495186754675  α = 0.00157
  4   -21.48178342391       -6.46       -2.21    51.5s
    hm1_norm_ρdiff=0.0022101862642727316 hm1_norm_Δρ=0.0022085252159484187  error_V_h1=1.8786008551902602  α = 0.00343
  5   -21.48178428623       -6.06       -2.81    46.4s
    hm1_norm_ρdiff=0.00039867484695796525 hm1_norm_Δρ=0.0003958437836111872  error_V_h1=1.8125692422329405  α = 0.0105
  6   -21.48178462717       -6.47       -2.96    47.1s
    hm1_norm_ρdiff=0.00032099270000361825 hm1_norm_Δρ=0.0003207945104286632  error_V_h1=1.7882121704386336  α = 0.0102
  7   -21.48178491836       -6.54       -2.74    52.7s
    hm1_norm_ρdiff=0.0005077532910397789 hm1_norm_Δρ=0.0005083443643334822  error_V_h1=1.7678467430194282  α = 0.00436
  8   -21.48178569244       -6.11       -3.09    41.5s
    hm1_norm_ρdiff=0.00018353123410485525 hm1_norm_Δρ=0.0001874508259618913  error_V_h1=1.7155831441707134  α = 0.0231
  9   -21.48178654444       -6.07       -2.97    42.0s
    hm1_norm_ρdiff=0.00025321568891379823 hm1_norm_Δρ=0.00026220227384835535  error_V_h1=1.6512110007086256  α = 0.0227
 10   -21.48178760762       -5.97       -2.94    41.4s
    hm1_norm_ρdiff=0.00030754030628441257 hm1_norm_Δρ=0.000319919192456131  error_V_h1=1.5624627922899197  α = 0.0226
 11   -21.48178957783       -5.71       -2.87    41.5s
    hm1_norm_ρdiff=0.0003435243300351742 hm1_norm_Δρ=0.0003599117397833752  error_V_h1=1.3671909935351274  α = 0.0228
 12   -21.48179373466       -5.38       -1.27    62.3s
    hm1_norm_ρdiff=0.014542719341427188 hm1_norm_Δρ=0.014567184467159103  error_V_h1=0.8320079589532429  α = 0.000546
 13   -21.48179387422       -6.86       -2.44    56.0s
    hm1_norm_ρdiff=0.0014706421476508033 hm1_norm_Δρ=0.0014834747499578315  error_V_h1=0.8068892589781077  α = 0.00144
 14   -21.48179389487       -7.69       -2.79    58.3s
    hm1_norm_ρdiff=0.0006100117629395524 hm1_norm_Δρ=0.0006155228727310666  error_V_h1=0.8037366667006252  α = 0.00144
 15   -21.48179457983       -6.16       -2.26    58.5s
    hm1_norm_ρdiff=0.0018853006163338135 hm1_norm_Δρ=0.0018897005345130862  error_V_h1=0.6710204728071153  α = 0.00164
 16   -21.48179462406       -7.35       -3.35    47.9s
    hm1_norm_ρdiff=0.0001198177954083514 hm1_norm_Δρ=0.00011360998166279369  error_V_h1=0.662494730823167  α = 0.0102
 17   -21.48179468820       -7.19       -2.99    51.9s
    hm1_norm_ρdiff=0.00030329204188435924 hm1_norm_Δρ=0.00029958810586528886  error_V_h1=0.6465098020070245  α = 0.00411
 18   -21.48179470578       -7.76       -3.41    52.1s
    hm1_norm_ρdiff=0.00011835545299386769 hm1_norm_Δρ=0.00010785603588502846  error_V_h1=0.641206562000956  α = 0.00444
 19   -21.48179472149       -7.80       -3.00    46.7s
    hm1_norm_ρdiff=0.00023871773917476965 hm1_norm_Δρ=0.0002298813669661098  error_V_h1=0.6240564216861596  α = 0.00911
 20   -21.48179494320       -6.65       -2.57    52.8s
    hm1_norm_ρdiff=0.0006767308616379201 hm1_norm_Δρ=0.000667837836273969  error_V_h1=0.5566111132289939  α = 0.00397
 21   -21.48179513251       -6.72       -2.37    51.2s
    hm1_norm_ρdiff=0.0012029407048111782 hm1_norm_Δρ=0.001193246478942995  error_V_h1=0.4772188079520807  α = 0.00354
 22   -21.48179555944       -6.37       -2.21    57.0s
    hm1_norm_ρdiff=0.0016692152412356746 hm1_norm_Δρ=0.0016531432179353735  error_V_h1=0.31440516613345076  α = 0.00158
 23   -21.48179557811       -7.73       -2.45    61.6s
    hm1_norm_ρdiff=0.0010387687017117796 hm1_norm_Δρ=0.0010139447984818745  error_V_h1=0.3180647022709966  α = 0.000543
 24   -21.48179559801       -7.70       -2.88    57.2s
    hm1_norm_ρdiff=0.0005525788127104236 hm1_norm_Δρ=0.0005383766710294828  error_V_h1=0.3122236954571968  α = 0.00145
 25   -21.48179560236       -8.36       -3.10    57.3s
    hm1_norm_ρdiff=0.00030555877474419495 hm1_norm_Δρ=0.00029661190706428096  error_V_h1=0.3101011515681497  α = 0.0014
 26   -21.48179560702       -8.33       -4.09    37.2s
    hm1_norm_ρdiff=4.146070394233414e-5 hm1_norm_Δρ=1.936873447317651e-5  error_V_h1=0.30937373415681946  α = 0.0462
 27   -21.48179562436       -7.76       -3.25    52.4s
    hm1_norm_ρdiff=0.00015801528037269689 hm1_norm_Δρ=0.00015907743432142004  error_V_h1=0.29937303125437054  α = 0.00411
 28   -21.48179563822       -7.86       -3.45    46.8s
    hm1_norm_ρdiff=0.00010455806131267779 hm1_norm_Δρ=9.876351563681546e-5  error_V_h1=0.3040431992103403  α = 0.00958
 29   -21.48179565978       -7.67       -3.64    48.1s
    hm1_norm_ρdiff=7.183602852431207e-5 hm1_norm_Δρ=6.282123349116914e-5  error_V_h1=0.30568499650498665  α = 0.0105
 30   -21.48179573970       -7.10       -2.98    51.3s
    hm1_norm_ρdiff=0.00026020240500937333 hm1_norm_Δρ=0.0002629044568118578  error_V_h1=0.2881513339723752  α = 0.00436
 31   -21.48179577648       -7.43       -3.07    50.7s
    hm1_norm_ρdiff=0.00019862572343105675 hm1_norm_Δρ=0.00020535912159324517  error_V_h1=0.28309236014003947  α = 0.00422
 32   -21.48179589739       -6.92       -2.69    51.9s
    hm1_norm_ρdiff=0.0005597710556763829 hm1_norm_Δρ=0.0005688070946747837  error_V_h1=0.2310455573467687  α = 0.00384
 33   -21.48179590327       -8.23       -3.36    52.0s
    hm1_norm_ρdiff=0.00010010174327035075 hm1_norm_Δρ=0.00010550034396402568  error_V_h1=0.22772590679571025  α = 0.00399
 34   -21.48179590658       -8.48       -3.81    46.9s
    hm1_norm_ρdiff=5.5643232325076585e-5 hm1_norm_Δρ=3.7718072159808755e-5  error_V_h1=0.22362442149414358  α = 0.00999
 35   -21.48179590911       -8.60       -3.35    56.7s
    hm1_norm_ρdiff=0.000175422174601727 hm1_norm_Δρ=0.00018031505404812094  error_V_h1=0.22212382164311215  α = 0.00147
 36   -21.48179591013       -8.99       -3.36    57.0s
    hm1_norm_ρdiff=0.00014035991398857333 hm1_norm_Δρ=0.0001553461496115566  error_V_h1=0.21961519256030898  α = 0.00137
 37   -21.48179591725       -8.15       -3.21    52.6s
    hm1_norm_ρdiff=0.00017842435997895032 hm1_norm_Δρ=0.0001606238386761184  error_V_h1=0.22330790275998472  α = 0.00374
 38   -21.48179592070       -8.46       -3.09    57.8s
    hm1_norm_ρdiff=0.00023665954456958115 hm1_norm_Δρ=0.00024971799028661036  error_V_h1=0.21745792805753672  α = 0.00139
 39   -21.48179593376       -7.88       -3.34    51.9s
    hm1_norm_ρdiff=0.00012548810680054938 hm1_norm_Δρ=0.000116425232680635  error_V_h1=0.2035316262423409  α = 0.00425
 40   -21.48179593481       -8.98       -3.68    52.6s
    hm1_norm_ρdiff=7.250335373550017e-5 hm1_norm_Δρ=5.868790098962297e-5  error_V_h1=0.19924988148371733  α = 0.00382
 41   -21.48179593509       -9.56       -3.97    46.8s
    hm1_norm_ρdiff=5.015173250509631e-5 hm1_norm_Δρ=2.6565553170546892e-5  error_V_h1=0.19429345534784906  α = 0.00924
 42   -21.48179593683       -8.76       -3.73    51.1s
    hm1_norm_ρdiff=6.792405223696273e-5 hm1_norm_Δρ=4.60144638668209e-5  error_V_h1=0.18968073051179385  α = 0.0042
 43   -21.48179596025       -7.63       -3.06    50.7s
    hm1_norm_ρdiff=0.00025592470555785925 hm1_norm_Δρ=0.000244170496160435  error_V_h1=0.15800864116550753  α = 0.00386
 44   -21.48179596084       -9.23       -3.61    52.2s
    hm1_norm_ρdiff=7.733404580774674e-5 hm1_norm_Δρ=5.788248881526021e-5  error_V_h1=0.15583741053430014  α = 0.00364
 45   -21.48179596161       -9.11       -3.98    47.8s
    hm1_norm_ρdiff=4.535677560569534e-5 hm1_norm_Δρ=2.875508697396092e-5  error_V_h1=0.15963520690938962  α = 0.00943
 46   -21.48179596218       -9.24       -3.75    57.6s
    hm1_norm_ρdiff=8.92882967920967e-5 hm1_norm_Δρ=7.027690774150161e-5  error_V_h1=0.1602156595819439  α = 0.00155
 47   -21.48179596251       -9.48       -3.58    57.9s
    hm1_norm_ρdiff=0.00011482196747940207 hm1_norm_Δρ=9.035416802669649e-5  error_V_h1=0.16224739288432263  α = 0.00136
 48   -21.48179596597       -8.46       -3.06    58.1s
    hm1_norm_ρdiff=0.00022308109011336762 hm1_norm_Δρ=0.00023450000840512085  error_V_h1=0.1542124244923081  α = 0.00141
 49   -21.48179596649       -9.28       -3.33    58.0s
    hm1_norm_ρdiff=0.00016478977670191918 hm1_norm_Δρ=0.00014630204751763407  error_V_h1=0.15823328114982654  α = 0.00128
 50   -21.48179596722       -9.14       -4.03    52.1s
    hm1_norm_ρdiff=4.5052156945223454e-5 hm1_norm_Δρ=2.4759383419007587e-5  error_V_h1=0.15940321498243068  α = 0.00435
 51   -21.48179596765       -9.36       -3.85    51.7s
    hm1_norm_ρdiff=5.3065524373504465e-5 hm1_norm_Δρ=3.8840592617268335e-5  error_V_h1=0.16274166838828152  α = 0.0038
 52   -21.48179596874       -8.96       -3.83    52.4s
    hm1_norm_ρdiff=4.9637522911410874e-5 hm1_norm_Δρ=3.682214797276775e-5  error_V_h1=0.1664585672506189  α = 0.00421
 53   -21.48179596916       -9.38       -4.40    46.6s
    hm1_norm_ρdiff=3.819450934609482e-5 hm1_norm_Δρ=1.0193088181624934e-5  error_V_h1=0.1685350370135344  α = 0.0104
 54   -21.48179597296       -8.42       -3.47    52.3s
    hm1_norm_ρdiff=9.655453825923407e-5 hm1_norm_Δρ=0.0001005780398328371  error_V_h1=0.1696663845123608  α = 0.00383
 55   -21.48179597311       -9.83       -3.99    47.7s
    hm1_norm_ρdiff=4.077377240219881e-5 hm1_norm_Δρ=2.3281679153831067e-5  error_V_h1=0.1707884035399826  α = 0.00911
 56   -21.48179597507       -8.71       -3.79    52.2s
    hm1_norm_ρdiff=6.307233647293508e-5 hm1_norm_Δρ=4.1318926211876204e-5  error_V_h1=0.1674285116565278  α = 0.00433
 57   -21.48179597521       -9.83       -4.21    52.7s
    hm1_norm_ρdiff=3.9320233227361634e-5 hm1_norm_Δρ=2.3453029277150346e-5  error_V_h1=0.16741349100904784  α = 0.00374
 58   -21.48179597541       -9.71       -3.63    57.3s
    hm1_norm_ρdiff=7.148119052966258e-5 hm1_norm_Δρ=8.00676074333431e-5  error_V_h1=0.16634593962903163  α = 0.00132
 59   -21.48179597623       -9.09       -3.42    58.0s
    hm1_norm_ρdiff=0.00012840041848732534 hm1_norm_Δρ=0.00010778665865930409  error_V_h1=0.16844235929386245  α = 0.00141
 60   -21.48179597658       -9.46       -3.47    59.1s
    hm1_norm_ρdiff=9.891116884835105e-5 hm1_norm_Δρ=0.00010550384157187144  error_V_h1=0.16564323879391463  α = 0.0013
 61   -21.48179597715       -9.24       -4.42    47.6s
    hm1_norm_ρdiff=4.1810667955522525e-5 hm1_norm_Δρ=1.0168866453076447e-5  error_V_h1=0.16611751151824772  α = 0.0105
 62   -21.48179597779       -9.20       -3.95    53.1s
    hm1_norm_ρdiff=5.392129541320527e-5 hm1_norm_Δρ=3.2853080930212976e-5  error_V_h1=0.16487053565081813  α = 0.00401
 63   -21.48179597854       -9.12       -4.38    41.8s
    hm1_norm_ρdiff=4.0489305255156965e-5 hm1_norm_Δρ=9.99393658571744e-6  error_V_h1=0.16781394988056372  α = 0.0219
 64   -21.48179597972       -8.93       -4.19    47.3s
    hm1_norm_ρdiff=4.3437766843029713e-5 hm1_norm_Δρ=1.3058252122237182e-5  error_V_h1=0.17505611991459707  α = 0.0104
 65   -21.48179598018       -9.34       -3.76    52.4s
    hm1_norm_ρdiff=6.898229892517804e-5 hm1_norm_Δρ=4.440029837395956e-5  error_V_h1=0.17067186852204752  α = 0.00367
 66   -21.48179598061       -9.37       -3.99    52.0s
    hm1_norm_ρdiff=4.9770647719648424e-5 hm1_norm_Δρ=2.460264552842241e-5  error_V_h1=0.17026335579329  α = 0.00414
 67   -21.48179598064      -10.51       -4.32    52.2s
    hm1_norm_ρdiff=3.8102358132009415e-5 hm1_norm_Δρ=1.1883928128674005e-5  error_V_h1=0.17175083745763847  α = 0.00401
 68   -21.48179598077       -9.87       -4.02    57.6s
    hm1_norm_ρdiff=6.156683619283363e-5 hm1_norm_Δρ=3.711318624540838e-5  error_V_h1=0.1718772701761333  α = 0.00152
 69   -21.48179598078      -11.33       -4.15    57.5s
    hm1_norm_ρdiff=3.545778463197574e-5 hm1_norm_Δρ=2.2089670895297794e-5  error_V_h1=0.17190817719610813  α = 0.00147
 70   -21.48179598097       -9.71       -3.68    57.3s
    hm1_norm_ρdiff=5.619930145295464e-5 hm1_norm_Δρ=5.919678998401474e-5  error_V_h1=0.17079272738306067  α = 0.00139
 71   -21.48179598110       -9.90       -3.67    56.3s
    hm1_norm_ρdiff=8.806285938247646e-5 hm1_norm_Δρ=6.713334680414102e-5  error_V_h1=0.17218830769629023  α = 0.0013
 72   -21.48179598123       -9.87       -4.56    46.5s
    hm1_norm_ρdiff=3.8432547144029845e-5 hm1_norm_Δρ=7.015282598012947e-6  error_V_h1=0.17170201787747877  α = 0.0101
 73   -21.48179598145       -9.67       -4.10    52.4s
    hm1_norm_ρdiff=4.300810049672384e-5 hm1_norm_Δρ=2.233726552266994e-5  error_V_h1=0.17227327868752076  α = 0.00395
 74   -21.48179598226       -9.09       -3.98    52.1s
    hm1_norm_ρdiff=4.6158404976208466e-5 hm1_norm_Δρ=2.7171493385404338e-5  error_V_h1=0.17070200421791834  α = 0.00418
 75   -21.48179598247       -9.68       -4.76    36.4s
    hm1_norm_ρdiff=3.941112675978235e-5 hm1_norm_Δρ=3.459535862130439e-6  error_V_h1=0.16913960955272306  α = 0.0455
 76   -21.48179598279       -9.49       -3.91    51.7s
    hm1_norm_ρdiff=3.82389075198186e-5 hm1_norm_Δρ=3.1197547880250655e-5  error_V_h1=0.17012059383171266  α = 0.00382
 77   -21.48179598309       -9.52       -4.41    46.5s
    hm1_norm_ρdiff=4.025496286460909e-5 hm1_norm_Δρ=8.683471947833044e-6  error_V_h1=0.16829534831714807  α = 0.0101
 78   -21.48179598322       -9.90       -4.43    51.6s
    hm1_norm_ρdiff=4.317756521200558e-5 hm1_norm_Δρ=9.3372427474098e-6  error_V_h1=0.16700939367195025  α = 0.00429
 79   -21.48179598343       -9.67       -4.53    46.5s
    hm1_norm_ρdiff=3.852702557950052e-5 hm1_norm_Δρ=6.717504476151743e-6  error_V_h1=0.1659711927195447  α = 0.0104
 80   -21.48179598347      -10.44       -4.13    57.7s
    hm1_norm_ρdiff=4.645354490821213e-5 hm1_norm_Δρ=2.389581815762052e-5  error_V_h1=0.16549389462687  α = 0.00152
 81   -21.48179598350      -10.51       -4.20    57.7s
    hm1_norm_ρdiff=5.23347322343078e-5 hm1_norm_Δρ=1.8571786094806767e-5  error_V_h1=0.16592412735345902  α = 0.00149
 82   -21.48179598353      -10.50       -3.72    58.0s
    hm1_norm_ρdiff=6.980294647528342e-5 hm1_norm_Δρ=6.710105766693684e-5  error_V_h1=0.16471729542819258  α = 0.00122
 83   -21.48179598368       -9.84       -4.61    46.9s
    hm1_norm_ρdiff=3.9949493116746214e-5 hm1_norm_Δρ=5.633896972529432e-6  error_V_h1=0.16502417266810826  α = 0.0104
 84   -21.48179598378       -9.97       -4.41    53.8s
    hm1_norm_ρdiff=4.054622593977709e-5 hm1_norm_Δρ=1.049397764511976e-5  error_V_h1=0.16502138231236882  α = 0.00425
 85   -21.48179598387      -10.08       -4.45    47.3s
    hm1_norm_ρdiff=3.97026094271082e-5 hm1_norm_Δρ=6.8438334966882185e-6  error_V_h1=0.1645221332628779  α = 0.00997
 86   -21.48179598411       -9.61       -3.99    51.5s
    hm1_norm_ρdiff=4.160896525209937e-5 hm1_norm_Δρ=2.826730898614317e-5  error_V_h1=0.1650825156503047  α = 0.00353
 87   -21.48179598423       -9.94       -4.07    52.0s
    hm1_norm_ρdiff=4.7746740148754474e-5 hm1_norm_Δρ=1.8314292030905894e-5  error_V_h1=0.16474697317422454  α = 0.00387
 88   -21.48179598436       -9.87       -4.34    52.7s
    hm1_norm_ρdiff=3.7641801042504105e-5 hm1_norm_Δρ=9.565617771306994e-6  error_V_h1=0.16525313875100403  α = 0.0044
 89   -21.48179598440      -10.36       -4.73    47.1s
    hm1_norm_ρdiff=3.904810243011466e-5 hm1_norm_Δρ=4.330778349426534e-6  error_V_h1=0.16582611173672773  α = 0.00985
 90   -21.48179598446      -10.29       -4.59    52.0s
    hm1_norm_ρdiff=4.206673689797776e-5 hm1_norm_Δρ=7.016964888991395e-6  error_V_h1=0.16550948694983691  α = 0.00424
 91   -21.48179598446      -11.34       -4.48    51.3s
    hm1_norm_ρdiff=3.860989515708892e-5 hm1_norm_Δρ=1.0308051576915367e-5  error_V_h1=0.1657312925365493  α = 0.00351
 92   -21.48179598449      -10.57       -4.15    56.6s
    hm1_norm_ρdiff=3.0562569956313546e-5 hm1_norm_Δρ=1.8993314371791886e-5  error_V_h1=0.16539668961119836  α = 0.00145
 93   -21.48179598452      -10.47       -3.85    58.0s
    hm1_norm_ρdiff=6.785229202730606e-5 hm1_norm_Δρ=4.965385501072754e-5  error_V_h1=0.16596302629662246  α = 0.00125
 94   -21.48179598456      -10.36       -4.54    51.1s
    hm1_norm_ρdiff=3.899701495128573e-5 hm1_norm_Δρ=6.716981628046381e-6  error_V_h1=0.16591929804571723  α = 0.00434
 95   -21.48179598458      -10.96       -4.95    41.7s
    hm1_norm_ρdiff=3.9048453907910576e-5 hm1_norm_Δρ=2.5944185254115223e-6  error_V_h1=0.16580469043399063  α = 0.0218
 96   -21.48179598469       -9.92       -4.34    53.3s
    hm1_norm_ρdiff=4.076267691851378e-5 hm1_norm_Δρ=1.0304692559059871e-5  error_V_h1=0.16547252883549846  α = 0.0043
 97   -21.48179598477      -10.13       -3.99    56.9s
    hm1_norm_ρdiff=6.212887762971068e-5 hm1_norm_Δρ=3.568471713469861e-5  error_V_h1=0.16538731599816775  α = 0.00129
 98   -21.48179598484      -10.17       -4.30    52.2s
    hm1_norm_ρdiff=3.7402272675668834e-5 hm1_norm_Δρ=1.0004879720647521e-5  error_V_h1=0.16517825535855607  α = 0.00414
 99   -21.48179598489      -10.28       -4.89    47.1s
    hm1_norm_ρdiff=3.8965293962029405e-5 hm1_norm_Δρ=2.9906469920871656e-6  error_V_h1=0.16500167014617567  α = 0.0106
 100   -21.48179598493      -10.41       -4.58    51.5s
    hm1_norm_ρdiff=4.0256796723216354e-5 hm1_norm_Δρ=5.504255950338031e-6  error_V_h1=0.16456421119404338  α = 0.00428
 101   -21.48179598494      -10.85       -4.76    52.3s
    hm1_norm_ρdiff=3.721757198910746e-5 hm1_norm_Δρ=5.0261118410588714e-6  error_V_h1=0.16474722917037857  α = 0.00415
 102   -21.48179598498      -10.43       -4.20    58.0s
    hm1_norm_ρdiff=4.869612127280982e-5 hm1_norm_Δρ=2.0729639531372064e-5  error_V_h1=0.1646370322299636  α = 0.00152
 103   -21.48179598499      -11.19       -5.15    42.2s
    hm1_norm_ρdiff=3.993226778782325e-5 hm1_norm_Δρ=1.856938853224184e-6  error_V_h1=0.16518184479979495  α = 0.0209
 104   -21.48179598505      -10.18       -3.77    61.7s
    hm1_norm_ρdiff=6.051516468741458e-5 hm1_norm_Δρ=5.1426954088591543e-5  error_V_h1=0.16495212767945422  α = 0.000565
 105   -21.48179598505      -11.52       -4.76    56.8s
    hm1_norm_ρdiff=3.953610555427149e-5 hm1_norm_Δρ=3.928447805190114e-6  error_V_h1=0.16498858798607507  α = 0.000877
 106   -21.48179598509      -10.51       -4.41    52.9s
    hm1_norm_ρdiff=4.102516305001336e-5 hm1_norm_Δρ=1.0016022937759934e-5  error_V_h1=0.16556061081717616  α = 0.00387
 107   -21.48179598510      -10.91       -4.84    52.4s
    hm1_norm_ρdiff=3.917782980962431e-5 hm1_norm_Δρ=3.357130276631475e-6  error_V_h1=0.1656985303990162  α = 0.0043
 108   -21.48179598517      -10.12       -3.71    62.4s
    hm1_norm_ρdiff=6.324872244173476e-5 hm1_norm_Δρ=6.610378974444958e-5  error_V_h1=0.16567549625665834  α = 0.000573
 109   -21.48179598520      -10.64       -4.85    47.4s
    hm1_norm_ρdiff=3.902513290590428e-5 hm1_norm_Δρ=2.6272770243786266e-6  error_V_h1=0.16576853867469832  α = 0.0102
 110   -21.48179598520      -11.12       -5.35    46.8s
    hm1_norm_ρdiff=3.9126286127915616e-5 hm1_norm_Δρ=1.2570294749882638e-6  error_V_h1=0.16582473631970424  α = 0.00885
 111   -21.48179598521      -11.03       -4.58    51.7s
    hm1_norm_ρdiff=3.843999015924219e-5 hm1_norm_Δρ=5.867937158988559e-6  error_V_h1=0.16618295816121642  α = 0.00411
 112   -21.48179598522      -11.33       -4.77    46.6s
    hm1_norm_ρdiff=4.02102577029504e-5 hm1_norm_Δρ=3.470286126666965e-6  error_V_h1=0.16592739326726094  α = 0.00948
 113   -21.48179598523      -11.00       -4.70    57.7s
    hm1_norm_ρdiff=3.6998819809922564e-5 hm1_norm_Δρ=6.641101703056709e-6  error_V_h1=0.16593110237691147  α = 0.00159
 114   -21.48179598528      -10.31       -3.82    57.3s
    hm1_norm_ρdiff=3.804514020946814e-5 hm1_norm_Δρ=4.2048182065582426e-5  error_V_h1=0.16555359031165814  α = 0.00137
 115   -21.48179598529      -10.97       -4.94    52.5s
    hm1_norm_ρdiff=3.928119019298846e-5 hm1_norm_Δρ=3.0843596812722506e-6  error_V_h1=0.16551708987302843  α = 0.00436
 116   -21.48179598530      -10.94       -4.42    57.1s
    hm1_norm_ρdiff=3.794771686245195e-5 hm1_norm_Δρ=1.075569743261193e-5  error_V_h1=0.16533643638130407  α = 0.00146
 117   -21.48179598531      -10.89       -4.61    52.8s
    hm1_norm_ρdiff=3.7881093165439216e-5 hm1_norm_Δρ=7.046067891189112e-6  error_V_h1=0.16504760938802188  α = 0.00373
 118   -21.48179598533      -10.86       -5.37    37.0s
    hm1_norm_ρdiff=3.920989836958531e-5 hm1_norm_Δρ=9.859533288056525e-7  error_V_h1=0.16510147908771383  α = 0.0429
 119   -21.48179598533      -11.58       -4.22    63.5s
    hm1_norm_ρdiff=4.167511364965909e-5 hm1_norm_Δρ=1.586020718979337e-5  error_V_h1=0.16514800642059088  α = 0.000582
 120   -21.48179598534      -11.16       -4.82    52.0s
    hm1_norm_ρdiff=4.0154174396838085e-5 hm1_norm_Δρ=4.373191133487733e-6  error_V_h1=0.16528909955463117  α = 0.00408
 121   -21.48179598535      -10.82       -4.81    52.5s
    hm1_norm_ρdiff=3.757187180797509e-5 hm1_norm_Δρ=4.0030979000512136e-6  error_V_h1=0.16515560625297218  α = 0.00407
 122   -21.48179598537      -10.76       -4.87    52.9s
    hm1_norm_ρdiff=3.905070635438777e-5 hm1_norm_Δρ=3.1496386940241195e-6  error_V_h1=0.16499607465991478  α = 0.0045
 123   -21.48179598538      -10.99       -4.30    52.8s
    hm1_norm_ρdiff=3.5855117226601386e-5 hm1_norm_Δρ=1.0872140301990835e-5  error_V_h1=0.16537581539898163  α = 0.0034
 124   -21.48179598538      -11.20       -5.04    52.6s
    hm1_norm_ρdiff=3.9370976766094843e-5 hm1_norm_Δρ=2.464396996395255e-6  error_V_h1=0.16531907004778504  α = 0.00427
 125   -21.48179598541      -10.61       -4.20    57.9s
    hm1_norm_ρdiff=4.591971990607103e-5 hm1_norm_Δρ=1.5544810377983114e-5  error_V_h1=0.16528676035976753  α = 0.00156
 126   -21.48179598541      -11.69       -4.91    52.8s
    hm1_norm_ρdiff=3.817500153896765e-5 hm1_norm_Δρ=3.590702103405322e-6  error_V_h1=0.16528963458386386  α = 0.00363
 127   -21.48179598541      -12.14       -4.88    52.8s
    hm1_norm_ρdiff=3.961309131367742e-5 hm1_norm_Δρ=3.771401444523044e-6  error_V_h1=0.16539887678351747  α = 0.00339
 128   -21.48179598542      -11.11       -4.87    52.9s
    hm1_norm_ρdiff=4.003432411163395e-5 hm1_norm_Δρ=3.854052427501484e-6  error_V_h1=0.1655687817618326  α = 0.00399
 129   -21.48179598545      -10.59       -3.99    58.4s
    hm1_norm_ρdiff=3.641892113634159e-5 hm1_norm_Δρ=2.7081498219902617e-5  error_V_h1=0.16567332495614345  α = 0.00128
 130   -21.48179598545      -12.15       -5.12    57.7s
    hm1_norm_ρdiff=3.844840990159674e-5 hm1_norm_Δρ=1.9183312153087636e-6  error_V_h1=0.16566941085177678  α = 0.00122
 131   -21.48179598545      -11.77       -4.91    52.7s
    hm1_norm_ρdiff=3.783493767528368e-5 hm1_norm_Δρ=3.5097619618321466e-6  error_V_h1=0.16560897331978605  α = 0.00381
 132   -21.48179598545      -11.28       -4.76    59.0s
    hm1_norm_ρdiff=4.106634300016031e-5 hm1_norm_Δρ=5.03900442065287e-6  error_V_h1=0.16567502847165896  α = 0.00162
 133   -21.48179598546      -11.30       -5.45    46.8s
    hm1_norm_ρdiff=3.877860419661609e-5 hm1_norm_Δρ=7.743612457903772e-7  error_V_h1=0.1656832141058877  α = 0.00929
 134   -21.48179598549      -10.57       -4.25    57.5s
    hm1_norm_ρdiff=4.530449527973108e-5 hm1_norm_Δρ=1.2600468229291185e-5  error_V_h1=0.1654074655517106  α = 0.00162
 135   -21.48179598549      -11.31       -5.09    51.9s
    hm1_norm_ρdiff=3.858946191760919e-5 hm1_norm_Δρ=2.1447141571165115e-6  error_V_h1=0.16539198081707082  α = 0.00429
 136   -21.48179598550      -11.02       -4.94    52.1s
    hm1_norm_ρdiff=3.9098985443002906e-5 hm1_norm_Δρ=2.5999738565247887e-6  error_V_h1=0.1653987665304495  α = 0.00422
 137   -21.48179598551      -11.22       -4.65    57.8s
    hm1_norm_ρdiff=4.1030022439915796e-5 hm1_norm_Δρ=6.5446429453968445e-6  error_V_h1=0.16539108451093754  α = 0.00159
 138   -21.48179598551      -11.59       -5.00    57.9s
    hm1_norm_ρdiff=3.895893714639509e-5 hm1_norm_Δρ=2.779862434844455e-6  error_V_h1=0.16537351622049615  α = 0.00166
 139   -21.48179598551      -11.46       -4.91    52.8s
    hm1_norm_ρdiff=3.8315592156131504e-5 hm1_norm_Δρ=3.3873872884674415e-6  error_V_h1=0.16532158256275364  α = 0.00366
 140   -21.48179598552      -10.89       -4.08    62.8s
    hm1_norm_ρdiff=5.259714850451754e-5 hm1_norm_Δρ=2.245883638212784e-5  error_V_h1=0.16533042218198546  α = 0.000581
 141   -21.48179598553      -11.46       -5.52    46.8s
    hm1_norm_ρdiff=3.902070178436942e-5 hm1_norm_Δρ=7.459567809057065e-7  error_V_h1=0.1653168463020181  α = 0.0103
 142   -21.48179598553      -11.85       -5.02    52.2s
    hm1_norm_ρdiff=3.982632922508497e-5 hm1_norm_Δρ=2.9395780978453417e-6  error_V_h1=0.16533927143391858  α = 0.00366
 143   -21.48179598553      -11.70       -4.97    58.7s
    hm1_norm_ρdiff=3.7580065421177233e-5 hm1_norm_Δρ=2.931137126446905e-6  error_V_h1=0.16529485204044106  α = 0.00166
 144   -21.48179598553      -11.86       -5.69    36.5s
    hm1_norm_ρdiff=3.891652540058331e-5 hm1_norm_Δρ=4.493322320307069e-7  error_V_h1=0.16545115413843117  α = 0.0439
 145   -21.48179598553      -11.72       -5.08    52.9s
    hm1_norm_ρdiff=3.8461259224675515e-5 hm1_norm_Δρ=1.8395399606544135e-6  error_V_h1=0.16557143689605497  α = 0.00418
 146   -21.48179598554      -11.93       -4.99    57.2s
    hm1_norm_ρdiff=4.027483425259562e-5 hm1_norm_Δρ=2.9881768427149776e-6  error_V_h1=0.16560696813161746  α = 0.00153
 147   -21.48179598554      -12.21       -5.25    57.7s
    hm1_norm_ρdiff=3.916293901808639e-5 hm1_norm_Δρ=1.6579499429370145e-6  error_V_h1=0.16563035272485932  α = 0.00109
 148   -21.48179598554      -12.40       -4.91    58.3s
    hm1_norm_ρdiff=4.071038027009332e-5 hm1_norm_Δρ=4.087314866900376e-6  error_V_h1=0.16572165077415152  α = 0.00152
 149   -21.48179598554      -11.87       -5.23    52.6s
    hm1_norm_ρdiff=3.8984043926088344e-5 hm1_norm_Δρ=1.439818528043077e-6  error_V_h1=0.16582932990599455  α = 0.00391
 150   -21.48179598554      -12.91       -4.94    62.4s
    hm1_norm_ρdiff=3.938009640242482e-5 hm1_norm_Δρ=3.151094544958163e-6  error_V_h1=0.16584717350382241  α = 0.000342
 151   -21.48179598554      -11.79       -4.09    67.5s
    hm1_norm_ρdiff=4.013275679466847e-5 hm1_norm_Δρ=1.872573433147132e-5  error_V_h1=0.1659200804856055  α = 0.000203
 152   -21.48179598554      -11.76       -4.97    53.1s
    hm1_norm_ρdiff=3.837873568395108e-5 hm1_norm_Δρ=2.604394477562816e-6  error_V_h1=0.16599287137617588  α = 0.00379
 153   -21.48179598555      -11.45       -4.72    57.5s
    hm1_norm_ρdiff=3.768790108497126e-5 hm1_norm_Δρ=6.0466951787689316e-6  error_V_h1=0.1660333575574682  α = 0.00155
 154   -21.48179598555      -12.39       -4.85    63.5s
    hm1_norm_ρdiff=3.779018649900164e-5 hm1_norm_Δρ=3.7881299795295936e-6  error_V_h1=0.1660345700367976  α = 0.0005
 155   -21.48179598556      -10.76       -4.45    59.2s
    hm1_norm_ρdiff=3.8349964285786184e-5 hm1_norm_Δρ=9.47350831042908e-6  error_V_h1=0.16608944064436135  α = 0.00161
 156   -21.48179598557      -11.39       -5.15    52.1s
    hm1_norm_ρdiff=3.920787296947669e-5 hm1_norm_Δρ=1.6457254479793677e-6  error_V_h1=0.166059496082401  α = 0.00439
 157   -21.48179598557      -11.97       -5.40    52.5s
    hm1_norm_ρdiff=3.8429004245581555e-5 hm1_norm_Δρ=1.0464072941713554e-6  error_V_h1=0.1660165566557599  α = 0.00429
 158   -21.48179598557      -11.90       -5.23    52.8s
    hm1_norm_ρdiff=3.875366356559299e-5 hm1_norm_Δρ=1.6540882296003663e-6  error_V_h1=0.1659543181437959  α = 0.00407
 159   -21.48179598557      -11.46       -5.13    53.2s
    hm1_norm_ρdiff=3.8554744638063406e-5 hm1_norm_Δρ=1.9626971749662875e-6  error_V_h1=0.1658179705938283  α = 0.00417
 160   -21.48179598557      -11.82       -5.42    46.1s
    hm1_norm_ρdiff=3.925941778425687e-5 hm1_norm_Δρ=9.307623025768719e-7  error_V_h1=0.16570316529094503  α = 0.00891
 161   -21.48179598558      -11.91       -5.04    58.0s
    hm1_norm_ρdiff=3.815639366915596e-5 hm1_norm_Δρ=2.353457589391949e-6  error_V_h1=0.165630865734011  α = 0.00168
 162   -21.48179598558      -12.38       -5.30    57.3s
    hm1_norm_ρdiff=3.828461131410105e-5 hm1_norm_Δρ=1.5884429044404047e-6  error_V_h1=0.16562941654927613  α = 0.00161
 163   -21.48179598558      -12.11       -5.13    56.9s
    hm1_norm_ρdiff=3.9358556160009293e-5 hm1_norm_Δρ=1.9385607672816804e-6  error_V_h1=0.16560959235246223  α = 0.00157
 164   -21.48179598558      -12.46       -5.55    51.7s
    hm1_norm_ρdiff=3.90667685089568e-5 hm1_norm_Δρ=9.618743858779378e-7  error_V_h1=0.1655917558549646  α = 0.00392
 165   -21.48179598558      -12.43       -5.27    57.7s
    hm1_norm_ρdiff=3.869578612035468e-5 hm1_norm_Δρ=1.749388851645546e-6  error_V_h1=0.16558077231705845  α = 0.00136
 166   -21.48179598558      -12.97       -5.16    61.5s
    hm1_norm_ρdiff=3.9276628542559574e-5 hm1_norm_Δρ=1.8219724772740271e-6  error_V_h1=0.16558317475884674  α = 0.000467
 167   -21.48179598558      -11.85       -5.98    40.8s
    hm1_norm_ρdiff=3.8886227715565466e-5 hm1_norm_Δρ=2.0797248616356518e-7  error_V_h1=0.1655498728621614  α = 0.016
 168   -21.48179598558      -13.05       -5.68    58.1s
    hm1_norm_ρdiff=3.870706327252988e-5 hm1_norm_Δρ=5.918536769496489e-7  error_V_h1=0.16554262826438423  α = 0.0013
 169   -21.48179598558      -13.25       -5.17    63.4s
    hm1_norm_ρdiff=3.933951519823183e-5 hm1_norm_Δρ=1.6217555633420138e-6  error_V_h1=0.1655314758488475  α = 0.000395
 170   -21.48179598558      -11.71       -5.36    52.9s
    hm1_norm_ρdiff=3.9076378148551775e-5 hm1_norm_Δρ=1.0763751007546238e-6  error_V_h1=0.16555447250022473  α = 0.00437
 171   -21.48179598558      -11.67       -4.73    58.3s
    hm1_norm_ρdiff=3.6225844243767756e-5 hm1_norm_Δρ=5.511981780374329e-6  error_V_h1=0.1655922827945322  α = 0.00142
 172   -21.48179598558      -11.97       -5.30    51.4s
    hm1_norm_ρdiff=3.8784624897646385e-5 hm1_norm_Δρ=1.0466937812360946e-6  error_V_h1=0.1654503597371897  α = 0.00429
 173   -21.48179598559      -12.11       -5.13    57.3s
    hm1_norm_ρdiff=3.862313053089902e-5 hm1_norm_Δρ=1.916567158808658e-6  error_V_h1=0.16543143002902042  α = 0.00167
 174   -21.48179598559      -12.19       -5.76    41.9s
    hm1_norm_ρdiff=3.883963728413224e-5 hm1_norm_Δρ=3.5807711022255233e-7  error_V_h1=0.1654196133668069  α = 0.0219
 175   -21.48179598559      -12.53       -5.19    57.6s
    hm1_norm_ρdiff=3.845574026188109e-5 hm1_norm_Δρ=1.7975989722352833e-6  error_V_h1=0.16540722973229438  α = 0.00153
 176   -21.48179598559      -12.09       -5.43    52.7s
    hm1_norm_ρdiff=3.8944912030087755e-5 hm1_norm_Δρ=1.1157568144631951e-6  error_V_h1=0.16537446757373786  α = 0.004
 177   -21.48179598559      -12.00       -5.37    51.3s
    hm1_norm_ρdiff=3.8600580802877136e-5 hm1_norm_Δρ=9.656651499907232e-7  error_V_h1=0.1653167693946218  α = 0.00437
 178   -21.48179598559      -11.89       -5.55    47.3s
    hm1_norm_ρdiff=3.907163661934075e-5 hm1_norm_Δρ=6.622622832633963e-7  error_V_h1=0.1652292883749863  α = 0.00971
 179   -21.48179598559      -12.50       -5.35    52.1s
    hm1_norm_ρdiff=3.841523583062919e-5 hm1_norm_Δρ=1.1857785100270084e-6  error_V_h1=0.16519728429362335  α = 0.0035
 180   -21.48179598559      -12.28       -5.42    51.8s
    hm1_norm_ρdiff=3.925517438156879e-5 hm1_norm_Δρ=1.1715687488901866e-6  error_V_h1=0.16516638863606892  α = 0.0036
 181   -21.48179598559      -12.41       -5.76    52.6s
    hm1_norm_ρdiff=3.9024176392270796e-5 hm1_norm_Δρ=5.426292092665732e-7  error_V_h1=0.165162136942962  α = 0.00442
 182   -21.48179598559      -11.99       -5.40    52.2s
    hm1_norm_ρdiff=3.844039597813635e-5 hm1_norm_Δρ=9.392661668322892e-7  error_V_h1=0.16516460752582018  α = 0.00444
 183   -21.48179598559      -12.20       -5.12    57.6s
    hm1_norm_ρdiff=3.9108780928220404e-5 hm1_norm_Δρ=1.578319828705805e-6  error_V_h1=0.16518230290116365  α = 0.00166
 184   -21.48179598559      -12.54       -5.75    42.1s
    hm1_norm_ρdiff=3.888754367798165e-5 hm1_norm_Δρ=3.611978567699352e-7  error_V_h1=0.16528157616180952  α = 0.0218
 185   -21.48179598559      -11.88       -5.68    47.5s
    hm1_norm_ρdiff=3.8864268528186285e-5 hm1_norm_Δρ=4.0059627543236624e-7  error_V_h1=0.16532038741091645  α = 0.0108
 186   -21.48179598559      -12.69       -5.37    57.8s
    hm1_norm_ρdiff=3.888041255342603e-5 hm1_norm_Δρ=1.1574770928401542e-6  error_V_h1=0.1653189536768688  α = 0.00153
 187   -21.48179598559      -12.32       -5.63    51.7s
    hm1_norm_ρdiff=3.880692412121273e-5 hm1_norm_Δρ=6.641108324683439e-7  error_V_h1=0.16534751878334802  α = 0.00419
 188   -21.48179598559      -12.80       -5.74    46.7s
    hm1_norm_ρdiff=3.893405989327586e-5 hm1_norm_Δρ=4.2548671499026476e-7  error_V_h1=0.16541652334564  α = 0.00942
 189   -21.48179598560      -12.04       -5.02    58.0s
    hm1_norm_ρdiff=3.76812929697953e-5 hm1_norm_Δρ=2.5459513583368216e-6  error_V_h1=0.16547165033616618  α = 0.00147
 190   -21.48179598560      -12.92       -5.44    55.7s
    hm1_norm_ρdiff=3.919612153246487e-5 hm1_norm_Δρ=1.0059651844665207e-6  error_V_h1=0.16548959569134858  α = 0.00142
 191   -21.48179598560      -12.53       -5.19    56.5s
    hm1_norm_ρdiff=3.812998236476675e-5 hm1_norm_Δρ=2.0529792937808494e-6  error_V_h1=0.16550844517169477  α = 0.00144
 192   -21.48179598560      -12.53       -6.26    41.7s
    hm1_norm_ρdiff=3.8796813597047676e-5 hm1_norm_Δρ=1.281668503708253e-7  error_V_h1=0.16555662913946673  α = 0.0229
 193   -21.48179598560      -12.62       -5.38    58.3s
    hm1_norm_ρdiff=3.928748527039165e-5 hm1_norm_Δρ=1.1373475701108362e-6  error_V_h1=0.16558022102400302  α = 0.00164
 194   -21.48179598560      -12.73       -5.96    48.0s
    hm1_norm_ρdiff=3.885579904625276e-5 hm1_norm_Δρ=2.5947685748058926e-7  error_V_h1=0.16560143756583756  α = 0.0103
 195   -21.48179598560      -11.96       -5.54    46.9s
    hm1_norm_ρdiff=3.877506818813045e-5 hm1_norm_Δρ=6.306872319352663e-7  error_V_h1=0.16554102916695115  α = 0.00993
 196   -21.48179598560      -12.64       -5.90    47.5s
    hm1_norm_ρdiff=3.87894132680904e-5 hm1_norm_Δρ=2.9185979138585596e-7  error_V_h1=0.16552158649096405  α = 0.0102
 197   -21.48179598560      -12.85       -6.10    45.9s
    hm1_norm_ρdiff=3.885111130226463e-5 hm1_norm_Δρ=2.268933998457075e-7  error_V_h1=0.1655082346095537  α = 0.00982
 198   -21.48179598560      -12.53       -5.69    50.6s
    hm1_norm_ρdiff=3.884756756604233e-5 hm1_norm_Δρ=4.555324027579322e-7  error_V_h1=0.1654794543059545  α = 0.00421
 199   -21.48179598560      -12.45       -5.27    57.3s
    hm1_norm_ρdiff=3.858523756470046e-5 hm1_norm_Δρ=1.3082788909509174e-6  error_V_h1=0.16544276812504038  α = 0.00167
 200   -21.48179598560      -13.02       -5.65    57.3s
    hm1_norm_ρdiff=3.918292085653399e-5 hm1_norm_Δρ=7.058773245916317e-7  error_V_h1=0.16542968951584888  α = 0.00148
 201   -21.48179598560      -13.75       -5.46    57.9s
    hm1_norm_ρdiff=3.838490823304307e-5 hm1_norm_Δρ=1.1723874111002467e-6  error_V_h1=0.16540893979428295  α = 0.00131
 202   -21.48179598560      -13.15       -5.86    52.2s
    hm1_norm_ρdiff=3.8963067765072585e-5 hm1_norm_Δρ=4.0773726790729416e-7  error_V_h1=0.16540232257250928  α = 0.00385
 203   -21.48179598560      -12.55       -5.71    50.8s
    hm1_norm_ρdiff=3.8910566682180014e-5 hm1_norm_Δρ=4.5862896211533e-7  error_V_h1=0.1653750112231167  α = 0.00445
 204   -21.48179598560      -13.00       -5.97    52.1s
    hm1_norm_ρdiff=3.8692110393579215e-5 hm1_norm_Δρ=2.952302830803148e-7  error_V_h1=0.16536471680883758  α = 0.00425
 205   -21.48179598560      -12.59       -5.67    52.8s
    hm1_norm_ρdiff=3.88277686319938e-5 hm1_norm_Δρ=5.036089172749335e-7  error_V_h1=0.1653640194285674  α = 0.00425
 206   -21.48179598560      -13.00       -5.68    47.4s
    hm1_norm_ρdiff=3.888371837344101e-5 hm1_norm_Δρ=5.149553512535313e-7  error_V_h1=0.16541628916200032  α = 0.00913
 207   -21.48179598560      -12.79       -6.11    47.7s
    hm1_norm_ρdiff=3.8841884350839015e-5 hm1_norm_Δρ=1.6990518391229876e-7  error_V_h1=0.1654396637270763  α = 0.0106
 208   -21.48179598560      -13.30       -5.93    52.8s
    hm1_norm_ρdiff=3.878859400027442e-5 hm1_norm_Δρ=3.4370248217130997e-7  error_V_h1=0.16545096547401678  α = 0.00376
 209   -21.48179598560      -13.41       -6.15    52.7s
    hm1_norm_ρdiff=3.881528319219366e-5 hm1_norm_Δρ=1.7448037397153068e-7  error_V_h1=0.16546258209409997  α = 0.00426
 210   -21.48179598560      -13.11       -6.14    47.4s
    hm1_norm_ρdiff=3.886166769669144e-5 hm1_norm_Δρ=1.601579090509558e-7  error_V_h1=0.16548488653305515  α = 0.0103
 211   -21.48179598560      -13.25       -5.82    51.4s
    hm1_norm_ρdiff=3.8628039879678705e-5 hm1_norm_Δρ=4.842861935164823e-7  error_V_h1=0.16549141378772003  α = 0.00348
 212   -21.48179598560      -13.19       -5.34    63.2s
    hm1_norm_ρdiff=3.9727650809658295e-5 hm1_norm_Δρ=1.8047573074943834e-6  error_V_h1=0.16549496495370683  α = 0.000546
 213   -21.48179598560      -13.67       -5.81    51.6s
    hm1_norm_ρdiff=3.8722893655726215e-5 hm1_norm_Δρ=4.4094744396636737e-7  error_V_h1=0.16549725760866574  α = 0.00353
 214   -21.48179598560      -12.51       -6.33    41.6s
    hm1_norm_ρdiff=3.884501853987243e-5 hm1_norm_Δρ=9.219663982589833e-8  error_V_h1=0.16549011877345357  α = 0.0231
 215   -21.48179598560      -13.11       -6.07    51.5s
    hm1_norm_ρdiff=3.895148250016099e-5 hm1_norm_Δρ=2.684864083741534e-7  error_V_h1=0.1654918781983825  α = 0.00433
 216   -21.48179598560      -12.85       -5.70    51.8s
    hm1_norm_ρdiff=3.8739036137664844e-5 hm1_norm_Δρ=4.636932354617874e-7  error_V_h1=0.1654878737364117  α = 0.00409
 217   -21.48179598560      -12.64       -5.77    52.0s
    hm1_norm_ρdiff=3.8742965379872074e-5 hm1_norm_Δρ=5.132941916638485e-7  error_V_h1=0.16547254270820264  α = 0.00412
 218   -21.48179598560      -13.27       -6.34    41.4s
    hm1_norm_ρdiff=3.884379946586128e-5 hm1_norm_Δρ=9.668499079237035e-8  error_V_h1=0.16545694834876662  α = 0.0222
 219   -21.48179598560      -13.34       -6.02    51.9s
    hm1_norm_ρdiff=3.887291775768094e-5 hm1_norm_Δρ=2.8260621703783924e-7  error_V_h1=0.16544928189618263  α = 0.00374
 220   -21.48179598560      -14.15       -6.40    52.2s
    hm1_norm_ρdiff=3.8842275400531514e-5 hm1_norm_Δρ=8.725540598350896e-8  error_V_h1=0.1654460415071865  α = 0.00386
 221   -21.48179598560      -14.45       -5.75    52.1s
    hm1_norm_ρdiff=3.875487072909829e-5 hm1_norm_Δρ=4.324744556860814e-7  error_V_h1=0.16543288079940502  α = 0.00354
 222   -21.48179598560      -13.60       -5.78    63.7s
    hm1_norm_ρdiff=3.907601935114976e-5 hm1_norm_Δρ=5.87398483645225e-7  error_V_h1=0.16543269110728775  α = 0.000578
 223   -21.48179598560      -13.75       -5.66    62.6s
    hm1_norm_ρdiff=3.8424832836699985e-5 hm1_norm_Δρ=8.610167126309355e-7  error_V_h1=0.16543022942794858  α = 0.000547
 224   -21.48179598560   +    -Inf       -5.96    61.3s
    hm1_norm_ρdiff=3.889734782944405e-5 hm1_norm_Δρ=3.030787849580121e-7  error_V_h1=0.16543024342082793  α = 0.000524
 225   -21.48179598560      -13.30       -6.35    46.2s
    hm1_norm_ρdiff=3.881930199595329e-5 hm1_norm_Δρ=8.509254576187205e-8  error_V_h1=0.16543019493916994  α = 0.0104
 226   -21.48179598560      -13.85       -6.60    46.6s
    hm1_norm_ρdiff=3.880396560653042e-5 hm1_norm_Δρ=6.943271980198536e-8  error_V_h1=0.16542765293770037  α = 0.0107
 227   -21.48179598560      -12.88       -5.77    52.4s
    hm1_norm_ρdiff=3.8965749453061904e-5 hm1_norm_Δρ=4.0099185176869027e-7  error_V_h1=0.16542277504071667  α = 0.0041
 228   -21.48179598560      -13.22       -6.17    46.8s
    hm1_norm_ρdiff=3.88791676063693e-5 hm1_norm_Δρ=1.8887044404092712e-7  error_V_h1=0.16542859748937777  α = 0.00946
 229   -21.48179598560      -12.93       -6.14    47.2s
    hm1_norm_ρdiff=3.88177933923445e-5 hm1_norm_Δρ=1.7516484776030924e-7  error_V_h1=0.16542739862175856  α = 0.0101
 230   -21.48179598560      -13.67       -6.46    46.9s
    hm1_norm_ρdiff=3.882535931604373e-5 hm1_norm_Δρ=9.785792566473808e-8  error_V_h1=0.16542632377758135  α = 0.00991
 231   -21.48179598560      -13.60       -6.32    47.5s
    hm1_norm_ρdiff=3.88536342878599e-5 hm1_norm_Δρ=1.0077327712785769e-7  error_V_h1=0.16541469486489901  α = 0.0105
 232   -21.48179598560      -13.22       -5.77    57.2s
    hm1_norm_ρdiff=3.899839145158164e-5 hm1_norm_Δρ=6.060787591799447e-7  error_V_h1=0.16541466629598367  α = 0.00156
 233   -21.48179598560   +    -Inf       -5.96    57.1s
    hm1_norm_ρdiff=3.86997751505815e-5 hm1_norm_Δρ=3.478576221595998e-7  error_V_h1=0.16541510148924546  α = 0.00145
 234   -21.48179598560      -13.50       -5.59    61.0s
    hm1_norm_ρdiff=3.837846431113207e-5 hm1_norm_Δρ=1.0445882336296215e-6  error_V_h1=0.1654130767785877  α = 0.00052
 235   -21.48179598560      -13.60       -6.24    51.2s
    hm1_norm_ρdiff=3.8852967673626484e-5 hm1_norm_Δρ=1.4055032870940708e-7  error_V_h1=0.16541534213860015  α = 0.00422
 236   -21.48179598560      -13.41       -6.52    47.3s
    hm1_norm_ρdiff=3.882692530827821e-5 hm1_norm_Δρ=6.330608998117363e-8  error_V_h1=0.1654219173823059  α = 0.0106
 237   -21.48179598560      -14.15       -6.32    52.4s
    hm1_norm_ρdiff=3.879963360000327e-5 hm1_norm_Δρ=1.2890089087780943e-7  error_V_h1=0.16542192173047401  α = 0.00429
 238   -21.48179598560      -13.55       -6.57    42.6s
    hm1_norm_ρdiff=3.882055723344362e-5 hm1_norm_Δρ=5.3891791768471244e-8  error_V_h1=0.16543217481907754  α = 0.0224
 239   -21.48179598560      -13.85       -5.97    52.2s
    hm1_norm_ρdiff=3.8807078957260045e-5 hm1_norm_Δρ=2.742830092209576e-7  error_V_h1=0.1654301739411568  α = 0.00405
 240   -21.48179598560      -13.22       -6.39    47.3s
    hm1_norm_ρdiff=3.881963971676466e-5 hm1_norm_Δρ=9.833801809514082e-8  error_V_h1=0.1654261558496099  α = 0.00993
 241   -21.48179598560      -13.50       -6.20    52.5s
    hm1_norm_ρdiff=3.889493502644794e-5 hm1_norm_Δρ=1.7319761742815763e-7  error_V_h1=0.16542909959798643  α = 0.00396
 242   -21.48179598560   +    -Inf       -6.19    53.4s
    hm1_norm_ρdiff=3.880583870816573e-5 hm1_norm_Δρ=1.3410396924422095e-7  error_V_h1=0.16543340359479533  α = 0.0042
 243   -21.48179598560      -14.45       -6.25     124s
    hm1_norm_ρdiff=3.87434755702441e-5 hm1_norm_Δρ=1.9299935723067986e-7  error_V_h1=0.16543340359411235  α = 1.04e-9
 244   -21.48179598560      -13.85       -5.73    58.1s
    hm1_norm_ρdiff=3.887665916061499e-5 hm1_norm_Δρ=5.479345555256344e-7  error_V_h1=0.16543226839450065  α = 0.00124
 245   -21.48179598560      -14.15       -6.28    94.9s
    hm1_norm_ρdiff=3.8952293030649844e-5 hm1_norm_Δρ=2.0514347560943494e-7  error_V_h1=0.16543226839442976  α = 1.47e-11
 246   -21.48179598560   +  -13.97       -3.83     116s
    hm1_norm_ρdiff=8.591498533454318e-5 hm1_norm_Δρ=5.719211512289069e-5  error_V_h1=0.16543226839459263  α = 0.0
 247   -21.48179598560      -14.15       -6.04     145s
    hm1_norm_ρdiff=3.921570599799549e-5 hm1_norm_Δρ=5.022844550810944e-7  error_V_h1=0.16543226839419595  α = 4.62e-10
 248   -21.48179598560   +    -Inf       -6.00    66.2s
    hm1_norm_ρdiff=3.9127756165208804e-5 hm1_norm_Δρ=4.557702597785824e-7  error_V_h1=0.16543241486566299  α = 0.000142
 249   -21.48179598560      -14.45       -6.09     115s
    hm1_norm_ρdiff=3.8681726817430125e-5 hm1_norm_Δρ=3.2156381905027613e-7  error_V_h1=0.1654324124687151  α = 3.12e-6
 250   -21.48179598560   +    -Inf       -6.29     184s
    hm1_norm_ρdiff=3.883004192389855e-5 hm1_norm_Δρ=1.738350759532338e-7  error_V_h1=0.1654324124694771  α = 1.81e-16
 251   -21.48179598560   +    -Inf       -3.00    93.4s
    hm1_norm_ρdiff=0.0003358738604298112 hm1_norm_Δρ=0.0003341134951776361  error_V_h1=0.16543191300903518  α = 7.27e-7
Trying again without preconditioner ...
n     Energy            log10(ΔE)   log10(Δρ)   Δtime
---   ---------------   ---------   ---------   ------
  1   -21.48179598560                   -5.09    71.4s
    hm1_norm_ρdiff=3.898507924835498e-5 hm1_norm_Δρ=2.2107450899694074e-6  error_V_h1=0.1654284658882809  α = 0.000459
  2   -21.48179598560      -13.85       -5.08    68.6s
    hm1_norm_ρdiff=3.9608977885935006e-5 hm1_norm_Δρ=1.9363670506232023e-6  error_V_h1=0.16542743066865384  α = 0.000191
  3   -21.48179598560      -13.85       -4.99    68.3s
    hm1_norm_ρdiff=3.758672744385005e-5 hm1_norm_Δρ=2.432842555854198e-6  error_V_h1=0.16542512737768367  α = 0.000183
  4   -21.48179598560      -13.67       -5.49    62.4s
    hm1_norm_ρdiff=3.8990952866504224e-5 hm1_norm_Δρ=6.609755723259195e-7  error_V_h1=0.16542452177685898  α = 0.000551
  5   -21.48179598560      -14.15       -5.49     161s
    hm1_norm_ρdiff=3.858758640058836e-5 hm1_norm_Δρ=9.146251160078549e-7  error_V_h1=0.16542452518315254  α = 9.22e-7
  6   -21.48179598560      -14.15       -5.39     145s
    hm1_norm_ρdiff=3.893691361857489e-5 hm1_norm_Δρ=8.861651704685904e-7  error_V_h1=0.16542452521528342  α = 2.28e-9
  7   -21.48179598560   +    -Inf       -5.64    99.0s
    hm1_norm_ρdiff=3.8905718125232315e-5 hm1_norm_Δρ=4.653155209074199e-7  error_V_h1=0.16542452521484427  α = 0.0
  8   -21.48179598560      -14.45       -5.03     258s
    hm1_norm_ρdiff=3.961197457951733e-5 hm1_norm_Δρ=3.2360991021363894e-6  error_V_h1=0.16542452525741125  α = 4.24e-9
  9   -21.48179598560   +  -14.45       -5.41    99.2s
    hm1_norm_ρdiff=3.809520189557464e-5 hm1_norm_Δρ=1.3249942285376656e-6  error_V_h1=0.1654245252576133  α = 0.0
 10   -21.48179598560      -14.45       -5.03     293s
    hm1_norm_ρdiff=3.961190545694632e-5 hm1_norm_Δρ=3.2359492986193853e-6  error_V_h1=0.16542452525749776  α = 2.86e-12
 11   -21.48179598560   +  -14.45       -3.57     118s
    hm1_norm_ρdiff=0.00010646278442168813 hm1_norm_Δρ=9.155824998747993e-5  error_V_h1=0.16542452525758844  α = 0.0
 12   -21.48179598560   +    -Inf       -5.03     104s
    hm1_norm_ρdiff=3.961190542270025e-5 hm1_norm_Δρ=3.235949189467108e-6  error_V_h1=0.16542452525757592  α = 0.0
 13   -21.48179598560      -14.45       -5.03     228s
    hm1_norm_ρdiff=3.961190539019172e-5 hm1_norm_Δρ=3.2359490871158107e-6  error_V_h1=0.16542452526596305  α = 9.04e-10
 14   -21.48179598560      -14.45       -5.44     163s
    hm1_norm_ρdiff=3.831691426179521e-5 hm1_norm_Δρ=1.1643700753765504e-6  error_V_h1=0.16542452528413878  α = 2.36e-9
 15   -21.48179598560   +    -Inf       -5.62     115s
    hm1_norm_ρdiff=3.885020823659732e-5 hm1_norm_Δρ=4.12325419585889e-7  error_V_h1=0.16542452528448578  α = 5.95e-12
 16   -21.48179598560   +    -Inf       -2.15     145s
    hm1_norm_ρdiff=0.0012233910408040683 hm1_norm_Δρ=0.0012209528643479448  error_V_h1=0.1654245252844041  α = 3.2e-15

#-- |ρε - ρref| = 3.8830747829913404e-5 vs. 5.62341325190349e-9 = δ*ε  error_V_h1=0.1654245252844041  Qε=0.8723341688275648


# --- ε=3.162277660168379e-7

n     Energy            log10(ΔE)   log10(Δρ)   Δtime
---   ---------------   ---------   ---------   ------
  1   -21.48175065335                   -0.89    79.7s
    hm1_norm_ρdiff=0.08210407165485929 hm1_norm_Δρ=0.08208600463629849  error_V_h1=1.635565197353854  α = 0.000185
  2   -21.48175217376       -5.82       -1.79    57.5s
    hm1_norm_ρdiff=0.006855720074366551 hm1_norm_Δρ=0.006852162120626781  error_V_h1=1.381885561805846  α = 0.00125
  3   -21.48175263702       -6.33       -2.07    57.4s
    hm1_norm_ρdiff=0.0032518420554195604 hm1_norm_Δρ=0.0032496902272807467  error_V_h1=1.2920272989101016  α = 0.00129
  4   -21.48175319918       -6.25       -2.21    56.3s
    hm1_norm_ρdiff=0.002212820673165069 hm1_norm_Δρ=0.002210616203173817  error_V_h1=1.1733017158731602  α = 0.00142
  5   -21.48175361097       -6.39       -2.81    52.1s
    hm1_norm_ρdiff=0.0003973502550991697 hm1_norm_Δρ=0.00039456913553172364  error_V_h1=1.078823689986447  α = 0.00444
  6   -21.48175373607       -6.90       -3.00    52.5s
    hm1_norm_ρdiff=0.0002938813952056995 hm1_norm_Δρ=0.00029218052534552534  error_V_h1=1.0508727972107228  α = 0.00417
  7   -21.48175375627       -7.69       -2.86    53.7s
    hm1_norm_ρdiff=0.0003810973013531448 hm1_norm_Δρ=0.00038034070680610096  error_V_h1=1.0503329762649287  α = 0.00349
  8   -21.48175383734       -7.09       -3.28    47.9s
    hm1_norm_ρdiff=0.00011984007152760258 hm1_norm_Δρ=0.00011755581939554174  error_V_h1=1.0396005522699494  α = 0.0102
  9   -21.48175391566       -7.11       -3.30    47.0s
    hm1_norm_ρdiff=0.00011823659645229902 hm1_norm_Δρ=0.00011678399256270893  error_V_h1=1.0272165623968201  α = 0.01
 10   -21.48175398497       -7.16       -3.35    47.7s
    hm1_norm_ρdiff=0.00011238005983845414 hm1_norm_Δρ=0.00011114633831597237  error_V_h1=1.0172701841724747  α = 0.0102
 11   -21.48175415049       -6.78       -3.33    46.9s
    hm1_norm_ρdiff=0.00010765019490980839 hm1_norm_Δρ=0.00010713287492910717  error_V_h1=0.9811409377505914  α = 0.0107
 12   -21.48175421006       -7.22       -2.22    67.6s
    hm1_norm_ρdiff=0.003665787672396923 hm1_norm_Δρ=0.0036839217753713914  error_V_h1=0.9652709921438295  α = 0.000187
 13   -21.48175450480       -6.53       -1.87    56.2s
    hm1_norm_ρdiff=0.005107200852911619 hm1_norm_Δρ=0.0051169865239047724  error_V_h1=0.8718252988923202  α = 0.00117
 14   -21.48175476729       -6.58       -2.11    62.8s
    hm1_norm_ρdiff=0.0029474523791775645 hm1_norm_Δρ=0.0029514084784645843  error_V_h1=0.7922271680093567  α = 0.000544
 15   -21.48175483557       -7.17       -2.58    57.6s
    hm1_norm_ρdiff=0.0009396985664360068 hm1_norm_Δρ=0.0009428693737923425  error_V_h1=0.7722612943591138  α = 0.00137
 16   -21.48175490342       -7.17       -4.16    31.4s
    hm1_norm_ρdiff=3.098373467283634e-5 hm1_norm_Δρ=1.3971642709438159e-5  error_V_h1=0.7575177302581613  α = 0.0887
 17   -21.48175499956       -7.02       -3.24    47.3s
    hm1_norm_ρdiff=0.00012138720250781116 hm1_norm_Δρ=0.00011703266970203675  error_V_h1=0.73008800988088  α = 0.0103
 18   -21.48175504916       -7.30       -2.86    58.5s
    hm1_norm_ρdiff=0.00044922504624356826 hm1_norm_Δρ=0.00044835625730237804  error_V_h1=0.7114889837395364  α = 0.00158
 19   -21.48175511981       -7.15       -3.18    47.9s
    hm1_norm_ρdiff=0.00015250671782753958 hm1_norm_Δρ=0.00015055025705064837  error_V_h1=0.677795676777741  α = 0.0098
 20   -21.48175518138       -7.21       -3.23    46.9s
    hm1_norm_ρdiff=0.00014359624908143705 hm1_norm_Δρ=0.00013958579602279706  error_V_h1=0.6421313836831413  α = 0.00973
 21   -21.48175522209       -7.39       -3.16    46.3s
    hm1_norm_ρdiff=0.00016753654390703628 hm1_norm_Δρ=0.00016287222188773705  error_V_h1=0.609408550561  α = 0.00948
 22   -21.48175540469       -6.74       -3.53    41.2s
    hm1_norm_ρdiff=8.56266669441711e-5 hm1_norm_Δρ=7.718791256224316e-5  error_V_h1=0.5429104658743775  α = 0.0229
 23   -21.48175552722       -6.91       -2.98    52.7s
    hm1_norm_ρdiff=0.00026112118242584045 hm1_norm_Δρ=0.00026879383890874225  error_V_h1=0.4904258005792742  α = 0.00429
 24   -21.48175562445       -7.01       -2.08    63.0s
    hm1_norm_ρdiff=0.002794750384147276 hm1_norm_Δρ=0.002779092677937564  error_V_h1=0.44970325763341884  α = 0.000478
 25   -21.48175570813       -7.08       -2.49    56.3s
    hm1_norm_ρdiff=0.0007045388233299395 hm1_norm_Δρ=0.0007069268339994124  error_V_h1=0.403313244870987  α = 0.00145
 26   -21.48175573581       -7.56       -2.79    56.8s
    hm1_norm_ρdiff=0.0004564859942051598 hm1_norm_Δρ=0.0004531701710843095  error_V_h1=0.38318141616664175  α = 0.00147
 27   -21.48175577007       -7.47       -2.83    57.9s
    hm1_norm_ρdiff=0.0004417238672743762 hm1_norm_Δρ=0.00043953364541388253  error_V_h1=0.35498628659426396  α = 0.0015
 28   -21.48175579176       -7.66       -3.19    51.8s
    hm1_norm_ρdiff=0.00012837908166536864 hm1_norm_Δρ=0.00013060801307891986  error_V_h1=0.33404930635223484  α = 0.0041
 29   -21.48175579352       -8.76       -3.61    57.8s
    hm1_norm_ρdiff=7.843898859769738e-5 hm1_norm_Δρ=7.526182714302479e-5  error_V_h1=0.3324322432452053  α = 0.00163
 30   -21.48175581481       -7.67       -3.04    51.6s
    hm1_norm_ρdiff=0.00022675599514802603 hm1_norm_Δρ=0.0002269659039853432  error_V_h1=0.31538012271549837  α = 0.00371
 31   -21.48175584454       -7.53       -3.10    50.8s
    hm1_norm_ρdiff=0.00018666810782828132 hm1_norm_Δρ=0.00018752986297810133  error_V_h1=0.30045139048562536  α = 0.00395
 32   -21.48175586648       -7.66       -2.92    51.0s
    hm1_norm_ρdiff=0.00029792032522927897 hm1_norm_Δρ=0.0003001682369631699  error_V_h1=0.29164625343832057  α = 0.00359
 33   -21.48175589756       -7.51       -2.93    56.3s
    hm1_norm_ρdiff=0.00029744368631931534 hm1_norm_Δρ=0.0003020957596053724  error_V_h1=0.25167655710923725  α = 0.00162
 34   -21.48175590273       -8.29       -2.72    62.8s
    hm1_norm_ρdiff=0.000506244160228194 hm1_norm_Δρ=0.0004975844668479622  error_V_h1=0.24097902290630735  α = 0.000518
 35   -21.48175591187       -8.04       -2.45    62.2s
    hm1_norm_ρdiff=0.0011580089080050018 hm1_norm_Δρ=0.0011740013074945429  error_V_h1=0.2301417625738942  α = 0.000444
 36   -21.48175591652       -8.33       -2.79    56.6s
    hm1_norm_ρdiff=0.0003714552107563958 hm1_norm_Δρ=0.0003681578246424801  error_V_h1=0.24151373624061073  α = 0.00122
 37   -21.48175591788       -8.87       -3.08    57.3s
    hm1_norm_ρdiff=0.00022293024048391206 hm1_norm_Δρ=0.00022433531242379423  error_V_h1=0.24737315484476027  α = 0.00125
 38   -21.48175592142       -8.45       -3.30    56.9s
    hm1_norm_ρdiff=0.00015275504185492618 hm1_norm_Δρ=0.00015235640661203793  error_V_h1=0.2480796738085722  α = 0.00147
 39   -21.48175592489       -8.46       -3.65    51.8s
    hm1_norm_ρdiff=5.422422407496761e-5 hm1_norm_Δρ=4.42441749170924e-5  error_V_h1=0.2481268169104018  α = 0.00426
 40   -21.48175592540       -9.29       -4.20    41.5s
    hm1_norm_ρdiff=2.832631367487399e-5 hm1_norm_Δρ=1.2425587410605948e-5  error_V_h1=0.25316081190863626  α = 0.0219
 41   -21.48175593559       -7.99       -3.21    58.7s
    hm1_norm_ρdiff=0.00020283966886258537 hm1_norm_Δρ=0.000200164132136904  error_V_h1=0.24348146109433677  α = 0.00157
 42   -21.48175594054       -8.31       -3.32    52.4s
    hm1_norm_ρdiff=0.00011308731868770749 hm1_norm_Δρ=0.00010730849493020034  error_V_h1=0.23260637116566085  α = 0.00371
 43   -21.48175595132       -7.97       -3.06    51.4s
    hm1_norm_ρdiff=0.00022114536389756823 hm1_norm_Δρ=0.00021751262606743818  error_V_h1=0.20979885481521943  α = 0.00358
 44   -21.48175595220       -9.06       -3.93    51.7s
    hm1_norm_ρdiff=3.979370160666946e-5 hm1_norm_Δρ=2.9445488744764542e-5  error_V_h1=0.20751352197402964  α = 0.00403
 45   -21.48175595269       -9.31       -3.25    61.3s
    hm1_norm_ρdiff=0.000139121755227806 hm1_norm_Δρ=0.00014504957225686986  error_V_h1=0.2082431088928988  α = 0.000527
 46   -21.48175595522       -8.60       -2.72    62.4s
    hm1_norm_ρdiff=0.0006457414453837967 hm1_norm_Δρ=0.0006292334971302873  error_V_h1=0.20741896467688503  α = 0.000441
 47   -21.48175595995       -8.33       -2.91    62.8s
    hm1_norm_ρdiff=0.0003383210081202775 hm1_norm_Δρ=0.0003386733638328952  error_V_h1=0.19904981400609684  α = 0.000557
 48   -21.48175596103       -8.97       -3.26    56.5s
    hm1_norm_ρdiff=0.00015026783842889818 hm1_norm_Δρ=0.00014543930243688213  error_V_h1=0.19310074805616637  α = 0.0013
 49   -21.48175596204       -9.00       -3.62    56.6s
    hm1_norm_ρdiff=6.97679559315521e-5 hm1_norm_Δρ=6.615146360458538e-5  error_V_h1=0.18820324880430678  α = 0.00152
 50   -21.48175596241       -9.43       -4.00    51.6s
    hm1_norm_ρdiff=3.1188965660067046e-5 hm1_norm_Δρ=2.7112325619859862e-5  error_V_h1=0.18439083302655965  α = 0.00362
 51   -21.48175596427       -8.73       -3.94    51.7s
    hm1_norm_ρdiff=3.525867553085152e-5 hm1_norm_Δρ=2.5836938159324072e-5  error_V_h1=0.1797951384891359  α = 0.00441
 52   -21.48175596452       -9.61       -4.01    52.3s
    hm1_norm_ρdiff=3.73789090606051e-5 hm1_norm_Δρ=2.9323120825737128e-5  error_V_h1=0.17841873561450547  α = 0.00357
 53   -21.48175596555       -8.98       -3.48    51.8s
    hm1_norm_ρdiff=8.307958325697029e-5 hm1_norm_Δρ=8.249789610047832e-5  error_V_h1=0.17942389456474847  α = 0.00344
 54   -21.48175597090       -8.27       -3.20    51.1s
    hm1_norm_ρdiff=0.00015840739900409412 hm1_norm_Δρ=0.00015892788505833167  error_V_h1=0.17715395960058902  α = 0.00355
 55   -21.48175597150       -9.23       -4.16    46.7s
    hm1_norm_ρdiff=2.741848622514911e-5 hm1_norm_Δρ=1.4021097579192851e-5  error_V_h1=0.17802282219000706  α = 0.00965
 56   -21.48175597160       -9.99       -3.75    62.9s
    hm1_norm_ρdiff=5.8195932670710995e-5 hm1_norm_Δρ=4.555531630347807e-5  error_V_h1=0.17726147391953873  α = 0.000574
 57   -21.48175597236       -9.12       -2.96    62.2s
    hm1_norm_ρdiff=0.00034909351245410706 hm1_norm_Δρ=0.0003648494948836654  error_V_h1=0.17600647616598467  α = 0.000438
 58   -21.48175597242      -10.23       -4.28    57.4s
    hm1_norm_ρdiff=2.982398909280772e-5 hm1_norm_Δρ=1.44259183226496e-5  error_V_h1=0.17646780038888246  α = 0.00158
 59   -21.48175597281       -9.41       -3.40    57.7s
    hm1_norm_ρdiff=0.00010222807182775022 hm1_norm_Δρ=0.00010169790053097603  error_V_h1=0.1805126575696705  α = 0.00128
 60   -21.48175597295       -9.83       -4.18    58.0s
    hm1_norm_ρdiff=3.3313812632150696e-5 hm1_norm_Δρ=2.0290271935163244e-5  error_V_h1=0.18130650065739654  α = 0.00161
 61   -21.48175597318       -9.65       -4.02    52.6s
    hm1_norm_ρdiff=4.1516746445697604e-5 hm1_norm_Δρ=2.6534997865738394e-5  error_V_h1=0.1833909436236496  α = 0.00353
 62   -21.48175597657       -8.47       -4.98    31.6s
    hm1_norm_ρdiff=2.5385716984671312e-5 hm1_norm_Δρ=2.138030068321261e-6  error_V_h1=0.18149508199195633  α = 0.0861
 63   -21.48175597750       -9.03       -4.01    46.2s
    hm1_norm_ρdiff=3.5956716019271e-5 hm1_norm_Δρ=2.2149798586198317e-5  error_V_h1=0.17619305134136465  α = 0.00945
 64   -21.48175597976       -8.65       -3.49    57.0s
    hm1_norm_ρdiff=9.819418385130502e-5 hm1_norm_Δρ=9.086773223560063e-5  error_V_h1=0.17091660099799977  α = 0.00158
 65   -21.48175598210       -8.63       -3.57    51.5s
    hm1_norm_ρdiff=7.118318142394332e-5 hm1_norm_Δρ=6.585802906193301e-5  error_V_h1=0.1668296475555575  α = 0.00379
 66   -21.48175598230       -9.70       -4.18    51.7s
    hm1_norm_ρdiff=3.0402951471160792e-5 hm1_norm_Δρ=1.433720412958195e-5  error_V_h1=0.16695837117758724  α = 0.00404
 67   -21.48175598230      -11.39       -3.91    57.8s
    hm1_norm_ρdiff=3.4233322699564914e-5 hm1_norm_Δρ=3.1278958904376e-5  error_V_h1=0.16768669346418513  α = 0.00118
 68   -21.48175598237      -10.17       -3.47    63.4s
    hm1_norm_ρdiff=0.0001133546828697498 hm1_norm_Δρ=9.616395574900432e-5  error_V_h1=0.16769167090410494  α = 0.000456
 69   -21.48175598246      -10.07       -3.82    62.7s
    hm1_norm_ρdiff=4.87968349433815e-5 hm1_norm_Δρ=4.3635436044171756e-5  error_V_h1=0.16712937627354144  α = 0.000563
 70   -21.48175598259       -9.86       -3.74    58.5s
    hm1_norm_ρdiff=5.4430114731767434e-5 hm1_norm_Δρ=4.638643658100984e-5  error_V_h1=0.16494847204842453  α = 0.00133
 71   -21.48175598264      -10.31       -4.34    57.8s
    hm1_norm_ρdiff=2.7847382122208197e-5 hm1_norm_Δρ=1.3775898984440373e-5  error_V_h1=0.16431020927670442  α = 0.00158
 72   -21.48175598269      -10.30       -4.13    53.2s
    hm1_norm_ρdiff=2.6710501444710465e-5 hm1_norm_Δρ=1.9618133019153998e-5  error_V_h1=0.16259395121261702  α = 0.00339
 73   -21.48175598285       -9.79       -4.36    52.7s
    hm1_norm_ρdiff=2.592534691766369e-5 hm1_norm_Δρ=9.903758032819877e-6  error_V_h1=0.16157980630034322  α = 0.00414
 74   -21.48175598314       -9.54       -3.71    52.4s
    hm1_norm_ρdiff=4.740448728470255e-5 hm1_norm_Δρ=4.5538143297421275e-5  error_V_h1=0.16517625412585715  α = 0.00344
 75   -21.48175598324      -10.00       -4.53    51.5s
    hm1_norm_ρdiff=2.5546641057186412e-5 hm1_norm_Δρ=7.770735318127722e-6  error_V_h1=0.1650903303027887  α = 0.00423
 76   -21.48175598400       -9.12       -3.84    52.4s
    hm1_norm_ρdiff=4.5275404365901314e-5 hm1_norm_Δρ=3.707899888602995e-5  error_V_h1=0.16381699870527078  α = 0.00377
 77   -21.48175598409      -10.04       -4.57    51.9s
    hm1_norm_ρdiff=2.552190832188291e-5 hm1_norm_Δρ=6.482828619267181e-6  error_V_h1=0.16309755231481765  α = 0.00436
 78   -21.48175598415      -10.28       -3.89    62.9s
    hm1_norm_ρdiff=5.020269354538349e-5 hm1_norm_Δρ=3.6373750388502134e-5  error_V_h1=0.16258001531711197  α = 0.000558
 79   -21.48175598418      -10.50       -3.65    63.2s
    hm1_norm_ρdiff=4.913694340195189e-5 hm1_norm_Δρ=6.0178808512248876e-5  error_V_h1=0.16245112209840804  α = 0.000477
 80   -21.48175598423      -10.31       -4.64    51.8s
    hm1_norm_ρdiff=2.5645896806172075e-5 hm1_norm_Δρ=5.6535832043717865e-6  error_V_h1=0.16167265793410426  α = 0.00424
 81   -21.48175598434       -9.94       -4.10    57.0s
    hm1_norm_ρdiff=3.1134195289637235e-5 hm1_norm_Δρ=2.0342195570225974e-5  error_V_h1=0.1624156673126191  α = 0.00158
 82   -21.48175598437      -10.57       -4.25    57.3s
    hm1_norm_ρdiff=3.0724244952258414e-5 hm1_norm_Δρ=1.4317741249351198e-5  error_V_h1=0.16236074578776705  α = 0.00139
 83   -21.48175598452       -9.82       -4.11    58.6s
    hm1_norm_ρdiff=3.7701221316149635e-5 hm1_norm_Δρ=2.075821626740075e-5  error_V_h1=0.16284105413720446  α = 0.00163
 84   -21.48175598457      -10.34       -4.82    47.0s
    hm1_norm_ρdiff=2.5379799949054414e-5 hm1_norm_Δρ=3.2565639372435006e-6  error_V_h1=0.16187633860295927  α = 0.00981
 85   -21.48175598510       -9.27       -3.74    58.4s
    hm1_norm_ρdiff=5.360135851738292e-5 hm1_norm_Δρ=4.169256646025857e-5  error_V_h1=0.16020315576193178  α = 0.0016
 86   -21.48175598512      -10.62       -4.37    52.3s
    hm1_norm_ρdiff=2.8044611642801295e-5 hm1_norm_Δρ=1.0938956966528215e-5  error_V_h1=0.15922942761751122  α = 0.00363
 87   -21.48175598527       -9.83       -4.03    52.0s
    hm1_norm_ρdiff=3.3620774759818644e-5 hm1_norm_Δρ=2.4438369021209724e-5  error_V_h1=0.15908772988097747  α = 0.00353
 88   -21.48175598530      -10.53       -4.70    51.4s
    hm1_norm_ρdiff=2.6778616478181163e-5 hm1_norm_Δρ=6.075466752165255e-6  error_V_h1=0.15895428855287136  α = 0.00382
 89   -21.48175598531      -11.19       -4.15    57.6s
    hm1_norm_ρdiff=2.7801691790730654e-5 hm1_norm_Δρ=2.0204748211956132e-5  error_V_h1=0.15949188802522177  α = 0.00121
 90   -21.48175598532      -10.95       -4.35    59.0s
    hm1_norm_ρdiff=3.253883923067667e-5 hm1_norm_Δρ=1.0861706948429917e-5  error_V_h1=0.15970692830543406  α = 0.00139
 91   -21.48175598536      -10.36       -4.45    51.7s
    hm1_norm_ρdiff=2.6941613951452884e-5 hm1_norm_Δρ=8.413173706226566e-6  error_V_h1=0.15987902336767648  α = 0.00376
 92   -21.48175598540      -10.45       -4.66    52.0s
    hm1_norm_ρdiff=2.711031626751318e-5 hm1_norm_Δρ=6.00665897618364e-6  error_V_h1=0.15970999021693844  α = 0.00397
 93   -21.48175598544      -10.43       -4.05    63.6s
    hm1_norm_ρdiff=3.6278020992506304e-5 hm1_norm_Δρ=2.7602176012391014e-5  error_V_h1=0.15962888455856997  α = 0.000601
 94   -21.48175598547      -10.52       -4.36    57.2s
    hm1_norm_ρdiff=2.712271821310987e-5 hm1_norm_Δρ=1.185039171360669e-5  error_V_h1=0.1599242688682376  α = 0.00151
 95   -21.48175598548      -10.84       -4.38    51.9s
    hm1_norm_ρdiff=2.7458400685157204e-5 hm1_norm_Δρ=9.543844754548808e-6  error_V_h1=0.16080097287543588  α = 0.00353
 96   -21.48175598549      -11.23       -4.72    51.2s
    hm1_norm_ρdiff=2.4261523358204197e-5 hm1_norm_Δρ=5.024701712310536e-6  error_V_h1=0.1610284350567325  α = 0.00346
 97   -21.48175598550      -10.79       -4.37    51.1s
    hm1_norm_ρdiff=2.7854397221102505e-5 hm1_norm_Δρ=1.1131160004526022e-5  error_V_h1=0.1621121848243898  α = 0.00346
 98   -21.48175598562       -9.93       -4.13    58.7s
    hm1_norm_ρdiff=3.361588683477543e-5 hm1_norm_Δρ=2.0324186228117312e-5  error_V_h1=0.16226438645167404  α = 0.0016
 99   -21.48175598566      -10.41       -4.21    57.2s
    hm1_norm_ρdiff=2.620939488185863e-5 hm1_norm_Δρ=1.927294075411203e-5  error_V_h1=0.1622055708408801  α = 0.00134
 100   -21.48175598567      -11.22       -4.73    57.8s
    hm1_norm_ρdiff=2.6397731417617856e-5 hm1_norm_Δρ=4.3822668490894415e-6  error_V_h1=0.1620242343161774  α = 0.00163
 101   -21.48175598569      -10.57       -3.72    62.5s
    hm1_norm_ρdiff=3.6886060275850824e-5 hm1_norm_Δρ=4.182737273536946e-5  error_V_h1=0.1616291931945974  α = 0.000506
 102   -21.48175598571      -10.78       -4.48    52.6s
    hm1_norm_ρdiff=2.5406337430602794e-5 hm1_norm_Δρ=7.917262604677604e-6  error_V_h1=0.1616515428254092  α = 0.00352
 103   -21.48175598572      -11.02       -4.72    57.8s
    hm1_norm_ρdiff=2.361007915589214e-5 hm1_norm_Δρ=5.849036524292418e-6  error_V_h1=0.16162093716111187  α = 0.00152
 104   -21.48175598572      -11.85       -4.67    62.9s
    hm1_norm_ρdiff=2.54169385965164e-5 hm1_norm_Δρ=5.437699283440365e-6  error_V_h1=0.16160365212544123  α = 0.000585
 105   -21.48175598573      -11.08       -4.79    57.5s
    hm1_norm_ρdiff=2.5866421856509827e-5 hm1_norm_Δρ=4.383926253399206e-6  error_V_h1=0.16148932117786924  α = 0.00165
 106   -21.48175598577      -10.35       -4.36    57.6s
    hm1_norm_ρdiff=2.64754208439575e-5 hm1_norm_Δρ=1.0994179264073942e-5  error_V_h1=0.16104325972744546  α = 0.00163
 107   -21.48175598579      -10.76       -4.35    58.3s
    hm1_norm_ρdiff=3.199965460904889e-5 hm1_norm_Δρ=1.3191204403986072e-5  error_V_h1=0.16079548098134494  α = 0.00131
 108   -21.48175598584      -10.36       -4.39    57.5s
    hm1_norm_ρdiff=2.7131853577894708e-5 hm1_norm_Δρ=1.1070005790885589e-5  error_V_h1=0.16025178746684351  α = 0.00165
 109   -21.48175598585      -10.92       -5.14    51.6s
    hm1_norm_ρdiff=2.556113635662469e-5 hm1_norm_Δρ=1.9709525380426077e-6  error_V_h1=0.16003955473972423  α = 0.00443
 110   -21.48175598585      -11.42       -4.37    57.5s
    hm1_norm_ρdiff=3.314216207773826e-5 hm1_norm_Δρ=1.4392751164066572e-5  error_V_h1=0.16007097842770165  α = 0.00114
 111   -21.48175598586      -11.08       -4.91    53.1s
    hm1_norm_ρdiff=2.4911081262387338e-5 hm1_norm_Δρ=2.439876829153705e-6  error_V_h1=0.16014486651629792  α = 0.00428
 112   -21.48175598587      -10.91       -4.06    63.5s
    hm1_norm_ρdiff=3.652927459391513e-5 hm1_norm_Δρ=1.923557945607405e-5  error_V_h1=0.1602194751164804  α = 0.000541
 113   -21.48175598589      -10.70       -4.31    57.4s
    hm1_norm_ρdiff=2.995563907497086e-5 hm1_norm_Δρ=1.3282595719986889e-5  error_V_h1=0.1601512370108078  α = 0.00141
 114   -21.48175598590      -11.21       -4.99    52.7s
    hm1_norm_ρdiff=2.4247338158515865e-5 hm1_norm_Δρ=2.5997599966872315e-6  error_V_h1=0.15998444074965362  α = 0.00399
 115   -21.48175598591      -10.86       -4.73    51.7s
    hm1_norm_ρdiff=2.534093285198429e-5 hm1_norm_Δρ=3.377328315736883e-6  error_V_h1=0.1595067466299809  α = 0.00412
 116   -21.48175598591      -11.55       -4.38    56.9s
    hm1_norm_ρdiff=2.963284801758156e-5 hm1_norm_Δρ=9.486572772659704e-6  error_V_h1=0.15911297904217714  α = 0.00138
 117   -21.48175598592      -11.81       -4.87    56.5s
    hm1_norm_ρdiff=2.5644384483031337e-5 hm1_norm_Δρ=3.983411816318741e-6  error_V_h1=0.1590213456182412  α = 0.00138
 118   -21.48175598592      -11.67       -4.36    57.4s
    hm1_norm_ρdiff=2.4554567382068837e-5 hm1_norm_Δρ=1.3667913458214378e-5  error_V_h1=0.15917826337229196  α = 0.00124
 119   -21.48175598592      -11.50       -4.90    57.2s
    hm1_norm_ρdiff=2.612179659383301e-5 hm1_norm_Δρ=3.1575931236553886e-6  error_V_h1=0.1591571638504499  α = 0.00145
 120   -21.48175598593      -11.40       -5.32    52.4s
    hm1_norm_ρdiff=2.5474169387570556e-5 hm1_norm_Δρ=1.2464195258156229e-6  error_V_h1=0.15924587522563052  α = 0.00351
 121   -21.48175598595      -10.55       -3.80    62.7s
    hm1_norm_ρdiff=4.4006257787207784e-5 hm1_norm_Δρ=4.178719764674825e-5  error_V_h1=0.15877388276103796  α = 0.000563
 122   -21.48175598596      -11.59       -5.05    47.0s
    hm1_norm_ρdiff=2.520193299991611e-5 hm1_norm_Δρ=1.9803837553136328e-6  error_V_h1=0.15924191988566117  α = 0.00917
 123   -21.48175598596      -11.70       -4.26    62.2s
    hm1_norm_ρdiff=2.6834085942371764e-5 hm1_norm_Δρ=1.2428442098401114e-5  error_V_h1=0.15914644700371483  α = 0.000518
 124   -21.48175598596      -11.42       -4.36    57.8s
    hm1_norm_ρdiff=2.7170183892748047e-5 hm1_norm_Δρ=1.2471811132750984e-5  error_V_h1=0.15912518599140413  α = 0.00128
 125   -21.48175598597      -11.32       -4.96    52.2s
    hm1_norm_ρdiff=2.6221976403255878e-5 hm1_norm_Δρ=2.9398515316095864e-6  error_V_h1=0.15940563345537345  α = 0.00371
 126   -21.48175598598      -11.04       -4.45    57.0s
    hm1_norm_ρdiff=2.589227861578817e-5 hm1_norm_Δρ=7.17149977186684e-6  error_V_h1=0.15967771585318852  α = 0.00152
 127   -21.48175598598      -11.19       -4.17    57.2s
    hm1_norm_ρdiff=2.3218929890890235e-5 hm1_norm_Δρ=1.7672381620421007e-5  error_V_h1=0.16020134686210769  α = 0.00112
 128   -21.48175598599      -11.51       -4.37    57.3s
    hm1_norm_ρdiff=2.7683143622134163e-5 hm1_norm_Δρ=1.3672952460274854e-5  error_V_h1=0.16057821487162982  α = 0.00118
 129   -21.48175598599      -11.76       -4.65    63.0s
    hm1_norm_ρdiff=2.704130220257204e-5 hm1_norm_Δρ=6.835117268768256e-6  error_V_h1=0.1605726600785618  α = 0.000567
 130   -21.48175598599      -11.82       -5.02    56.5s
    hm1_norm_ρdiff=2.4245873309181904e-5 hm1_norm_Δρ=2.548870216930748e-6  error_V_h1=0.1606419901614897  α = 0.00154
 131   -21.48175598599      -12.05       -5.24    46.4s
    hm1_norm_ρdiff=2.480042218617459e-5 hm1_norm_Δρ=1.3024469696858197e-6  error_V_h1=0.16067078143522365  α = 0.00916
 132   -21.48175598600      -11.24       -4.30    62.5s
    hm1_norm_ρdiff=2.887300305695777e-5 hm1_norm_Δρ=1.065244544967234e-5  error_V_h1=0.16091817529657956  α = 0.00059
 133   -21.48175598601      -10.91       -4.45    58.6s
    hm1_norm_ρdiff=2.5535901739106242e-5 hm1_norm_Δρ=7.930693813536615e-6  error_V_h1=0.160608615632217  α = 0.00154
 134   -21.48175598601      -12.21       -4.72    62.6s
    hm1_norm_ρdiff=2.5313774430290034e-5 hm1_norm_Δρ=4.530187652575113e-6  error_V_h1=0.16066546197723675  α = 0.000485
 135   -21.48175598601      -11.36       -4.41    57.7s
    hm1_norm_ρdiff=2.7943979370445314e-5 hm1_norm_Δρ=1.0893684236840097e-5  error_V_h1=0.16077210055100072  α = 0.00129
 136   -21.48175598602      -11.60       -4.99    57.3s
    hm1_norm_ρdiff=2.410317285118291e-5 hm1_norm_Δρ=2.8972924915527506e-6  error_V_h1=0.1606421637215519  α = 0.00156
 137   -21.48175598602      -11.59       -4.94    58.0s
    hm1_norm_ρdiff=2.5042359190269055e-5 hm1_norm_Δρ=2.382669255272543e-6  error_V_h1=0.16057971712271732  α = 0.00166
 138   -21.48175598604      -10.73       -3.99    62.6s
    hm1_norm_ρdiff=4.7444245874389535e-5 hm1_norm_Δρ=2.9446553051070183e-5  error_V_h1=0.1602817802270335  α = 0.000501
 139   -21.48175598605      -10.90       -4.29    60.9s
    hm1_norm_ρdiff=2.9831554367500753e-5 hm1_norm_Δρ=1.62143262524887e-5  error_V_h1=0.16012887348098928  α = 0.000587
 140   -21.48175598605      -11.82       -5.44    45.5s
    hm1_norm_ρdiff=2.5226253344851545e-5 hm1_norm_Δρ=1.0369618360446156e-6  error_V_h1=0.15998415201178098  α = 0.00924
 141   -21.48175598605      -11.37       -5.32    50.2s
    hm1_norm_ρdiff=2.5485285280143998e-5 hm1_norm_Δρ=1.2656529537795042e-6  error_V_h1=0.15985358357484622  α = 0.00425
 142   -21.48175598606      -11.07       -4.78    50.4s
    hm1_norm_ρdiff=2.622215266939398e-5 hm1_norm_Δρ=4.061541090675366e-6  error_V_h1=0.1599291675902639  α = 0.00372
 143   -21.48175598606      -12.35       -4.71    56.2s
    hm1_norm_ρdiff=2.47949277681536e-5 hm1_norm_Δρ=4.85808018275842e-6  error_V_h1=0.15978187111608894  α = 0.00141
 144   -21.48175598607      -11.56       -4.98    56.8s
    hm1_norm_ρdiff=2.5610387627661855e-5 hm1_norm_Δρ=2.783749474200981e-6  error_V_h1=0.1598267224240338  α = 0.00148
 145   -21.48175598607      -11.78       -5.03    50.8s
    hm1_norm_ρdiff=2.5441128646786718e-5 hm1_norm_Δρ=1.9240655523188345e-6  error_V_h1=0.1595679894538307  α = 0.00403
 146   -21.48175598607      -12.16       -4.44    55.9s
    hm1_norm_ρdiff=2.7188976057184693e-5 hm1_norm_Δρ=1.0691841786023846e-5  error_V_h1=0.15963169817208286  α = 0.00128
 147   -21.48175598607      -11.30       -4.78    56.1s
    hm1_norm_ρdiff=2.5828358358192053e-5 hm1_norm_Δρ=4.560663242305529e-6  error_V_h1=0.1595620281712008  α = 0.00146
 148   -21.48175598608      -11.76       -5.14    55.9s
    hm1_norm_ρdiff=2.500724051152522e-5 hm1_norm_Δρ=1.9646025131424395e-6  error_V_h1=0.15957837056215693  α = 0.00149
 149   -21.48175598608      -11.59       -4.15    60.8s
    hm1_norm_ρdiff=2.1238369984182542e-5 hm1_norm_Δρ=2.1356396538235045e-5  error_V_h1=0.159542966580356  α = 0.000496
 150   -21.48175598608      -11.25       -4.75    57.1s
    hm1_norm_ρdiff=2.6848058586053856e-5 hm1_norm_Δρ=5.008278011109533e-6  error_V_h1=0.15969426746751772  α = 0.00151
 151   -21.48175598609      -11.37       -4.87    51.4s
    hm1_norm_ρdiff=2.544294897802619e-5 hm1_norm_Δρ=3.2657662876167953e-6  error_V_h1=0.16014448886190868  α = 0.00365
 152   -21.48175598609      -12.05       -4.60    55.4s
    hm1_norm_ρdiff=2.339647907856306e-5 hm1_norm_Δρ=6.9259770321699664e-6  error_V_h1=0.16027351493082298  α = 0.00127
 153   -21.48175598610      -11.12       -4.63    55.1s
    hm1_norm_ρdiff=2.4481311697838233e-5 hm1_norm_Δρ=5.965362951776511e-6  error_V_h1=0.16016489367730682  α = 0.00153
 154   -21.48175598610      -11.53       -4.96    50.6s
    hm1_norm_ρdiff=2.540690576514324e-5 hm1_norm_Δρ=2.504677899690335e-6  error_V_h1=0.16047146323732187  α = 0.00364
 155   -21.48175598610      -12.18       -4.56    55.7s
    hm1_norm_ρdiff=2.540760021784112e-5 hm1_norm_Δρ=7.122854232245224e-6  error_V_h1=0.16039825243402564  α = 0.00123
 156   -21.48175598610      -11.52       -4.80    55.4s
    hm1_norm_ρdiff=2.4191202213797277e-5 hm1_norm_Δρ=3.636325622647206e-6  error_V_h1=0.16056839583289212  α = 0.00148
 157   -21.48175598610      -11.82       -4.61    61.5s
    hm1_norm_ρdiff=2.5335537501036715e-5 hm1_norm_Δρ=7.0269375390342535e-6  error_V_h1=0.16055893886925404  α = 0.000576
 158   -21.48175598611      -11.91       -5.04    56.3s
    hm1_norm_ρdiff=2.4975134781817706e-5 hm1_norm_Δρ=2.727249361221692e-6  error_V_h1=0.16060913961319798  α = 0.00148
 159   -21.48175598611      -11.53       -5.44    50.3s
    hm1_norm_ρdiff=2.5396551029412053e-5 hm1_norm_Δρ=1.0937174321872556e-6  error_V_h1=0.160616471794555  α = 0.0034
 160   -21.48175598611      -12.26       -4.51    61.6s
    hm1_norm_ρdiff=2.857240442218769e-5 hm1_norm_Δρ=7.34129968246819e-6  error_V_h1=0.16062302696605799  α = 0.000539
 161   -21.48175598611      -11.85       -5.17    51.7s
    hm1_norm_ρdiff=2.4812893913171057e-5 hm1_norm_Δρ=1.6602854583424478e-6  error_V_h1=0.16053260839038178  α = 0.00382
 162   -21.48175598611      -11.43       -4.86    56.8s
    hm1_norm_ρdiff=2.5501802811650273e-5 hm1_norm_Δρ=3.240045581144772e-6  error_V_h1=0.16035686413115866  α = 0.00147
 163   -21.48175598612      -11.95       -4.67    56.7s
    hm1_norm_ρdiff=2.85253507884887e-5 hm1_norm_Δρ=6.6187687898317205e-6  error_V_h1=0.16037116667491652  α = 0.00124
 164   -21.48175598612      -12.15       -5.10    56.0s
    hm1_norm_ρdiff=2.5153569984124963e-5 hm1_norm_Δρ=2.382535950191131e-6  error_V_h1=0.16038462151007563  α = 0.00147
 165   -21.48175598612      -12.08       -5.09    51.1s
    hm1_norm_ρdiff=2.4884597214253244e-5 hm1_norm_Δρ=1.8988682828351216e-6  error_V_h1=0.16015883473679393  α = 0.00353
 166   -21.48175598612      -11.79       -4.61    56.4s
    hm1_norm_ρdiff=2.5525067864887365e-5 hm1_norm_Δρ=5.4273221331821e-6  error_V_h1=0.1602523511823533  α = 0.00137
 167   -21.48175598612      -12.55       -5.20    56.5s
    hm1_norm_ρdiff=2.5779617746698387e-5 hm1_norm_Δρ=1.7204496244674236e-6  error_V_h1=0.16019617820674145  α = 0.00137
 168   -21.48175598612      -12.08       -5.51    51.1s
    hm1_norm_ρdiff=2.5270282925649136e-5 hm1_norm_Δρ=8.940333489429786e-7  error_V_h1=0.16022297544314806  α = 0.00419
 169   -21.48175598612      -11.74       -5.04    50.9s
    hm1_norm_ρdiff=2.51358745406089e-5 hm1_norm_Δρ=2.1876153395414055e-6  error_V_h1=0.16029068363812113  α = 0.00348
 170   -21.48175598612      -11.64       -5.02    50.4s
    hm1_norm_ρdiff=2.5455468717363776e-5 hm1_norm_Δρ=1.9601523938280385e-6  error_V_h1=0.16045051530951746  α = 0.0038
 171   -21.48175598612      -12.40       -4.43    60.2s
    hm1_norm_ρdiff=2.3057550246627047e-5 hm1_norm_Δρ=8.643970646017796e-6  error_V_h1=0.16048258842618612  α = 0.000528
 172   -21.48175598612      -12.27       -5.35    50.8s
    hm1_norm_ρdiff=2.5384464711614733e-5 hm1_norm_Δρ=1.196861597374173e-6  error_V_h1=0.16058970541906506  α = 0.00387
 173   -21.48175598613      -11.93       -5.40    51.5s
    hm1_norm_ρdiff=2.518797753194697e-5 hm1_norm_Δρ=8.181477493282794e-7  error_V_h1=0.16060970906436955  α = 0.00324
 174   -21.48175598613      -11.66       -4.41    60.4s
    hm1_norm_ρdiff=2.4530834203900775e-5 hm1_norm_Δρ=9.004266494049527e-6  error_V_h1=0.16056184906609192  α = 0.000584
 175   -21.48175598613      -12.62       -5.35    55.8s
    hm1_norm_ρdiff=2.536315729588051e-5 hm1_norm_Δρ=1.0559139923938098e-6  error_V_h1=0.1605242320004131  α = 0.00122
 176   -21.48175598613      -12.80       -5.40    50.9s
    hm1_norm_ρdiff=2.5112933886130736e-5 hm1_norm_Δρ=1.1023734889605328e-6  error_V_h1=0.1605625144043102  α = 0.00395
 177   -21.48175598613      -12.14       -4.92    56.1s
    hm1_norm_ρdiff=2.5702383085069318e-5 hm1_norm_Δρ=2.6968848822055816e-6  error_V_h1=0.16051287416766807  α = 0.00149
 178   -21.48175598613      -11.75       -4.25    66.1s
    hm1_norm_ρdiff=2.4656338648835874e-5 hm1_norm_Δρ=1.4108742231543318e-5  error_V_h1=0.16056216300225867  α = 0.000202
 179   -21.48175598613   +    -Inf       -5.00     200s
    hm1_norm_ρdiff=2.6265252816016416e-5 hm1_norm_Δρ=2.4755365331407033e-6  error_V_h1=0.1605621632793725  α = 2.43e-8
 180   -21.48175598614      -11.34       -4.42    61.3s
    hm1_norm_ρdiff=2.9114891319923745e-5 hm1_norm_Δρ=1.0867619075484982e-5  error_V_h1=0.16049437563787694  α = 0.000595
 181   -21.48175598614      -11.77       -4.41    56.2s
    hm1_norm_ρdiff=2.5296860891486035e-5 hm1_norm_Δρ=9.097049871531388e-6  error_V_h1=0.1603439057094209  α = 0.00121
 182   -21.48175598614      -12.08       -5.14    55.4s
    hm1_norm_ρdiff=2.5278105717080768e-5 hm1_norm_Δρ=1.4588656424365587e-6  error_V_h1=0.1603083788822953  α = 0.00157
 183   -21.48175598614      -11.99       -4.80    55.7s
    hm1_norm_ρdiff=2.3971111403642057e-5 hm1_norm_Δρ=4.408909541183541e-6  error_V_h1=0.16015585366573307  α = 0.00133
 184   -21.48175598614      -12.18       -4.91    56.6s
    hm1_norm_ρdiff=2.4672292282986195e-5 hm1_norm_Δρ=2.8407769723522826e-6  error_V_h1=0.16010937635259728  α = 0.00136
 185   -21.48175598614      -12.13       -5.54    45.4s
    hm1_norm_ρdiff=2.5105134744754648e-5 hm1_norm_Δρ=4.9460122702553e-7  error_V_h1=0.16015819919966146  α = 0.00985
 186   -21.48175598614      -11.98       -5.01    55.8s
    hm1_norm_ρdiff=2.457467408823236e-5 hm1_norm_Δρ=2.5087731659172782e-6  error_V_h1=0.16020442413096903  α = 0.00151
 187   -21.48175598614      -12.26       -5.26    51.1s
    hm1_norm_ρdiff=2.5037093887405897e-5 hm1_norm_Δρ=1.6853993836507949e-6  error_V_h1=0.16021866931383358  α = 0.00339
 188   -21.48175598614      -11.91       -5.39    50.9s
    hm1_norm_ρdiff=2.4954860321827886e-5 hm1_norm_Δρ=9.900515261292096e-7  error_V_h1=0.16025448258225397  α = 0.00409
 189   -21.48175598614      -11.87       -5.43    50.8s
    hm1_norm_ρdiff=2.5006657290918136e-5 hm1_norm_Δρ=9.128146557685867e-7  error_V_h1=0.1602860423672495  α = 0.00377
 190   -21.48175598615      -12.31       -4.99    56.2s
    hm1_norm_ρdiff=2.4090905483765236e-5 hm1_norm_Δρ=2.560526918642908e-6  error_V_h1=0.16027590861567803  α = 0.00134
 191   -21.48175598615      -11.86       -5.26    51.3s
    hm1_norm_ρdiff=2.6043442128820823e-5 hm1_norm_Δρ=1.6790689925009498e-6  error_V_h1=0.1602455059038015  α = 0.00234
 192   -21.48175598615      -12.11       -4.80    55.2s
    hm1_norm_ρdiff=2.5308018908628202e-5 hm1_norm_Δρ=3.973473891918126e-6  error_V_h1=0.1603088100855625  α = 0.0012
 193   -21.48175598615      -13.25       -5.72    45.6s
    hm1_norm_ρdiff=2.506697877113002e-5 hm1_norm_Δρ=4.050713415507179e-7  error_V_h1=0.16035878108217771  α = 0.00898
 194   -21.48175598615      -12.02       -4.99    54.9s
    hm1_norm_ρdiff=2.6122037387685316e-5 hm1_norm_Δρ=2.706310849463637e-6  error_V_h1=0.1604039642305721  α = 0.00147
 195   -21.48175598615      -12.31       -5.23    56.2s
    hm1_norm_ρdiff=2.467502271770917e-5 hm1_norm_Δρ=1.1107312759124549e-6  error_V_h1=0.16043816855495707  α = 0.00123
 196   -21.48175598615      -12.11       -5.22    51.0s
    hm1_norm_ρdiff=2.5183202053926927e-5 hm1_norm_Δρ=1.4061333041294276e-6  error_V_h1=0.16039939899800165  α = 0.00345
 197   -21.48175598615      -13.75       -5.32    60.8s
    hm1_norm_ρdiff=2.5194295589469954e-5 hm1_norm_Δρ=1.3535103936955046e-6  error_V_h1=0.1603958799446634  α = 0.000426
 198   -21.48175598615      -12.17       -5.31    51.0s
    hm1_norm_ρdiff=2.5051108948981375e-5 hm1_norm_Δρ=1.4772989733322737e-6  error_V_h1=0.16038823307137226  α = 0.00337
 199   -21.48175598615      -12.14       -5.71    45.6s
    hm1_norm_ρdiff=2.5090676266157963e-5 hm1_norm_Δρ=3.9111016696419267e-7  error_V_h1=0.16036022715427994  α = 0.01
 200   -21.48175598615      -12.30       -5.44    50.6s
    hm1_norm_ρdiff=2.5144837307972718e-5 hm1_norm_Δρ=6.969304339448691e-7  error_V_h1=0.16036689037333138  α = 0.00414
 201   -21.48175598615      -12.69       -5.41    55.8s
    hm1_norm_ρdiff=2.545391921571442e-5 hm1_norm_Δρ=1.0941814811690685e-6  error_V_h1=0.16036292234215477  α = 0.0015
 202   -21.48175598615      -12.71       -4.29    71.1s
    hm1_norm_ρdiff=2.2991577018015783e-5 hm1_norm_Δρ=1.1882070462001528e-5  error_V_h1=0.16034136688787387  α = 9.43e-5
 203   -21.48175598615      -12.83       -5.26    55.9s
    hm1_norm_ρdiff=2.5228276670960474e-5 hm1_norm_Δρ=1.4755118754639848e-6  error_V_h1=0.16031908718787624  α = 0.0014
 204   -21.48175598615      -12.93       -5.11    51.0s
    hm1_norm_ρdiff=2.5019255106145225e-5 hm1_norm_Δρ=1.6517573902667377e-6  error_V_h1=0.16022150756334427  α = 0.00337
 205   -21.48175598615      -12.35       -5.41    56.5s
    hm1_norm_ρdiff=2.4676637721097442e-5 hm1_norm_Δρ=1.0346355623888542e-6  error_V_h1=0.16020332227588183  α = 0.00165
 206   -21.48175598615      -12.48       -5.64    51.3s
    hm1_norm_ρdiff=2.523741894254776e-5 hm1_norm_Δρ=5.444673154248364e-7  error_V_h1=0.16018560809979843  α = 0.00383
 207   -21.48175598616      -11.70       -4.85    56.2s
    hm1_norm_ρdiff=2.3921829427952573e-5 hm1_norm_Δρ=3.6953748141866015e-6  error_V_h1=0.16020760529906988  α = 0.00127
 208   -21.48175598616      -12.66       -5.46    51.5s
    hm1_norm_ρdiff=2.5126370049875582e-5 hm1_norm_Δρ=9.979723691452357e-7  error_V_h1=0.16018494251620782  α = 0.00351
 209   -21.48175598616      -13.09       -5.27    51.1s
    hm1_norm_ρdiff=2.547243965569404e-5 hm1_norm_Δρ=1.6582191829360171e-6  error_V_h1=0.16018737602145053  α = 0.00283
 210   -21.48175598616      -12.49       -5.33    55.8s
    hm1_norm_ρdiff=2.512793003792473e-5 hm1_norm_Δρ=1.083349845547809e-6  error_V_h1=0.16018581931986256  α = 0.00145
 211   -21.48175598616      -12.24       -5.36    51.1s
    hm1_norm_ρdiff=2.477190758422564e-5 hm1_norm_Δρ=1.0869913615386025e-6  error_V_h1=0.1601892130722359  α = 0.00322
 212   -21.48175598616      -13.09       -5.30    62.3s
    hm1_norm_ρdiff=2.470754561610242e-5 hm1_norm_Δρ=1.4491754192665514e-6  error_V_h1=0.16018621390184912  α = 0.000551
 213   -21.48175598616      -13.75       -5.55     104s
    hm1_norm_ρdiff=2.532002570558433e-5 hm1_norm_Δρ=7.395067298950128e-7  error_V_h1=0.16018581021838924  α = 2.98e-5
 214   -21.48175598616      -12.70       -5.14    61.0s
    hm1_norm_ρdiff=2.5454832398535913e-5 hm1_norm_Δρ=2.1558422673013293e-6  error_V_h1=0.1601860546961681  α = 0.000569
 215   -21.48175598616      -11.96       -5.11    56.2s
    hm1_norm_ρdiff=2.5086983170822726e-5 hm1_norm_Δρ=1.8221856350323708e-6  error_V_h1=0.16022869248139637  α = 0.00144
 216   -21.48175598616      -12.14       -6.12    40.2s
    hm1_norm_ρdiff=2.503532134435802e-5 hm1_norm_Δρ=1.3780160863825628e-7  error_V_h1=0.16033281201776375  α = 0.023
 217   -21.48175598616      -13.17       -5.25    55.1s
    hm1_norm_ρdiff=2.453213583766697e-5 hm1_norm_Δρ=1.4830963047746514e-6  error_V_h1=0.16034107211849288  α = 0.00132
 218   -21.48175598616      -14.15       -5.50    55.3s
    hm1_norm_ρdiff=2.530644097378443e-5 hm1_norm_Δρ=7.6925292408863e-7  error_V_h1=0.16034182125515942  α = 0.00118
 219   -21.48175598616      -12.33       -5.01    55.4s
    hm1_norm_ρdiff=2.55928334832425e-5 hm1_norm_Δρ=2.3262125157957265e-6  error_V_h1=0.16037561402944414  α = 0.00132
 220   -21.48175598616      -12.41       -4.50    65.1s
    hm1_norm_ρdiff=2.5706220068386963e-5 hm1_norm_Δρ=7.672503433566568e-6  error_V_h1=0.16034048439824297  α = 0.000204
 221   -21.48175598616      -13.13       -5.54    55.3s
    hm1_norm_ρdiff=2.535520061266406e-5 hm1_norm_Δρ=7.738835735255825e-7  error_V_h1=0.16034954606360619  α = 0.00142
 222   -21.48175598616      -12.44       -5.52    55.4s
    hm1_norm_ρdiff=2.506285575046184e-5 hm1_norm_Δρ=6.806360549031221e-7  error_V_h1=0.1603598869474764  α = 0.0016
 223   -21.48175598616      -13.67       -5.30    61.1s
    hm1_norm_ρdiff=2.4922701834663715e-5 hm1_norm_Δρ=1.2249083033585214e-6  error_V_h1=0.16036070402692024  α = 0.000489
 224   -21.48175598616      -13.00       -4.62    60.2s
    hm1_norm_ρdiff=2.3728260938041814e-5 hm1_norm_Δρ=6.976640546054662e-6  error_V_h1=0.16038604990070038  α = 0.000486
 225   -21.48175598616      -13.07       -5.58    56.7s
    hm1_norm_ρdiff=2.5372656229356266e-5 hm1_norm_Δρ=8.27445729392344e-7  error_V_h1=0.16038206281146725  α = 0.00137
 226   -21.48175598616      -12.65       -5.50    56.6s
    hm1_norm_ρdiff=2.5054104911685995e-5 hm1_norm_Δρ=8.361889710486152e-7  error_V_h1=0.16038433928408136  α = 0.00157
 227   -21.48175598616      -12.37       -5.88    45.8s
    hm1_norm_ρdiff=2.5096733257995977e-5 hm1_norm_Δρ=2.722488942022779e-7  error_V_h1=0.16030589844405255  α = 0.00943
 228   -21.48175598616      -12.59       -5.33    55.7s
    hm1_norm_ρdiff=2.5372591713831115e-5 hm1_norm_Δρ=1.2577585840554416e-6  error_V_h1=0.16029037962100778  α = 0.00138
 229   -21.48175598616      -13.13       -5.43    51.1s
    hm1_norm_ρdiff=2.4594160321289178e-5 hm1_norm_Δρ=1.0171375589256868e-6  error_V_h1=0.16026606072466196  α = 0.00294
 230   -21.48175598616      -12.26       -5.19    56.4s
    hm1_norm_ρdiff=2.515747656988972e-5 hm1_norm_Δρ=1.66006755907166e-6  error_V_h1=0.16022487897921667  α = 0.00132
 231   -21.48175598616      -12.81       -6.20    45.7s
    hm1_norm_ρdiff=2.501673707621523e-5 hm1_norm_Δρ=1.4073288061097866e-7  error_V_h1=0.16022592349553777  α = 0.00968
 232   -21.48175598616      -12.85       -5.59    51.1s
    hm1_norm_ρdiff=2.4908196538842915e-5 hm1_norm_Δρ=6.474699280045753e-7  error_V_h1=0.16018598156328867  α = 0.00347
 233   -21.48175598616      -12.97       -5.43    57.1s
    hm1_norm_ρdiff=2.5182622138377023e-5 hm1_norm_Δρ=9.184014157569368e-7  error_V_h1=0.16019916364461134  α = 0.00151
 234   -21.48175598616      -12.51       -5.99    46.8s
    hm1_norm_ρdiff=2.50917893956096e-5 hm1_norm_Δρ=2.4667365181002373e-7  error_V_h1=0.16015381995579805  α = 0.00932
 235   -21.48175598616      -13.45       -4.98    66.7s
    hm1_norm_ρdiff=2.4664313355967194e-5 hm1_norm_Δρ=2.651536124207978e-6  error_V_h1=0.1601583687603966  α = 0.000185
 236   -21.48175598616      -12.94       -5.32    61.0s
    hm1_norm_ρdiff=2.452836419848035e-5 hm1_norm_Δρ=1.4660056915161232e-6  error_V_h1=0.16015539686034852  α = 0.000579
 237   -21.48175598616      -12.91       -5.44    55.7s
    hm1_norm_ρdiff=2.5067327863100553e-5 hm1_norm_Δρ=7.809774667312016e-7  error_V_h1=0.16016248334463307  α = 0.00156
 238   -21.48175598616      -13.15       -5.74    50.2s
    hm1_norm_ρdiff=2.5028435842367955e-5 hm1_norm_Δρ=4.027466701490769e-7  error_V_h1=0.16018237838118504  α = 0.00383
 239   -21.48175598616      -13.15       -5.26    54.7s
    hm1_norm_ρdiff=2.482808620321408e-5 hm1_norm_Δρ=1.468530183994426e-6  error_V_h1=0.1602001018664382  α = 0.00141
 240   -21.48175598616      -12.54       -4.93    60.3s
    hm1_norm_ρdiff=2.7484950545778424e-5 hm1_norm_Δρ=4.1148222401648895e-6  error_V_h1=0.16022646797284132  α = 0.00053
 241   -21.48175598616      -12.72       -5.84    50.3s
    hm1_norm_ρdiff=2.50151702868306e-5 hm1_norm_Δρ=3.5322155827026897e-7  error_V_h1=0.16025147254098007  α = 0.00429
 242   -21.48175598616      -13.60       -5.62    50.4s
    hm1_norm_ρdiff=2.5138300527719717e-5 hm1_norm_Δρ=5.467819879213052e-7  error_V_h1=0.16026585751130623  α = 0.00335
 243   -21.48175598616      -13.02       -5.68    50.8s
    hm1_norm_ρdiff=2.5161664906994797e-5 hm1_norm_Δρ=5.961079126344027e-7  error_V_h1=0.1602708730313624  α = 0.00342
 244   -21.48175598616      -13.00       -5.57    55.7s
    hm1_norm_ρdiff=2.4937667457578694e-5 hm1_norm_Δρ=6.516869917250082e-7  error_V_h1=0.16027534524751308  α = 0.0016
 245   -21.48175598616      -12.79       -5.67    56.0s
    hm1_norm_ρdiff=2.4894479519810797e-5 hm1_norm_Δρ=5.939215474740056e-7  error_V_h1=0.16028641726615916  α = 0.00159
 246   -21.48175598616      -13.05       -6.17    50.0s
    hm1_norm_ρdiff=2.5012326114826777e-5 hm1_norm_Δρ=1.8672800472408349e-7  error_V_h1=0.16028084242206092  α = 0.00447
 247   -21.48175598616      -13.13       -5.58    55.7s
    hm1_norm_ρdiff=2.530917271076999e-5 hm1_norm_Δρ=7.139804134834961e-7  error_V_h1=0.16028238686955987  α = 0.00143
 248   -21.48175598616      -12.79       -5.32    55.1s
    hm1_norm_ρdiff=2.491567068141872e-5 hm1_norm_Δρ=1.108925682975616e-6  error_V_h1=0.16027671960909623  α = 0.00142
 249   -21.48175598616      -13.00       -5.32    56.4s
    hm1_norm_ρdiff=2.5081465825000653e-5 hm1_norm_Δρ=1.074101151765412e-6  error_V_h1=0.16026589179587233  α = 0.00142
 250   -21.48175598616      -13.13       -5.47    56.8s
    hm1_norm_ρdiff=2.5150755073400555e-5 hm1_norm_Δρ=9.26378364829465e-7  error_V_h1=0.16025915985022224  α = 0.00137
 251   -21.48175598616      -14.15       -5.83    56.0s
    hm1_norm_ρdiff=2.4734574625005602e-5 hm1_norm_Δρ=5.936921559728529e-7  error_V_h1=0.1602531371444002  α = 0.00126
 252   -21.48175598616      -12.75       -6.21    44.6s
    hm1_norm_ρdiff=2.5059386196536473e-5 hm1_norm_Δρ=1.2025548643065937e-7  error_V_h1=0.16024644544821162  α = 0.0105
 253   -21.48175598616      -13.45       -5.53    55.7s
    hm1_norm_ρdiff=2.4936917341327947e-5 hm1_norm_Δρ=6.931079576498583e-7  error_V_h1=0.16023971808950724  α = 0.00147
 254   -21.48175598616      -12.81       -5.57    56.0s
    hm1_norm_ρdiff=2.4898107749696695e-5 hm1_norm_Δρ=7.732637097376747e-7  error_V_h1=0.16024212490474657  α = 0.00153
 255   -21.48175598616      -14.45       -5.95    50.8s
    hm1_norm_ρdiff=2.5098418482655016e-5 hm1_norm_Δρ=2.895026216555447e-7  error_V_h1=0.16024393501625211  α = 0.00357
 256   -21.48175598616      -13.22       -6.09    50.8s
    hm1_norm_ρdiff=2.4997008468783842e-5 hm1_norm_Δρ=1.8726405171530228e-7  error_V_h1=0.16025532787620758  α = 0.00429
 257   -21.48175598616      -13.30       -5.71    50.9s
    hm1_norm_ρdiff=2.5064672461888947e-5 hm1_norm_Δρ=3.949190328853407e-7  error_V_h1=0.16026071244176004  α = 0.00354
 258   -21.48175598616      -13.50       -5.71    61.2s
    hm1_norm_ρdiff=2.4769588094441475e-5 hm1_norm_Δρ=7.086040623103372e-7  error_V_h1=0.16026045348618098  α = 0.00051
 259   -21.48175598616      -13.85       -5.66    56.4s
    hm1_norm_ρdiff=2.5130784883202196e-5 hm1_norm_Δρ=4.953127463772044e-7  error_V_h1=0.16026612380791377  α = 0.00146
 260   -21.48175598616      -13.09       -5.51    55.7s
    hm1_norm_ρdiff=2.5062533053532377e-5 hm1_norm_Δρ=6.917122082694456e-7  error_V_h1=0.16027032835597954  α = 0.00149
 261   -21.48175598616      -13.97       -5.85    55.2s
    hm1_norm_ρdiff=2.5014404910761253e-5 hm1_norm_Δρ=3.791528819977101e-7  error_V_h1=0.1602714502548033  α = 0.00153
 262   -21.48175598616      -13.75       -6.00    56.1s
    hm1_norm_ρdiff=2.523366978386699e-5 hm1_norm_Δρ=3.7535163155121164e-7  error_V_h1=0.16027366019473493  α = 0.00145
 263   -21.48175598616      -13.03       -6.02    51.6s
    hm1_norm_ρdiff=2.5011817679195195e-5 hm1_norm_Δρ=2.1368989037844852e-7  error_V_h1=0.16027108631443093  α = 0.0042
 264   -21.48175598616      -13.34       -5.86    51.6s
    hm1_norm_ρdiff=2.507815138189333e-5 hm1_norm_Δρ=3.197089752878369e-7  error_V_h1=0.16027201101721436  α = 0.00366
 265   -21.48175598616      -13.67       -5.83    56.2s
    hm1_norm_ρdiff=2.5057053305917034e-5 hm1_norm_Δρ=3.643644186973897e-7  error_V_h1=0.1602671359752213  α = 0.0016
 266   -21.48175598617      -13.34       -5.80    55.8s
    hm1_norm_ρdiff=2.4908429202127963e-5 hm1_norm_Δρ=5.037380430486856e-7  error_V_h1=0.16026328567142992  α = 0.00152
 267   -21.48175598617      -13.03       -6.07    50.9s
    hm1_norm_ρdiff=2.509790841005901e-5 hm1_norm_Δρ=2.0067279734739015e-7  error_V_h1=0.16025234181499312  α = 0.00426
 268   -21.48175598617      -13.34       -5.46    55.7s
    hm1_norm_ρdiff=2.4978760710054993e-5 hm1_norm_Δρ=1.0874364504514862e-6  error_V_h1=0.16025359376560988  α = 0.00134
 269   -21.48175598617      -13.45       -5.48    60.5s
    hm1_norm_ρdiff=2.4614771166841243e-5 hm1_norm_Δρ=1.159049115306887e-6  error_V_h1=0.1602533718237402  α = 0.000514
 270   -21.48175598617      -13.60       -6.34    45.1s
    hm1_norm_ρdiff=2.5024294964524732e-5 hm1_norm_Δρ=1.0858908634765346e-7  error_V_h1=0.16024815524645547  α = 0.00971
 271   -21.48175598617      -13.37       -5.53    55.4s
    hm1_norm_ρdiff=2.5104298860134173e-5 hm1_norm_Δρ=7.703215873266696e-7  error_V_h1=0.16025333151507123  α = 0.0013
 272   -21.48175598617      -13.15       -6.35    46.3s
    hm1_norm_ρdiff=2.504391573112673e-5 hm1_norm_Δρ=1.03308246261892e-7  error_V_h1=0.16025061592504578  α = 0.0101
 273   -21.48175598617      -14.45       -6.19    51.5s
    hm1_norm_ρdiff=2.5010661652891198e-5 hm1_norm_Δρ=1.685534442228533e-7  error_V_h1=0.1602468398455943  α = 0.004
 274   -21.48175598617      -13.25       -5.93    56.2s
    hm1_norm_ρdiff=2.5217667406089584e-5 hm1_norm_Δρ=3.64072331055101e-7  error_V_h1=0.16024872658868644  α = 0.0016
 275   -21.48175598617      -13.85       -5.48    56.6s
    hm1_norm_ρdiff=2.4906508098969083e-5 hm1_norm_Δρ=7.302035732516412e-7  error_V_h1=0.16025232685509755  α = 0.00142
 276   -21.48175598617      -13.19       -6.48    46.1s
    hm1_norm_ρdiff=2.5042506025702753e-5 hm1_norm_Δρ=7.138137759502884e-8  error_V_h1=0.16025598561274318  α = 0.0106
 277   -21.48175598617      -13.30       -5.82    56.8s
    hm1_norm_ρdiff=2.5139178879173034e-5 hm1_norm_Δρ=4.108766601482173e-7  error_V_h1=0.16026298104378256  α = 0.00147
 278   -21.48175598617      -13.85       -5.89    56.0s
    hm1_norm_ρdiff=2.4967175722416686e-5 hm1_norm_Δρ=2.8266783584442044e-7  error_V_h1=0.1602713974703458  α = 0.00162
 279   -21.48175598617      -13.55       -5.72    55.0s
    hm1_norm_ρdiff=2.5117249877969265e-5 hm1_norm_Δρ=5.990115083379947e-7  error_V_h1=0.16027427158106444  α = 0.0013
 280   -21.48175598617      -13.75       -6.39    50.3s
    hm1_norm_ρdiff=2.5042180247976804e-5 hm1_norm_Δρ=9.970452610979811e-8  error_V_h1=0.1602753081479827  α = 0.00432
 281   -21.48175598617   +    -Inf       -5.83    66.3s
    hm1_norm_ρdiff=2.5224233704579327e-5 hm1_norm_Δρ=4.1680799335378603e-7  error_V_h1=0.16027587146578498  α = 0.000173
 282   -21.48175598617      -13.60       -5.33    56.4s
    hm1_norm_ρdiff=2.497518833624067e-5 hm1_norm_Δρ=1.0909340957189526e-6  error_V_h1=0.160276070188944  α = 0.00127
 283   -21.48175598617      -13.60       -6.03    51.2s
    hm1_norm_ρdiff=2.5014639155650506e-5 hm1_norm_Δρ=2.273527539539453e-7  error_V_h1=0.16028516574940385  α = 0.00349
 284   -21.48175598617      -13.67       -6.03    55.2s
    hm1_norm_ρdiff=2.508125297697249e-5 hm1_norm_Δρ=2.489320398427433e-7  error_V_h1=0.16028767991220375  α = 0.00148
 285   -21.48175598617      -13.97       -6.14    60.4s
    hm1_norm_ρdiff=2.493850646852287e-5 hm1_norm_Δρ=2.13906323847209e-7  error_V_h1=0.16028759887249094  α = 0.000536
 286   -21.48175598617      -13.85       -5.81    56.4s
    hm1_norm_ρdiff=2.5120474728750515e-5 hm1_norm_Δρ=3.463895020299872e-7  error_V_h1=0.16028523850642573  α = 0.00158
 287   -21.48175598617      -13.75       -6.54    45.8s
    hm1_norm_ρdiff=2.504756084314093e-5 hm1_norm_Δρ=6.653335951199811e-8  error_V_h1=0.16028402737909656  α = 0.0101
 288   -21.48175598617      -13.55       -5.88    55.8s
    hm1_norm_ρdiff=2.4959375286415465e-5 hm1_norm_Δρ=3.855398528743033e-7  error_V_h1=0.16027917958250812  α = 0.00143
 289   -21.48175598617      -13.34       -6.19    50.7s
    hm1_norm_ρdiff=2.5075663571781005e-5 hm1_norm_Δρ=1.3479659066361316e-7  error_V_h1=0.16026795783130773  α = 0.00409
 290   -21.48175598617      -14.45       -5.67    60.8s
    hm1_norm_ρdiff=2.4947274594088777e-5 hm1_norm_Δρ=6.535434539968202e-7  error_V_h1=0.16026603120054198  α = 0.000569
 291   -21.48175598617      -14.45       -6.29    51.1s
    hm1_norm_ρdiff=2.502916806350563e-5 hm1_norm_Δρ=1.404616157080978e-7  error_V_h1=0.16026304223767193  α = 0.00387
 292   -21.48175598617      -14.15       -5.71    62.3s
    hm1_norm_ρdiff=2.5268254340201833e-5 hm1_norm_Δρ=5.084229917007546e-7  error_V_h1=0.16026634802599218  α = 0.000564
 293   -21.48175598617      -13.30       -5.67    54.9s
    hm1_norm_ρdiff=2.5064035992394665e-5 hm1_norm_Δρ=5.117150975659168e-7  error_V_h1=0.1602684977293555  α = 0.00144
 294   -21.48175598617      -13.55       -5.94    50.9s
    hm1_norm_ρdiff=2.5079221052148935e-5 hm1_norm_Δρ=3.027116699868609e-7  error_V_h1=0.16025965934774491  α = 0.00345
 295   -21.48175598617   +  -14.45       -6.20    91.9s
    hm1_norm_ρdiff=2.502268561507318e-5 hm1_norm_Δρ=1.5440961556058099e-7  error_V_h1=0.16025965934775888  α = 0.0
 296   -21.48175598617   +    -Inf       -5.52     200s
    hm1_norm_ρdiff=2.3936551944479703e-5 hm1_norm_Δρ=1.7066210396422128e-6  error_V_h1=0.16025965934230926  α = 1.28e-9
 297   -21.48175598617      -13.97       -5.76    61.2s
    hm1_norm_ρdiff=2.5179327532186063e-5 hm1_norm_Δρ=6.836031140389325e-7  error_V_h1=0.16026120512648756  α = 0.000566
 298   -21.48175598617   +    -Inf       -5.86    75.9s
    hm1_norm_ρdiff=2.5008924147955134e-5 hm1_norm_Δρ=4.873419773526535e-7  error_V_h1=0.1602614026020671  α = 0.000124
 299   -21.48175598617      -13.97       -6.20    54.8s
    hm1_norm_ρdiff=2.4992450933882235e-5 hm1_norm_Δρ=2.0338325754230132e-7  error_V_h1=0.16026058392720005  α = 0.00163
 300   -21.48175598617      -13.85       -6.29    49.8s
    hm1_norm_ρdiff=2.5052265746741805e-5 hm1_norm_Δρ=1.3556886224982706e-7  error_V_h1=0.1602574608926789  α = 0.00399
Trying again without preconditioner ...
n     Energy            log10(ΔE)   log10(Δρ)   Δtime
---   ---------------   ---------   ---------   ------
  1   -21.48175598617                   -4.78    81.8s
    hm1_norm_ρdiff=2.1495855945076224e-5 hm1_norm_Δρ=7.578648600201249e-6  error_V_h1=0.16025870154386165  α = 6.34e-5
  2   -21.48175598617      -13.55       -4.95    70.7s
    hm1_norm_ρdiff=2.582671840837805e-5 hm1_norm_Δρ=3.6864889935859126e-6  error_V_h1=0.16026081177904772  α = 6.34e-5
  3   -21.48175598617      -14.15       -5.34    61.1s
    hm1_norm_ρdiff=2.4964400841437445e-5 hm1_norm_Δρ=8.83946856112874e-7  error_V_h1=0.16026242560281825  α = 0.000472
  4   -21.48175598617   +  -14.15       -5.33     102s
    hm1_norm_ρdiff=2.4956148081388358e-5 hm1_norm_Δρ=9.660523151290534e-7  error_V_h1=0.160262425602869  α = 0.0
  5   -21.48175598617      -14.45       -5.07    77.0s
    hm1_norm_ρdiff=2.5298331566380946e-5 hm1_norm_Δρ=2.515353351272545e-6  error_V_h1=0.16026230723185192  α = 1.71e-5
  6   -21.48175598617      -14.45       -5.39    67.2s
    hm1_norm_ρdiff=2.4783848488946228e-5 hm1_norm_Δρ=1.4575246900416833e-6  error_V_h1=0.16026092908150247  α = 0.000145
  7   -21.48175598617      -13.85       -5.60     118s
    hm1_norm_ρdiff=2.549036964158531e-5 hm1_norm_Δρ=7.527593465167999e-7  error_V_h1=0.16026092872363162  α = 4.15e-8
  8   -21.48175598617      -14.45       -5.36     134s
    hm1_norm_ρdiff=2.4631961962280373e-5 hm1_norm_Δρ=1.2741689933730497e-6  error_V_h1=0.1602609287221654  α = 1.06e-10
  9   -21.48175598617      -14.45       -4.95     107s
    hm1_norm_ρdiff=2.4464544114320652e-5 hm1_norm_Δρ=1.955578674759137e-6  error_V_h1=0.16026092872236922  α = 7.14e-13
 10   -21.48175598617   +    -Inf       -4.42    71.8s
    hm1_norm_ρdiff=2.4022099161158453e-5 hm1_norm_Δρ=6.071744346067119e-6  error_V_h1=0.1602528432192487  α = 6.41e-5
 11   -21.48175598617      -13.97       -5.37    61.6s
    hm1_norm_ρdiff=2.51340124361618e-5 hm1_norm_Δρ=1.0123907280935688e-6  error_V_h1=0.16024906498055774  α = 0.000456
 12   -21.48175598617      -13.67       -5.31    61.4s
    hm1_norm_ρdiff=2.500250383427288e-5 hm1_norm_Δρ=9.561068243009036e-7  error_V_h1=0.16024943200783207  α = 0.000466
 13   -21.48175598617   +  -14.45       -5.59    96.5s
    hm1_norm_ρdiff=2.519147130364248e-5 hm1_norm_Δρ=6.754834830649236e-7  error_V_h1=0.16024943200748692  α = 0.0
 14   -21.48175598617   +    -Inf       -4.83    71.4s
    hm1_norm_ρdiff=2.8633362702880972e-5 hm1_norm_Δρ=6.169443383234919e-6  error_V_h1=0.16024979458156205  α = 5.94e-5
 15   -21.48175598617   +    -Inf       -5.16    77.6s
    hm1_norm_ρdiff=2.4877708770533488e-5 hm1_norm_Δρ=1.6585693861320035e-6  error_V_h1=0.1602452825220763  α = 0.000368

#-- |ρε - ρref| = 2.504048270901573e-5 vs. 3.162277660168379e-9 = δ*ε  error_V_h1=0.1602452825220763  Qε=0.8755270394182502


# --- ε=1.7782794100389227e-7

n     Energy            log10(ΔE)   log10(Δρ)   Δtime
---   ---------------   ---------   ---------   ------
  1   -21.48172663888                   -0.89    78.6s
    hm1_norm_ρdiff=0.08210907945576083 hm1_norm_Δρ=0.08210270863671382  error_V_h1=2.473712487187556  α = 0.000152
  2   -21.48172812391       -5.83       -1.79    59.6s
    hm1_norm_ρdiff=0.006862472141573002 hm1_norm_Δρ=0.00685928718711466  error_V_h1=2.18734813036515  α = 0.000508
  3   -21.48172854035       -6.38       -2.07    59.7s
    hm1_norm_ρdiff=0.0032654323639539156 hm1_norm_Δρ=0.003263613869433602  error_V_h1=2.0985522194599366  α = 0.000525
  4   -21.48172892728       -6.41       -2.21    60.6s
    hm1_norm_ρdiff=0.0022341795311544427 hm1_norm_Δρ=0.002232418647745895  error_V_h1=2.011917786839879  α = 0.000566
  5   -21.48172913569       -6.68       -2.80    50.6s
    hm1_norm_ρdiff=0.00040296162470907025 hm1_norm_Δρ=0.00040201443224990966  error_V_h1=1.9609713374175604  α = 0.00388
  6   -21.48172917625       -7.39       -2.98    51.7s
    hm1_norm_ρdiff=0.0003064643437590968 hm1_norm_Δρ=0.00030602965524327856  error_V_h1=1.951883184889257  α = 0.00354
  7   -21.48172922082       -7.35       -2.82    56.3s
    hm1_norm_ρdiff=0.00042159120092622864 hm1_norm_Δρ=0.00042117904588385047  error_V_h1=1.9430153396334593  α = 0.00148
  8   -21.48172922460       -8.42       -3.21    46.1s
    hm1_norm_ρdiff=0.00013800386107593095 hm1_norm_Δρ=0.00013776909142451581  error_V_h1=1.9489831479933273  α = 0.00906
  9   -21.48172933055       -6.97       -3.18    51.0s
    hm1_norm_ρdiff=0.00015423068497444939 hm1_norm_Δρ=0.00015406838655338163  error_V_h1=1.9271574699518286  α = 0.00427
 10   -21.48172945769       -6.90       -3.18    50.7s
    hm1_norm_ρdiff=0.00016470778349538337 hm1_norm_Δρ=0.00016497534076694205  error_V_h1=1.9008866777277036  α = 0.00439
 11   -21.48172963161       -6.76       -3.11    46.2s
    hm1_norm_ρdiff=0.00017317343163386327 hm1_norm_Δρ=0.000175108175961553  error_V_h1=1.8639542029724487  α = 0.00968
 12   -21.48173225454       -5.58       -1.10    67.5s
    hm1_norm_ρdiff=0.03607028777144737 hm1_norm_Δρ=0.036081973747273496  error_V_h1=1.0413118577130394  α = 0.000154
 13   -21.48173233257       -7.11       -2.27    61.9s
    hm1_norm_ρdiff=0.0022214602245711865 hm1_norm_Δρ=0.002225812760990835  error_V_h1=1.0077347022668697  α = 0.000471
 14   -21.48173233851       -8.23       -2.59    60.6s
    hm1_norm_ρdiff=0.0009773642887786747 hm1_norm_Δρ=0.000979539052533197  error_V_h1=1.0062534782462065  α = 0.000446
 15   -21.48173237730       -7.41       -3.98    40.8s
    hm1_norm_ρdiff=3.096449472753608e-5 hm1_norm_Δρ=2.1694210938401823e-5  error_V_h1=0.9919008009246374  α = 0.0231
 16   -21.48173240209       -7.61       -2.95    49.9s
    hm1_norm_ρdiff=0.0002831788659592851 hm1_norm_Δρ=0.0002839358453548571  error_V_h1=0.9899146449801192  α = 0.00345
 17   -21.48173245789       -7.25       -2.78    55.0s
    hm1_norm_ρdiff=0.00045074728914451376 hm1_norm_Δρ=0.0004507122027270411  error_V_h1=0.963762901341458  α = 0.00147
 18   -21.48173246723       -8.03       -3.08    55.0s
    hm1_norm_ρdiff=0.00023359351739982322 hm1_norm_Δρ=0.00023273651036980885  error_V_h1=0.9579173086017388  α = 0.00141
 19   -21.48173251847       -7.29       -2.87    50.7s
    hm1_norm_ρdiff=0.0003065605262306407 hm1_norm_Δρ=0.0003059174002969688  error_V_h1=0.9202060090448752  α = 0.00364
 20   -21.48173253856       -7.70       -3.71    46.0s
    hm1_norm_ρdiff=5.5523820075842036e-5 hm1_norm_Δρ=5.0254647143379524e-5  error_V_h1=0.9108909327982229  α = 0.00991
 21   -21.48173265234       -6.94       -3.43    45.9s
    hm1_norm_ρdiff=8.881217272305407e-5 hm1_norm_Δρ=8.319990088945463e-5  error_V_h1=0.8577837862409311  α = 0.0105
 22   -21.48173279817       -6.84       -2.60    56.4s
    hm1_norm_ρdiff=0.0005792595887032151 hm1_norm_Δρ=0.000575230046862561  error_V_h1=0.7704054469744166  α = 0.00156
 23   -21.48173322538       -6.37       -1.48    68.0s
    hm1_norm_ρdiff=0.01152595523195505 hm1_norm_Δρ=0.011517690084958841  error_V_h1=0.47070931026858515  α = 0.000167
 24   -21.48173324737       -7.66       -2.63    61.7s
    hm1_norm_ρdiff=0.0009352977406505391 hm1_norm_Δρ=0.0009310344689636139  error_V_h1=0.44914975969752036  α = 0.000492
 25   -21.48173325522       -8.11       -2.77    61.3s
    hm1_norm_ρdiff=0.0006073996887113096 hm1_norm_Δρ=0.0006050588767432185  error_V_h1=0.4413008992375974  α = 0.000485
 26   -21.48173326583       -7.97       -3.32    51.3s
    hm1_norm_ρdiff=0.00010999655991693182 hm1_norm_Δρ=0.00010951780156312049  error_V_h1=0.43707716081221976  α = 0.00372
 27   -21.48173329646       -7.51       -2.92    56.5s
    hm1_norm_ρdiff=0.0003494445499884426 hm1_norm_Δρ=0.00034744559942351277  error_V_h1=0.3956014673148993  α = 0.00146
 28   -21.48173330810       -7.93       -3.07    57.0s
    hm1_norm_ρdiff=0.00020757135380618979 hm1_norm_Δρ=0.00020784908495172504  error_V_h1=0.38184363630263446  α = 0.00147
 29   -21.48173330929       -8.92       -3.21    57.1s
    hm1_norm_ρdiff=0.00018618255007330376 hm1_norm_Δρ=0.00018620711416821744  error_V_h1=0.3820880609746639  α = 0.0012
 30   -21.48173335270       -7.36       -2.92    56.7s
    hm1_norm_ρdiff=0.0002734860805267303 hm1_norm_Δρ=0.0002737253969320596  error_V_h1=0.33395955963550467  α = 0.00163
 31   -21.48173336200       -8.03       -3.14    57.0s
    hm1_norm_ρdiff=0.00018621246378811547 hm1_norm_Δρ=0.00018690120977350746  error_V_h1=0.32079662408760895  α = 0.00147
 32   -21.48173336508       -8.51       -3.12    56.8s
    hm1_norm_ρdiff=0.00019070014366918142 hm1_norm_Δρ=0.0001935326003892831  error_V_h1=0.31163588475975557  α = 0.00127
 33   -21.48173336686       -8.75       -3.22    60.1s
    hm1_norm_ρdiff=0.00013906417933224967 hm1_norm_Δρ=0.00014172655780334158  error_V_h1=0.3087809207825991  α = 0.00057
 34   -21.48173340459       -7.42       -2.02    66.2s
    hm1_norm_ρdiff=0.003341991725651623 hm1_norm_Δρ=0.0033504636833960807  error_V_h1=0.2510344695116875  α = 0.000166
 35   -21.48173340774       -8.50       -3.03    60.5s
    hm1_norm_ρdiff=0.000361902378787998 hm1_norm_Δρ=0.0003657650616123574  error_V_h1=0.24562250945975653  α = 0.000487
 36   -21.48173340888       -8.95       -3.11    59.5s
    hm1_norm_ρdiff=0.0002661895035232265 hm1_norm_Δρ=0.00026770015137179943  error_V_h1=0.2443179148845459  α = 0.000467
 37   -21.48173341524       -8.20       -3.41    55.2s
    hm1_norm_ρdiff=9.868646300454097e-5 hm1_norm_Δρ=9.525559612479469e-5  error_V_h1=0.23078793174732  α = 0.00163
 38   -21.48173341790       -8.57       -3.35    55.2s
    hm1_norm_ρdiff=0.00013053002934208327 hm1_norm_Δρ=0.00013076426120048077  error_V_h1=0.2307673332097971  α = 0.00138
 39   -21.48173341892       -8.99       -3.56    54.6s
    hm1_norm_ρdiff=6.804006804933465e-5 hm1_norm_Δρ=6.43260089476882e-5  error_V_h1=0.22876542241822687  α = 0.00145
 40   -21.48173342128       -8.63       -3.25    60.5s
    hm1_norm_ρdiff=0.00017140817221641806 hm1_norm_Δρ=0.00016947596037777366  error_V_h1=0.22296312695516418  α = 0.00057
 41   -21.48173342140       -9.92       -4.53    46.3s
    hm1_norm_ρdiff=1.9840932804425526e-5 hm1_norm_Δρ=6.012366702148964e-6  error_V_h1=0.2226924339193309  α = 0.00946
 42   -21.48173342224       -9.07       -3.66    55.8s
    hm1_norm_ρdiff=6.217045355122493e-5 hm1_norm_Δρ=5.7791342806001836e-5  error_V_h1=0.22106457299757368  α = 0.00146
 43   -21.48173342298       -9.13       -3.33    56.1s
    hm1_norm_ρdiff=0.00013875531082512967 hm1_norm_Δρ=0.00013384049305839032  error_V_h1=0.2218767052326214  α = 0.00121
 44   -21.48173342304      -10.21       -3.84    56.1s
    hm1_norm_ρdiff=3.687680424881378e-5 hm1_norm_Δρ=3.558005270540881e-5  error_V_h1=0.22231342188761438  α = 0.00123
 45   -21.48173342655       -8.45       -2.55    66.7s
    hm1_norm_ρdiff=0.0010459915133252766 hm1_norm_Δρ=0.001037536473482777  error_V_h1=0.21590614708930173  α = 0.000166
 46   -21.48173342699       -9.35       -3.44    61.2s
    hm1_norm_ρdiff=0.00014816544353311783 hm1_norm_Δρ=0.00014261784332314628  error_V_h1=0.21504118267028963  α = 0.000481
 47   -21.48173342720       -9.70       -3.44    62.1s
    hm1_norm_ρdiff=0.000128319120708647 hm1_norm_Δρ=0.0001248151290596329  error_V_h1=0.21432901104138818  α = 0.000456
 48   -21.48173342735       -9.82       -4.57    51.5s
    hm1_norm_ρdiff=2.0374560080626458e-5 hm1_norm_Δρ=6.999176550777663e-6  error_V_h1=0.21491509526619104  α = 0.00429
 49   -21.48173342799       -9.19       -3.61    56.5s
    hm1_norm_ρdiff=7.423662291760473e-5 hm1_norm_Δρ=7.071547742879492e-5  error_V_h1=0.21264683615350807  α = 0.00135
 50   -21.48173342818       -9.71       -4.02    56.2s
    hm1_norm_ρdiff=2.851658984057049e-5 hm1_norm_Δρ=2.2370516773505645e-5  error_V_h1=0.21257171519340798  α = 0.00155
 51   -21.48173342823      -10.27       -4.45    51.0s
    hm1_norm_ρdiff=2.126342642975974e-5 hm1_norm_Δρ=9.010771058353017e-6  error_V_h1=0.21278833082360057  α = 0.00375
 52   -21.48173342853       -9.53       -4.13    51.2s
    hm1_norm_ρdiff=2.4467549114889445e-5 hm1_norm_Δρ=1.5491154108206608e-5  error_V_h1=0.2151541729161684  α = 0.00392
 53   -21.48173342868       -9.83       -4.10    55.8s
    hm1_norm_ρdiff=2.5733517972439943e-5 hm1_norm_Δρ=1.9764407438642682e-5  error_V_h1=0.21529329684644985  α = 0.00154
 54   -21.48173342899       -9.51       -3.47    55.6s
    hm1_norm_ρdiff=0.00010316987832503114 hm1_norm_Δρ=0.00010550448204150037  error_V_h1=0.21275685964038205  α = 0.00118
 55   -21.48173342910       -9.95       -3.81    61.3s
    hm1_norm_ρdiff=4.803876545594913e-5 hm1_norm_Δρ=4.103006040225466e-5  error_V_h1=0.21261542061566943  α = 0.000555
 56   -21.48173342949       -9.41       -3.06    66.7s
    hm1_norm_ρdiff=0.00033367592549742617 hm1_norm_Δρ=0.00034148894935834084  error_V_h1=0.2117655880939165  α = 0.000167
 57   -21.48173342956      -10.18       -3.86    62.4s
    hm1_norm_ρdiff=5.315647789258299e-5 hm1_norm_Δρ=5.4657108815865534e-5  error_V_h1=0.21173361385966596  α = 0.000485
 58   -21.48173342963      -10.16       -3.68    61.0s
    hm1_norm_ρdiff=7.203355842517256e-5 hm1_norm_Δρ=7.187966630032072e-5  error_V_h1=0.2119339879245783  α = 0.000458
 59   -21.48173342970      -10.12       -4.93    46.3s
    hm1_norm_ρdiff=1.8837017685624083e-5 hm1_norm_Δρ=2.986299733927186e-6  error_V_h1=0.2114093650065044  α = 0.00998
 60   -21.48173342996       -9.60       -3.84    56.2s
    hm1_norm_ρdiff=4.636233620646874e-5 hm1_norm_Δρ=4.3295107137168127e-5  error_V_h1=0.21205423943235485  α = 0.00134
 61   -21.48173343006       -9.97       -4.37    51.5s
    hm1_norm_ρdiff=2.1260309436150615e-5 hm1_norm_Δρ=9.930251823832357e-6  error_V_h1=0.2114281000540747  α = 0.00383
 62   -21.48173343010      -10.44       -4.30    51.4s
    hm1_norm_ρdiff=2.198552762150242e-5 hm1_norm_Δρ=1.2512413488853672e-5  error_V_h1=0.21093607760365998  α = 0.00343
 63   -21.48173343035       -9.60       -3.99    56.7s
    hm1_norm_ρdiff=2.9805127549090437e-5 hm1_norm_Δρ=2.3245022286575866e-5  error_V_h1=0.20891981068776777  α = 0.00157
 64   -21.48173343044      -10.03       -4.48    50.5s
    hm1_norm_ρdiff=2.0828671855576935e-5 hm1_norm_Δρ=6.902139340853752e-6  error_V_h1=0.207383836635703  α = 0.00405
 65   -21.48173343057       -9.90       -3.57    55.4s
    hm1_norm_ρdiff=9.036777265695294e-5 hm1_norm_Δρ=8.464055388320185e-5  error_V_h1=0.20847055270501905  α = 0.00116
 66   -21.48173343058      -10.94       -4.22    55.9s
    hm1_norm_ρdiff=2.2248707933656057e-5 hm1_norm_Δρ=1.5865734362125175e-5  error_V_h1=0.2082204267112646  α = 0.00121
 67   -21.48173343061      -10.56       -3.68    66.9s
    hm1_norm_ρdiff=8.960662214857988e-5 hm1_norm_Δρ=7.986185689394591e-5  error_V_h1=0.20822234014091134  α = 0.000171
 68   -21.48173343063      -10.67       -4.20    61.7s
    hm1_norm_ρdiff=3.475343245751746e-5 hm1_norm_Δρ=2.4903950962278773e-5  error_V_h1=0.20806886266462624  α = 0.000516
 69   -21.48173343065      -10.77       -4.11    61.9s
    hm1_norm_ρdiff=3.311581551517288e-5 hm1_norm_Δρ=2.5237803601207427e-5  error_V_h1=0.2078845262875965  α = 0.000498
 70   -21.48173343069      -10.35       -4.53    51.2s
    hm1_norm_ρdiff=1.9876217077621033e-5 hm1_norm_Δρ=6.907551146388878e-6  error_V_h1=0.20782317424638508  α = 0.00382
 71   -21.48173343075      -10.23       -3.94    57.0s
    hm1_norm_ρdiff=3.8886470454038925e-5 hm1_norm_Δρ=3.368880468435026e-5  error_V_h1=0.20638287316757745  α = 0.00124
 72   -21.48173343081      -10.24       -4.33    56.7s
    hm1_norm_ρdiff=2.1340551967195013e-5 hm1_norm_Δρ=1.1021312580539665e-5  error_V_h1=0.20627496802209047  α = 0.00159
 73   -21.48173343086      -10.25       -4.05    55.1s
    hm1_norm_ρdiff=2.987765304306026e-5 hm1_norm_Δρ=2.256773215689923e-5  error_V_h1=0.2065508361659583  α = 0.00133
 74   -21.48173343089      -10.55       -4.73    50.0s
    hm1_norm_ρdiff=1.9017903962539938e-5 hm1_norm_Δρ=4.01301941694351e-6  error_V_h1=0.20697171809860873  α = 0.00402
 75   -21.48173343095      -10.21       -4.58    50.4s
    hm1_norm_ρdiff=1.8825810244991838e-5 hm1_norm_Δρ=6.144886299459826e-6  error_V_h1=0.20728880064724003  α = 0.00396
 76   -21.48173343134       -9.41       -3.66    61.3s
    hm1_norm_ρdiff=6.82031842863124e-5 hm1_norm_Δρ=6.966036401820006e-5  error_V_h1=0.20644524173696494  α = 0.000561
 77   -21.48173343139      -10.37       -3.98    61.0s
    hm1_norm_ρdiff=3.5056612179061856e-5 hm1_norm_Δρ=2.652297117008466e-5  error_V_h1=0.20639345418442967  α = 0.000549
 78   -21.48173343139      -11.77       -4.26    60.6s
    hm1_norm_ρdiff=2.1207699415665977e-5 hm1_norm_Δρ=2.071704158052638e-5  error_V_h1=0.2063403533253717  α = 0.000406
 79   -21.48173343140      -10.78       -4.53    55.1s
    hm1_norm_ρdiff=1.896581815677548e-5 hm1_norm_Δρ=9.778961332631855e-6  error_V_h1=0.20631332309777695  α = 0.00137
 80   -21.48173343143      -10.53       -4.25    54.7s
    hm1_norm_ρdiff=2.3189820056340574e-5 hm1_norm_Δρ=1.4460468605371719e-5  error_V_h1=0.2062646219303447  α = 0.00136
 81   -21.48173343156       -9.90       -4.16    54.8s
    hm1_norm_ρdiff=2.5859684421596692e-5 hm1_norm_Δρ=1.4687245048304384e-5  error_V_h1=0.2053646428840684  α = 0.00148
 82   -21.48173343162      -10.24       -4.09    54.9s
    hm1_norm_ρdiff=3.150351063499439e-5 hm1_norm_Δρ=2.5513797340518278e-5  error_V_h1=0.2060814069980545  α = 0.00128
 83   -21.48173343166      -10.38       -4.53    51.5s
    hm1_norm_ρdiff=1.950356924540208e-5 hm1_norm_Δρ=7.20631184951166e-6  error_V_h1=0.20556987858892903  α = 0.00373
 84   -21.48173343169      -10.45       -4.44    57.0s
    hm1_norm_ρdiff=2.051088693298289e-5 hm1_norm_Δρ=8.974205272881005e-6  error_V_h1=0.20532121162110273  α = 0.00156
 85   -21.48173343173      -10.47       -4.43    56.5s
    hm1_norm_ρdiff=2.0939337334212698e-5 hm1_norm_Δρ=8.274953735540353e-6  error_V_h1=0.20467174654051914  α = 0.00157
 86   -21.48173343175      -10.63       -4.69    51.3s
    hm1_norm_ρdiff=2.0506883109832013e-5 hm1_norm_Δρ=5.569129909946755e-6  error_V_h1=0.20405066769559194  α = 0.00375
 87   -21.48173343177      -10.73       -4.30    60.7s
    hm1_norm_ρdiff=2.18601313580162e-5 hm1_norm_Δρ=1.5198681873776532e-5  error_V_h1=0.20387181056700407  α = 0.000564
 88   -21.48173343177      -11.55       -4.30    54.8s
    hm1_norm_ρdiff=2.0844110147278345e-5 hm1_norm_Δρ=1.2526285147222327e-5  error_V_h1=0.20366940541476322  α = 0.00126
 89   -21.48173343177      -11.64       -4.45    61.0s
    hm1_norm_ρdiff=1.7794646119205955e-5 hm1_norm_Δρ=1.2502155409584358e-5  error_V_h1=0.20354687668791943  α = 0.000489
 90   -21.48173343180      -10.61       -4.26    61.3s
    hm1_norm_ρdiff=2.978929633210423e-5 hm1_norm_Δρ=1.874321808059686e-5  error_V_h1=0.20341183747430833  α = 0.000562
 91   -21.48173343181      -10.95       -4.34    55.8s
    hm1_norm_ρdiff=2.304443943128994e-5 hm1_norm_Δρ=1.2404977557434357e-5  error_V_h1=0.20333800507646024  α = 0.00127
 92   -21.48173343182      -10.90       -4.34    55.0s
    hm1_norm_ρdiff=2.0938971255405405e-5 hm1_norm_Δρ=1.092927413440636e-5  error_V_h1=0.2032812815907463  α = 0.00141
 93   -21.48173343184      -10.72       -4.12    56.1s
    hm1_norm_ρdiff=2.9940034730841556e-5 hm1_norm_Δρ=2.3806548518247928e-5  error_V_h1=0.20247308167661596  α = 0.00121
 94   -21.48173343188      -10.43       -4.47    50.9s
    hm1_norm_ρdiff=2.146426678624093e-5 hm1_norm_Δρ=7.84557670761142e-6  error_V_h1=0.20236117747126112  α = 0.00357
 95   -21.48173343189      -10.83       -4.70    51.4s
    hm1_norm_ρdiff=1.9517037571669015e-5 hm1_norm_Δρ=4.886941302609476e-6  error_V_h1=0.2025485614358433  α = 0.00367
 96   -21.48173343192      -10.63       -4.38    56.5s
    hm1_norm_ρdiff=2.0905304510864465e-5 hm1_norm_Δρ=1.00223603748833e-5  error_V_h1=0.20302420057813003  α = 0.00145
 97   -21.48173343195      -10.43       -4.39    56.8s
    hm1_norm_ρdiff=1.8807677994274673e-5 hm1_norm_Δρ=1.0083627662852797e-5  error_V_h1=0.2036268770981324  α = 0.0015
 98   -21.48173343196      -11.08       -4.60    51.8s
    hm1_norm_ρdiff=2.147094819427495e-5 hm1_norm_Δρ=6.592860032252148e-6  error_V_h1=0.2036889144535334  α = 0.00313
 99   -21.48173343200      -10.40       -4.40    54.8s
    hm1_norm_ρdiff=2.190766820837568e-5 hm1_norm_Δρ=1.0139446592410389e-5  error_V_h1=0.20363804461563736  α = 0.00149
 100   -21.48173343200      -12.56       -3.85    65.3s
    hm1_norm_ρdiff=3.783129786178017e-5 hm1_norm_Δρ=3.977638387766787e-5  error_V_h1=0.20341344797695024  α = 0.000187
 101   -21.48173343202      -10.79       -4.61    55.4s
    hm1_norm_ρdiff=2.076901286804162e-5 hm1_norm_Δρ=5.340345480893112e-6  error_V_h1=0.20356724606718674  α = 0.00159
 102   -21.48173343205      -10.56       -4.10    59.5s
    hm1_norm_ρdiff=2.8121444362491255e-5 hm1_norm_Δρ=2.1777956150857588e-5  error_V_h1=0.20352169195047692  α = 0.000563
 103   -21.48173343206      -10.94       -4.33    53.9s
    hm1_norm_ρdiff=2.0591962960297903e-5 hm1_norm_Δρ=1.1620813400167703e-5  error_V_h1=0.2038489617898538  α = 0.00128
 104   -21.48173343209      -10.57       -4.22    59.5s
    hm1_norm_ρdiff=2.58921655545346e-5 hm1_norm_Δρ=1.7717816711433478e-5  error_V_h1=0.2040720399981722  α = 0.00053
 105   -21.48173343213      -10.32       -4.29    54.4s
    hm1_norm_ρdiff=2.0126540734184212e-5 hm1_norm_Δρ=1.2331174657398964e-5  error_V_h1=0.20419076476076115  α = 0.00149
 106   -21.48173343215      -10.73       -4.49    53.8s
    hm1_norm_ρdiff=1.993870807313931e-5 hm1_norm_Δρ=8.239575717563604e-6  error_V_h1=0.20418889120553266  α = 0.00146
 107   -21.48173343216      -11.29       -4.62    54.4s
    hm1_norm_ρdiff=1.9801857323612536e-5 hm1_norm_Δρ=6.500727594270995e-6  error_V_h1=0.20404030422105326  α = 0.00134
 108   -21.48173343217      -10.93       -5.13    50.1s
    hm1_norm_ρdiff=1.8920954577923287e-5 hm1_norm_Δρ=1.5810802878022727e-6  error_V_h1=0.2037668973340256  α = 0.00441
 109   -21.48173343218      -10.92       -3.89    59.9s
    hm1_norm_ρdiff=3.994743777842177e-5 hm1_norm_Δρ=4.3276541825134086e-5  error_V_h1=0.20397068769068538  α = 0.000395
 110   -21.48173343220      -10.72       -4.62    50.1s
    hm1_norm_ρdiff=2.0011076126264745e-5 hm1_norm_Δρ=5.3778074671046675e-6  error_V_h1=0.20364419795856922  α = 0.00354
 111   -21.48173343220      -11.68       -4.29    65.0s
    hm1_norm_ρdiff=2.471422439804961e-5 hm1_norm_Δρ=1.3868111844004808e-5  error_V_h1=0.20372092340537898  α = 0.000191
 112   -21.48173343221      -11.41       -4.75    55.6s
    hm1_norm_ρdiff=1.7991671484274713e-5 hm1_norm_Δρ=4.067277346372463e-6  error_V_h1=0.20365373775710352  α = 0.00146
 113   -21.48173343221      -11.18       -4.40    60.7s
    hm1_norm_ρdiff=2.0813637861785244e-5 hm1_norm_Δρ=1.0782039866184089e-5  error_V_h1=0.20362697043536065  α = 0.000566
 114   -21.48173343223      -10.68       -4.24    59.7s
    hm1_norm_ρdiff=2.7339734632143024e-5 hm1_norm_Δρ=1.6125244226533042e-5  error_V_h1=0.20355138941982454  α = 0.00056
 115   -21.48173343224      -11.57       -4.84    55.1s
    hm1_norm_ρdiff=1.880204863959444e-5 hm1_norm_Δρ=3.7375254770508866e-6  error_V_h1=0.20367272616210857  α = 0.00147
 116   -21.48173343224      -11.43       -4.84    50.3s
    hm1_norm_ρdiff=1.9794978495565004e-5 hm1_norm_Δρ=3.6353019739436273e-6  error_V_h1=0.203658827290582  α = 0.00334
 117   -21.48173343225      -11.10       -4.89    49.4s
    hm1_norm_ρdiff=1.9145226353952316e-5 hm1_norm_Δρ=3.14508475466676e-6  error_V_h1=0.20356689511283377  α = 0.00353
 118   -21.48173343225      -11.76       -4.55    54.1s
    hm1_norm_ρdiff=2.044061101793105e-5 hm1_norm_Δρ=8.460200840937641e-6  error_V_h1=0.2036274739281835  α = 0.00122
 119   -21.48173343226      -11.13       -5.23    44.7s
    hm1_norm_ρdiff=1.8701910298271236e-5 hm1_norm_Δρ=1.2972407254367794e-6  error_V_h1=0.20425356694312305  α = 0.00946
 120   -21.48173343226      -11.62       -4.30    59.9s
    hm1_norm_ρdiff=3.0089331607135905e-5 hm1_norm_Δρ=1.7492333116740787e-5  error_V_h1=0.20419838204092294  α = 0.000424
 121   -21.48173343227      -10.85       -4.28    55.0s
    hm1_norm_ρdiff=2.2573029249423883e-5 hm1_norm_Δρ=1.22767104342191e-5  error_V_h1=0.2046690348803696  α = 0.00137
 122   -21.48173343227      -13.03       -4.84    66.0s
    hm1_norm_ρdiff=1.9507138283167823e-5 hm1_norm_Δρ=4.7824178523419516e-6  error_V_h1=0.2046672599309737  α = 0.000143
 123   -21.48173343228      -11.62       -4.94    55.2s
    hm1_norm_ρdiff=1.8543030874632165e-5 hm1_norm_Δρ=2.4251449083546812e-6  error_V_h1=0.20478788008387983  α = 0.0016
 124   -21.48173343228      -11.56       -4.44    59.7s
    hm1_norm_ρdiff=2.334856672174305e-5 hm1_norm_Δρ=9.91998556337792e-6  error_V_h1=0.2049180316322244  α = 0.000537
 125   -21.48173343228      -11.96       -4.81    54.9s
    hm1_norm_ρdiff=1.9491046327121525e-5 hm1_norm_Δρ=3.2798295789536556e-6  error_V_h1=0.205079590720942  α = 0.00147
 126   -21.48173343228      -11.48       -5.21    50.3s
    hm1_norm_ρdiff=1.885349448322457e-5 hm1_norm_Δρ=1.493141797167288e-6  error_V_h1=0.20479607601343558  α = 0.00419
 127   -21.48173343229      -11.55       -4.29    55.9s
    hm1_norm_ρdiff=1.9772576730024638e-5 hm1_norm_Δρ=1.2895259409294744e-5  error_V_h1=0.204847927396055  α = 0.00124
 128   -21.48173343230      -10.98       -4.49    55.7s
    hm1_norm_ρdiff=2.091184773531178e-5 hm1_norm_Δρ=9.33453699307795e-6  error_V_h1=0.20488172375240427  α = 0.00131
 129   -21.48173343230      -11.11       -4.70    55.1s
    hm1_norm_ρdiff=1.892867760783364e-5 hm1_norm_Δρ=5.184891568118392e-6  error_V_h1=0.20479815835054588  α = 0.00144
 130   -21.48173343231      -11.27       -4.43    55.2s
    hm1_norm_ρdiff=1.9880511291951827e-5 hm1_norm_Δρ=9.83997036884438e-6  error_V_h1=0.20436272920560203  α = 0.00118
 131   -21.48173343232      -11.14       -4.02    66.0s
    hm1_norm_ρdiff=2.6994384404001502e-5 hm1_norm_Δρ=2.658040110882536e-5  error_V_h1=0.20445494575261924  α = 0.000177
 132   -21.48173343233      -10.89       -4.63    55.6s
    hm1_norm_ρdiff=1.9063701686082123e-5 hm1_norm_Δρ=5.605339436483157e-6  error_V_h1=0.20430414681719783  α = 0.00157
 133   -21.48173343234      -11.14       -4.90    50.9s
    hm1_norm_ρdiff=1.9403352804076806e-5 hm1_norm_Δρ=2.5727563096233895e-6  error_V_h1=0.2039526920721482  α = 0.00349
 134   -21.48173343234      -11.39       -4.95    49.9s
    hm1_norm_ρdiff=1.8949027931705866e-5 hm1_norm_Δρ=2.7555066563779437e-6  error_V_h1=0.20377622315851748  α = 0.0033
 135   -21.48173343235      -11.06       -4.79    55.8s
    hm1_norm_ρdiff=1.8403380485997624e-5 hm1_norm_Δρ=3.921150480271027e-6  error_V_h1=0.2036660025156483  α = 0.00149
 136   -21.48173343236      -11.21       -4.86    55.7s
    hm1_norm_ρdiff=1.8340303357776687e-5 hm1_norm_Δρ=3.2537730722114565e-6  error_V_h1=0.20347787366899125  α = 0.00163
 137   -21.48173343236      -11.25       -4.70    55.1s
    hm1_norm_ρdiff=1.9774713275432398e-5 hm1_norm_Δρ=4.555313272889162e-6  error_V_h1=0.20348314022470096  α = 0.00145
 138   -21.48173343237      -11.05       -4.44    60.2s
    hm1_norm_ρdiff=2.4657478850731654e-5 hm1_norm_Δρ=1.094865733713346e-5  error_V_h1=0.2034015807781865  α = 0.00055
 139   -21.48173343237      -11.40       -4.56    60.4s
    hm1_norm_ρdiff=1.9637811373580368e-5 hm1_norm_Δρ=8.04085221481705e-6  error_V_h1=0.2034399694202281  α = 0.000553
 140   -21.48173343238      -11.26       -4.85    55.3s
    hm1_norm_ρdiff=1.9379452206836008e-5 hm1_norm_Δρ=3.160916799818031e-6  error_V_h1=0.2035618756639971  α = 0.00159
 141   -21.48173343238      -11.67       -4.69    60.3s
    hm1_norm_ρdiff=2.0162227458681167e-5 hm1_norm_Δρ=5.627020490446062e-6  error_V_h1=0.2036495377028575  α = 0.000561
 142   -21.48173343239      -11.39       -4.09    65.3s
    hm1_norm_ρdiff=2.4622517792618226e-5 hm1_norm_Δρ=2.0486292181492088e-5  error_V_h1=0.203715159304786  α = 0.000209
 143   -21.48173343239      -11.78       -5.17    54.9s
    hm1_norm_ρdiff=1.892818910729628e-5 hm1_norm_Δρ=1.761298652074096e-6  error_V_h1=0.20374631113448824  α = 0.00163
 144   -21.48173343239      -11.55       -4.51    56.2s
    hm1_norm_ρdiff=1.829720768875069e-5 hm1_norm_Δρ=7.010012706350011e-6  error_V_h1=0.20392857598675784  α = 0.00124
 145   -21.48173343240      -11.19       -4.37    60.5s
    hm1_norm_ρdiff=2.093091195647354e-5 hm1_norm_Δρ=1.1037289764691587e-5  error_V_h1=0.20398468793814814  α = 0.000531
 146   -21.48173343240      -11.54       -5.15    50.8s
    hm1_norm_ρdiff=1.894897389572064e-5 hm1_norm_Δρ=1.600894219365893e-6  error_V_h1=0.203893360315698  α = 0.00372
 147   -21.48173343241      -11.24       -5.17    50.4s
    hm1_norm_ρdiff=1.9050313240110684e-5 hm1_norm_Δρ=1.4428669604426912e-6  error_V_h1=0.20359382165137876  α = 0.00387
 148   -21.48173343241      -11.43       -4.49    59.2s
    hm1_norm_ρdiff=1.9395222919244502e-5 hm1_norm_Δρ=7.347195905840818e-6  error_V_h1=0.20344559223428774  α = 0.00057
 149   -21.48173343241      -11.88       -4.67    60.6s
    hm1_norm_ρdiff=1.7919769207902908e-5 hm1_norm_Δρ=5.847131230226181e-6  error_V_h1=0.2034247681451702  α = 0.000543
 150   -21.48173343241      -11.99       -4.90    60.0s
    hm1_norm_ρdiff=1.9728817149354524e-5 hm1_norm_Δρ=3.752518219177099e-6  error_V_h1=0.20339480591921297  α = 0.00056
 151   -21.48173343241      -11.71       -5.06    50.3s
    hm1_norm_ρdiff=1.8599684639732506e-5 hm1_norm_Δρ=1.8359860471316767e-6  error_V_h1=0.20323337321769153  α = 0.00366
 152   -21.48173343242      -11.84       -4.69    60.4s
    hm1_norm_ρdiff=1.9007411516339596e-5 hm1_norm_Δρ=5.205130786650669e-6  error_V_h1=0.203112619775034  α = 0.000572
 153   -21.48173343242      -12.46       -5.17    50.1s
    hm1_norm_ρdiff=1.898265844064096e-5 hm1_norm_Δρ=1.5627470320387196e-6  error_V_h1=0.2032868282632009  α = 0.00339
 154   -21.48173343242      -11.50       -4.85    54.5s
    hm1_norm_ρdiff=1.8669883572685324e-5 hm1_norm_Δρ=3.1560702012227874e-6  error_V_h1=0.20343253205716927  α = 0.00153
 155   -21.48173343242      -11.57       -4.61    60.4s
    hm1_norm_ρdiff=2.1674696316827954e-5 hm1_norm_Δρ=6.892733358354981e-6  error_V_h1=0.20345460802253518  α = 0.000547
 156   -21.48173343242      -11.87       -5.06    54.7s
    hm1_norm_ρdiff=1.8600149588966602e-5 hm1_norm_Δρ=1.9227157547868356e-6  error_V_h1=0.2035311287972901  α = 0.00158
 157   -21.48173343242      -11.80       -4.79    55.4s
    hm1_norm_ρdiff=1.875526813498052e-5 hm1_norm_Δρ=4.208091988675518e-6  error_V_h1=0.20372056047805304  α = 0.00137
 158   -21.48173343243      -11.71       -4.65    60.2s
    hm1_norm_ρdiff=1.7570422553500717e-5 hm1_norm_Δρ=6.1750009520588716e-6  error_V_h1=0.2038309701835958  α = 0.000434
 159   -21.48173343243      -11.22       -5.27    44.9s
    hm1_norm_ρdiff=1.8716307103668032e-5 hm1_norm_Δρ=8.784241866043115e-7  error_V_h1=0.20413582712778658  α = 0.00992
 160   -21.48173343243      -12.50       -4.97    59.3s
    hm1_norm_ρdiff=1.842857983483669e-5 hm1_norm_Δρ=2.361665892200309e-6  error_V_h1=0.20411803116862506  α = 0.000591
 161   -21.48173343243      -12.82       -5.29    48.9s
    hm1_norm_ρdiff=1.8634671191260196e-5 hm1_norm_Δρ=1.2090393356882846e-6  error_V_h1=0.20427009765743787  α = 0.00353
 162   -21.48173343243      -11.86       -4.57    54.7s
    hm1_norm_ρdiff=2.1101458759163226e-5 hm1_norm_Δρ=6.176032837450092e-6  error_V_h1=0.20452212101678738  α = 0.00123
 163   -21.48173343243      -12.48       -4.92    55.0s
    hm1_norm_ρdiff=1.875185037640678e-5 hm1_norm_Δρ=3.1487422737822984e-6  error_V_h1=0.2044257898952082  α = 0.00132
 164   -21.48173343244      -11.61       -4.54    58.8s
    hm1_norm_ρdiff=1.883719953879174e-5 hm1_norm_Δρ=7.042116743782614e-6  error_V_h1=0.20428569290052345  α = 0.000547
 165   -21.48173343244      -11.50       -4.98    53.8s
    hm1_norm_ρdiff=1.881964914039411e-5 hm1_norm_Δρ=2.2652445282402453e-6  error_V_h1=0.20433381245561366  α = 0.00162
 166   -21.48173343244      -11.67       -5.34    49.9s
    hm1_norm_ρdiff=1.8401826777704603e-5 hm1_norm_Δρ=9.677615507238061e-7  error_V_h1=0.20434049598083934  α = 0.00413
 167   -21.48173343244      -12.34       -4.75    54.3s
    hm1_norm_ρdiff=1.9949072317191418e-5 hm1_norm_Δρ=4.34119378117742e-6  error_V_h1=0.20435105781132426  α = 0.00117
 168   -21.48173343244      -12.01       -4.75    54.2s
    hm1_norm_ρdiff=1.978963370367944e-5 hm1_norm_Δρ=4.839001270671972e-6  error_V_h1=0.2043082325991752  α = 0.00123
 169   -21.48173343244      -12.37       -4.50    60.5s
    hm1_norm_ρdiff=1.7749991190109843e-5 hm1_norm_Δρ=9.786536945968164e-6  error_V_h1=0.2044556227729993  α = 0.000392
 170   -21.48173343245      -11.31       -5.12    50.1s
    hm1_norm_ρdiff=1.882387261890887e-5 hm1_norm_Δρ=1.3371729537235666e-6  error_V_h1=0.20423095218347187  α = 0.00415
 171   -21.48173343245      -12.45       -5.65    45.2s
    hm1_norm_ρdiff=1.8666906502364527e-5 hm1_norm_Δρ=5.096364104417567e-7  error_V_h1=0.2043741801139173  α = 0.00906
 172   -21.48173343245      -11.77       -4.50    60.6s
    hm1_norm_ρdiff=2.0668932438311153e-5 hm1_norm_Δρ=8.035756419369309e-6  error_V_h1=0.20432982276799241  α = 0.000496
 173   -21.48173343245      -11.52       -4.51    60.6s
    hm1_norm_ρdiff=1.7935332302596874e-5 hm1_norm_Δρ=6.89677986830723e-6  error_V_h1=0.20421613739160474  α = 0.000551
 174   -21.48173343245      -12.23       -5.03    55.7s
    hm1_norm_ρdiff=1.8994123395068782e-5 hm1_norm_Δρ=2.380159897713519e-6  error_V_h1=0.20430580563682868  α = 0.00132
 175   -21.48173343246      -12.42       -5.36    50.6s
    hm1_norm_ρdiff=1.865428600216767e-5 hm1_norm_Δρ=8.656984365135149e-7  error_V_h1=0.2042167433548278  α = 0.00398
 176   -21.48173343246      -11.87       -4.95    55.2s
    hm1_norm_ρdiff=1.9321470210723094e-5 hm1_norm_Δρ=2.354062996334787e-6  error_V_h1=0.20428392811010523  α = 0.00142
 177   -21.48173343246      -12.01       -5.37    50.0s
    hm1_norm_ρdiff=1.8733649239268576e-5 hm1_norm_Δρ=8.530884801556682e-7  error_V_h1=0.2042641203188465  α = 0.0041
 178   -21.48173343246      -11.89       -4.69    60.0s
    hm1_norm_ρdiff=1.8297436668098732e-5 hm1_norm_Δρ=8.114306232117737e-6  error_V_h1=0.20423403825004857  α = 0.000483
 179   -21.48173343246      -12.23       -4.76    55.4s
    hm1_norm_ρdiff=1.8708792121492932e-5 hm1_norm_Δρ=5.203944751703477e-6  error_V_h1=0.20428565631164203  α = 0.00117
 180   -21.48173343246      -12.58       -4.86    59.3s
    hm1_norm_ρdiff=1.8047722905337773e-5 hm1_norm_Δρ=3.8615593277202024e-6  error_V_h1=0.20434855440270433  α = 0.000508
 181   -21.48173343246      -11.85       -4.97    54.6s
    hm1_norm_ρdiff=1.912054028311987e-5 hm1_norm_Δρ=1.9734164120360115e-6  error_V_h1=0.2042914512488163  α = 0.00151
 182   -21.48173343246      -11.79       -4.73    55.3s
    hm1_norm_ρdiff=1.8704233774138423e-5 hm1_norm_Δρ=4.280272057560234e-6  error_V_h1=0.2042323869070254  α = 0.00128
 183   -21.48173343246      -12.50       -5.06    59.9s
    hm1_norm_ρdiff=1.8643884903389077e-5 hm1_norm_Δρ=2.149954728422168e-6  error_V_h1=0.20424158907958662  α = 0.000567
 184   -21.48173343246      -12.50       -5.20    54.8s
    hm1_norm_ρdiff=1.9193786414677723e-5 hm1_norm_Δρ=1.5895499621394813e-6  error_V_h1=0.20428545332695822  α = 0.00131
 185   -21.48173343246      -12.33       -4.91    55.4s
    hm1_norm_ρdiff=1.8632480736226432e-5 hm1_norm_Δρ=3.0658356441121045e-6  error_V_h1=0.20418409119806627  α = 0.00124
 186   -21.48173343246      -12.19       -5.30    50.8s
    hm1_norm_ρdiff=1.862690805234085e-5 hm1_norm_Δρ=9.694355242262316e-7  error_V_h1=0.20426859199672312  α = 0.0038
 187   -21.48173343246      -12.42       -4.89    60.5s
    hm1_norm_ρdiff=1.8004273003778633e-5 hm1_norm_Δρ=3.1905642545038873e-6  error_V_h1=0.20424807560764063  α = 0.000515
 188   -21.48173343247      -11.63       -5.39    50.1s
    hm1_norm_ρdiff=1.8657260173003626e-5 hm1_norm_Δρ=8.956591718164978e-7  error_V_h1=0.20438296810904114  α = 0.00403
 189   -21.48173343247      -12.25       -5.00    59.4s
    hm1_norm_ρdiff=2.0073458413232835e-5 hm1_norm_Δρ=3.7806535499310514e-6  error_V_h1=0.20438676830257568  α = 0.000508
 190   -21.48173343247      -11.68       -4.77    59.6s
    hm1_norm_ρdiff=2.0264178055576374e-5 hm1_norm_Δρ=5.770245454444332e-6  error_V_h1=0.204368220444084  α = 0.000551
 191   -21.48173343247      -12.93       -5.13    54.4s
    hm1_norm_ρdiff=1.9117530195579884e-5 hm1_norm_Δρ=1.970089540778134e-6  error_V_h1=0.20428935689875094  α = 0.00122
 192   -21.48173343247      -12.46       -4.81    54.1s
    hm1_norm_ρdiff=1.8732529709766288e-5 hm1_norm_Δρ=2.837368028928227e-6  error_V_h1=0.20431287125375505  α = 0.00127
 193   -21.48173343247      -12.70       -4.89    53.8s
    hm1_norm_ρdiff=1.9367585308906783e-5 hm1_norm_Δρ=3.2970034431152107e-6  error_V_h1=0.20430769776273763  α = 0.00117
 194   -21.48173343247      -12.92       -5.21    58.6s
    hm1_norm_ρdiff=1.8921575258541933e-5 hm1_norm_Δρ=1.540513506610114e-6  error_V_h1=0.20429603456290765  α = 0.000565
 195   -21.48173343247      -12.44       -5.00    58.9s
    hm1_norm_ρdiff=1.8116285478235903e-5 hm1_norm_Δρ=2.6258581676406484e-6  error_V_h1=0.20426130557890798  α = 0.000545
 196   -21.48173343247      -12.17       -5.12    53.8s
    hm1_norm_ρdiff=1.889802667087976e-5 hm1_norm_Δρ=1.962276785845177e-6  error_V_h1=0.20430852589860343  α = 0.00138
 197   -21.48173343247      -12.57       -5.43    48.9s
    hm1_norm_ρdiff=1.8762804418291422e-5 hm1_norm_Δρ=8.113773705602008e-7  error_V_h1=0.20423655457281809  α = 0.0038
 198   -21.48173343247      -12.84       -4.84    58.4s
    hm1_norm_ρdiff=1.795658997217881e-5 hm1_norm_Δρ=3.5999080784531727e-6  error_V_h1=0.2042150412946314  α = 0.000471
 199   -21.48173343247      -12.75       -5.38    48.4s
    hm1_norm_ρdiff=1.87132443459651e-5 hm1_norm_Δρ=9.558764654961837e-7  error_V_h1=0.20410069736801167  α = 0.00349
 200   -21.48173343247      -12.62       -5.26    58.1s
    hm1_norm_ρdiff=1.8151917102860738e-5 hm1_norm_Δρ=2.021221199638391e-6  error_V_h1=0.20410200806534456  α = 0.000558
 201   -21.48173343247      -12.89       -5.45    48.7s
    hm1_norm_ρdiff=1.8708767691079348e-5 hm1_norm_Δρ=8.675847197531259e-7  error_V_h1=0.20417539499123252  α = 0.00339
 202   -21.48173343247      -12.29       -4.77    57.7s
    hm1_norm_ρdiff=1.8552675793930247e-5 hm1_norm_Δρ=4.336754670179262e-6  error_V_h1=0.20423912445562448  α = 0.00052
 203   -21.48173343247      -13.67       -4.95    52.9s
    hm1_norm_ρdiff=1.9339582044723476e-5 hm1_norm_Δρ=2.674844337269032e-6  error_V_h1=0.20427804199878818  α = 0.00121
 204   -21.48173343247      -11.82       -4.67    56.9s
    hm1_norm_ρdiff=1.8628860897516878e-5 hm1_norm_Δρ=5.513291624173606e-6  error_V_h1=0.20430432999065973  α = 0.00054
 205   -21.48173343247      -12.38       -5.70    47.5s
    hm1_norm_ρdiff=1.8745706129941724e-5 hm1_norm_Δρ=5.488545350135654e-7  error_V_h1=0.20431248464591165  α = 0.00401
 206   -21.48173343248      -13.19       -5.25    52.5s
    hm1_norm_ρdiff=1.8456090647817385e-5 hm1_norm_Δρ=1.5511186891078686e-6  error_V_h1=0.20431700118286714  α = 0.0013
 207   -21.48173343248      -12.11       -5.15    52.3s
    hm1_norm_ρdiff=1.9134162753918775e-5 hm1_norm_Δρ=1.376506749241119e-6  error_V_h1=0.20435650918329157  α = 0.00131
 208   -21.48173343248      -12.33       -4.88    53.7s
    hm1_norm_ρdiff=1.8506148574105772e-5 hm1_norm_Δρ=2.9919838179921313e-6  error_V_h1=0.20439489506708308  α = 0.0013
 209   -21.48173343248      -13.41       -4.85    62.5s
    hm1_norm_ρdiff=1.8320002834057998e-5 hm1_norm_Δρ=3.122715420794881e-6  error_V_h1=0.2043950440609341  α = 0.000195
 210   -21.48173343248      -12.34       -5.34    53.0s
    hm1_norm_ρdiff=1.863489893720943e-5 hm1_norm_Δρ=1.1660117074914798e-6  error_V_h1=0.20444560679189308  α = 0.00153
 211   -21.48173343248      -12.86       -4.95    63.9s
    hm1_norm_ρdiff=1.8271447634742917e-5 hm1_norm_Δρ=3.398284461529476e-6  error_V_h1=0.20445576904468185  α = 0.000185
 212   -21.48173343248      -11.78       -4.69    58.5s
    hm1_norm_ρdiff=1.907445440227227e-5 hm1_norm_Δρ=5.434864965963411e-6  error_V_h1=0.20441046357027176  α = 0.000546
 213   -21.48173343248      -13.19       -5.77    49.2s
    hm1_norm_ρdiff=1.87248642407053e-5 hm1_norm_Δρ=4.6976344708124343e-7  error_V_h1=0.20438922422746117  α = 0.0037
 214   -21.48173343248      -11.90       -4.55    58.9s
    hm1_norm_ρdiff=1.8976809675549252e-5 hm1_norm_Δρ=6.408742242957578e-6  error_V_h1=0.2044012108774228  α = 0.000535
 215   -21.48173343248      -13.27       -5.17    58.7s
    hm1_norm_ρdiff=1.872803391760585e-5 hm1_norm_Δρ=1.4703078149752965e-6  error_V_h1=0.20441723559873726  α = 0.00051
 216   -21.48173343248      -12.56       -5.23    54.5s
    hm1_norm_ρdiff=1.8600906197817e-5 hm1_norm_Δρ=1.5670896310471746e-6  error_V_h1=0.2044134987142328  α = 0.00142
 217   -21.48173343248      -12.55       -4.55    59.3s
    hm1_norm_ρdiff=2.2294065100358488e-5 hm1_norm_Δρ=8.741435594841325e-6  error_V_h1=0.20442234404353266  α = 0.000444
 218   -21.48173343248      -12.50       -5.05    58.9s
    hm1_norm_ρdiff=1.7783762576235955e-5 hm1_norm_Δρ=2.2769802333383174e-6  error_V_h1=0.204405156484139  α = 0.000483
 219   -21.48173343248      -12.33       -4.98    52.8s
    hm1_norm_ρdiff=1.9195296692502016e-5 hm1_norm_Δρ=2.3406660474721786e-6  error_V_h1=0.20434729910622484  α = 0.0013
 220   -21.48173343248      -12.89       -5.52    52.8s
    hm1_norm_ρdiff=1.867366397338834e-5 hm1_norm_Δρ=6.516753661420477e-7  error_V_h1=0.20434700405285308  α = 0.00131
 221   -21.48173343248      -12.26       -5.37    52.4s
    hm1_norm_ρdiff=1.8862658712375203e-5 hm1_norm_Δρ=9.827486456504767e-7  error_V_h1=0.20429578454905842  α = 0.00155
 222   -21.48173343248      -12.89       -5.34    52.7s
    hm1_norm_ρdiff=1.8652638636372725e-5 hm1_norm_Δρ=1.0862645461105698e-6  error_V_h1=0.20429315531168782  α = 0.00142
 223   -21.48173343248      -13.17       -4.91    62.1s
    hm1_norm_ρdiff=1.90361772342195e-5 hm1_norm_Δρ=2.635513915007503e-6  error_V_h1=0.20428819830595935  α = 0.000173
 224   -21.48173343248      -12.30       -4.65    59.1s
    hm1_norm_ρdiff=1.909596008585677e-5 hm1_norm_Δρ=5.883445906064281e-6  error_V_h1=0.20431048300258298  α = 0.000501
 225   -21.48173343248      -12.24       -5.06    54.3s
    hm1_norm_ρdiff=1.899994849788161e-5 hm1_norm_Δρ=1.8479191519438014e-6  error_V_h1=0.20425989695010643  α = 0.00134
 226   -21.48173343248      -12.01       -5.64    49.0s
    hm1_norm_ρdiff=1.8607443971709375e-5 hm1_norm_Δρ=3.858447951270095e-7  error_V_h1=0.20419801048807823  α = 0.00442
 227   -21.48173343248      -12.29       -5.26    54.4s
    hm1_norm_ρdiff=1.8702664422726112e-5 hm1_norm_Δρ=1.2996297689116806e-6  error_V_h1=0.204188377685766  α = 0.0014
 228   -21.48173343249      -12.30       -4.77    59.2s
    hm1_norm_ρdiff=1.77802985596673e-5 hm1_norm_Δρ=5.283972707443534e-6  error_V_h1=0.20418112354783494  α = 0.000438
 229   -21.48173343249      -12.85       -4.59    62.9s
    hm1_norm_ρdiff=1.7031491664135813e-5 hm1_norm_Δρ=6.130155296370172e-6  error_V_h1=0.20415633263075414  α = 0.000196
 230   -21.48173343249      -12.83       -5.00    53.4s
    hm1_norm_ρdiff=1.8531348827131374e-5 hm1_norm_Δρ=2.0598094406877083e-6  error_V_h1=0.20420549428783252  α = 0.00127
 231   -21.48173343249      -12.62       -5.34    52.5s
    hm1_norm_ρdiff=1.853325923244741e-5 hm1_norm_Δρ=1.230110935580474e-6  error_V_h1=0.2041806418302767  α = 0.00124
 232   -21.48173343249      -12.43       -5.74    43.1s
    hm1_norm_ρdiff=1.8679514150749077e-5 hm1_norm_Δρ=3.384314582971127e-7  error_V_h1=0.20404231752276666  α = 0.00897
 233   -21.48173343249      -12.62       -5.19    57.5s
    hm1_norm_ρdiff=1.8789314453564224e-5 hm1_norm_Δρ=1.6187484361428648e-6  error_V_h1=0.20404235144962196  α = 0.000592
 234   -21.48173343249      -12.81       -5.53    48.3s
    hm1_norm_ρdiff=1.8802456711289115e-5 hm1_norm_Δρ=7.12223470430701e-7  error_V_h1=0.204012567279606  α = 0.00301
 235   -21.48173343249      -13.67       -5.13    52.6s
    hm1_norm_ρdiff=1.9021827889381354e-5 hm1_norm_Δρ=2.160575414887562e-6  error_V_h1=0.20397252296827534  α = 0.00115
 236   -21.48173343249      -12.96       -5.20    57.2s
    hm1_norm_ρdiff=1.8637061362039542e-5 hm1_norm_Δρ=1.4618391969913091e-6  error_V_h1=0.20397746794272603  α = 0.000513
 237   -21.48173343249      -12.86       -5.72    53.2s
    hm1_norm_ρdiff=1.8633608982798948e-5 hm1_norm_Δρ=4.11783790823095e-7  error_V_h1=0.20397597319973867  α = 0.00158
 238   -21.48173343249      -13.67       -5.65     107s
    hm1_norm_ρdiff=1.8713429077048027e-5 hm1_norm_Δρ=5.042543191502303e-7  error_V_h1=0.2039755727771055  α = 5.46e-5
 239   -21.48173343249      -14.45       -4.84     136s
    hm1_norm_ρdiff=2.121767589625749e-5 hm1_norm_Δρ=5.127471383073178e-6  error_V_h1=0.20397557277718698  α = 1.26e-11
 240   -21.48173343249   +    -Inf       -4.06    82.5s
    hm1_norm_ρdiff=3.805599994726355e-5 hm1_norm_Δρ=2.7033030807589285e-5  error_V_h1=0.20397611605488455  α = 1.27e-5
 241   -21.48173343249      -14.15       -4.80     126s
    hm1_norm_ρdiff=1.8032439120964606e-5 hm1_norm_Δρ=3.2843246002530785e-6  error_V_h1=0.2039761160545723  α = 6.39e-12
 242   -21.48173343249      -13.75       -3.80     158s
    hm1_norm_ρdiff=3.324518380593667e-5 hm1_norm_Δρ=3.296285857183572e-5  error_V_h1=0.20397611600359883  α = 5.5e-11
 243   -21.48173343249      -12.57       -4.54    63.8s
    hm1_norm_ρdiff=1.9473440711186737e-5 hm1_norm_Δρ=7.718487036919588e-6  error_V_h1=0.20394612993929645  α = 0.00022
 244   -21.48173343249      -12.94       -5.33    54.8s
    hm1_norm_ρdiff=1.886693871786431e-5 hm1_norm_Δρ=1.1910910798577706e-6  error_V_h1=0.20394158610329235  α = 0.00144
 245   -21.48173343249      -12.88       -4.67    59.2s
    hm1_norm_ρdiff=1.8135166152385136e-5 hm1_norm_Δρ=6.884845807642555e-6  error_V_h1=0.20394834680878796  α = 0.000429
 246   -21.48173343249      -12.10       -5.03    59.4s
    hm1_norm_ρdiff=1.8559565153636146e-5 hm1_norm_Δρ=3.1171691762136607e-6  error_V_h1=0.20397126310418046  α = 0.000573
 247   -21.48173343249      -12.39       -5.51    48.7s
    hm1_norm_ρdiff=1.8574402879442235e-5 hm1_norm_Δρ=6.001741005018381e-7  error_V_h1=0.20400792253575017  α = 0.00387
 248   -21.48173343249      -12.22       -5.52    47.8s
    hm1_norm_ρdiff=1.8719726021008458e-5 hm1_norm_Δρ=6.264079040379655e-7  error_V_h1=0.2040334061688191  α = 0.00384
 249   -21.48173343249      -12.81       -5.72    48.1s
    hm1_norm_ρdiff=1.8684169181993907e-5 hm1_norm_Δρ=4.748913692577131e-7  error_V_h1=0.20406031940195837  α = 0.00347
 250   -21.48173343249      -12.87       -5.73    48.4s
    hm1_norm_ρdiff=1.8608493429841276e-5 hm1_norm_Δρ=4.922685357597551e-7  error_V_h1=0.20407842697558728  α = 0.0036
 251   -21.48173343249      -12.66       -5.43    52.5s
    hm1_norm_ρdiff=1.8465663344783617e-5 hm1_norm_Δρ=8.755454153194554e-7  error_V_h1=0.2041047654829991  α = 0.00148
 252   -21.48173343249      -12.59       -4.93    57.2s
    hm1_norm_ρdiff=2.039615114363687e-5 hm1_norm_Δρ=3.5034789580808236e-6  error_V_h1=0.20413216283761676  α = 0.000407
 253   -21.48173343249      -12.59       -5.63    52.6s
    hm1_norm_ρdiff=1.879917940065791e-5 hm1_norm_Δρ=6.63730448417335e-7  error_V_h1=0.20413450400203087  α = 0.00162
 254   -21.48173343249      -13.15       -5.80    47.5s
    hm1_norm_ρdiff=1.8681595906525733e-5 hm1_norm_Δρ=4.944419304647437e-7  error_V_h1=0.20414323336294  α = 0.00273
 255   -21.48173343249      -12.89       -5.09    57.2s
    hm1_norm_ρdiff=1.8815342114946763e-5 hm1_norm_Δρ=2.028641978402868e-6  error_V_h1=0.20414958994730828  α = 0.000453
 256   -21.48173343249      -12.51       -5.17    56.9s
    hm1_norm_ρdiff=1.8715933834856268e-5 hm1_norm_Δρ=1.5377083666390122e-6  error_V_h1=0.20414366534117842  α = 0.00043
 257   -21.48173343249      -13.11       -5.40    57.1s
    hm1_norm_ρdiff=1.880262307814341e-5 hm1_norm_Δρ=9.335237124359032e-7  error_V_h1=0.20415126862337665  α = 0.000461
 258   -21.48173343249      -12.60       -5.49    52.6s
    hm1_norm_ρdiff=1.8791394803511254e-5 hm1_norm_Δρ=6.708827436973392e-7  error_V_h1=0.2041481915979069  α = 0.00156
 259   -21.48173343249      -12.45       -5.49    52.4s
    hm1_norm_ρdiff=1.854068766765584e-5 hm1_norm_Δρ=7.649021957400526e-7  error_V_h1=0.20414830056297353  α = 0.00149
 260   -21.48173343249      -12.86       -5.30    57.2s
    hm1_norm_ρdiff=1.8672397752066303e-5 hm1_norm_Δρ=1.2756386142083244e-6  error_V_h1=0.2041447833463249  α = 0.000568
 261   -21.48173343249      -12.94       -5.60    52.2s
    hm1_norm_ρdiff=1.8664988082048625e-5 hm1_norm_Δρ=6.099749358115769e-7  error_V_h1=0.2041361725813609  α = 0.000942
 262   -21.48173343249      -13.97       -5.65    52.3s
    hm1_norm_ρdiff=1.878815545139032e-5 hm1_norm_Δρ=5.632506025203882e-7  error_V_h1=0.2041240457226146  α = 0.0012
 263   -21.48173343249      -13.22       -4.56    62.1s
    hm1_norm_ρdiff=1.750056390781448e-5 hm1_norm_Δρ=7.457462560182668e-6  error_V_h1=0.204105011214198  α = 0.000184
 264   -21.48173343249      -13.15       -6.37    44.6s
    hm1_norm_ρdiff=1.8653125598556907e-5 hm1_norm_Δρ=9.493696879876681e-8  error_V_h1=0.20408682937434094  α = 0.00929
 265   -21.48173343249      -12.64       -4.65    64.7s
    hm1_norm_ρdiff=2.018887717426631e-5 hm1_norm_Δρ=6.857758500656881e-6  error_V_h1=0.20408170846912357  α = 0.000213
 266   -21.48173343249      -13.34       -5.51    53.7s
    hm1_norm_ρdiff=1.866480252692521e-5 hm1_norm_Δρ=8.047925454222156e-7  error_V_h1=0.204066961905319  α = 0.00131
 267   -21.48173343249      -12.85       -5.47    54.3s
    hm1_norm_ρdiff=1.880677554683864e-5 hm1_norm_Δρ=8.418589026134502e-7  error_V_h1=0.20406096669399984  α = 0.00137
 268   -21.48173343249      -13.75       -5.86    49.6s
    hm1_norm_ρdiff=1.8548611567545347e-5 hm1_norm_Δρ=3.6428300634578207e-7  error_V_h1=0.20406895241833062  α = 0.00309
 269   -21.48173343249      -12.96       -6.04    49.5s
    hm1_norm_ρdiff=1.86403739669968e-5 hm1_norm_Δρ=2.0138334936436239e-7  error_V_h1=0.2041160753044917  α = 0.00439
 270   -21.48173343249      -13.75       -5.78    48.8s
    hm1_norm_ρdiff=1.865759254656825e-5 hm1_norm_Δρ=4.00332844058318e-7  error_V_h1=0.20413105074631743  α = 0.00337
 271   -21.48173343249      -13.30       -5.84    54.0s
    hm1_norm_ρdiff=1.8759761134975313e-5 hm1_norm_Δρ=3.591269616426897e-7  error_V_h1=0.2041454665618107  α = 0.00144
 272   -21.48173343249      -12.94       -5.71    49.6s
    hm1_norm_ρdiff=1.8600845701234175e-5 hm1_norm_Δρ=3.7492402089134605e-7  error_V_h1=0.20415128090802925  α = 0.00366
 273   -21.48173343249      -13.00       -4.98    58.9s
    hm1_norm_ρdiff=1.8294942911487528e-5 hm1_norm_Δρ=2.77840749047517e-6  error_V_h1=0.2041757419313546  α = 0.00045
 274   -21.48173343249      -14.15       -5.39    59.0s
    hm1_norm_ρdiff=1.889473691573759e-5 hm1_norm_Δρ=1.0482133672573107e-6  error_V_h1=0.20418118234344285  α = 0.000465
 275   -21.48173343249      -13.67       -5.47    53.9s
    hm1_norm_ρdiff=1.858478168459477e-5 hm1_norm_Δρ=7.891380678296077e-7  error_V_h1=0.20420878613220542  α = 0.00133
 276   -21.48173343249      -14.45       -5.15    58.8s
    hm1_norm_ρdiff=1.844851115201604e-5 hm1_norm_Δρ=1.852857381783579e-6  error_V_h1=0.20421170584481688  α = 0.000481
 277   -21.48173343249      -13.45       -5.39    58.7s
    hm1_norm_ρdiff=1.858756666206059e-5 hm1_norm_Δρ=9.702499271623705e-7  error_V_h1=0.20422000587629136  α = 0.000553
 278   -21.48173343249      -13.34       -5.47    54.0s
    hm1_norm_ρdiff=1.852921540647939e-5 hm1_norm_Δρ=9.137465111371728e-7  error_V_h1=0.20423459694798748  α = 0.00122
 279   -21.48173343249      -13.19       -5.24    58.4s
    hm1_norm_ρdiff=1.9073980758623195e-5 hm1_norm_Δρ=1.4678304275702259e-6  error_V_h1=0.20422690603771013  α = 0.000528
 280   -21.48173343249      -13.11       -6.35    44.1s
    hm1_norm_ρdiff=1.864721218905135e-5 hm1_norm_Δρ=1.0255017995284241e-7  error_V_h1=0.204218492448987  α = 0.00954
 281   -21.48173343249      -12.80       -5.49    54.2s
    hm1_norm_ρdiff=1.8624278779467477e-5 hm1_norm_Δρ=7.972122543564557e-7  error_V_h1=0.2042094554944296  α = 0.00147
 282   -21.48173343249      -13.22       -5.42    54.6s
    hm1_norm_ρdiff=1.9101832090246158e-5 hm1_norm_Δρ=1.0290798575394682e-6  error_V_h1=0.20424149048410906  α = 0.00104
 283   -21.48173343249      -12.72       -5.47    54.4s
    hm1_norm_ρdiff=1.8786104952066117e-5 hm1_norm_Δρ=7.508530343833558e-7  error_V_h1=0.20424434030442484  α = 0.00142
 284   -21.48173343249      -13.45       -5.50    54.5s
    hm1_norm_ρdiff=1.8801183371946176e-5 hm1_norm_Δρ=8.100417988803545e-7  error_V_h1=0.20422501335508458  α = 0.00127
 285   -21.48173343249      -14.15       -5.13    59.2s
    hm1_norm_ρdiff=1.881244023153699e-5 hm1_norm_Δρ=1.716535408113994e-6  error_V_h1=0.2042245607912307  α = 0.000421
 286   -21.48173343249      -13.25       -5.64    54.7s
    hm1_norm_ρdiff=1.872220507696885e-5 hm1_norm_Δρ=4.6857874326181113e-7  error_V_h1=0.2042099912709653  α = 0.00155
 287   -21.48173343249      -13.75       -5.19    64.9s
    hm1_norm_ρdiff=1.9192931731926288e-5 hm1_norm_Δρ=1.730312052885613e-6  error_V_h1=0.20421391090121135  α = 0.000169
 288   -21.48173343249      -14.15       -5.62     116s
    hm1_norm_ρdiff=1.8763609141996504e-5 hm1_norm_Δρ=5.942557268579347e-7  error_V_h1=0.20421387377027417  α = 5.78e-6
 289   -21.48173343249      -13.37       -5.92    54.6s
    hm1_norm_ρdiff=1.8652702443627998e-5 hm1_norm_Δρ=2.7455483298316336e-7  error_V_h1=0.20420821918511772  α = 0.00132
 290   -21.48173343249      -13.75       -5.23     119s
    hm1_norm_ρdiff=1.8615611540425125e-5 hm1_norm_Δρ=1.4038614898068471e-6  error_V_h1=0.20420873035939158  α = 3.63e-5
 291   -21.48173343249   +    -Inf       -5.65     230s
    hm1_norm_ρdiff=1.871119965903571e-5 hm1_norm_Δρ=5.70234717325732e-7  error_V_h1=0.20420873035933007  α = 3.15e-15
 292   -21.48173343249      -14.15       -3.93    78.9s
    hm1_norm_ρdiff=3.688870045100765e-5 hm1_norm_Δρ=2.9982165605558772e-5  error_V_h1=0.20420916255537586  α = 5.56e-6
 293   -21.48173343249      -13.03       -4.48    64.4s
    hm1_norm_ρdiff=1.7682130672027067e-5 hm1_norm_Δρ=7.368171749823107e-6  error_V_h1=0.20417031961947193  α = 0.000197
 294   -21.48173343249      -13.03       -5.07    59.6s
    hm1_norm_ρdiff=1.8581546792155767e-5 hm1_norm_Δρ=1.8210853085868097e-6  error_V_h1=0.20415908121508533  α = 0.000526
 295   -21.48173343249      -13.19       -5.23    59.8s
    hm1_norm_ρdiff=1.846809903217243e-5 hm1_norm_Δρ=1.7084706098122796e-6  error_V_h1=0.2041739583355243  α = 0.000493
 296   -21.48173343249      -12.87       -5.24    59.3s
    hm1_norm_ρdiff=1.847905585211437e-5 hm1_norm_Δρ=1.5850805095243227e-6  error_V_h1=0.2041720440267211  α = 0.00051
 297   -21.48173343249      -13.75       -5.63    53.1s
    hm1_norm_ρdiff=1.856279189605865e-5 hm1_norm_Δρ=5.133010735872204e-7  error_V_h1=0.20418623357620283  α = 0.00142
 298   -21.48173343249      -13.25       -5.86    52.9s
    hm1_norm_ρdiff=1.8561585367778163e-5 hm1_norm_Δρ=3.81855777555488e-7  error_V_h1=0.2041706766704323  α = 0.00147
 299   -21.48173343249      -13.45       -5.74    52.9s
    hm1_norm_ρdiff=1.886845231061612e-5 hm1_norm_Δρ=5.408783064267716e-7  error_V_h1=0.20416025390532722  α = 0.00101
 300   -21.48173343249      -13.60       -5.88    52.6s
    hm1_norm_ρdiff=1.8715214209173897e-5 hm1_norm_Δρ=3.381310401855159e-7  error_V_h1=0.20414948821558088  α = 0.0015
Trying again without preconditioner ...
n     Energy            log10(ΔE)   log10(Δρ)   Δtime
---   ---------------   ---------   ---------   ------
  1   -21.48173343249                   -4.43    76.4s
    hm1_norm_ρdiff=2.568921979249495e-5 hm1_norm_Δρ=1.3883828893520217e-5  error_V_h1=0.20415758829295128  α = 5.78e-5
  2   -21.48173343249      -12.91       -4.52    62.5s
    hm1_norm_ρdiff=1.8329417274963694e-5 hm1_norm_Δρ=6.5414623896393005e-6  error_V_h1=0.2041767380921521  α = 0.000165
  3   -21.48173343249      -13.50       -4.65    68.0s
    hm1_norm_ρdiff=2.197425577802943e-5 hm1_norm_Δρ=6.76936163479817e-6  error_V_h1=0.2041818605883795  α = 6.32e-5
  4   -21.48173343249      -13.25       -4.59    63.8s
    hm1_norm_ρdiff=1.9365920129859304e-5 hm1_norm_Δρ=5.862536212491815e-6  error_V_h1=0.20418635057933507  α = 0.000145
  5   -21.48173343249      -13.27       -4.78    63.6s
    hm1_norm_ρdiff=1.8907597894316488e-5 hm1_norm_Δρ=3.722858928208901e-6  error_V_h1=0.20417650060204293  α = 0.000169
  6   -21.48173343249      -13.09       -4.97    58.6s
    hm1_norm_ρdiff=1.8665100981325896e-5 hm1_norm_Δρ=1.6223903544813058e-6  error_V_h1=0.2041406693699621  α = 0.000499
  7   -21.48173343249      -13.60       -4.99    58.8s
    hm1_norm_ρdiff=1.8693802141481817e-5 hm1_norm_Δρ=1.808042361556019e-6  error_V_h1=0.20411729230396816  α = 0.000424
  8   -21.48173343249      -13.75       -5.12    63.4s
    hm1_norm_ρdiff=1.8998103156293952e-5 hm1_norm_Δρ=1.7688751965899832e-6  error_V_h1=0.2041107473896726  α = 0.000185
  9   -21.48173343249      -13.50       -4.94    64.5s
    hm1_norm_ρdiff=1.846454206326371e-5 hm1_norm_Δρ=2.094765438468032e-6  error_V_h1=0.20410340881262692  α = 0.000187
 10   -21.48173343249      -13.25       -5.24    59.6s
    hm1_norm_ρdiff=1.8788902225001476e-5 hm1_norm_Δρ=8.882237396967073e-7  error_V_h1=0.20409831489652763  α = 0.000549
 11   -21.48173343249      -13.97       -5.04    63.9s
    hm1_norm_ρdiff=1.8438518239601564e-5 hm1_norm_Δρ=1.9048189414103978e-6  error_V_h1=0.20410300888193422  α = 0.000194
 12   -21.48173343249      -13.55       -4.68    69.4s
    hm1_norm_ρdiff=1.838685200437079e-5 hm1_norm_Δρ=7.120943592722375e-6  error_V_h1=0.20409712894350993  α = 5.63e-5
 13   -21.48173343249      -13.67       -4.68    62.8s
    hm1_norm_ρdiff=2.0039134370141132e-5 hm1_norm_Δρ=4.174063697372305e-6  error_V_h1=0.20408503732141844  α = 0.000152
 14   -21.48173343249      -13.60       -5.18    57.6s
    hm1_norm_ρdiff=1.846789694713948e-5 hm1_norm_Δρ=1.315972029239491e-6  error_V_h1=0.2040829908023723  α = 0.000446
 15   -21.48173343249      -13.25       -4.38    67.3s
    hm1_norm_ρdiff=2.4528786665261608e-5 hm1_norm_Δρ=1.196636315525928e-5  error_V_h1=0.2040875921807093  α = 5.22e-5
 16   -21.48173343249   +    -Inf       -4.88     140s
    hm1_norm_ρdiff=1.8795625919312283e-5 hm1_norm_Δρ=2.9125302339325358e-6  error_V_h1=0.2040875921804142  α = 3.37e-13
 17   -21.48173343249      -13.97       -1.90    98.8s
    hm1_norm_ρdiff=0.002749512050395312 hm1_norm_Δρ=0.0027499797876285245  error_V_h1=0.20409269064188681  α = 8.27e-8
 18   -21.48173343249      -13.45       -4.92    64.1s
    hm1_norm_ρdiff=1.8683436950246297e-5 hm1_norm_Δρ=2.1358353645521764e-6  error_V_h1=0.20410684232567966  α = 0.000192
 19   -21.48173343249      -13.27       -4.96    64.1s
    hm1_norm_ρdiff=1.9219478106784178e-5 hm1_norm_Δρ=2.1931735388055304e-6  error_V_h1=0.20412251061347259  α = 0.000159
 20   -21.48173343249   +    -Inf       -5.08    64.4s
    hm1_norm_ρdiff=1.867711794295986e-5 hm1_norm_Δρ=1.6697386227486956e-6  error_V_h1=0.2041308833911673  α = 0.000178
 21   -21.48173343249      -13.50       -5.24    59.0s
    hm1_norm_ρdiff=1.8554962044739556e-5 hm1_norm_Δρ=8.992097558892009e-7  error_V_h1=0.20413345325733193  α = 0.000468
 22   -21.48173343249      -14.15       -5.31    68.4s
    hm1_norm_ρdiff=1.870249627700671e-5 hm1_norm_Δρ=1.0568253432465665e-6  error_V_h1=0.20413434278717046  α = 6.14e-5
 23   -21.48173343249      -13.60       -5.24    63.1s
    hm1_norm_ρdiff=1.875733580059835e-5 hm1_norm_Δρ=1.1502317095588583e-6  error_V_h1=0.20413727750052021  α = 0.000176
 24   -21.48173343249      -14.45       -4.55     127s
    hm1_norm_ρdiff=1.784583558681699e-5 hm1_norm_Δρ=7.267182915968603e-6  error_V_h1=0.20413727750102173  α = 3.58e-12
 25   -21.48173343249   +  -14.45       -4.23     108s
    hm1_norm_ρdiff=1.9787564025701953e-5 hm1_norm_Δρ=1.3496785972532757e-5  error_V_h1=0.20413727750072116  α = 0.0
 26   -21.48173343249      -14.45       -4.57     182s
    hm1_norm_ρdiff=1.81493445539099e-5 hm1_norm_Δρ=9.879933230051625e-6  error_V_h1=0.20413727750497146  α = 1.37e-10
 27   -21.48173343249      -14.45       -4.76     181s
    hm1_norm_ρdiff=2.00926818662474e-5 hm1_norm_Δρ=4.248321404139405e-6  error_V_h1=0.2041372775208634  α = 1.74e-10
 28   -21.48173343249   +  -14.15       -4.93    98.2s
    hm1_norm_ρdiff=1.8440991170875508e-5 hm1_norm_Δρ=2.53765048681039e-6  error_V_h1=0.2041372775208317  α = 0.0
 29   -21.48173343249      -14.45       -4.57    68.9s
    hm1_norm_ρdiff=1.8149218221741098e-5 hm1_norm_Δρ=9.87989510214194e-6  error_V_h1=0.2041391313373801  α = 5.37e-5
 30   -21.48173343249      -13.85       -4.75    68.2s
    hm1_norm_ρdiff=2.0453184404383496e-5 hm1_norm_Δρ=4.554885729838258e-6  error_V_h1=0.2041445089714653  α = 6.27e-5
 31   -21.48173343249   +    -Inf       -4.95    63.1s
    hm1_norm_ρdiff=1.8313597700765802e-5 hm1_norm_Δρ=2.6947862459945395e-6  error_V_h1=0.20415058242055079  α = 0.000138
 32   -21.48173343249      -14.45       -4.89    68.5s
    hm1_norm_ρdiff=1.867597681650231e-5 hm1_norm_Δρ=2.818043107676891e-6  error_V_h1=0.20415215247692897  α = 6.18e-5
 33   -21.48173343249      -13.85       -5.35    63.2s
    hm1_norm_ρdiff=1.898332145486937e-5 hm1_norm_Δρ=1.098495857042734e-6  error_V_h1=0.20415137394836144  α = 0.000133
 34   -21.48173343249      -14.45       -5.61    66.7s
    hm1_norm_ρdiff=1.865141474103784e-5 hm1_norm_Δρ=4.876934842675793e-7  error_V_h1=0.20415087653037495  α = 4.75e-5
 35   -21.48173343249      -13.67       -5.24    57.9s
    hm1_norm_ρdiff=1.8578327888666584e-5 hm1_norm_Δρ=1.0649540804856396e-6  error_V_h1=0.2041341563812739  α = 0.000396
 36   -21.48173343249      -14.15       -5.27     105s
    hm1_norm_ρdiff=1.8665926033615168e-5 hm1_norm_Δρ=1.117018829268439e-6  error_V_h1=0.20413366730780952  α = 1.36e-5
 37   -21.48173343249   +    -Inf       -5.27     120s
    hm1_norm_ρdiff=1.875489919264661e-5 hm1_norm_Δρ=1.088910107645908e-6  error_V_h1=0.20413366730244714  α = 1.4e-10
 38   -21.48173343249   +    -Inf       -5.43     111s
    hm1_norm_ρdiff=1.8754630782199833e-5 hm1_norm_Δρ=7.494770159762638e-7  error_V_h1=0.2041336673021919  α = 1.66e-11

#-- |ρε - ρref| = 1.864483410759413e-5 vs. 1.7782794100389228e-9 = δ*ε  error_V_h1=0.2041336673021919  Qε=0.877407681514036


# --- ε=1.0e-7

n     Energy            log10(ΔE)   log10(Δρ)   Δtime
---   ---------------   ---------   ---------   ------
  1   -21.48171895191                   -0.89    77.5s
    hm1_norm_ρdiff=0.08211956857003037 hm1_norm_Δρ=0.08211400461312789  error_V_h1=1.7091372538108571  α = 6.05e-5
  2   -21.48171933611       -6.42       -1.79    57.1s
    hm1_norm_ρdiff=0.006864010746666794 hm1_norm_Δρ=0.0068629827231791625  error_V_h1=1.5154295737185213  α = 0.00041
  3   -21.48171945870       -6.91       -2.07    57.8s
    hm1_norm_ρdiff=0.003267617284745039 hm1_norm_Δρ=0.0032669764802337096  error_V_h1=1.4445834861764204  α = 0.000426
  4   -21.48171962785       -6.77       -2.21    59.3s
    hm1_norm_ρdiff=0.002233042601921413 hm1_norm_Δρ=0.0022323693660763243  error_V_h1=1.3412770736446362  α = 0.000472
  5   -21.48171976033       -6.88       -2.80    53.8s
    hm1_norm_ρdiff=0.000402151195647638 hm1_norm_Δρ=0.00040121501262483923  error_V_h1=1.254441931042154  α = 0.00158
  6   -21.48171979656       -7.44       -2.99    53.5s
    hm1_norm_ρdiff=0.0002965470403889716 hm1_norm_Δρ=0.0002958719213738824  error_V_h1=1.2309167937969168  α = 0.00143
  7   -21.48171981576       -7.72       -2.86    58.0s
    hm1_norm_ρdiff=0.0003780818640961468 hm1_norm_Δρ=0.000377481115295994  error_V_h1=1.2196072869752597  α = 0.000568
  8   -21.48171982662       -7.96       -3.29    47.3s
    hm1_norm_ρdiff=0.00011545100468497507 hm1_norm_Δρ=0.00011429134516432274  error_V_h1=1.2186255898980611  α = 0.00364
  9   -21.48171983725       -7.97       -3.35    47.8s
    hm1_norm_ρdiff=0.00010476475107525853 hm1_norm_Δρ=0.00010368133415008819  error_V_h1=1.215630949367507  α = 0.00349
 10   -21.48171984109       -8.42       -3.45    48.1s
    hm1_norm_ρdiff=8.934312926386529e-5 hm1_norm_Δρ=8.806971930369973e-5  error_V_h1=1.217230422924971  α = 0.00355
 11   -21.48171986110       -7.70       -3.47    48.1s
    hm1_norm_ρdiff=7.557740741486024e-5 hm1_norm_Δρ=7.416658798736372e-5  error_V_h1=1.2068702037680004  α = 0.00399
 12   -21.48171991839       -7.24       -1.96    67.5s
    hm1_norm_ρdiff=0.0067597308405503796 hm1_norm_Δρ=0.006765497669892955  error_V_h1=1.1681060877551876  α = 6.01e-5
 13   -21.48172049650       -6.24       -1.81    62.0s
    hm1_norm_ρdiff=0.0063684471066863 hm1_norm_Δρ=0.006370712362070265  error_V_h1=0.6685527102083274  α = 0.000188
 14   -21.48172061457       -6.93       -2.04    61.9s
    hm1_norm_ρdiff=0.003485723058478772 hm1_norm_Δρ=0.0034870158460517235  error_V_h1=0.5148388949822876  α = 0.000179
 15   -21.48172064642       -7.50       -2.49    57.1s
    hm1_norm_ρdiff=0.0011696228253786061 hm1_norm_Δρ=0.0011707003006491343  error_V_h1=0.4731059820554203  α = 0.000451
 16   -21.48172064941       -8.52       -3.61    52.1s
    hm1_norm_ρdiff=6.145682966923895e-5 hm1_norm_Δρ=5.984714322461326e-5  error_V_h1=0.47107546762618435  α = 0.00159
 17   -21.48172065530       -8.23       -3.13    57.2s
    hm1_norm_ρdiff=0.00021139076307665234 hm1_norm_Δρ=0.00021104839415594695  error_V_h1=0.4617420298575876  α = 0.000563
 18   -21.48172066032       -8.30       -4.19    42.6s
    hm1_norm_ρdiff=1.9693884846984596e-5 hm1_norm_Δρ=1.0754770636468356e-5  error_V_h1=0.4540075916289502  α = 0.0106
 19   -21.48172066465       -8.36       -3.17    52.6s
    hm1_norm_ρdiff=0.00018718437374440428 hm1_norm_Δρ=0.00018657523933085054  error_V_h1=0.4419112853187259  α = 0.00127
 20   -21.48172067804       -7.87       -3.19    53.0s
    hm1_norm_ρdiff=0.00013621099951107652 hm1_norm_Δρ=0.00013546885391607226  error_V_h1=0.4079928413212189  α = 0.00155
 21   -21.48172068374       -8.24       -3.26    52.5s
    hm1_norm_ρdiff=0.0001371188092484744 hm1_norm_Δρ=0.00013634889574619358  error_V_h1=0.38844321198239606  α = 0.00139
 22   -21.48172068639       -8.58       -3.61    52.9s
    hm1_norm_ρdiff=5.37091858050834e-5 hm1_norm_Δρ=5.078596688845355e-5  error_V_h1=0.38117335417560466  α = 0.00162
 23   -21.48172068807       -8.77       -2.71    67.1s
    hm1_norm_ρdiff=0.0011960927647216592 hm1_norm_Δρ=0.0011903199184775436  error_V_h1=0.37785114642019296  α = 6.01e-5
 24   -21.48172068824       -9.78       -3.93    59.1s
    hm1_norm_ρdiff=4.747845256884117e-5 hm1_norm_Δρ=4.260061834986722e-5  error_V_h1=0.37729560796161765  α = 0.000539
 25   -21.48172069032       -8.68       -2.90    63.7s
    hm1_norm_ρdiff=0.0004761408774922388 hm1_norm_Δρ=0.00047482788941557384  error_V_h1=0.37164340670558893  α = 0.000178
 26   -21.48172069944       -8.04       -2.73    59.6s
    hm1_norm_ρdiff=0.0006578865487309129 hm1_norm_Δρ=0.0006570439336663108  error_V_h1=0.34343894583908186  α = 0.000446
 27   -21.48172069976       -9.49       -3.89    54.1s
    hm1_norm_ρdiff=4.026494297286612e-5 hm1_norm_Δρ=3.5339072307015615e-5  error_V_h1=0.3427729515440404  α = 0.00137
 28   -21.48172070031       -9.26       -4.42    49.5s
    hm1_norm_ρdiff=1.8382662423428354e-5 hm1_norm_Δρ=8.828834004076672e-6  error_V_h1=0.34130814386210273  α = 0.00435
 29   -21.48172070118       -9.06       -3.80    54.3s
    hm1_norm_ρdiff=3.5290412909693676e-5 hm1_norm_Δρ=3.130431085270009e-5  error_V_h1=0.3397342899616314  α = 0.00157
 30   -21.48172070428       -8.51       -3.24    59.2s
    hm1_norm_ρdiff=0.00015928232112578903 hm1_norm_Δρ=0.00015840358310646675  error_V_h1=0.33437412088339497  α = 0.000563
 31   -21.48172070546       -8.93       -3.70    54.2s
    hm1_norm_ρdiff=4.3500288016255085e-5 hm1_norm_Δρ=4.0660394083197885e-5  error_V_h1=0.3359822940216652  α = 0.00155
 32   -21.48172070638       -9.04       -3.58    54.7s
    hm1_norm_ρdiff=7.272116974066455e-5 hm1_norm_Δρ=7.10047982881035e-5  error_V_h1=0.33760927545844677  α = 0.00131
 33   -21.48172070644      -10.20       -4.56    44.3s
    hm1_norm_ρdiff=1.712639236996049e-5 hm1_norm_Δρ=5.5887013401198346e-6  error_V_h1=0.3383293530244417  α = 0.00919
 34   -21.48172070648      -10.41       -3.60    69.2s
    hm1_norm_ρdiff=0.00014555821050320268 hm1_norm_Δρ=0.00015036106964949893  error_V_h1=0.33823596525467536  α = 6.31e-5
 35   -21.48172070660       -9.94       -4.11    54.1s
    hm1_norm_ρdiff=2.4848771163245576e-5 hm1_norm_Δρ=2.0125639585926875e-5  error_V_h1=0.33865924515960755  α = 0.00137
 36   -21.48172070673       -9.87       -3.48    64.5s
    hm1_norm_ρdiff=0.00010818774382618345 hm1_norm_Δρ=0.00010698941304498372  error_V_h1=0.3387655964009652  α = 0.000185
 37   -21.48172070854       -8.74       -2.94    59.4s
    hm1_norm_ρdiff=0.00041327188631609684 hm1_norm_Δρ=0.0004128607933069884  error_V_h1=0.3386361862894793  α = 0.000418
 38   -21.48172070913       -9.23       -3.65    59.1s
    hm1_norm_ρdiff=6.388715857150129e-5 hm1_norm_Δρ=6.485020569680714e-5  error_V_h1=0.3373493344460637  α = 0.000561
 39   -21.48172070918      -10.31       -4.54    49.3s
    hm1_norm_ρdiff=1.7293884773088896e-5 hm1_norm_Δρ=6.2598577514685224e-6  error_V_h1=0.3372656913111244  α = 0.00376
 40   -21.48172070927      -10.05       -4.19    54.6s
    hm1_norm_ρdiff=2.1911775667622178e-5 hm1_norm_Δρ=1.4798579325512807e-5  error_V_h1=0.33667250766375506  α = 0.00144
 41   -21.48172070934      -10.12       -4.33    54.5s
    hm1_norm_ρdiff=1.9257811611624186e-5 hm1_norm_Δρ=1.0991947259060195e-5  error_V_h1=0.336507644098554  α = 0.00155
 42   -21.48172070964       -9.53       -4.41    48.8s
    hm1_norm_ρdiff=1.7684606079327e-5 hm1_norm_Δρ=7.07440410757885e-6  error_V_h1=0.33341496817992416  α = 0.00432
 43   -21.48172070993       -9.54       -3.86    54.0s
    hm1_norm_ρdiff=4.4839694599967776e-5 hm1_norm_Δρ=4.1802425576531464e-5  error_V_h1=0.3310117253492806  α = 0.00129
 44   -21.48172071006       -9.89       -4.11    49.4s
    hm1_norm_ρdiff=2.249617358746332e-5 hm1_norm_Δρ=1.572975468445962e-5  error_V_h1=0.32899392384006865  α = 0.00353
 45   -21.48172071007      -10.96       -4.18    64.1s
    hm1_norm_ρdiff=3.193540726229846e-5 hm1_norm_Δρ=3.3465845847494306e-5  error_V_h1=0.32896701323978206  α = 0.00018
 46   -21.48172071016      -10.06       -3.97    59.2s
    hm1_norm_ρdiff=3.439695066039095e-5 hm1_norm_Δρ=2.860184801050972e-5  error_V_h1=0.3285348875795789  α = 0.000551
 47   -21.48172071022      -10.22       -4.56    49.2s
    hm1_norm_ρdiff=1.7221983130278054e-5 hm1_norm_Δρ=5.9883245286103854e-6  error_V_h1=0.3269310560503993  α = 0.00388
 48   -21.48172071195       -8.76       -3.01    63.6s
    hm1_norm_ρdiff=0.0003788971003283993 hm1_norm_Δρ=0.0003786774166163213  error_V_h1=0.32091747239550394  α = 0.000185
 49   -21.48172071218       -9.63       -3.43    63.8s
    hm1_norm_ρdiff=0.00013196257719257648 hm1_norm_Δρ=0.00013134063369111957  error_V_h1=0.3202933711543734  α = 0.000189
 50   -21.48172071230       -9.93       -4.16    53.8s
    hm1_norm_ρdiff=2.118232973701054e-5 hm1_norm_Δρ=1.3928944045737306e-5  error_V_h1=0.32003428748263113  α = 0.00151
 51   -21.48172071232      -10.66       -4.34    54.1s
    hm1_norm_ρdiff=1.9490051071236265e-5 hm1_norm_Δρ=1.1069425382223719e-5  error_V_h1=0.3201156616168961  α = 0.00129
 52   -21.48172071235      -10.54       -4.36    54.1s
    hm1_norm_ρdiff=1.848834866710099e-5 hm1_norm_Δρ=8.821814447895922e-6  error_V_h1=0.3199027483424217  α = 0.00143
 53   -21.48172071239      -10.38       -4.67    49.4s
    hm1_norm_ρdiff=1.6627626435882258e-5 hm1_norm_Δρ=4.116453925818409e-6  error_V_h1=0.32016253567221703  α = 0.00392
 54   -21.48172071249      -10.00       -4.02    52.1s
    hm1_norm_ρdiff=3.262339290530015e-5 hm1_norm_Δρ=2.8400849085214833e-5  error_V_h1=0.3211401654142887  α = 0.00126
 55   -21.48172071272       -9.64       -4.12    52.5s
    hm1_norm_ρdiff=2.3346119455801675e-5 hm1_norm_Δρ=1.8405755266023903e-5  error_V_h1=0.3209951028295368  α = 0.00153
 56   -21.48172071274      -10.78       -4.09    57.3s
    hm1_norm_ρdiff=3.7711845226184994e-5 hm1_norm_Δρ=2.8863998057801313e-5  error_V_h1=0.3209120435332275  α = 0.000438
 57   -21.48172071277      -10.41       -3.64    62.8s
    hm1_norm_ρdiff=5.788587068267521e-5 hm1_norm_Δρ=5.706383065733315e-5  error_V_h1=0.32080950827394616  α = 0.000186
 58   -21.48172071281      -10.47       -4.09    57.5s
    hm1_norm_ρdiff=2.6361229596675196e-5 hm1_norm_Δρ=2.0583533980003216e-5  error_V_h1=0.3212115967851412  α = 0.00053
 59   -21.48172071282      -10.90       -4.12    62.8s
    hm1_norm_ρdiff=3.247412176361995e-5 hm1_norm_Δρ=2.8283865642163277e-5  error_V_h1=0.32130002038210664  α = 0.000191
 60   -21.48172071283      -10.92       -4.59    53.4s
    hm1_norm_ρdiff=1.7043544069806486e-5 hm1_norm_Δρ=6.792115239069609e-6  error_V_h1=0.3214360246392137  α = 0.00136
 61   -21.48172071285      -10.92       -4.40    58.1s
    hm1_norm_ρdiff=1.9627382110896425e-5 hm1_norm_Δρ=1.208682849527584e-5  error_V_h1=0.32148721111812534  α = 0.000529
 62   -21.48172071287      -10.54       -4.27    52.3s
    hm1_norm_ρdiff=2.0370849409973046e-5 hm1_norm_Δρ=1.1653979960651966e-5  error_V_h1=0.32146642563625805  α = 0.00134
 63   -21.48172071289      -10.69       -4.34    53.3s
    hm1_norm_ρdiff=1.9248133294564892e-5 hm1_norm_Δρ=1.0172803749695535e-5  error_V_h1=0.32138325404422097  α = 0.00133
 64   -21.48172071295      -10.23       -4.38    53.6s
    hm1_norm_ρdiff=1.8208727616916936e-5 hm1_norm_Δρ=8.533536392594773e-6  error_V_h1=0.32063473654775265  α = 0.00157
 65   -21.48172071301      -10.26       -4.17    53.1s
    hm1_norm_ρdiff=2.5239522108484603e-5 hm1_norm_Δρ=1.9369728899775983e-5  error_V_h1=0.3195181382500166  α = 0.00128
 66   -21.48172071304      -10.57       -4.54    52.7s
    hm1_norm_ρdiff=1.787475129127278e-5 hm1_norm_Δρ=6.154752315096275e-6  error_V_h1=0.318977292726751  α = 0.00154
 67   -21.48172071304      -11.09       -3.71    62.1s
    hm1_norm_ρdiff=6.601535603993298e-5 hm1_norm_Δρ=6.994909703368658e-5  error_V_h1=0.31895391819471736  α = 0.000141
 68   -21.48172071305      -11.03       -4.77    52.6s
    hm1_norm_ρdiff=1.7036278816054884e-5 hm1_norm_Δρ=4.453524703880203e-6  error_V_h1=0.31873723582841396  α = 0.00145
 69   -21.48172071310      -10.34       -4.27    52.5s
    hm1_norm_ρdiff=1.8698847904903204e-5 hm1_norm_Δρ=9.786547992535132e-6  error_V_h1=0.317231946752029  α = 0.00144
 70   -21.48172071311      -11.11       -4.04    57.1s
    hm1_norm_ρdiff=3.106026996923238e-5 hm1_norm_Δρ=2.6331171075979215e-5  error_V_h1=0.31665235160114147  α = 0.000436
 71   -21.48172071314      -10.53       -4.23    57.2s
    hm1_norm_ρdiff=2.3518203407612288e-5 hm1_norm_Δρ=1.6363588972085738e-5  error_V_h1=0.3164013208519906  α = 0.000544
 72   -21.48172071315      -10.88       -4.33    57.2s
    hm1_norm_ρdiff=2.1907975127785206e-5 hm1_norm_Δρ=1.4334377609901911e-5  error_V_h1=0.3161930368718454  α = 0.000514
 73   -21.48172071317      -10.69       -4.18    53.3s
    hm1_norm_ρdiff=2.0705024721546027e-5 hm1_norm_Δρ=1.411459335086768e-5  error_V_h1=0.315818676749315  α = 0.00125
 74   -21.48172071319      -10.66       -4.32    58.3s
    hm1_norm_ρdiff=2.089446501588448e-5 hm1_norm_Δρ=1.3439713864114954e-5  error_V_h1=0.3156791152782432  α = 0.000557
 75   -21.48172071322      -10.51       -4.70    48.5s
    hm1_norm_ρdiff=1.6664497251796252e-5 hm1_norm_Δρ=3.7200384365937435e-6  error_V_h1=0.31552004326176136  α = 0.00384
 76   -21.48172071325      -10.50       -4.31    54.4s
    hm1_norm_ρdiff=2.1600467983977738e-5 hm1_norm_Δρ=1.4304020965612317e-5  error_V_h1=0.3157665809175364  α = 0.00129
 77   -21.48172071327      -10.73       -4.72    54.4s
    hm1_norm_ρdiff=1.625046896539841e-5 hm1_norm_Δρ=4.02790182468064e-6  error_V_h1=0.31565378499255137  α = 0.00162
 78   -21.48172071328      -11.49       -4.15    63.1s
    hm1_norm_ρdiff=3.5726134776309474e-5 hm1_norm_Δρ=2.6677525526437138e-5  error_V_h1=0.3156388732273579  α = 0.000159
 79   -21.48172071328      -11.51       -4.02    58.1s
    hm1_norm_ρdiff=3.01382908852558e-5 hm1_norm_Δρ=2.6487863287491083e-5  error_V_h1=0.31567731088029216  α = 0.000399
 80   -21.48172071329      -10.94       -4.41    52.4s
    hm1_norm_ρdiff=1.7837848760845758e-5 hm1_norm_Δρ=7.878459765620921e-6  error_V_h1=0.3165183017428663  α = 0.00132
 81   -21.48172071330      -10.90       -3.99    63.5s
    hm1_norm_ρdiff=3.3800406835182745e-5 hm1_norm_Δρ=3.030507790842786e-5  error_V_h1=0.3167319849021025  α = 0.000192
 82   -21.48172071331      -11.55       -4.70    53.8s
    hm1_norm_ρdiff=1.6793207489887996e-5 hm1_norm_Δρ=5.685517760291758e-6  error_V_h1=0.31677912886515913  α = 0.00123
 83   -21.48172071331      -11.28       -4.40    59.3s
    hm1_norm_ρdiff=1.9675164894665265e-5 hm1_norm_Δρ=1.1754793335115584e-5  error_V_h1=0.3168623777105796  α = 0.000484
 84   -21.48172071335      -10.40       -4.10    59.4s
    hm1_norm_ρdiff=2.5089762044158542e-5 hm1_norm_Δρ=1.80121313800648e-5  error_V_h1=0.3168334260324968  α = 0.000562
 85   -21.48172071337      -10.84       -4.92    49.0s
    hm1_norm_ρdiff=1.6346915220368312e-5 hm1_norm_Δρ=2.6779317446284614e-6  error_V_h1=0.31661886248157844  α = 0.0038
 86   -21.48172071340      -10.49       -4.37    54.0s
    hm1_norm_ρdiff=1.8467142660052304e-5 hm1_norm_Δρ=9.66014244166869e-6  error_V_h1=0.3162223668235578  α = 0.00139
 87   -21.48172071343      -10.44       -4.40    54.1s
    hm1_norm_ρdiff=1.9207890531178707e-5 hm1_norm_Δρ=1.050658680090824e-5  error_V_h1=0.3157376970883988  α = 0.00139
 88   -21.48172071346      -10.66       -4.68    53.3s
    hm1_norm_ρdiff=1.7112006080654238e-5 hm1_norm_Δρ=4.365949399099135e-6  error_V_h1=0.31550690365629375  α = 0.0016
 89   -21.48172071346      -11.54       -4.06    63.9s
    hm1_norm_ρdiff=3.0331043551414687e-5 hm1_norm_Δρ=3.2043413383422685e-5  error_V_h1=0.31546728026688087  α = 0.00015
 90   -21.48172071346      -11.51       -4.01    58.9s
    hm1_norm_ρdiff=3.4484134060760144e-5 hm1_norm_Δρ=2.9668224905662136e-5  error_V_h1=0.3154092090240129  α = 0.000392
 91   -21.48172071347      -11.34       -4.43    53.4s
    hm1_norm_ρdiff=1.843428737016796e-5 hm1_norm_Δρ=8.376540445419883e-6  error_V_h1=0.31450377862721857  α = 0.0012
 92   -21.48172071347      -11.69       -4.43    58.8s
    hm1_norm_ρdiff=1.9890075148009717e-5 hm1_norm_Δρ=1.0657123606450626e-5  error_V_h1=0.31419535946072114  α = 0.000461
 93   -21.48172071348      -11.11       -4.41    58.5s
    hm1_norm_ρdiff=2.006047384509864e-5 hm1_norm_Δρ=1.1056091793627333e-5  error_V_h1=0.31407340673852074  α = 0.000508
 94   -21.48172071348      -11.36       -4.33    58.4s
    hm1_norm_ρdiff=2.1260467532974605e-5 hm1_norm_Δρ=1.3253497754653362e-5  error_V_h1=0.3138455088698682  α = 0.00047
 95   -21.48172071349      -10.90       -4.79    54.0s
    hm1_norm_ρdiff=1.627769503109034e-5 hm1_norm_Δρ=3.260134557741886e-6  error_V_h1=0.31350654670066275  α = 0.00158
 96   -21.48172071350      -11.39       -4.36    52.5s
    hm1_norm_ρdiff=1.9931942741141858e-5 hm1_norm_Δρ=1.1409993282758768e-5  error_V_h1=0.3132452700443727  α = 0.00119
 97   -21.48172071351      -11.04       -4.44    52.4s
    hm1_norm_ρdiff=1.8876614089047737e-5 hm1_norm_Δρ=9.078526138653316e-6  error_V_h1=0.31319995467825457  α = 0.00126
 98   -21.48172071352      -11.02       -4.60    53.5s
    hm1_norm_ρdiff=1.7540152679998667e-5 hm1_norm_Δρ=6.755538165235986e-6  error_V_h1=0.313234841699492  α = 0.00134
 99   -21.48172071352      -11.24       -5.00    53.6s
    hm1_norm_ρdiff=1.6062841640215254e-5 hm1_norm_Δρ=2.192929344144385e-6  error_V_h1=0.3131778435245328  α = 0.00163
 100   -21.48172071352      -13.41       -4.99    54.1s
    hm1_norm_ρdiff=1.768286737656283e-5 hm1_norm_Δρ=3.599992576897278e-6  error_V_h1=0.31318257141584516  α = 0.00115
 101   -21.48172071355      -10.54       -3.76    64.3s
    hm1_norm_ρdiff=5.3487235341383206e-5 hm1_norm_Δρ=5.169951074908406e-5  error_V_h1=0.3128111598087038  α = 0.000187
 102   -21.48172071357      -10.83       -4.29    59.1s
    hm1_norm_ρdiff=1.9903752643599475e-5 hm1_norm_Δρ=1.2431973683834923e-5  error_V_h1=0.3132714896456797  α = 0.000536
 103   -21.48172071357      -11.63       -4.51    58.8s
    hm1_norm_ρdiff=1.73735681253401e-5 hm1_norm_Δρ=8.123058490464034e-6  error_V_h1=0.31349586100176546  α = 0.000473
 104   -21.48172071357      -11.32       -4.42    59.6s
    hm1_norm_ρdiff=1.8786830520883175e-5 hm1_norm_Δρ=1.0780023087763821e-5  error_V_h1=0.31350288671649157  α = 0.000482
 105   -21.48172071358      -11.46       -4.47    58.5s
    hm1_norm_ρdiff=1.8232219275137308e-5 hm1_norm_Δρ=9.48797948143054e-6  error_V_h1=0.31365665200442433  α = 0.000478
 106   -21.48172071358      -11.34       -4.81    53.3s
    hm1_norm_ρdiff=1.655197473811017e-5 hm1_norm_Δρ=3.2660568600115706e-6  error_V_h1=0.31376391193845193  α = 0.00146
 107   -21.48172071361      -10.60       -4.27    58.5s
    hm1_norm_ρdiff=2.107078325553331e-5 hm1_norm_Δρ=1.4105963464182795e-5  error_V_h1=0.3137256219037531  α = 0.000562
 108   -21.48172071361      -11.13       -4.45    52.3s
    hm1_norm_ρdiff=1.7991166372735763e-5 hm1_norm_Δρ=8.892301890713548e-6  error_V_h1=0.3135922327586347  α = 0.00123
 109   -21.48172071362      -11.17       -4.75    53.0s
    hm1_norm_ρdiff=1.6819799519071848e-5 hm1_norm_Δρ=4.727104231499584e-6  error_V_h1=0.31341154731360854  α = 0.00138
 110   -21.48172071362      -11.31       -5.18    47.7s
    hm1_norm_ρdiff=1.6330548997515618e-5 hm1_norm_Δρ=1.3718470201925726e-6  error_V_h1=0.31327685032340924  α = 0.00386
 111   -21.48172071363      -11.45       -3.77    62.2s
    hm1_norm_ρdiff=4.971266681938396e-5 hm1_norm_Δρ=5.2785088323498075e-5  error_V_h1=0.31315544580239124  α = 0.000144
 112   -21.48172071363      -11.59       -4.70    58.5s
    hm1_norm_ρdiff=1.7515729377195276e-5 hm1_norm_Δρ=6.4431009249807106e-6  error_V_h1=0.3132016883875345  α = 0.000512
 113   -21.48172071365      -10.75       -4.83    48.2s
    hm1_norm_ρdiff=1.640776688845074e-5 hm1_norm_Δρ=2.180292349560776e-6  error_V_h1=0.31281482235163277  α = 0.00395
 114   -21.48172071365      -12.31       -4.60    57.5s
    hm1_norm_ρdiff=1.8374253035410483e-5 hm1_norm_Δρ=7.716980587076999e-6  error_V_h1=0.3127490464344572  α = 0.000421
 115   -21.48172071365      -11.73       -4.82    57.4s
    hm1_norm_ρdiff=1.6935478442093045e-5 hm1_norm_Δρ=4.204136336755479e-6  error_V_h1=0.3126952880362586  α = 0.000548
 116   -21.48172071365      -11.60       -4.57    58.3s
    hm1_norm_ρdiff=1.8500071335042693e-5 hm1_norm_Δρ=8.237093246475446e-6  error_V_h1=0.31259342866104917  α = 0.000483
 117   -21.48172071365      -11.84       -4.87    52.6s
    hm1_norm_ρdiff=1.634787978383967e-5 hm1_norm_Δρ=3.2613826246386055e-6  error_V_h1=0.3124417740061054  α = 0.00129
 118   -21.48172071366      -11.42       -4.95    52.8s
    hm1_norm_ρdiff=1.644007027704799e-5 hm1_norm_Δρ=2.4649695089966885e-6  error_V_h1=0.3123743378311792  α = 0.00154
 119   -21.48172071367      -11.00       -4.50    57.2s
    hm1_norm_ρdiff=1.947608201404421e-5 hm1_norm_Δρ=1.0357937314225941e-5  error_V_h1=0.31237793990362644  α = 0.000536
 120   -21.48172071367      -11.32       -4.72    52.4s
    hm1_norm_ρdiff=1.658442400576011e-5 hm1_norm_Δρ=4.41406731402712e-6  error_V_h1=0.3126193681696221  α = 0.00136
 121   -21.48172071368      -11.50       -4.50    59.7s
    hm1_norm_ρdiff=1.655239120378168e-5 hm1_norm_Δρ=7.364294931434691e-6  error_V_h1=0.3127087716636281  α = 0.000489
 122   -21.48172071368      -11.86       -4.01    64.2s
    hm1_norm_ρdiff=3.367169260500286e-5 hm1_norm_Δρ=2.5110604199793575e-5  error_V_h1=0.31285210116583523  α = 0.000152
 123   -21.48172071368      -11.87       -4.62    59.1s
    hm1_norm_ρdiff=1.781216193824479e-5 hm1_norm_Δρ=8.003287691035267e-6  error_V_h1=0.31283939724808946  α = 0.00045
 124   -21.48172071368      -11.40       -5.18    49.2s
    hm1_norm_ρdiff=1.6052324696049898e-5 hm1_norm_Δρ=1.4491640091514463e-6  error_V_h1=0.3131913574817161  α = 0.00383
 125   -21.48172071368      -12.20       -4.58    58.7s
    hm1_norm_ρdiff=1.727877538164207e-5 hm1_norm_Δρ=7.940804987030734e-6  error_V_h1=0.3132691172363965  α = 0.000421
 126   -21.48172071368      -12.02       -4.93    53.3s
    hm1_norm_ρdiff=1.6211406125020093e-5 hm1_norm_Δρ=3.1590723400825857e-6  error_V_h1=0.3133663524391505  α = 0.00124
 127   -21.48172071369      -11.43       -4.66    58.4s
    hm1_norm_ρdiff=1.7050161375597094e-5 hm1_norm_Δρ=6.151559459628689e-6  error_V_h1=0.3134624503482929  α = 0.000544
 128   -21.48172071369      -11.23       -4.49    57.6s
    hm1_norm_ρdiff=1.8416691111077832e-5 hm1_norm_Δρ=8.09877660200173e-6  error_V_h1=0.3136107322025994  α = 0.000539
 129   -21.48172071370      -11.18       -4.87    52.9s
    hm1_norm_ρdiff=1.6349321514944963e-5 hm1_norm_Δρ=2.9457194014870126e-6  error_V_h1=0.3136876745765701  α = 0.00156
 130   -21.48172071371      -11.24       -4.80    52.3s
    hm1_norm_ρdiff=1.6801393454808702e-5 hm1_norm_Δρ=3.814975255976444e-6  error_V_h1=0.313708174142136  α = 0.00141
 131   -21.48172071371      -11.49       -4.59    53.3s
    hm1_norm_ρdiff=1.7721954280659032e-5 hm1_norm_Δρ=5.6119522086520715e-6  error_V_h1=0.31361041954666435  α = 0.00122
 132   -21.48172071371      -11.56       -4.75    53.3s
    hm1_norm_ρdiff=1.6046700431723633e-5 hm1_norm_Δρ=2.915463029490932e-6  error_V_h1=0.3138217836266697  α = 0.00143
 133   -21.48172071371      -11.76       -4.17    62.3s
    hm1_norm_ρdiff=1.9780054806119435e-5 hm1_norm_Δρ=1.7251696628907417e-5  error_V_h1=0.3137070959843663  α = 0.000172
 134   -21.48172071372      -11.45       -4.60    58.3s
    hm1_norm_ρdiff=1.806229467119343e-5 hm1_norm_Δρ=7.0454371270963585e-6  error_V_h1=0.31372232388573795  α = 0.000512
 135   -21.48172071372      -12.49       -4.80    53.4s
    hm1_norm_ρdiff=1.709658744624174e-5 hm1_norm_Δρ=4.437101721527232e-6  error_V_h1=0.31362586347325083  α = 0.00117
 136   -21.48172071372      -12.40       -4.51    59.1s
    hm1_norm_ρdiff=1.924384565083502e-5 hm1_norm_Δρ=8.971401426899059e-6  error_V_h1=0.31347657616027325  α = 0.000406
 137   -21.48172071372      -11.74       -4.68    57.8s
    hm1_norm_ρdiff=1.7134227714899487e-5 hm1_norm_Δρ=5.511002522932564e-6  error_V_h1=0.3133963575716542  α = 0.000505
 138   -21.48172071372      -11.72       -4.87    57.7s
    hm1_norm_ρdiff=1.6578377213028624e-5 hm1_norm_Δρ=3.663306495028538e-6  error_V_h1=0.31331201708759626  α = 0.000572
 139   -21.48172071372      -12.24       -4.89    53.6s
    hm1_norm_ρdiff=1.6133724752824804e-5 hm1_norm_Δρ=3.193676364668039e-6  error_V_h1=0.31316884253447613  α = 0.00119
 140   -21.48172071372      -11.89       -4.84    54.3s
    hm1_norm_ρdiff=1.6479390845012444e-5 hm1_norm_Δρ=3.4547719855363293e-6  error_V_h1=0.31310557812200335  α = 0.00126
 141   -21.48172071373      -11.58       -4.67    59.4s
    hm1_norm_ρdiff=1.6489000115162194e-5 hm1_norm_Δρ=5.277584227320596e-6  error_V_h1=0.31308137821540427  α = 0.00053
 142   -21.48172071373      -11.43       -4.37    58.9s
    hm1_norm_ρdiff=1.7887549902849988e-5 hm1_norm_Δρ=1.090549793899695e-5  error_V_h1=0.3131448991441039  α = 0.000447
 143   -21.48172071373      -11.67       -4.55    59.4s
    hm1_norm_ρdiff=1.738314936940883e-5 hm1_norm_Δρ=5.1028634497249515e-6  error_V_h1=0.313021991513344  α = 0.000517
 144   -21.48172071373      -12.59       -4.55    64.7s
    hm1_norm_ρdiff=1.8681396935650133e-5 hm1_norm_Δρ=6.224334378786188e-6  error_V_h1=0.3130653594397317  α = 0.000179
 145   -21.48172071373      -12.14       -4.94    59.0s
    hm1_norm_ρdiff=1.623884511880594e-5 hm1_norm_Δρ=3.4094619543390143e-6  error_V_h1=0.31304039358615027  α = 0.000509
 146   -21.48172071374      -11.39       -4.67    59.2s
    hm1_norm_ρdiff=1.6570598966345234e-5 hm1_norm_Δρ=6.1089668460964776e-6  error_V_h1=0.31308977170750907  α = 0.00055
 147   -21.48172071374      -11.87       -4.47    64.0s
    hm1_norm_ρdiff=1.783948737268829e-5 hm1_norm_Δρ=9.597025466465035e-6  error_V_h1=0.3131550758857414  α = 0.000192
 148   -21.48172071374      -11.81       -5.30    53.7s
    hm1_norm_ρdiff=1.622976321749985e-5 hm1_norm_Δρ=1.3825256014016138e-6  error_V_h1=0.31313454317036826  α = 0.00155
 149   -21.48172071374      -11.66       -4.94    54.8s
    hm1_norm_ρdiff=1.659927511142376e-5 hm1_norm_Δρ=2.950065616428058e-6  error_V_h1=0.31306770266620537  α = 0.00129
 150   -21.48172071375      -11.52       -4.50    59.3s
    hm1_norm_ρdiff=1.9671926616564886e-5 hm1_norm_Δρ=9.071738295113505e-6  error_V_h1=0.3130529463816239  α = 0.000475
 151   -21.48172071375      -12.27       -4.73    54.8s
    hm1_norm_ρdiff=1.6919571648905883e-5 hm1_norm_Δρ=4.8514462537539625e-6  error_V_h1=0.31306142587471236  α = 0.00116
 152   -21.48172071375      -11.62       -5.24    49.6s
    hm1_norm_ρdiff=1.6235550432350188e-5 hm1_norm_Δρ=1.1527903639296996e-6  error_V_h1=0.31322250647224237  α = 0.00376
 153   -21.48172071375      -11.98       -4.81    58.4s
    hm1_norm_ρdiff=1.611303056048657e-5 hm1_norm_Δρ=3.2386466344637876e-6  error_V_h1=0.3132340638018437  α = 0.000579
 154   -21.48172071375      -11.76       -5.20    47.6s
    hm1_norm_ρdiff=1.631808036252541e-5 hm1_norm_Δρ=1.270072819173772e-6  error_V_h1=0.3131115669561301  α = 0.0037
 155   -21.48172071375      -12.19       -3.88    68.2s
    hm1_norm_ρdiff=2.8751109427448263e-5 hm1_norm_Δρ=2.781242784082434e-5  error_V_h1=0.31308347595087876  α = 7.16e-5
 156   -21.48172071375      -12.78       -4.91    57.6s
    hm1_norm_ρdiff=1.645394990216628e-5 hm1_norm_Δρ=3.2131290587823962e-6  error_V_h1=0.31303963944167057  α = 0.000541
 157   -21.48172071375      -12.29       -5.01    58.2s
    hm1_norm_ρdiff=1.6438342010878542e-5 hm1_norm_Δρ=2.131412696244708e-6  error_V_h1=0.31301559255788003  α = 0.000481
 158   -21.48172071375      -12.29       -5.15    58.5s
    hm1_norm_ρdiff=1.623124113910543e-5 hm1_norm_Δρ=1.6335759379797638e-6  error_V_h1=0.3129911201600882  α = 0.000518
 159   -21.48172071375      -12.65       -4.92    63.6s
    hm1_norm_ρdiff=1.6411788355331492e-5 hm1_norm_Δρ=4.144097226834333e-6  error_V_h1=0.3129825170314764  α = 0.000183
 160   -21.48172071376      -11.46       -4.30    63.5s
    hm1_norm_ρdiff=2.1761437601002574e-5 hm1_norm_Δρ=1.5037270600367789e-5  error_V_h1=0.31299145935252237  α = 0.000198
 161   -21.48172071376      -11.78       -4.83    59.0s
    hm1_norm_ρdiff=1.5789081140088952e-5 hm1_norm_Δρ=4.544109727208603e-6  error_V_h1=0.31299168789312054  α = 0.000489
 162   -21.48172071377      -11.20       -4.40    58.8s
    hm1_norm_ρdiff=1.9023687067406723e-5 hm1_norm_Δρ=1.0568381830136835e-5  error_V_h1=0.3129467661086794  α = 0.000507
 163   -21.48172071377      -11.52       -4.41    58.3s
    hm1_norm_ρdiff=1.730886018343032e-5 hm1_norm_Δρ=9.426348227043476e-6  error_V_h1=0.3128132088490111  α = 0.00043
 164   -21.48172071377      -11.83       -5.29    53.1s
    hm1_norm_ρdiff=1.6360413155312716e-5 hm1_norm_Δρ=1.2484715502167235e-6  error_V_h1=0.3127099475715589  α = 0.00152
 165   -21.48172071377      -11.79       -4.41    58.4s
    hm1_norm_ρdiff=1.7354617244226702e-5 hm1_norm_Δρ=9.736837613713384e-6  error_V_h1=0.3127673854850498  α = 0.000434
 166   -21.48172071377      -12.59       -4.70    61.8s
    hm1_norm_ρdiff=1.6497072757295175e-5 hm1_norm_Δρ=3.1162901807446704e-6  error_V_h1=0.3127708644156386  α = 0.00017
 167   -21.48172071377      -11.56       -4.86    52.7s
    hm1_norm_ρdiff=1.62792579658946e-5 hm1_norm_Δρ=2.525361393295178e-6  error_V_h1=0.3126127338654712  α = 0.00135
 168   -21.48172071378      -12.25       -5.21    53.4s
    hm1_norm_ρdiff=1.6212192520385945e-5 hm1_norm_Δρ=1.776558130595487e-6  error_V_h1=0.31265328393410263  α = 0.00132
 169   -21.48172071378      -12.48       -5.03    52.5s
    hm1_norm_ρdiff=1.604172611573661e-5 hm1_norm_Δρ=1.9568434893411575e-6  error_V_h1=0.31269278251012533  α = 0.00122
 170   -21.48172071378      -11.60       -5.12    52.8s
    hm1_norm_ρdiff=1.6302093425369336e-5 hm1_norm_Δρ=1.6124103805946847e-6  error_V_h1=0.3127115168994134  α = 0.00136
 171   -21.48172071378      -12.31       -5.02    58.2s
    hm1_norm_ρdiff=1.6773991716022796e-5 hm1_norm_Δρ=3.344331427951606e-6  error_V_h1=0.31272647659043806  α = 0.000459
 172   -21.48172071378      -11.72       -5.05    53.2s
    hm1_norm_ρdiff=1.6215715734045466e-5 hm1_norm_Δρ=1.7082134663198923e-6  error_V_h1=0.3128251815996483  α = 0.00152
 173   -21.48172071378      -11.85       -4.75    58.1s
    hm1_norm_ρdiff=1.698076145023606e-5 hm1_norm_Δρ=4.5489617508429786e-6  error_V_h1=0.31283255649909036  α = 0.000519
 174   -21.48172071378      -12.34       -5.04    57.4s
    hm1_norm_ρdiff=1.6919645712146392e-5 hm1_norm_Δρ=2.561962903024014e-6  error_V_h1=0.31286814088760934  α = 0.000496
 175   -21.48172071378      -11.85       -4.73    57.7s
    hm1_norm_ρdiff=1.6227171984737875e-5 hm1_norm_Δρ=4.061183009996284e-6  error_V_h1=0.31292930891835213  α = 0.000536
 176   -21.48172071378      -12.49       -4.70    57.6s
    hm1_norm_ρdiff=1.7554735748781963e-5 hm1_norm_Δρ=5.705083354881917e-6  error_V_h1=0.3128899696535252  α = 0.000424
 177   -21.48172071378      -12.03       -5.20    52.5s
    hm1_norm_ρdiff=1.6404039508114835e-5 hm1_norm_Δρ=1.2048618007912148e-6  error_V_h1=0.3128149155026514  α = 0.00147
 178   -21.48172071379      -12.53       -4.90    57.7s
    hm1_norm_ρdiff=1.619841745389525e-5 hm1_norm_Δρ=2.6350720182191045e-6  error_V_h1=0.3128214810346083  α = 0.000512
 179   -21.48172071379      -11.98       -5.00    58.0s
    hm1_norm_ρdiff=1.6324153159798946e-5 hm1_norm_Δρ=2.811918419629617e-6  error_V_h1=0.31280373394369376  α = 0.000563
 180   -21.48172071379      -12.30       -5.04    57.9s
    hm1_norm_ρdiff=1.6320462697849903e-5 hm1_norm_Δρ=1.7058139098491522e-6  error_V_h1=0.31278950717936393  α = 0.000578
 181   -21.48172071379      -12.52       -4.80    57.6s
    hm1_norm_ρdiff=1.618830181038534e-5 hm1_norm_Δρ=3.5444563640215013e-6  error_V_h1=0.31279848303439817  α = 0.000446
 182   -21.48172071379      -12.72       -4.99    62.9s
    hm1_norm_ρdiff=1.613584443604398e-5 hm1_norm_Δρ=3.738193407755417e-6  error_V_h1=0.3127908732254711  α = 0.00017
 183   -21.48172071379      -12.62       -5.30    52.8s
    hm1_norm_ρdiff=1.616125244953507e-5 hm1_norm_Δρ=1.139204032460173e-6  error_V_h1=0.3127647602717691  α = 0.00133
 184   -21.48172071379      -12.50       -4.95    58.1s
    hm1_norm_ρdiff=1.6291117396009723e-5 hm1_norm_Δρ=3.1289981555870275e-6  error_V_h1=0.31273980067588053  α = 0.000486
 185   -21.48172071379      -12.51       -4.51    62.8s
    hm1_norm_ρdiff=1.61040909765368e-5 hm1_norm_Δρ=7.77276190321025e-6  error_V_h1=0.3126954319578629  α = 0.000168
 186   -21.48172071379      -12.32       -5.51    53.2s
    hm1_norm_ρdiff=1.6184978449184823e-5 hm1_norm_Δρ=7.448747377024329e-7  error_V_h1=0.3126764772430573  α = 0.00158
 187   -21.48172071379      -12.09       -4.74    57.9s
    hm1_norm_ρdiff=1.6751798627956643e-5 hm1_norm_Δρ=4.947401420827127e-6  error_V_h1=0.3127274869157571  α = 0.000472
 188   -21.48172071379      -12.50       -5.07    58.1s
    hm1_norm_ρdiff=1.5720200521193314e-5 hm1_norm_Δρ=2.0300122695727e-6  error_V_h1=0.31274975868280497  α = 0.000513
 189   -21.48172071379      -12.94       -5.12    53.4s
    hm1_norm_ρdiff=1.627124140748172e-5 hm1_norm_Δρ=1.8339854454811983e-6  error_V_h1=0.3127259882693519  α = 0.00118
 190   -21.48172071379      -12.04       -5.28    53.3s
    hm1_norm_ρdiff=1.628264200552163e-5 hm1_norm_Δρ=1.1082032940117347e-6  error_V_h1=0.31271193894222504  α = 0.00123
 191   -21.48172071379      -12.06       -5.09    53.4s
    hm1_norm_ρdiff=1.6256415410457394e-5 hm1_norm_Δρ=1.5565090462919803e-6  error_V_h1=0.31271504369734426  α = 0.00134
 192   -21.48172071379      -12.59       -5.09    58.1s
    hm1_norm_ρdiff=1.651615159285766e-5 hm1_norm_Δρ=2.4181523481390323e-6  error_V_h1=0.3127150874175531  α = 0.000478
 193   -21.48172071379      -11.91       -5.37    48.9s
    hm1_norm_ρdiff=1.6079543549508225e-5 hm1_norm_Δρ=8.661867988948972e-7  error_V_h1=0.31286873211406163  α = 0.00376
 194   -21.48172071379      -12.64       -4.60    58.0s
    hm1_norm_ρdiff=1.7972518497441823e-5 hm1_norm_Δρ=6.309899381079905e-6  error_V_h1=0.3129736460061098  α = 0.000417
 195   -21.48172071379      -12.17       -4.86    57.8s
    hm1_norm_ρdiff=1.6606530224868097e-5 hm1_norm_Δρ=3.3493412513459686e-6  error_V_h1=0.31299544438953564  α = 0.000546
 196   -21.48172071379      -12.72       -4.76    62.0s
    hm1_norm_ρdiff=1.60703037999646e-5 hm1_norm_Δρ=3.849581387630133e-6  error_V_h1=0.31298565565325237  α = 0.000192
 197   -21.48172071379      -12.09       -4.95    57.4s
    hm1_norm_ρdiff=1.6409929941516704e-5 hm1_norm_Δρ=2.0952967552602744e-6  error_V_h1=0.31302811061384483  α = 0.000574
 198   -21.48172071380      -12.32       -5.31    52.4s
    hm1_norm_ρdiff=1.6105027418562845e-5 hm1_norm_Δρ=1.147946773398361e-6  error_V_h1=0.31303050259922527  α = 0.00147
 199   -21.48172071380      -12.69       -4.84    63.3s
    hm1_norm_ρdiff=1.563269430365695e-5 hm1_norm_Δρ=3.5940143134807725e-6  error_V_h1=0.31305422847293823  α = 0.000196
 200   -21.48172071380      -12.27       -5.19    58.9s
    hm1_norm_ρdiff=1.610570851200475e-5 hm1_norm_Δρ=1.6940908874756593e-6  error_V_h1=0.31305738362362673  α = 0.000561
 201   -21.48172071380      -12.25       -4.62    64.1s
    hm1_norm_ρdiff=1.6473869150015088e-5 hm1_norm_Δρ=6.6983745395383845e-6  error_V_h1=0.313078679359901  α = 0.000178
 202   -21.48172071380      -12.06       -5.21    53.3s
    hm1_norm_ρdiff=1.6195553116840907e-5 hm1_norm_Δρ=1.43690444828297e-6  error_V_h1=0.31311586643367517  α = 0.00145
 203   -21.48172071380      -12.38       -4.79    63.4s
    hm1_norm_ρdiff=1.6304866073282937e-5 hm1_norm_Δρ=5.3713846536949305e-6  error_V_h1=0.31311581816485784  α = 0.000189
 204   -21.48172071380      -12.09       -4.85    59.0s
    hm1_norm_ρdiff=1.652986759859949e-5 hm1_norm_Δρ=3.239769200517193e-6  error_V_h1=0.3130343828072653  α = 0.000515
 205   -21.48172071380      -12.14       -4.43    64.0s
    hm1_norm_ρdiff=1.7465123934730516e-5 hm1_norm_Δρ=1.02458659555441e-5  error_V_h1=0.31297174603280203  α = 0.000166
 206   -21.48172071380      -12.39       -5.29    54.3s
    hm1_norm_ρdiff=1.6076049036876644e-5 hm1_norm_Δρ=1.2378131593104685e-6  error_V_h1=0.3129437445632611  α = 0.00138
 207   -21.48172071380      -12.63       -5.16    52.7s
    hm1_norm_ρdiff=1.630629455383509e-5 hm1_norm_Δρ=1.4718851567181757e-6  error_V_h1=0.3129698005097634  α = 0.00128
 208   -21.48172071380      -11.84       -5.27    47.7s
    hm1_norm_ρdiff=1.6127210831696983e-5 hm1_norm_Δρ=8.985203480443876e-7  error_V_h1=0.313037091603336  α = 0.00369
 209   -21.48172071380      -11.88       -5.22    53.4s
    hm1_norm_ρdiff=1.621577354616832e-5 hm1_norm_Δρ=1.2756812608676645e-6  error_V_h1=0.3130806275598654  α = 0.00152
 210   -21.48172071380      -12.51       -5.41    53.7s
    hm1_norm_ρdiff=1.6004941090082623e-5 hm1_norm_Δρ=9.170446279947938e-7  error_V_h1=0.3131307466599347  α = 0.00146
 211   -21.48172071380      -12.37       -5.14    59.4s
    hm1_norm_ρdiff=1.6665178558940454e-5 hm1_norm_Δρ=1.965270554485648e-6  error_V_h1=0.31314296104229045  α = 0.00053
 212   -21.48172071380      -13.55       -4.93    58.1s
    hm1_norm_ρdiff=1.608357341551393e-5 hm1_norm_Δρ=2.7807699354704125e-6  error_V_h1=0.31321430203201456  α = 0.000453
 213   -21.48172071380      -13.45       -5.11    53.3s
    hm1_norm_ρdiff=1.635080821180857e-5 hm1_norm_Δρ=2.032391643734005e-6  error_V_h1=0.3132716096289913  α = 0.00112
 214   -21.48172071380      -12.50       -5.14    58.4s
    hm1_norm_ρdiff=1.615140402839894e-5 hm1_norm_Δρ=1.6743067109048904e-6  error_V_h1=0.31332353126990137  α = 0.000581
 215   -21.48172071380      -12.84       -4.97    63.9s
    hm1_norm_ρdiff=1.6927124089111256e-5 hm1_norm_Δρ=3.352214163248679e-6  error_V_h1=0.313349333325982  α = 0.000158
 216   -21.48172071380      -12.85       -4.86    63.9s
    hm1_norm_ρdiff=1.593867579118231e-5 hm1_norm_Δρ=4.16202813339628e-6  error_V_h1=0.3133471954114363  α = 0.000184
 217   -21.48172071380      -12.31       -5.11    58.8s
    hm1_norm_ρdiff=1.6551810416514452e-5 hm1_norm_Δρ=2.026793546248509e-6  error_V_h1=0.3133617599069979  α = 0.000532
 218   -21.48172071381      -12.31       -5.00    58.6s
    hm1_norm_ρdiff=1.61606235712714e-5 hm1_norm_Δρ=2.0773631212595493e-6  error_V_h1=0.31336589776914203  α = 0.000548
 219   -21.48172071381      -12.03       -4.95    54.1s
    hm1_norm_ρdiff=1.6329891157957645e-5 hm1_norm_Δρ=2.0476920700341957e-6  error_V_h1=0.3133862675999142  α = 0.00139
 220   -21.48172071381      -12.33       -5.32    53.3s
    hm1_norm_ρdiff=1.6135297266322493e-5 hm1_norm_Δρ=9.591148326985634e-7  error_V_h1=0.31339247783191504  α = 0.00152
 221   -21.48172071381      -12.66       -5.67    47.6s
    hm1_norm_ρdiff=1.6155702698591488e-5 hm1_norm_Δρ=4.539288882970641e-7  error_V_h1=0.31333949836495767  α = 0.00378
 222   -21.48172071381      -12.40       -4.74    63.2s
    hm1_norm_ρdiff=1.5692144815232764e-5 hm1_norm_Δρ=5.203625382294082e-6  error_V_h1=0.3133466638378917  α = 0.000192
 223   -21.48172071381      -12.42       -5.59    54.0s
    hm1_norm_ρdiff=1.6135581609367987e-5 hm1_norm_Δρ=5.783552596398188e-7  error_V_h1=0.3133391684071098  α = 0.00161
 224   -21.48172071381      -11.84       -4.50    64.1s
    hm1_norm_ρdiff=1.889046053746904e-5 hm1_norm_Δρ=9.996867726899925e-6  error_V_h1=0.3133829849405108  α = 0.000197
 225   -21.48172071381      -12.50       -5.24    59.3s
    hm1_norm_ρdiff=1.6281553258483733e-5 hm1_norm_Δρ=1.5069193974901859e-6  error_V_h1=0.3134004129386218  α = 0.000502
 226   -21.48172071381      -12.34       -4.46    63.8s
    hm1_norm_ρdiff=1.7916428022953333e-5 hm1_norm_Δρ=1.0137101786534184e-5  error_V_h1=0.31337531838342947  α = 0.000171
 227   -21.48172071381      -12.78       -4.90    63.9s
    hm1_norm_ρdiff=1.613007785707606e-5 hm1_norm_Δρ=3.5784038820877312e-6  error_V_h1=0.31337976503949727  α = 0.000188
 228   -21.48172071381      -12.43       -5.52    54.0s
    hm1_norm_ρdiff=1.6227632599674618e-5 hm1_norm_Δρ=7.062956234913525e-7  error_V_h1=0.3134162058083323  α = 0.00131
 229   -21.48172071381      -12.47       -5.18    59.0s
    hm1_norm_ρdiff=1.5994158204154017e-5 hm1_norm_Δρ=1.5786860911615934e-6  error_V_h1=0.3134272564419568  α = 0.00057
 230   -21.48172071381      -12.00       -5.26    54.2s
    hm1_norm_ρdiff=1.6190925422237938e-5 hm1_norm_Δρ=1.0459069445120786e-6  error_V_h1=0.31341474838385874  α = 0.0016
 231   -21.48172071381      -12.30       -5.46    54.5s
    hm1_norm_ρdiff=1.6128734914012037e-5 hm1_norm_Δρ=7.586892997904532e-7  error_V_h1=0.31343779996083165  α = 0.00158
 232   -21.48172071381      -12.28       -5.11    54.2s
    hm1_norm_ρdiff=1.5931679163886955e-5 hm1_norm_Δρ=1.7041551983897379e-6  error_V_h1=0.3135076366559151  α = 0.00129
 233   -21.48172071381      -13.15       -5.21    59.7s
    hm1_norm_ρdiff=1.5766934553727236e-5 hm1_norm_Δρ=1.920184775811157e-6  error_V_h1=0.3135190578276151  α = 0.000434
 234   -21.48172071381      -12.91       -5.18    59.2s
    hm1_norm_ρdiff=1.6172403083142467e-5 hm1_norm_Δρ=1.9661486812223813e-6  error_V_h1=0.3135266498067258  α = 0.000483
 235   -21.48172071381      -12.59       -5.58    54.2s
    hm1_norm_ρdiff=1.616621450443957e-5 hm1_norm_Δρ=6.514791540051045e-7  error_V_h1=0.3135627119393948  α = 0.00144
 236   -21.48172071381      -12.39       -5.35    54.2s
    hm1_norm_ρdiff=1.6150215560760962e-5 hm1_norm_Δρ=8.301619630688743e-7  error_V_h1=0.31357377199982944  α = 0.0015
 237   -21.48172071381      -12.89       -4.99    59.2s
    hm1_norm_ρdiff=1.61426370249044e-5 hm1_norm_Δρ=2.2076898983603744e-6  error_V_h1=0.3135867073120139  α = 0.00049
 238   -21.48172071381      -12.76       -4.99    59.0s
    hm1_norm_ρdiff=1.6482734398292517e-5 hm1_norm_Δρ=2.271732155462048e-6  error_V_h1=0.31359874769479257  α = 0.000469
 239   -21.48172071381      -12.88       -4.87    64.3s
    hm1_norm_ρdiff=1.5699508778814685e-5 hm1_norm_Δρ=3.926849683658427e-6  error_V_h1=0.3135830336815763  α = 0.000166
 240   -21.48172071381      -13.05       -5.44    59.2s
    hm1_norm_ρdiff=1.616083710200014e-5 hm1_norm_Δρ=1.196518690823922e-6  error_V_h1=0.313578832533417  α = 0.000472
 241   -21.48172071381      -12.92       -5.51    54.1s
    hm1_norm_ρdiff=1.612820135076072e-5 hm1_norm_Δρ=7.931607084625905e-7  error_V_h1=0.31358450136328503  α = 0.00126
 242   -21.48172071381      -12.75       -5.64    54.5s
    hm1_norm_ρdiff=1.6185773197442126e-5 hm1_norm_Δρ=5.04296893982895e-7  error_V_h1=0.31356824019352164  α = 0.00149
 243   -21.48172071381      -13.41       -5.35    53.8s
    hm1_norm_ρdiff=1.62995062510428e-5 hm1_norm_Δρ=1.0616415043828622e-6  error_V_h1=0.3135330804720249  α = 0.00119
 244   -21.48172071381      -12.91       -5.57    54.4s
    hm1_norm_ρdiff=1.6134163080974616e-5 hm1_norm_Δρ=5.719408810369864e-7  error_V_h1=0.31353339928979285  α = 0.00149
 245   -21.48172071381      -13.67       -5.69    58.7s
    hm1_norm_ρdiff=1.6055078854910172e-5 hm1_norm_Δρ=4.758904746516916e-7  error_V_h1=0.31354104692770446  α = 0.000548
 246   -21.48172071382      -12.47       -5.51    53.7s
    hm1_norm_ρdiff=1.609489375566761e-5 hm1_norm_Δρ=5.424137229905373e-7  error_V_h1=0.3135524656853345  α = 0.00159
 247   -21.48172071382      -12.94       -5.15    58.9s
    hm1_norm_ρdiff=1.6303959570594654e-5 hm1_norm_Δρ=1.686520338175323e-6  error_V_h1=0.31355196744684427  α = 0.000483
 248   -21.48172071382      -12.82       -5.42    54.2s
    hm1_norm_ρdiff=1.6110454694798604e-5 hm1_norm_Δρ=7.898101080611271e-7  error_V_h1=0.313543627884273  α = 0.00125
 249   -21.48172071382      -13.50       -4.88    59.1s
    hm1_norm_ρdiff=1.594810837158005e-5 hm1_norm_Δρ=2.730494545546649e-6  error_V_h1=0.31351341190714205  α = 0.000416
 250   -21.48172071382      -14.45       -5.24    64.3s
    hm1_norm_ρdiff=1.5839095911855042e-5 hm1_norm_Δρ=1.6986111381149185e-6  error_V_h1=0.31350765596464636  α = 0.000177
 251   -21.48172071382      -12.96       -5.72    54.8s
    hm1_norm_ρdiff=1.6181008453563854e-5 hm1_norm_Δρ=4.75744584429285e-7  error_V_h1=0.31350790679227536  α = 0.00148
 252   -21.48172071382      -13.15       -5.33    54.3s
    hm1_norm_ρdiff=1.6126788015507327e-5 hm1_norm_Δρ=1.29308296984782e-6  error_V_h1=0.31348107091514477  α = 0.0012
 253   -21.48172071382      -12.85       -5.11    59.0s
    hm1_norm_ρdiff=1.620421328545682e-5 hm1_norm_Δρ=1.938551310565211e-6  error_V_h1=0.313478423617212  α = 0.000466
 254   -21.48172071382      -12.99       -4.92    58.6s
    hm1_norm_ρdiff=1.5623754430294528e-5 hm1_norm_Δρ=3.0605552884428568e-6  error_V_h1=0.31351598348867615  α = 0.000404
 255   -21.48172071382      -12.55       -5.73    53.5s
    hm1_norm_ρdiff=1.610714267983015e-5 hm1_norm_Δρ=4.954652431793307e-7  error_V_h1=0.3135082972109228  α = 0.00154
 256   -21.48172071382      -12.52       -5.49    53.7s
    hm1_norm_ρdiff=1.6193444455630325e-5 hm1_norm_Δρ=6.952827503830908e-7  error_V_h1=0.3134760724072637  α = 0.00144
 257   -21.48172071382      -12.44       -5.45    53.3s
    hm1_norm_ρdiff=1.614312250715489e-5 hm1_norm_Δρ=6.287529523169689e-7  error_V_h1=0.31344230489284186  α = 0.00151
 258   -21.48172071382      -13.13       -5.53    58.6s
    hm1_norm_ρdiff=1.612854307915107e-5 hm1_norm_Δρ=8.183679987945909e-7  error_V_h1=0.3134366212360672  α = 0.00054
 259   -21.48172071382      -13.50       -5.45    53.6s
    hm1_norm_ρdiff=1.628899239401671e-5 hm1_norm_Δρ=9.651954522754584e-7  error_V_h1=0.31341264958162485  α = 0.0012
 260   -21.48172071382      -12.81       -5.83    53.5s
    hm1_norm_ρdiff=1.6120831266691652e-5 hm1_norm_Δρ=3.4084716613185987e-7  error_V_h1=0.31341509018297753  α = 0.00135
 261   -21.48172071382      -14.45       -4.63    73.5s
    hm1_norm_ρdiff=1.632123737204324e-5 hm1_norm_Δρ=5.434641740593513e-6  error_V_h1=0.3134108453351349  α = 1.85e-5
 262   -21.48172071382      -13.13       -5.43    59.3s
    hm1_norm_ρdiff=1.5970108391533638e-5 hm1_norm_Δρ=9.750862770688639e-7  error_V_h1=0.3134115133828122  α = 0.000535
 263   -21.48172071382      -12.96       -5.40    59.2s
    hm1_norm_ρdiff=1.6131479570916353e-5 hm1_norm_Δρ=8.715343641901197e-7  error_V_h1=0.31343003478747  α = 0.00057
 264   -21.48172071382      -12.61       -4.79    63.0s
    hm1_norm_ρdiff=1.7013436876144705e-5 hm1_norm_Δρ=4.235447825603109e-6  error_V_h1=0.3134184063790817  α = 0.000194
 265   -21.48172071382      -13.67       -5.37     117s
    hm1_norm_ρdiff=1.5932039385558558e-5 hm1_norm_Δρ=8.866127559575456e-7  error_V_h1=0.3134184536368223  α = 3.48e-6
 266   -21.48172071382      -12.69       -5.82    48.6s
    hm1_norm_ρdiff=1.6142950345264315e-5 hm1_norm_Δρ=2.7657903632688373e-7  error_V_h1=0.31344222857373644  α = 0.00359
 267   -21.48172071382      -12.85       -5.15    59.1s
    hm1_norm_ρdiff=1.606035000786364e-5 hm1_norm_Δρ=1.593537711991073e-6  error_V_h1=0.31346558410548936  α = 0.000526
 268   -21.48172071382      -13.45       -5.58    53.5s
    hm1_norm_ρdiff=1.6099544299809373e-5 hm1_norm_Δρ=6.55540573843732e-7  error_V_h1=0.3134896902574062  α = 0.00131
 269   -21.48172071382      -13.45       -5.25    58.3s
    hm1_norm_ρdiff=1.6130001941710203e-5 hm1_norm_Δρ=1.5465734782980257e-6  error_V_h1=0.31349791206244015  α = 0.000459
 270   -21.48172071382      -12.65       -5.19    59.6s
    hm1_norm_ρdiff=1.5817938663966864e-5 hm1_norm_Δρ=1.8398161187006516e-6  error_V_h1=0.3135196378365263  α = 0.000499
 271   -21.48172071382      -12.85       -5.62    54.1s
    hm1_norm_ρdiff=1.6097712119722276e-5 hm1_norm_Δρ=5.280212511378542e-7  error_V_h1=0.31351854571805426  α = 0.00149
 272   -21.48172071382      -12.96       -5.40    58.9s
    hm1_norm_ρdiff=1.6167378891354123e-5 hm1_norm_Δρ=1.0019190494265002e-6  error_V_h1=0.3135052190704994  α = 0.000442
 273   -21.48172071382      -13.41       -5.53    58.5s
    hm1_norm_ρdiff=1.629752092806395e-5 hm1_norm_Δρ=8.293475570890951e-7  error_V_h1=0.31351654760554604  α = 0.000397
 274   -21.48172071382      -13.55       -5.09    59.2s
    hm1_norm_ρdiff=1.6402424077943507e-5 hm1_norm_Δρ=1.9085651444864608e-6  error_V_h1=0.31352284934098335  α = 0.000373
 275   -21.48172071382      -13.85       -5.40    74.2s
    hm1_norm_ρdiff=1.6425004129136004e-5 hm1_norm_Δρ=1.099921487988463e-6  error_V_h1=0.31352102639942664  α = 8.12e-5
 276   -21.48172071382      -13.45       -4.75    69.2s
    hm1_norm_ρdiff=1.6649300544285666e-5 hm1_norm_Δρ=3.6473260021630944e-6  error_V_h1=0.3135237151488579  α = 2.94e-5
 277   -21.48172071382      -12.94       -4.69    65.1s
    hm1_norm_ρdiff=1.6215926055972025e-5 hm1_norm_Δρ=3.931940258474625e-6  error_V_h1=0.3135073271961232  α = 0.000197
 278   -21.48172071382      -13.60       -5.66    53.6s
    hm1_norm_ρdiff=1.613324740655087e-5 hm1_norm_Δρ=5.333107787972613e-7  error_V_h1=0.31350911514658286  α = 0.0013
 279   -21.48172071382      -14.45       -5.83    54.1s
    hm1_norm_ρdiff=1.612105390322046e-5 hm1_norm_Δρ=3.545486589653821e-7  error_V_h1=0.31351152560161893  α = 0.0013
 280   -21.48172071382      -14.15       -4.80     133s
    hm1_norm_ρdiff=1.7310216751785616e-5 hm1_norm_Δρ=3.573728555213518e-6  error_V_h1=0.3135115256162533  α = 1.33e-10
 281   -21.48172071382      -14.45       -5.02    98.8s
    hm1_norm_ρdiff=1.6406332734566084e-5 hm1_norm_Δρ=1.971277589668008e-6  error_V_h1=0.3135115256156539  α = 0.0
 282   -21.48172071382      -12.46       -4.53    67.8s
    hm1_norm_ρdiff=1.875351216509348e-5 hm1_norm_Δρ=1.5845218303174286e-5  error_V_h1=0.3135079741172472  α = 6.24e-5
 283   -21.48172071382      -13.17       -5.18    64.0s
    hm1_norm_ρdiff=1.6811358413689795e-5 hm1_norm_Δρ=2.9552909972087976e-6  error_V_h1=0.3135081451633743  α = 0.000171
 284   -21.48172071382      -13.15       -5.65    58.9s
    hm1_norm_ρdiff=1.608876184954657e-5 hm1_norm_Δρ=7.797501355513234e-7  error_V_h1=0.3135084934756524  α = 0.000559
 285   -21.48172071382      -13.34       -5.75    53.8s
    hm1_norm_ρdiff=1.6110048096884223e-5 hm1_norm_Δρ=5.12831214335464e-7  error_V_h1=0.313515253551065  α = 0.00126
 286   -21.48172071382      -13.19       -5.92    53.0s
    hm1_norm_ρdiff=1.605769919447458e-5 hm1_norm_Δρ=3.17827258959918e-7  error_V_h1=0.3135150490219697  α = 0.00155
 287   -21.48172071382      -13.34       -5.60    57.0s
    hm1_norm_ρdiff=1.6187297387968566e-5 hm1_norm_Δρ=7.662380913194361e-7  error_V_h1=0.31351148988449756  α = 0.000513
 288   -21.48172071382      -13.41       -6.03    48.2s
    hm1_norm_ρdiff=1.6116949976601475e-5 hm1_norm_Δρ=2.246170187343817e-7  error_V_h1=0.313480591303544  α = 0.0035
 289   -21.48172071382      -13.17       -5.92    48.1s
    hm1_norm_ρdiff=1.6092026758941425e-5 hm1_norm_Δρ=2.487143838931663e-7  error_V_h1=0.3134490474117471  α = 0.00371
 290   -21.48172071382      -12.96       -6.03    49.4s
    hm1_norm_ρdiff=1.609519625459884e-5 hm1_norm_Δρ=1.908673171471395e-7  error_V_h1=0.3134486977601706  α = 0.00404
 291   -21.48172071382      -13.19       -5.85    49.8s
    hm1_norm_ρdiff=1.6103869875088696e-5 hm1_norm_Δρ=2.8022488715309204e-7  error_V_h1=0.3134490806100317  α = 0.00364
 292   -21.48172071382      -13.13       -5.88    49.4s
    hm1_norm_ρdiff=1.610708921686046e-5 hm1_norm_Δρ=2.827623195554079e-7  error_V_h1=0.31342323044639725  α = 0.00352
 293   -21.48172071382      -13.85       -5.24    64.3s
    hm1_norm_ρdiff=1.548518030010437e-5 hm1_norm_Δρ=2.7090496858122673e-6  error_V_h1=0.313420434586856  α = 0.000136
 294   -21.48172071382      -13.03       -5.89    49.4s
    hm1_norm_ρdiff=1.612332495282514e-5 hm1_norm_Δρ=2.5015453070504616e-7  error_V_h1=0.31341302517858605  α = 0.0038
 295   -21.48172071382      -13.11       -5.26    63.4s
    hm1_norm_ρdiff=1.5963813561602858e-5 hm1_norm_Δρ=1.9324657711436235e-6  error_V_h1=0.31341232384344275  α = 0.000177
 296   -21.48172071382      -14.15       -5.71    53.4s
    hm1_norm_ρdiff=1.611586727268355e-5 hm1_norm_Δρ=5.779581660854283e-7  error_V_h1=0.3134019854562842  α = 0.0013
 297   -21.48172071382      -13.41       -5.66    52.8s
    hm1_norm_ρdiff=1.6146386168076284e-5 hm1_norm_Δρ=5.806721566151626e-7  error_V_h1=0.3134011593602357  α = 0.00118
 298   -21.48172071382      -13.60       -5.75    58.9s
    hm1_norm_ρdiff=1.6022174908087563e-5 hm1_norm_Δρ=6.170919947411303e-7  error_V_h1=0.3134052737782129  α = 0.000529
 299   -21.48172071382      -13.02       -5.59    54.3s
    hm1_norm_ρdiff=1.607508538830316e-5 hm1_norm_Δρ=5.90638482856662e-7  error_V_h1=0.3134426169848856  α = 0.00139
 300   -21.48172071382      -13.15       -5.73    53.9s
    hm1_norm_ρdiff=1.6134501704080964e-5 hm1_norm_Δρ=4.2318035081465724e-7  error_V_h1=0.31345743339143395  α = 0.00146
Trying again without preconditioner ...
n     Energy            log10(ΔE)   log10(Δρ)   Δtime
---   ---------------   ---------   ---------   ------
  1   -21.48172071382                   -4.42    77.6s
    hm1_norm_ρdiff=1.6691341454845047e-5 hm1_norm_Δρ=1.0406695485318243e-5  error_V_h1=0.3134398309603794  α = 6.31e-5
  2   -21.48172071382      -12.94       -4.06    67.8s
    hm1_norm_ρdiff=2.8503411468193686e-5 hm1_norm_Δρ=2.0888708119176967e-5  error_V_h1=0.31341221666555835  α = 4.89e-5
  3   -21.48172071382      -12.87       -4.37    68.7s
    hm1_norm_ρdiff=1.9382999178604474e-5 hm1_norm_Δρ=9.795727597585086e-6  error_V_h1=0.3133944057871366  α = 6.04e-5
  4   -21.48172071382      -13.50       -4.55    63.1s
    hm1_norm_ρdiff=1.6852337662706085e-5 hm1_norm_Δρ=5.854115087677636e-6  error_V_h1=0.3133884506352539  α = 0.000145
  5   -21.48172071382      -13.41       -4.32    68.2s
    hm1_norm_ρdiff=2.0522837653867982e-5 hm1_norm_Δρ=1.2295364686918298e-5  error_V_h1=0.3133925581815495  α = 4.89e-5
  6   -21.48172071382      -13.19       -4.65    62.9s
    hm1_norm_ρdiff=1.6481398668683908e-5 hm1_norm_Δρ=4.057902905790481e-6  error_V_h1=0.3133985394978986  α = 0.000157
  7   -21.48172071382      -13.41       -4.78    62.1s
    hm1_norm_ρdiff=1.648949614054605e-5 hm1_norm_Δρ=3.219615484424326e-6  error_V_h1=0.3133756701335102  α = 0.000165
  8   -21.48172071382      -13.05       -4.81    62.6s
    hm1_norm_ρdiff=1.6409600394867793e-5 hm1_norm_Δρ=2.5832550677805032e-6  error_V_h1=0.31337152807553575  α = 0.000184
  9   -21.48172071382      -13.34       -4.84    63.1s
    hm1_norm_ρdiff=1.6048040250672224e-5 hm1_norm_Δρ=2.596276553578388e-6  error_V_h1=0.3133871642382538  α = 0.000181
 10   -21.48172071382      -13.30       -4.73    62.0s
    hm1_norm_ρdiff=1.689429573258151e-5 hm1_norm_Δρ=3.992460187221465e-6  error_V_h1=0.3133813938901984  α = 0.000142
 11   -21.48172071382      -13.85       -4.78    62.7s
    hm1_norm_ρdiff=1.6478584944247113e-5 hm1_norm_Δρ=2.9291650748852964e-6  error_V_h1=0.3133402481559553  α = 0.000173
 12   -21.48172071382      -13.15       -4.92    62.6s
    hm1_norm_ρdiff=1.565622081506907e-5 hm1_norm_Δρ=2.8071489912923925e-6  error_V_h1=0.31332002015059873  α = 0.000171
 13   -21.48172071382      -13.37       -4.39    65.8s
    hm1_norm_ρdiff=1.7720538858540206e-5 hm1_norm_Δρ=1.1009742923640644e-5  error_V_h1=0.3133364104059775  α = 5.23e-5
 14   -21.48172071382      -13.97       -4.41    61.4s
    hm1_norm_ρdiff=1.8420048668395648e-5 hm1_norm_Δρ=7.106486817986624e-6  error_V_h1=0.3133496234334515  α = 0.000133
 15   -21.48172071382      -13.15       -4.36    67.1s
    hm1_norm_ρdiff=1.9832073940075832e-5 hm1_norm_Δρ=1.0325271185977019e-5  error_V_h1=0.3133485979833292  α = 5.51e-5
 16   -21.48172071382      -13.85       -4.31    67.4s
    hm1_norm_ρdiff=1.9391135697212908e-5 hm1_norm_Δρ=1.1306205289802395e-5  error_V_h1=0.3133492267102835  α = 4.96e-5
 17   -21.48172071382      -13.17       -4.47    67.2s
    hm1_norm_ρdiff=1.741757052555476e-5 hm1_norm_Δρ=6.7260655948617385e-6  error_V_h1=0.3133531956887369  α = 6.16e-5
 18   -21.48172071382      -13.30       -4.67    62.3s
    hm1_norm_ρdiff=1.651848858408857e-5 hm1_norm_Δρ=3.6529240564241355e-6  error_V_h1=0.3133540483527879  α = 0.00016
 19   -21.48172071382      -13.22       -4.92    62.0s
    hm1_norm_ρdiff=1.614960160590373e-5 hm1_norm_Δρ=1.9279048341956847e-6  error_V_h1=0.31334868175609437  α = 0.000193
 20   -21.48172071382      -13.15       -4.86    61.0s
    hm1_norm_ρdiff=1.654257454623776e-5 hm1_norm_Δρ=2.5233928635273457e-6  error_V_h1=0.3133289498738132  α = 0.000171
 21   -21.48172071382      -13.45       -4.46    66.1s
    hm1_norm_ρdiff=1.728668099241853e-5 hm1_norm_Δρ=7.8357869197642e-6  error_V_h1=0.3133295230087447  α = 5.7e-5
 22   -21.48172071382      -13.60       -4.84    62.5s
    hm1_norm_ρdiff=1.6229236469417354e-5 hm1_norm_Δρ=2.627084425224969e-6  error_V_h1=0.31334892306142054  α = 0.000152
 23   -21.48172071382      -13.97       -4.89    66.2s
    hm1_norm_ρdiff=1.6937749514411192e-5 hm1_norm_Δρ=2.9031428285149394e-6  error_V_h1=0.31335711621193274  α = 6.28e-5
 24   -21.48172071382      -13.37       -4.68    71.0s
    hm1_norm_ρdiff=1.8230420115244747e-5 hm1_norm_Δρ=6.308035788045456e-6  error_V_h1=0.3133541834447762  α = 2.11e-5
 25   -21.48172071382      -13.00       -4.23    67.4s
    hm1_norm_ρdiff=1.7898134396501015e-5 hm1_norm_Δρ=1.1108412018226954e-5  error_V_h1=0.313347351101057  α = 5.73e-5
 26   -21.48172071382      -13.85       -4.64    67.5s
    hm1_norm_ρdiff=1.675099477647224e-5 hm1_norm_Δρ=4.84041327463634e-6  error_V_h1=0.31333706644157205  α = 5.6e-5
 27   -21.48172071382      -13.97       -4.39    71.4s
    hm1_norm_ρdiff=2.0004017668826976e-5 hm1_norm_Δρ=1.0695120093134955e-5  error_V_h1=0.31333183866348735  α = 2.08e-5
 28   -21.48172071382   +    -Inf       -5.31    62.4s
    hm1_norm_ρdiff=1.6059503335332052e-5 hm1_norm_Δρ=9.100542350100107e-7  error_V_h1=0.31333534270404095  α = 0.000182
 29   -21.48172071382      -13.67       -4.83    62.5s
    hm1_norm_ρdiff=1.6349074549345994e-5 hm1_norm_Δρ=2.886954099133293e-6  error_V_h1=0.3133359437082922  α = 0.000142
 30   -21.48172071382      -13.67       -4.87    66.4s
    hm1_norm_ρdiff=1.64705107467254e-5 hm1_norm_Δρ=2.681841053693921e-6  error_V_h1=0.31332955320417744  α = 6.23e-5
 31   -21.48172071382      -13.75       -5.02    62.1s
    hm1_norm_ρdiff=1.5972806104582528e-5 hm1_norm_Δρ=1.71793427776102e-6  error_V_h1=0.3133406527536485  α = 0.000172
 32   -21.48172071382      -14.15       -4.82    67.0s
    hm1_norm_ρdiff=1.6648186060773644e-5 hm1_norm_Δρ=3.1606883198631377e-6  error_V_h1=0.31333954486583443  α = 6.25e-5
 33   -21.48172071382      -13.55       -4.74    66.4s
    hm1_norm_ρdiff=1.659296433684513e-5 hm1_norm_Δρ=3.6867468963182744e-6  error_V_h1=0.31332808101560383  α = 6.31e-5
 34   -21.48172071382   +    -Inf       -5.32    62.2s
    hm1_norm_ρdiff=1.6299733617682713e-5 hm1_norm_Δρ=1.2372139373523448e-6  error_V_h1=0.31332950142277677  α = 0.000173
 35   -21.48172071382      -13.60       -5.18    57.6s
    hm1_norm_ρdiff=1.609122296334782e-5 hm1_norm_Δρ=1.123442667297557e-6  error_V_h1=0.31333346345163615  α = 0.000458
 36   -21.48172071382      -13.85       -4.88    67.3s
    hm1_norm_ρdiff=1.778296160085769e-5 hm1_norm_Δρ=4.49216392503851e-6  error_V_h1=0.3133377551131347  α = 5.75e-5
 37   -21.48172071382      -13.07       -4.50    67.4s
    hm1_norm_ρdiff=1.647722748197423e-5 hm1_norm_Δρ=5.6623997539015645e-6  error_V_h1=0.3133539407745806  α = 6.23e-5
 38   -21.48172071382   +    -Inf       -5.06     102s
    hm1_norm_ρdiff=1.6447226069724908e-5 hm1_norm_Δρ=2.1242798316432545e-6  error_V_h1=0.31335394077426126  α = 0.0
 39   -21.48172071382   +    -Inf       -4.70     104s
    hm1_norm_ρdiff=1.666344912526264e-5 hm1_norm_Δρ=5.4279424421736415e-6  error_V_h1=0.3133539407743623  α = 0.0

#-- |ρε - ρref| = 1.6096099507348446e-5 vs. 1.0e-9 = δ*ε  error_V_h1=0.3133539407743623  Qε=0.8784316253957111

|v-vref|h1 = [0.2512544120702113, 0.19994880182678884, 0.16542452528440413, 0.1602452825220763, 0.2041336673021919, 0.3133539407743623]
|v-vref|l2 = [0.045932415402268084, 0.03356065494616314, 0.025400607700386574, 0.021346617994741815, 0.022588401826323063, 0.03076466151657927]
 ────────────────────────────────────────────────────────────────────────────────
                                        Time                    Allocations      
                               ───────────────────────   ────────────────────────
       Tot / % measured:            35.7h /  77.8%           71.2TiB /  47.0%    

 Section               ncalls     time    %tot     avg     alloc    %tot      avg
 ────────────────────────────────────────────────────────────────────────────────
 DftHamiltonian mul...  1.16M    10.6h   38.0%  32.7ms   6.62TiB   19.8%  5.96MiB
   nonlocal             1.16M    5.54h   20.0%  17.1ms   4.36TiB   13.0%  3.92MiB
   local+kinetic        4.66M    3.67h   13.2%  2.83ms   27.4GiB    0.1%  6.17KiB
 compute_density        23.0k    10.4h   37.3%   1.62s   1.16TiB    3.5%  52.8MiB
   symmetrize_ρ         23.0k    7.19h   25.9%   1.12s    511GiB    1.5%  22.7MiB
 energy_hamiltonian     20.8k    6.26h   22.5%   1.09s   24.6TiB   73.6%  1.22GiB
   ene_ops              20.8k    3.79h   13.6%   657ms   2.46TiB    7.4%   124MiB
     ene_ops: nonlocal  20.8k    2.29h    8.2%   397ms    161GiB    0.5%  7.93MiB
     ene_ops: dualmap   20.8k    1.34h    4.8%   232ms   1.82TiB    5.4%  92.0MiB
     ene_ops: kinetic   20.8k     447s    0.4%  21.5ms   5.56GiB    0.0%   281KiB
     ene_ops: hartree   20.8k     100s    0.1%  4.83ms    406GiB    1.2%  20.0MiB
     ene_ops: local     20.8k    12.0s    0.0%   580μs   81.9GiB    0.2%  4.04MiB
 ortho_qr                128k    1869s    1.9%  14.6ms   0.93TiB    2.8%  7.61MiB
 PlaneWaveBasis            29     265s    0.3%   9.14s    127GiB    0.4%  4.40GiB
   Instantiation At...     29     192s    0.2%   6.63s   97.9GiB    0.3%  3.38GiB
   build_kpoints           29    10.3s    0.0%   356ms   12.0GiB    0.0%   422MiB
   Instantiation At...     29    8.75s    0.0%   302ms   5.92GiB    0.0%   209MiB
     enforce_real!         29   82.7ms    0.0%  2.85ms    116KiB    0.0%  3.98KiB
   Instantiation Du...     29    7.98s    0.0%   275ms   2.50GiB    0.0%  88.3MiB
   Instantiation Ki...     29    544ms    0.0%  18.8ms   1.32GiB    0.0%  46.6MiB
   Instantiation Ewald     29    188ms    0.0%  6.49ms    104KiB    0.0%  3.59KiB
     precomp: Ewald        29    188ms    0.0%  6.47ms   62.1KiB    0.0%  2.14KiB
   Instantiation Ha...     29    157ms    0.0%  5.43ms    174MiB    0.0%  6.01MiB
     enforce_real!         29   81.8ms    0.0%  2.82ms    116KiB    0.0%  3.98KiB
   _check_kpoint_re...     29    102ms    0.0%  3.53ms     0.00B    0.0%    0.00B
   Instantiation Ps...     29   1.02ms    0.0%  35.1μs    378KiB    0.0%  13.0KiB
 load_scfres                1    26.2s    0.0%   26.2s   7.57GiB    0.0%  7.57GiB
   energy_hamiltonian       1    9.89s    0.0%   9.89s   1.43GiB    0.0%  1.43GiB
     ene_ops                1    9.28s    0.0%   9.28s    342MiB    0.0%   342MiB
       ene_ops: xc          1    7.80s    0.0%   7.80s    293MiB    0.0%   293MiB
       ene_ops: non...      1    565ms    0.0%   565ms   9.47MiB    0.0%  9.47MiB
       ene_ops: kin...      1   38.9ms    0.0%  38.9ms    324KiB    0.0%   324KiB
       ene_ops: har...      1   10.1ms    0.0%  10.1ms   20.0MiB    0.0%  20.0MiB
       ene_ops: local       1   1.89ms    0.0%  1.89ms   4.04MiB    0.0%  4.04MiB
   Instantiation At...      1    4.80s    0.0%   4.80s   3.45GiB    0.0%  3.45GiB
   Instantiation At...      1    1.50s    0.0%   1.50s    316MiB    0.0%   316MiB
     enforce_real!          1   2.96ms    0.0%  2.96ms   3.98KiB    0.0%  3.98KiB
   Instantiation Xc         1    426ms    0.0%   426ms    168MiB    0.0%   168MiB
     enforce_real!          1   3.01ms    0.0%  3.01ms   3.98KiB    0.0%  3.98KiB
   build_kpoints            1    199ms    0.0%   199ms    422MiB    0.0%   422MiB
   Instantiation Ps...      1    199ms    0.0%   199ms   20.2MiB    0.0%  20.2MiB
   Instantiation Ki...      1   11.6ms    0.0%  11.6ms   46.6MiB    0.0%  46.6MiB
   Instantiation Ewald      1   10.4ms    0.0%  10.4ms   43.2KiB    0.0%  43.2KiB
     precomp: Ewald         1   10.3ms    0.0%  10.3ms   40.4KiB    0.0%  40.4KiB
   Instantiation Ha...      1   5.06ms    0.0%  5.06ms   6.01MiB    0.0%  6.01MiB
     enforce_real!          1   2.83ms    0.0%  2.83ms   3.98KiB    0.0%  3.98KiB
   _check_kpoint_re...      1   4.74ms    0.0%  4.74ms     0.00B    0.0%    0.00B
 save_scfres                2    7.48s    0.0%   3.74s    711MiB    0.0%   356MiB
 symmetry_operations       29    246ms    0.0%  8.49ms   12.2MiB    0.0%   431KiB
   _check_symmetries       29   4.59ms    0.0%   158μs   5.18MiB    0.0%   183KiB
 ────────────────────────────────────────────────────────────────────────────────
