{"Rεs":[0.9993839099567194,0.9992491525269278,0.9989805924426903,0.9985328180696674,0.9978440530691832,0.9964725208227947,0.9941053012252166,0.9903047760327028,0.9837182587770477,0.9733253065563958,0.9573485205394278,0.934146060801998,0.9015572056242576,0.8568998588932747,0.7978304060168135,0.722443041366049,0.6351103252727294,0.5441941611353203,0.4626412512829912,0.40020318861086907,0.35961445500343453,0.33613561256627705,0.3235076184240364,0.31688140013395877,0.31340306355092434,0.3115757940184161,0.3106142528952715,0.31008424917457317,0.30973764272655785],"εs":[1.0,0.5623413251903491,0.31622776601683794,0.1778279410038923,0.1,0.05623413251903491,0.03162277660168379,0.01778279410038923,0.01,0.005623413251903491,0.0031622776601683794,0.0017782794100389228,0.001,0.0005623413251903491,0.00031622776601683794,0.00017782794100389227,0.0001,5.623413251903491e-5,3.1622776601683795e-5,1.778279410038923e-5,1.0e-5,5.623413251903491e-6,3.162277660168379e-6,1.778279410038923e-6,1.0e-6,5.62341325190349e-7,3.162277660168379e-7,1.7782794100389227e-7,1.0e-7],"Δρ_hm1":6.950876332366813e-5,"Sεs":[0.029739589938735853,0.029745666726750077,0.029766666763684446,0.029827392911111018,0.02998379160746359,0.03051535719591334,0.032190379965604705,0.036240728237653834,0.04613717341550227,0.06470557763914069,0.09469509585272376,0.13611920287189813,0.1874418957284227,0.24736531776591214,0.31393694114074927,0.3967957256009056,0.4882645476013999,0.5852570334594145,0.679201203750995,0.7604516147131909,0.8236248732110172,0.8689036080960172,0.8993988887478279,0.9190953436841928,0.9315323263449387,0.9392058412226181,0.9439009945200101,0.9467164726170018,0.9484005506494427],"Qεs":[0.00038162438385597154,0.0007121211029354725,0.0013254725833538373,0.0023185760774103586,0.003837992522850188,0.006847587337022164,0.012325704440885394,0.02071455552592772,0.03527522073959135,0.057467505645476175,0.0899047474051125,0.13283124563784665,0.18506800561333248,0.24557138037813758,0.31252536767458533,0.39567985832379843,0.4873581546173957,0.5845010672709734,0.6785499079684909,0.7598699630510776,0.8230878654185785,0.8683946007374144,0.898907149547928,0.9186141481653579,0.9310575586144271,0.9387349544007785,0.9434324511502612,0.9462493233560866,0.9479342313155041]}