
DFTK Version      0.6.16
Julia Version     1.10.4
FFTW.jl provider  fftw v3.3.10

BLAS.get_config()
  LinearAlgebra.BLAS.LBTConfig
  Libraries: 
  └ [ILP64] libopenblas64_.so

MPI.versioninfo()
  MPIPreferences:
    binary:  MPICH_jll
    abi:     MPICH
  
  Package versions
    MPI.jl:             0.20.16
    MPIPreferences.jl:  0.1.10
    MPICH_jll:          4.1.2+1
  
  Library information:
    libmpi:  /home/herbst/.julia/artifacts/0ed4137b58af5c5e3797cb0c400e60ed7c308bae/lib/libmpi.so
    libmpi dlpath:  /home/herbst/.julia/artifacts/0ed4137b58af5c5e3797cb0c400e60ed7c308bae/lib/libmpi.so
    MPI version:  4.0.0
    Library version:  
      MPICH Version:      4.1.2
      MPICH Release date: Wed Jun  7 15:22:45 CDT 2023
      MPICH ABI:          15:1:3
      MPICH Device:       ch3:nemesis
      MPICH configure:    --prefix=/workspace/destdir --build=x86_64-linux-musl --host=x86_64-linux-gnu --enable-shared=yes --enable-static=no --with-device=ch3 --disable-dependency-tracking --enable-fast=all,O3 --docdir=/tmp --mandir=/tmp
      MPICH CC:           cc    -DNDEBUG -DNVALGRIND -O3
      MPICH CXX:          c++   -DNDEBUG -DNVALGRIND -O3
      MPICH F77:          gfortran   -O3
      MPICH FC:           gfortran   -O3
      
  


truncated grid size:(45, 45, 45)
|ρref - ρorig|hm1 = 4.5605583605873224e-5
|ρref - ρorig|l2  = 0.00027844476194576764

# --- ε=1.0

n     Energy            log10(ΔE)   log10(Δρ)   Δtime
---   ---------------   ---------   ---------   ------
  1   -21.62786605298                   -0.78    40.2s
    hm1_norm_ρdiff=0.0005878138393008481 hm1_norm_Δρ=0.10656382925798036  error_V_h1=5.087732314540421  α = 1.0
  2   -21.66354283403       -1.45       -1.40    17.8s
    hm1_norm_ρdiff=0.10598982142315032 hm1_norm_Δρ=0.024833185960927394  error_V_h1=5.089497856627372  α = 1.0
  3   -21.66518326910       -2.79       -1.81    12.2s
    hm1_norm_ρdiff=0.0822363309174092 hm1_norm_Δρ=0.008400349089863843  error_V_h1=5.090024120031441  α = 1.0
  4   -21.67119559893       -2.22       -1.93    12.7s
    hm1_norm_ρdiff=0.07434928679756338 hm1_norm_Δρ=0.007256618120765414  error_V_h1=5.089509058414848  α = 1.0

#-- |ρε - ρref| = 0.0836741555384874 vs. 0.01 = δ*ε  error_V_h1=5.089367497520185  Qε=0.0003589268698754973


# --- ε=0.5623413251903491

n     Energy            log10(ΔE)   log10(Δρ)   Δtime
---   ---------------   ---------   ---------   ------
  1   -21.67196805670                   -2.79    27.6s
    hm1_norm_ρdiff=0.08367415807780883 hm1_norm_Δρ=0.0009475033497196553  error_V_h1=5.0847422538407585  α = 1.0
  2   -21.67234457338       -3.42       -3.13    13.7s
    hm1_norm_ρdiff=0.08275380201623203 hm1_norm_Δρ=0.00034544644684389  error_V_h1=5.084761180778968  α = 1.0

#-- |ρε - ρref| = 0.08377588320372982 vs. 0.005623413251903491 = δ*ε  error_V_h1=5.084620108996309  Qε=0.000671082518507327


# --- ε=0.31622776601683794

n     Energy            log10(ΔE)   log10(Δρ)   Δtime
---   ---------------   ---------   ---------   ------
  1   -21.67206717453                   -3.09    39.5s
    hm1_norm_ρdiff=0.08391515702876977 hm1_norm_Δρ=0.0003882129404425104  error_V_h1=5.076217700799086  α = 0.535
  2   -21.67209314116       -4.59       -3.48    12.2s
    hm1_norm_ρdiff=0.08361446723008197 hm1_norm_Δρ=0.00019796068691626056  error_V_h1=5.076259984950796  α = 1.0

#-- |ρε - ρref| = 0.08350100332789023 vs. 0.0031622776601683794 = δ*ε  error_V_h1=5.076248230770697  Qε=0.0012456787430261576


# --- ε=0.1778279410038923

n     Energy            log10(ΔE)   log10(Δρ)   Δtime
---   ---------------   ---------   ---------   ------
  1   -21.67142851873                   -3.26    37.5s
    hm1_norm_ρdiff=0.08358851239759857 hm1_norm_Δρ=0.0002596334115338442  error_V_h1=5.061338909752722  α = 0.526
  2   -21.67143420561       -5.25       -3.67    15.3s
    hm1_norm_ρdiff=0.08340375090304943 hm1_norm_Δρ=0.0001356868890860764  error_V_h1=5.061394254160872  α = 1.0

#-- |ρε - ρref| = 0.0832639251723679 vs. 0.001778279410038923 = δ*ε  error_V_h1=5.061398471022632  Qε=0.0021816071709686003


# --- ε=0.1

n     Energy            log10(ΔE)   log10(Δρ)   Δtime
---   ---------------   ---------   ---------   ------
  1   -21.67023447622                   -3.04    37.7s
    hm1_norm_ρdiff=0.08355673919297346 hm1_norm_Δρ=0.0005625405164202156  error_V_h1=5.035110242347176  α = 0.477
  2   -21.67023595351       -5.83       -3.23    20.7s
    hm1_norm_ρdiff=0.08318201253982578 hm1_norm_Δρ=0.00036790360534329756  error_V_h1=5.0352399352107815  α = 0.495

#-- |ρε - ρref| = 0.08274738974334787 vs. 0.001 = δ*ε  error_V_h1=5.035288125740001  Qε=0.0036181752908263313


# --- ε=0.05623413251903491

n     Energy            log10(ΔE)   log10(Δρ)   Δtime
---   ---------------   ---------   ---------   ------
  1   -21.66813421169                   -2.76    29.7s
    hm1_norm_ρdiff=0.08274739033346505 hm1_norm_Δρ=0.0010808000667304834  error_V_h1=4.989929531816814  α = 1.0
  2   -21.66813763207       -5.47       -3.61    14.5s
    hm1_norm_ρdiff=0.08166783872142709 hm1_norm_Δρ=0.00015126014223814825  error_V_h1=4.989741270205654  α = 1.0
  3   -21.66813849665       -6.06       -3.56    22.3s
    hm1_norm_ρdiff=0.0817262729388743 hm1_norm_Δρ=0.0001710595236272935  error_V_h1=4.989632994184134  α = 0.501

#-- |ρε - ρref| = 0.08186231207698938 vs. 0.0005623413251903491 = δ*ε  error_V_h1=4.989676394322139  Qε=0.006446528433837124


# --- ε=0.03162277660168379

n     Energy            log10(ΔE)   log10(Δρ)   Δtime
---   ---------------   ---------   ---------   ------
  1   -21.66451034789                   -2.48    35.3s
    hm1_norm_ρdiff=0.08186231605970445 hm1_norm_Δρ=0.0020481075948201415  error_V_h1=4.91227568119489  α = 1.0
  2   -21.66452314646       -4.89       -3.20    14.3s
    hm1_norm_ρdiff=0.07981651992072412 hm1_norm_Δρ=0.0003974956149625821  error_V_h1=4.911386239548429  α = 1.0
  3   -21.66452541077       -5.65       -3.51    21.5s
    hm1_norm_ρdiff=0.08010926405794715 hm1_norm_Δρ=0.0001751279322108349  error_V_h1=4.911215657167392  α = 0.473
  4   -21.66452606173       -6.19       -3.96    14.5s
    hm1_norm_ρdiff=0.08027694184076349 hm1_norm_Δρ=5.9509879719446475e-5  error_V_h1=4.91134035701653  α = 1.0

#-- |ρε - ρref| = 0.08014610928642313 vs. 0.00031622776601683794 = δ*ε  error_V_h1=4.911502685536504  Qε=0.011617441244955154


# --- ε=0.01778279410038923

n     Energy            log10(ΔE)   log10(Δρ)   Δtime
---   ---------------   ---------   ---------   ------
  1   -21.65840202037                   -2.25    33.7s
    hm1_norm_ρdiff=0.08014612874906006 hm1_norm_Δρ=0.0034810720392838145  error_V_h1=4.783193721877305  α = 1.0
  2   -21.65844313173       -4.39       -2.90    13.5s
    hm1_norm_ρdiff=0.0766692717147563 hm1_norm_Δρ=0.0007823398755271181  error_V_h1=4.7800837082248195  α = 1.0
  3   -21.65844897651       -5.23       -3.28    22.0s
    hm1_norm_ρdiff=0.07729109748519512 hm1_norm_Δρ=0.00029053625539306866  error_V_h1=4.77956887711028  α = 0.509
  4   -21.65845079007       -5.74       -3.73    15.1s
    hm1_norm_ρdiff=0.07756242767060374 hm1_norm_Δρ=0.00010501960019203182  error_V_h1=4.7799674041367535  α = 1.0
  5   -21.65845183456       -5.98       -3.62    14.4s
    hm1_norm_ρdiff=0.07746312263802786 hm1_norm_Δρ=0.00013426644170983786  error_V_h1=4.780445785430835  α = 1.0

#-- |ρε - ρref| = 0.07734814259867084 vs. 0.0001778279410038923 = δ*ε  error_V_h1=4.78039317849619  Qε=0.019526339193359426


# --- ε=0.01

n     Energy            log10(ΔE)   log10(Δρ)   Δtime
---   ---------------   ---------   ---------   ------
  1   -21.64845433098                   -2.02    32.4s
    hm1_norm_ρdiff=0.07734824215656792 hm1_norm_Δρ=0.006005835698966908  error_V_h1=4.5803411558629215  α = 1.0
  2   -21.64861198464       -3.80       -2.58    13.6s
    hm1_norm_ρdiff=0.07135182253519329 hm1_norm_Δρ=0.001638155492425827  error_V_h1=4.568839372497904  α = 1.0
  3   -21.64862482046       -4.89       -3.15    19.4s
    hm1_norm_ρdiff=0.07279781735052325 hm1_norm_Δρ=0.00036448890108219123  error_V_h1=4.567876679401209  α = 0.5
  4   -21.64862941328       -5.34       -3.67    13.8s
    hm1_norm_ρdiff=0.07310629890386883 hm1_norm_Δρ=0.0001132376502163651  error_V_h1=4.5685744500112655  α = 1.0
  5   -21.64863152411       -5.68       -3.46    13.7s
    hm1_norm_ρdiff=0.0730017232544377 hm1_norm_Δρ=0.00019185679244829965  error_V_h1=4.569772178367546  α = 1.0
  6   -21.64863225419       -6.14       -4.37    12.5s
    hm1_norm_ρdiff=0.07281945491524172 hm1_norm_Δρ=1.8807682155553244e-5  error_V_h1=4.569706899061391  α = 1.0
  7   -21.64863265885       -6.39       -3.93    12.8s
    hm1_norm_ρdiff=0.07283174747856849 hm1_norm_Δρ=6.723641247652209e-5  error_V_h1=4.569270538928401  α = 1.0

#-- |ρε - ρref| = 0.07289285952503985 vs. 0.0001 = δ*ε  error_V_h1=4.569296557275627  Qε=0.033295992534895576


# --- ε=0.005623413251903491

n     Energy            log10(ΔE)   log10(Δρ)   Δtime
---   ---------------   ---------   ---------   ------
  1   -21.63305120890                   -1.79    32.1s
    hm1_norm_ρdiff=0.07289334258863972 hm1_norm_Δρ=0.01015349686103981  error_V_h1=4.2931274505140316  α = 1.0
  2   -21.63367028627       -3.21       -2.26    15.9s
    hm1_norm_ρdiff=0.06276046671657276 hm1_norm_Δρ=0.0034513375648778533  error_V_h1=4.25081205665042  α = 1.0
  3   -21.63370226126       -4.50       -2.91    22.0s
    hm1_norm_ρdiff=0.06592022174993512 hm1_norm_Δρ=0.0006170045014755615  error_V_h1=4.248137343441099  α = 0.512
  4   -21.63371334088       -4.96       -3.46    13.3s
    hm1_norm_ρdiff=0.06641494426172533 hm1_norm_Δρ=0.00018787819939772125  error_V_h1=4.250156822119493  α = 1.0
  5   -21.63371787364       -5.34       -3.30    16.8s
    hm1_norm_ρdiff=0.06623737905036559 hm1_norm_Δρ=0.00027136587736725743  error_V_h1=4.252980793475102  α = 1.0
  6   -21.63371999908       -5.67       -4.07    13.0s
    hm1_norm_ρdiff=0.06598548733193531 hm1_norm_Δρ=4.219693042025391e-5  error_V_h1=4.252616023023362  α = 1.0
  7   -21.63372067033       -6.17       -3.77    16.6s
    hm1_norm_ρdiff=0.06602216300866724 hm1_norm_Δρ=9.374519779585595e-5  error_V_h1=4.251646728798134  α = 1.0
  8   -21.63372121868       -6.26       -4.47    16.1s
    hm1_norm_ρdiff=0.06610988218200793 hm1_norm_Δρ=1.4557333197023381e-5  error_V_h1=4.251727130354374  α = 1.0
  9   -21.63372134057       -6.91       -4.20    15.0s
    hm1_norm_ρdiff=0.06609993898351409 hm1_norm_Δρ=3.4928734529578175e-5  error_V_h1=4.252090438411276  α = 1.0

#-- |ρε - ρref| = 0.06607159339357205 vs. 5.6234132519034914e-5 = δ*ε  error_V_h1=4.252064252129088  Qε=0.05435236737894402


# --- ε=0.0031622776601683794

n     Energy            log10(ΔE)   log10(Δρ)   Δtime
---   ---------------   ---------   ---------   ------
  1   -21.61040534279                   -1.58    29.1s
    hm1_norm_ρdiff=0.06607362444854227 hm1_norm_Δρ=0.016351584622288837  error_V_h1=3.9663370345703868  α = 1.0
  2   -21.61298310467       -2.59       -1.94    12.6s
    hm1_norm_ρdiff=0.04977472309436664 hm1_norm_Δρ=0.007081879494765881  error_V_h1=3.8171274908969948  α = 1.0
  3   -21.61304401173       -4.22       -2.74    22.7s
    hm1_norm_ρdiff=0.056482150196967645 hm1_norm_Δρ=0.0008864689634301144  error_V_h1=3.811580720604647  α = 0.519
  4   -21.61306589387       -4.66       -3.38    13.9s
    hm1_norm_ρdiff=0.0571033047268864 hm1_norm_Δρ=0.0002139242458776315  error_V_h1=3.815080464996828  α = 1.0
  5   -21.61307348086       -5.12       -3.23    14.1s
    hm1_norm_ρdiff=0.05690906030627054 hm1_norm_Δρ=0.0003082909956078909  error_V_h1=3.819863251134784  α = 1.0
  6   -21.61307877802       -5.28       -3.89    16.2s
    hm1_norm_ρdiff=0.05664640057155717 hm1_norm_Δρ=5.348352258026483e-5  error_V_h1=3.8195928632390217  α = 1.0
  7   -21.61307965300       -6.06       -3.66    15.1s
    hm1_norm_ρdiff=0.05667769209294078 hm1_norm_Δρ=0.00011153519642358349  error_V_h1=3.8179459979727564  α = 1.0
  8   -21.61308105943       -5.85       -4.13    15.3s
    hm1_norm_ρdiff=0.05677117288685255 hm1_norm_Δρ=3.169153700613463e-5  error_V_h1=3.8181040069840346  α = 1.0
  9   -21.61308115904       -7.00       -4.07    14.7s
    hm1_norm_ρdiff=0.05675410014464108 hm1_norm_Δρ=4.3664215891099696e-5  error_V_h1=3.818771038041476  α = 1.0
 10   -21.61308152511       -6.44       -4.46    15.5s
    hm1_norm_ρdiff=0.05671759330347289 hm1_norm_Δρ=1.5155908031361737e-5  error_V_h1=3.8186815985220375  α = 1.0
 11   -21.61308159328       -7.17       -4.45    22.1s
    hm1_norm_ρdiff=0.05671831653467778 hm1_norm_Δρ=1.8258069602969527e-5  error_V_h1=3.8185392038816706  α = 0.494

#-- |ρε - ρref| = 0.05673736851041701 vs. 3.1622776601683795e-5 = δ*ε  error_V_h1=3.8184640840792223  Qε=0.08527650184086541


# --- ε=0.0017782794100389228

n     Energy            log10(ΔE)   log10(Δρ)   Δtime
---   ---------------   ---------   ---------   ------
  1   -21.58725309933                   -1.39    38.5s
    hm1_norm_ρdiff=0.06892620231000128 hm1_norm_Δρ=0.025154053363669025  error_V_h1=3.3543044964083255  α = 0.516
  2   -21.58770524658       -3.34       -2.49    12.4s
    hm1_norm_ρdiff=0.043858327205767295 hm1_norm_Δρ=0.0018385405283913023  error_V_h1=3.2963284509957123  α = 1.0
  3   -21.58773375689       -4.54       -2.73    13.1s
    hm1_norm_ρdiff=0.045448236548144 hm1_norm_Δρ=0.0009219169444625617  error_V_h1=3.276463968028358  α = 1.0
  4   -21.58783359396       -4.00       -2.96    14.0s
    hm1_norm_ρdiff=0.04615409093175548 hm1_norm_Δρ=0.0005784102907356516  error_V_h1=3.2915773355346167  α = 1.0
  5   -21.58784654666       -4.89       -3.12    20.7s
    hm1_norm_ρdiff=0.04578719572642115 hm1_norm_Δρ=0.00039917376085321947  error_V_h1=3.296679956964223  α = 0.509
  6   -21.58785126176       -5.33       -3.91    13.8s
    hm1_norm_ρdiff=0.04545851995579314 hm1_norm_Δρ=6.153309826101899e-5  error_V_h1=3.298865151532693  α = 1.0
  7   -21.58785353786       -5.64       -4.02    15.0s
    hm1_norm_ρdiff=0.045413137539695884 hm1_norm_Δρ=3.979485681109443e-5  error_V_h1=3.2984509739916983  α = 1.0
  8   -21.58785439638       -6.07       -4.09    15.0s
    hm1_norm_ρdiff=0.04543507670799654 hm1_norm_Δρ=3.312277633903882e-5  error_V_h1=3.297687091634931  α = 1.0
  9   -21.58785478305       -6.41       -4.30    14.7s
    hm1_norm_ρdiff=0.045443787542371605 hm1_norm_Δρ=2.4393818879722106e-5  error_V_h1=3.2982429580567505  α = 1.0
 10   -21.58785500430       -6.66       -4.40    15.2s
    hm1_norm_ρdiff=0.04542451745222279 hm1_norm_Δρ=1.7376286820623913e-5  error_V_h1=3.2987265067636877  α = 1.0
 11   -21.58785509029       -7.07       -4.72    14.6s
    hm1_norm_ρdiff=0.0454173578280526 hm1_norm_Δρ=9.70609680505643e-6  error_V_h1=3.2984679537198223  α = 1.0

#-- |ρε - ρref| = 0.0454309095594837 vs. 1.778279410038923e-5 = δ*ε  error_V_h1=3.298201774472598  Qε=0.12644431325071132


# --- ε=0.001

n     Energy            log10(ΔE)   log10(Δρ)   Δtime
---   ---------------   ---------   ---------   ------
  1   -21.55661410430                   -1.24    37.3s
    hm1_norm_ρdiff=0.062089028608455804 hm1_norm_Δρ=0.03588278650612298  error_V_h1=3.1882097443639266  α = 0.537
  2   -21.56105916447       -2.35       -1.91    13.6s
    hm1_norm_ρdiff=0.026445993727587363 hm1_norm_Δρ=0.00738080646774087  error_V_h1=2.7666567973419127  α = 1.0
  3   -21.56118563634       -3.90       -2.51    19.5s
    hm1_norm_ρdiff=0.033181584418036605 hm1_norm_Δρ=0.0015060030997973422  error_V_h1=2.74508499233475  α = 0.522
  4   -21.56122239357       -4.43       -3.10    11.6s
    hm1_norm_ρdiff=0.034008336249258635 hm1_norm_Δρ=0.0003406907850067899  error_V_h1=2.7486742589786664  α = 1.0
  5   -21.56123478985       -4.91       -3.25    13.8s
    hm1_norm_ρdiff=0.03381112178323776 hm1_norm_Δρ=0.00030121894911073956  error_V_h1=2.7618373550836885  α = 1.0
  6   -21.56124302343       -5.08       -3.40    14.3s
    hm1_norm_ρdiff=0.033578901623888546 hm1_norm_Δρ=0.0001608114581326905  error_V_h1=2.764978787918458  α = 1.0
  7   -21.56124538131       -5.63       -3.63    13.0s
    hm1_norm_ρdiff=0.03359827451617387 hm1_norm_Δρ=0.0001254237762161646  error_V_h1=2.758518326188291  α = 1.0
  8   -21.56124682772       -5.84       -3.78    14.4s
    hm1_norm_ρdiff=0.033694929992057074 hm1_norm_Δρ=6.94883776399929e-5  error_V_h1=2.7572319094513276  α = 1.0
  9   -21.56124740133       -6.24       -3.92    20.2s
    hm1_norm_ρdiff=0.03368776402816136 hm1_norm_Δρ=5.9962886303203734e-5  error_V_h1=2.7604733791586793  α = 1.0
 10   -21.56124768162       -6.55       -4.29    15.9s
    hm1_norm_ρdiff=0.03364609490989921 hm1_norm_Δρ=2.1838146887540322e-5  error_V_h1=2.760740256022691  α = 1.0
 11   -21.56124781993       -6.86       -4.22    13.9s
    hm1_norm_ρdiff=0.0336510801082112 hm1_norm_Δρ=2.774948153074044e-5  error_V_h1=2.7593173228731693  α = 1.0
 12   -21.56124788560       -7.18       -4.81    16.2s
    hm1_norm_ρdiff=0.03366810464804467 hm1_norm_Δρ=6.565239736144796e-6  error_V_h1=2.759408278688645  α = 1.0
 13   -21.56124791345       -7.56       -4.56    15.0s
    hm1_norm_ρdiff=0.03366434506013723 hm1_norm_Δρ=1.3141693344106924e-5  error_V_h1=2.760111854697214  α = 1.0
 14   -21.56124793261       -7.72       -5.02    16.2s
    hm1_norm_ρdiff=0.03365572437305415 hm1_norm_Δρ=4.773111346215015e-6  error_V_h1=2.7598966721291123  α = 1.0
 15   -21.56124793654       -8.40       -4.91    14.1s
    hm1_norm_ρdiff=0.03365996485786834 hm1_norm_Δρ=5.181716748842567e-6  error_V_h1=2.7596894069307902  α = 1.0

#-- |ρε - ρref| = 0.03366105873491047 vs. 1.0e-5 = δ*ε  error_V_h1=2.7597406732658607  Qε=0.1768337226576594


# --- ε=0.0005623413251903491

n     Energy            log10(ΔE)   log10(Δρ)   Δtime
---   ---------------   ---------   ---------   ------
  1   -21.53571939874                   -1.12    48.2s
    hm1_norm_ρdiff=0.06752500224314607 hm1_norm_Δρ=0.04749882550950398  error_V_h1=2.519887280494158  α = 0.287
  2   -21.53690669500       -2.93       -2.21    13.0s
    hm1_norm_ρdiff=0.020344845393852135 hm1_norm_Δρ=0.003241630318084223  error_V_h1=2.306333891003415  α = 1.0
  3   -21.53707917447       -3.76       -2.52    23.6s
    hm1_norm_ρdiff=0.022591527546012662 hm1_norm_Δρ=0.0015333696492030669  error_V_h1=2.258426684655464  α = 0.504
  4   -21.53709051532       -4.95       -2.83    13.7s
    hm1_norm_ρdiff=0.02347782381789732 hm1_norm_Δρ=0.0005989249747121681  error_V_h1=2.246554713716278  α = 1.0
  5   -21.53712096439       -4.52       -3.13    12.5s
    hm1_norm_ρdiff=0.02331387135711208 hm1_norm_Δρ=0.0003488458929987954  error_V_h1=2.2757062411026485  α = 1.0
  6   -21.53712190561       -6.03       -3.52    13.6s
    hm1_norm_ρdiff=0.023108699101108732 hm1_norm_Δρ=0.0001269480408965875  error_V_h1=2.279916836108762  α = 1.0
  7   -21.53712653397       -5.33       -3.60    14.3s
    hm1_norm_ρdiff=0.023140316618119768 hm1_norm_Δρ=0.00011302073683701684  error_V_h1=2.271923449682661  α = 1.0
  8   -21.53712691269       -6.42       -3.94    14.0s
    hm1_norm_ρdiff=0.02318909061802993 hm1_norm_Δρ=5.061065041415387e-5  error_V_h1=2.271173195555119  α = 1.0
  9   -21.53712762257       -6.15       -4.30    12.8s
    hm1_norm_ρdiff=0.023172391604388828 hm1_norm_Δρ=2.4551552409329782e-5  error_V_h1=2.2737714881435647  α = 1.0
 10   -21.53712767008       -7.32       -4.18    14.5s
    hm1_norm_ρdiff=0.023158750737549326 hm1_norm_Δρ=2.8787173007545326e-5  error_V_h1=2.2741427678450896  α = 1.0
 11   -21.53712788240       -6.67       -4.44    14.7s
    hm1_norm_ρdiff=0.023162863075917018 hm1_norm_Δρ=1.6038342074154916e-5  error_V_h1=2.273293868191177  α = 1.0
 12   -21.53712791438       -7.50       -4.75    23.6s
    hm1_norm_ρdiff=0.023167187242353872 hm1_norm_Δρ=7.0788406427704685e-6  error_V_h1=2.2732653496507154  α = 0.509
 13   -21.53712792861       -7.85       -4.89    15.1s
    hm1_norm_ρdiff=0.023165850052580615 hm1_norm_Δρ=6.086939046313641e-6  error_V_h1=2.273613955827839  α = 1.0
 14   -21.53712793798       -8.03       -4.92    15.3s
    hm1_norm_ρdiff=0.023161787955226398 hm1_norm_Δρ=6.106321364388921e-6  error_V_h1=2.2733651227235527  α = 1.0
 15   -21.53712793956       -8.80       -4.99    13.9s
    hm1_norm_ρdiff=0.02316656956833825 hm1_norm_Δρ=5.3330216053551354e-6  error_V_h1=2.2736404336820915  α = 1.0
 16   -21.53712794184       -8.64       -5.16    16.1s
    hm1_norm_ρdiff=0.02316234374948901 hm1_norm_Δρ=3.867931924515331e-6  error_V_h1=2.273314842926679  α = 1.0

#-- |ρε - ρref| = 0.023164619051084273 vs. 5.623413251903491e-6 = δ*ε  error_V_h1=2.273432960339628  Qε=0.2353932003292202


# --- ε=0.00031622776601683794

n     Energy            log10(ΔE)   log10(Δρ)   Δtime
---   ---------------   ---------   ---------   ------
  1   -21.51763112715                   -1.03    56.2s
    hm1_norm_ρdiff=0.07228602711532035 hm1_norm_Δρ=0.058130935448532095  error_V_h1=1.8912862921271594  α = 0.154
  2   -21.51789915560       -3.57       -2.28    20.4s
    hm1_norm_ρdiff=0.014540302086315996 hm1_norm_Δρ=0.0021996809836649584  error_V_h1=1.9361729002158024  α = 0.507
  3   -21.51799658403       -4.01       -2.92    14.6s
    hm1_norm_ρdiff=0.014605059041633069 hm1_norm_Δρ=0.0006211828886649152  error_V_h1=1.86176092084876  α = 1.0
  4   -21.51801200450       -4.81       -3.27    14.0s
    hm1_norm_ρdiff=0.015121116695735392 hm1_norm_Δρ=0.00021169209305080798  error_V_h1=1.853482328497472  α = 1.0
  5   -21.51801734022       -5.27       -3.32    13.9s
    hm1_norm_ρdiff=0.015096992591569961 hm1_norm_Δρ=0.0002275744210459116  error_V_h1=1.869034501917553  α = 1.0
  6   -21.51802155365       -5.38       -3.40    15.6s
    hm1_norm_ρdiff=0.014983589145499398 hm1_norm_Δρ=0.00016219764012146174  error_V_h1=1.8818729468261262  α = 1.0
  7   -21.51802368884       -5.67       -3.60    22.0s
    hm1_norm_ρdiff=0.01493191902778373 hm1_norm_Δρ=0.00011348304984488297  error_V_h1=1.8749834717839575  α = 0.488
  8   -21.51802387301       -6.73       -3.88    16.3s
    hm1_norm_ρdiff=0.014978038301258592 hm1_norm_Δρ=5.4981806249714006e-5  error_V_h1=1.8678767444817321  α = 1.0
  9   -21.51802449058       -6.21       -4.04    13.9s
    hm1_norm_ρdiff=0.015013186295268151 hm1_norm_Δρ=4.054554473957446e-5  error_V_h1=1.8701559635888927  α = 1.0
 10   -21.51802462708       -6.86       -4.17    22.5s
    hm1_norm_ρdiff=0.015006745441437897 hm1_norm_Δρ=2.791230629554538e-5  error_V_h1=1.8716133927399858  α = 0.506
 11   -21.51802467123       -7.36       -4.80    15.3s
    hm1_norm_ρdiff=0.014993148005728893 hm1_norm_Δρ=6.460085239411645e-6  error_V_h1=1.8715685065452956  α = 1.0
 12   -21.51802469118       -7.70       -4.86    14.5s
    hm1_norm_ρdiff=0.014993140336921885 hm1_norm_Δρ=6.195654958998195e-6  error_V_h1=1.8710749645962297  α = 1.0
 13   -21.51802470232       -7.95       -4.83    14.5s
    hm1_norm_ρdiff=0.01499797701932464 hm1_norm_Δρ=6.775279405769762e-6  error_V_h1=1.871457882899865  α = 1.0
 14   -21.51802470722       -8.31       -4.77    21.1s
    hm1_norm_ρdiff=0.01499049664193779 hm1_norm_Δρ=8.399016830370394e-6  error_V_h1=1.8712743158708949  α = 0.513
 15   -21.51802470871       -8.83       -4.92    22.9s
    hm1_norm_ρdiff=0.014999256371985988 hm1_norm_Δρ=6.9944887836999425e-6  error_V_h1=1.8716911143295052  α = 0.534
 16   -21.51802470975       -8.98       -5.24    14.2s
    hm1_norm_ρdiff=0.01499252708451243 hm1_norm_Δρ=3.24911227805279e-6  error_V_h1=1.87135768609466  α = 1.0
 17   -21.51802471090       -8.94       -5.66    14.4s
    hm1_norm_ρdiff=0.014995463795782855 hm1_norm_Δρ=8.822142553252481e-7  error_V_h1=1.8714001136681846  α = 1.0
 18   -21.51802471098      -10.13       -5.74    13.8s
    hm1_norm_ρdiff=0.014995040854214506 hm1_norm_Δρ=7.449449007019154e-7  error_V_h1=1.8714351282149  α = 1.0

#-- |ρε - ρref| = 0.014994539280671224 vs. 3.1622776601683796e-6 = δ*ε  error_V_h1=1.8714410743511989  Qε=0.2988269737906884


# --- ε=0.00017782794100389227

n     Energy            log10(ΔE)   log10(Δρ)   Δtime
---   ---------------   ---------   ---------   ------
  1   -21.50411179539                   -0.97    64.2s
    hm1_norm_ρdiff=0.07600383188345256 hm1_norm_Δρ=0.06655728274410423  error_V_h1=1.3899067589620746  α = 0.0815
  2   -21.50434991965       -3.62       -2.14    28.8s
    hm1_norm_ρdiff=0.010967738999265722 hm1_norm_Δρ=0.0031563475567450683  error_V_h1=1.5043037266344044  α = 0.273
  3   -21.50438677235       -4.43       -2.80    20.6s
    hm1_norm_ρdiff=0.009660966839497638 hm1_norm_Δρ=0.0007034010596897697  error_V_h1=1.5367573830638335  α = 0.513
  4   -21.50440174602       -4.82       -2.84    21.9s
    hm1_norm_ρdiff=0.009502018092971406 hm1_norm_Δρ=0.0006598443504756934  error_V_h1=1.5744059304352422  α = 0.534
  5   -21.50441568350       -4.86       -3.26    17.5s
    hm1_norm_ρdiff=0.009199509966410255 hm1_norm_Δρ=0.00019723543831376176  error_V_h1=1.5399671919695723  α = 1.0
  6   -21.50441987316       -5.38       -3.56    17.3s
    hm1_norm_ρdiff=0.009231874632630825 hm1_norm_Δρ=0.00011099647723553495  error_V_h1=1.5452330747968799  α = 1.0
  7   -21.50442112026       -5.90       -3.84    17.2s
    hm1_norm_ρdiff=0.009291689461056064 hm1_norm_Δρ=5.2103786101968126e-5  error_V_h1=1.5432235191604786  α = 1.0
  8   -21.50442171551       -6.23       -3.98    14.3s
    hm1_norm_ρdiff=0.009284415778026545 hm1_norm_Δρ=3.932869926436882e-5  error_V_h1=1.545077416240194  α = 1.0
  9   -21.50442208272       -6.44       -4.27    14.1s
    hm1_norm_ρdiff=0.009266876200905076 hm1_norm_Δρ=1.783475834269251e-5  error_V_h1=1.545267200805932  α = 1.0
 10   -21.50442212043       -7.42       -4.44    16.0s
    hm1_norm_ρdiff=0.009273329432098423 hm1_norm_Δρ=1.3477860798637216e-5  error_V_h1=1.543325007711606  α = 1.0
 11   -21.50442221259       -7.04       -4.63    14.4s
    hm1_norm_ρdiff=0.009280276580431623 hm1_norm_Δρ=8.14102268481441e-6  error_V_h1=1.544138634419533  α = 1.0
 12   -21.50442223254       -7.70       -4.62    21.4s
    hm1_norm_ρdiff=0.00928138177740016 hm1_norm_Δρ=1.0669846946703699e-5  error_V_h1=1.544967661508365  α = 0.501
 13   -21.50442223584       -8.48       -4.62    31.6s
    hm1_norm_ρdiff=0.009263442300149628 hm1_norm_Δρ=1.462898109186186e-5  error_V_h1=1.5442394768368781  α = 0.291
 14   -21.50442224138       -8.26       -4.96    21.6s
    hm1_norm_ρdiff=0.009279586036587436 hm1_norm_Δρ=5.155114966008129e-6  error_V_h1=1.5444961870710552  α = 0.499
 15   -21.50442224411       -8.56       -4.90    24.1s
    hm1_norm_ρdiff=0.009275607183071993 hm1_norm_Δρ=5.036015294469379e-6  error_V_h1=1.5445064193478133  α = 0.521
 16   -21.50442224574       -8.79       -4.99    23.7s
    hm1_norm_ρdiff=0.009275778883985 hm1_norm_Δρ=4.232410778047106e-6  error_V_h1=1.5443037322454634  α = 0.519
 17   -21.50442224634       -9.22       -5.51    15.9s
    hm1_norm_ρdiff=0.00927617086555726 hm1_norm_Δρ=1.2209012428303395e-6  error_V_h1=1.5445931799752186  α = 1.0
 18   -21.50442224656       -9.67       -5.50    13.7s
    hm1_norm_ρdiff=0.009275770159294991 hm1_norm_Δρ=1.2051021804567157e-6  error_V_h1=1.5445897359237994  α = 1.0

#-- |ρε - ρref| = 0.009276175011247357 vs. 1.7782794100389227e-6 = δ*ε  error_V_h1=1.5443506226632988  Qε=0.3805978171514047


# --- ε=0.0001

n     Energy            log10(ΔE)   log10(Δρ)   Δtime
---   ---------------   ---------   ---------   ------
  1   -21.49199219062                   -0.94    61.7s
    hm1_norm_ρdiff=0.07509387346207555 hm1_norm_Δρ=0.07239631405204854  error_V_h1=2.739851900247302  α = 0.0897
  2   -21.49342228178       -2.84       -1.92    20.4s
    hm1_norm_ρdiff=0.004396809451573992 hm1_norm_Δρ=0.005004651347516914  error_V_h1=2.4154617482491463  α = 0.525
  3   -21.49438549292       -3.02       -1.96    19.9s
    hm1_norm_ρdiff=0.003301123092400902 hm1_norm_Δρ=0.005635121150219012  error_V_h1=1.7026821111002648  α = 0.536
  4   -21.49462046639       -3.63       -1.90    26.5s
    hm1_norm_ρdiff=0.0073890437164916166 hm1_norm_Δρ=0.005939696656597699  error_V_h1=1.4576540879832842  α = 0.298
  5   -21.49514371114       -3.28       -2.42    13.5s
    hm1_norm_ρdiff=0.0067535039130112605 hm1_norm_Δρ=0.0017406193932780587  error_V_h1=1.21386091690504  α = 1.0
  6   -21.49537889116       -3.63       -2.50    17.9s
    hm1_norm_ρdiff=0.005720991449638995 hm1_norm_Δρ=0.0011091282741086117  error_V_h1=1.3728754035547843  α = 0.5
  7   -21.49541913298       -4.40       -2.99    11.4s
    hm1_norm_ρdiff=0.005214607593734796 hm1_norm_Δρ=0.0005318354712223219  error_V_h1=1.2561198638745412  α = 1.0
  8   -21.49543817675       -4.72       -3.02    18.2s
    hm1_norm_ρdiff=0.005674982851542197 hm1_norm_Δρ=0.00035305604253351526  error_V_h1=1.2501531426811674  α = 0.51
  9   -21.49544626762       -5.09       -3.27    18.3s
    hm1_norm_ρdiff=0.0057729132914562335 hm1_norm_Δρ=0.00024131652963317514  error_V_h1=1.2633949115389407  α = 0.504
 10   -21.49544724750       -6.01       -3.58    18.6s
    hm1_norm_ρdiff=0.00562728077526738 hm1_norm_Δρ=0.00010627809855023542  error_V_h1=1.2695744876754393  α = 0.526
 11   -21.49544746683       -6.66       -4.29    12.0s
    hm1_norm_ρdiff=0.005550636201461172 hm1_norm_Δρ=1.8678212944271702e-5  error_V_h1=1.2695839500969213  α = 1.0
 12   -21.49544751820       -7.29       -4.46    14.2s
    hm1_norm_ρdiff=0.005559154061566766 hm1_norm_Δρ=1.3603945258156801e-5  error_V_h1=1.2673522446080818  α = 1.0
 13   -21.49544757269       -7.26       -4.68    16.9s
    hm1_norm_ρdiff=0.005569138800718786 hm1_norm_Δρ=6.918137469979183e-6  error_V_h1=1.2674369274781525  α = 1.0
 14   -21.49544758637       -7.86       -4.58    21.9s
    hm1_norm_ρdiff=0.005568324655123369 hm1_norm_Δρ=1.0660050947395523e-5  error_V_h1=1.267938234662217  α = 0.516
 15   -21.49544758956       -8.50       -4.36    34.4s
    hm1_norm_ρdiff=0.00556303935759551 hm1_norm_Δρ=1.7266719543100362e-5  error_V_h1=1.2687703019518402  α = 0.297
 16   -21.49544759685       -8.14       -5.04    13.0s
    hm1_norm_ρdiff=0.005561648700066945 hm1_norm_Δρ=3.0724901361370144e-6  error_V_h1=1.2684646645258209  α = 1.0
 17   -21.49544759903       -8.66       -5.14    23.2s
    hm1_norm_ρdiff=0.005561655438006481 hm1_norm_Δρ=3.0515802978890595e-6  error_V_h1=1.2681351075874436  α = 0.503
 18   -21.49544759949       -9.34       -4.81    35.2s
    hm1_norm_ρdiff=0.005563656477725311 hm1_norm_Δρ=6.478932067326585e-6  error_V_h1=1.2680745951624057  α = 0.146
 19   -21.49544759997       -9.32       -5.46    19.7s
    hm1_norm_ρdiff=0.005563868484387768 hm1_norm_Δρ=1.1893819050195829e-6  error_V_h1=1.2682324694088274  α = 0.482
 20   -21.49544760013       -9.79       -5.62    23.9s
    hm1_norm_ρdiff=0.005563603313180752 hm1_norm_Δρ=9.821004343374806e-7  error_V_h1=1.2682445374036824  α = 0.456
 21   -21.49544760015      -10.69       -5.53    36.7s
    hm1_norm_ρdiff=0.005562236076568066 hm1_norm_Δρ=1.2467913368057206e-6  error_V_h1=1.2682254714191104  α = 0.0952
 22   -21.49544760015      -11.20       -5.70    38.4s
    hm1_norm_ρdiff=0.005563660391883053 hm1_norm_Δρ=9.010124294106947e-7  error_V_h1=1.2682448402975743  α = 0.0682
 23   -21.49544760015      -13.50       -5.96     170s
    hm1_norm_ρdiff=0.005562919843208826 hm1_norm_Δρ=4.130991597630983e-7  error_V_h1=1.2682448479056867  α = 0.000355

#-- |ρε - ρref| = 0.005563029506825949 vs. 1.0000000000000002e-6 = δ*ε  error_V_h1=1.2682448479056698  Qε=0.46915306169450455


# --- ε=5.623413251903491e-5

n     Energy            log10(ΔE)   log10(Δρ)   Δtime
---   ---------------   ---------   ---------   ------
  1   -21.48840406608                   -0.92    67.8s
    hm1_norm_ρdiff=0.0782028975315136 hm1_norm_Δρ=0.07631163653872304  error_V_h1=2.21874702002231  α = 0.0468
  2   -21.48885325462       -3.35       -1.90    37.5s
    hm1_norm_ρdiff=0.0058087659670272625 hm1_norm_Δρ=0.005214970566193225  error_V_h1=2.054475815798215  α = 0.151
  3   -21.48929781997       -3.35       -2.19    28.5s
    hm1_norm_ρdiff=0.002390142153270193 hm1_norm_Δρ=0.0029950116113830446  error_V_h1=1.7285487427071373  α = 0.277
  4   -21.48971866478       -3.38       -2.00    37.9s
    hm1_norm_ρdiff=0.0035731456752072102 hm1_norm_Δρ=0.005067964453024287  error_V_h1=1.2912344254446646  α = 0.154
  5   -21.48981270256       -4.03       -2.46    28.0s
    hm1_norm_ρdiff=0.0028727741050441147 hm1_norm_Δρ=0.0012429666004943256  error_V_h1=1.0119095529142765  α = 0.281
  6   -21.48981792914       -5.28       -3.38    21.2s
    hm1_norm_ρdiff=0.003378462955520617 hm1_norm_Δρ=0.00015288263374332937  error_V_h1=1.0087138636440998  α = 0.515
  7   -21.48981910879       -5.93       -3.41    21.3s
    hm1_norm_ρdiff=0.00335343215742352 hm1_norm_Δρ=0.00015867820633166376  error_V_h1=1.020171690780567  α = 0.538
  8   -21.48982031276       -5.92       -3.49    19.2s
    hm1_norm_ρdiff=0.0032856298229608084 hm1_norm_Δρ=0.00010907972375453335  error_V_h1=1.0337768230271442  α = 0.528
  9   -21.48982076170       -6.35       -3.83    12.1s
    hm1_norm_ρdiff=0.003245519191824417 hm1_norm_Δρ=4.448522986894442e-5  error_V_h1=1.034977616886615  α = 1.0
 10   -21.48982112708       -6.44       -3.91    15.1s
    hm1_norm_ρdiff=0.0032654991215139537 hm1_norm_Δρ=3.6609460616844344e-5  error_V_h1=1.0208413320579017  α = 1.0
 11   -21.48982136005       -6.63       -4.13    15.2s
    hm1_norm_ρdiff=0.0032795899770526283 hm1_norm_Δρ=2.6025491170238727e-5  error_V_h1=1.0240646594572085  α = 1.0
 12   -21.48982148384       -6.91       -4.29    14.0s
    hm1_norm_ρdiff=0.0032698385278456515 hm1_norm_Δρ=1.7830817017648303e-5  error_V_h1=1.0289730880622074  α = 1.0
 13   -21.48982154826       -7.19       -4.42    17.1s
    hm1_norm_ρdiff=0.0032634722971901817 hm1_norm_Δρ=1.3120407452867881e-5  error_V_h1=1.0289404751214128  α = 1.0
 14   -21.48982156946       -7.67       -4.08    37.5s
    hm1_norm_ρdiff=0.003259622874424579 hm1_norm_Δρ=3.47069169103928e-5  error_V_h1=1.0269664798639537  α = 0.152
 15   -21.48982157366       -8.38       -4.24    32.6s
    hm1_norm_ρdiff=0.0032631849493707306 hm1_norm_Δρ=2.370084798759923e-5  error_V_h1=1.0263657318891082  α = 0.297
 16   -21.48982159345       -7.70       -4.25    32.7s
    hm1_norm_ρdiff=0.0032805369827987887 hm1_norm_Δρ=2.283475103789957e-5  error_V_h1=1.0256578589918428  α = 0.295
 17   -21.48982160094       -8.13       -4.66    21.8s
    hm1_norm_ρdiff=0.0032726374054746253 hm1_norm_Δρ=9.252612796596455e-6  error_V_h1=1.0254450095750343  α = 0.537
 18   -21.48982160887       -8.10       -4.31    36.1s
    hm1_norm_ρdiff=0.0032589834460265096 hm1_norm_Δρ=1.8091838440310205e-5  error_V_h1=1.025331267805596  α = 0.161
 19   -21.48982161235       -8.46       -4.64    28.4s
    hm1_norm_ρdiff=0.0032706097903268633 hm1_norm_Δρ=7.471530835532746e-6  error_V_h1=1.0264026409698355  α = 0.25
 20   -21.48982161308       -9.14       -5.05    31.8s
    hm1_norm_ρdiff=0.003267403844768642 hm1_norm_Δρ=2.9880137850379915e-6  error_V_h1=1.0263561832022403  α = 0.186
 21   -21.48982161308      -11.54       -5.01    52.4s
    hm1_norm_ρdiff=0.003268994541584741 hm1_norm_Δρ=2.9087658946493106e-6  error_V_h1=1.0263872955361915  α = 0.0542
 22   -21.48982161308      -13.60       -5.09     181s
    hm1_norm_ρdiff=0.0032672130779817154 hm1_norm_Δρ=3.0459077547287582e-6  error_V_h1=1.026387262220273  α = 3.44e-5
 23   -21.48982161308   +  -14.45       -5.25     143s
    hm1_norm_ρdiff=0.0032685140608390392 hm1_norm_Δρ=1.738389055465679e-6  error_V_h1=1.0263872622202599  α = 0.0
 24   -21.48982161336       -9.56       -4.47    56.1s
    hm1_norm_ρdiff=0.0032531224025890413 hm1_norm_Δρ=1.8961550458753198e-5  error_V_h1=1.0262068760426069  α = 0.0459
 25   -21.48982161346       -9.99       -5.19    34.5s
    hm1_norm_ρdiff=0.00327075323840872 hm1_norm_Δρ=2.485315502332397e-6  error_V_h1=1.0264366826403635  α = 0.264
 26   -21.48982161346      -13.67       -5.13     184s
    hm1_norm_ρdiff=0.0032684551546317935 hm1_norm_Δρ=2.831845369020401e-6  error_V_h1=1.026436554169014  α = 0.000149
 27   -21.48982161346   +  -14.45       -5.35     129s
    hm1_norm_ρdiff=0.003269208058950537 hm1_norm_Δρ=1.9482398927412387e-6  error_V_h1=1.0264365541690592  α = 0.0
 28   -21.48982161348      -10.68       -4.99    45.0s
    hm1_norm_ρdiff=0.003269968131765909 hm1_norm_Δρ=4.2034703538581875e-6  error_V_h1=1.0263911219433988  α = 0.0677
 29   -21.48982161348      -13.45       -5.14     169s
    hm1_norm_ρdiff=0.003264728318974793 hm1_norm_Δρ=4.651862026726822e-6  error_V_h1=1.0263910939282694  α = 1.47e-5
 30   -21.48982161348      -13.75       -5.46     219s
    hm1_norm_ρdiff=0.0032694237427416018 hm1_norm_Δρ=1.50889637453977e-6  error_V_h1=1.0263910937723724  α = 7.25e-7
 31   -21.48982161348   +    -Inf       -5.13     150s
    hm1_norm_ρdiff=0.0032683983133391164 hm1_norm_Δρ=3.190094404928652e-6  error_V_h1=1.026391093772373  α = 1.67e-13
 32   -21.48982161348      -14.45       -2.39     356s
    hm1_norm_ρdiff=0.0034194586918403383 hm1_norm_Δρ=0.0017254255105741965  error_V_h1=1.0263910937704828  α = 3.62e-12
 33   -21.48982161348   +    -Inf       -5.47     225s
    hm1_norm_ρdiff=0.0032689269422819973 hm1_norm_Δρ=1.260604491011823e-6  error_V_h1=1.0263910937708371  α = 1.65e-9
 34   -21.48982161348   +    -Inf       -5.51     179s
    hm1_norm_ρdiff=0.003268850947972997 hm1_norm_Δρ=1.1911208478055303e-6  error_V_h1=1.026391093770827  α = 2.49e-11
Trying again without preconditioner ...
n     Energy            log10(ΔE)   log10(Δρ)   Δtime
---   ---------------   ---------   ---------   ------
  1   -21.48982161348                   -4.67     246s
    hm1_norm_ρdiff=0.003259496201351708 hm1_norm_Δρ=1.08934735921869e-5  error_V_h1=1.026391089674424  α = 8.85e-7
  2   -21.48982161348      -14.45       -4.61     231s
    hm1_norm_ρdiff=0.0032721496405212227 hm1_norm_Δρ=1.0327668108279354e-5  error_V_h1=1.026391085745553  α = 1.73e-6
  3   -21.48982161348      -14.45       -4.65     157s
    hm1_norm_ρdiff=0.0032676543605951627 hm1_norm_Δρ=6.697901428239319e-6  error_V_h1=1.0263910857455347  α = 8.96e-13
  4   -21.48982161348      -14.45       -1.92     218s
    hm1_norm_ρdiff=0.004283273503525614 hm1_norm_Δρ=0.003646973228196771  error_V_h1=1.026391085745562  α = 1.11e-13
  5   -21.48982161348   +  -14.45       -4.64     127s
    hm1_norm_ρdiff=0.003268435643190716 hm1_norm_Δρ=7.654849712791094e-6  error_V_h1=1.0263910857455647  α = 0.0
  6   -21.48982161348      -14.45       -4.67     131s
    hm1_norm_ρdiff=0.0032594957886302785 hm1_norm_Δρ=1.0893667821968875e-5  error_V_h1=1.0263910857455523  α = 0.0
  7   -21.48982161348   +  -14.45       -4.67     132s
    hm1_norm_ρdiff=0.003259495788634174 hm1_norm_Δρ=1.0893667818371858e-5  error_V_h1=1.026391085745562  α = 0.0
  8   -21.48982161348      -14.45       -4.67     381s
    hm1_norm_ρdiff=0.003259495788630451 hm1_norm_Δρ=1.0893667821805896e-5  error_V_h1=1.026391085745555  α = 4.15e-13
  9   -21.48982161348   +    -Inf       -2.31     167s
    hm1_norm_ρdiff=0.001580809956848225 hm1_norm_Δρ=0.002459252793459936  error_V_h1=1.0263910857455523  α = 0.0
 10   -21.48982161348   +    -Inf       -4.67     309s
    hm1_norm_ρdiff=0.0032594957886318164 hm1_norm_Δρ=1.0893667820497804e-5  error_V_h1=1.0263910857455558  α = 4.09e-14

#-- |ρε - ρref| = 0.0032691683339323755 vs. 5.62341325190349e-7 = δ*ε  error_V_h1=1.0263910857455558  Qε=0.5645520768729267


# --- ε=3.1622776601683795e-5

n     Energy            log10(ΔE)   log10(Δρ)   Δtime
---   ---------------   ---------   ---------   ------
  1   -21.48593719173                   -0.90    67.2s
    hm1_norm_ρdiff=0.08007290316968038 hm1_norm_Δρ=0.07872451315726552  error_V_h1=1.607011722171334  α = 0.0232
  2   -21.48610223613       -3.78       -1.86    40.2s
    hm1_norm_ρdiff=0.006205855642917213 hm1_norm_Δρ=0.0057202499609311465  error_V_h1=1.5023508806428008  α = 0.0874
  3   -21.48612741354       -4.60       -2.25    31.4s
    hm1_norm_ρdiff=0.0024457201458499486 hm1_norm_Δρ=0.002317561894286713  error_V_h1=1.525280880945677  α = 0.165
  4   -21.48624521951       -3.93       -2.32    30.4s
    hm1_norm_ρdiff=0.0018706712134907222 hm1_norm_Δρ=0.001943401355545098  error_V_h1=1.3722507428721873  α = 0.153
  5   -21.48633203500       -4.06       -2.66    19.6s
    hm1_norm_ρdiff=0.0013510558490777648 hm1_norm_Δρ=0.0009632716323868357  error_V_h1=0.9269974956694533  α = 0.536
  6   -21.48636590273       -4.47       -2.89    17.8s
    hm1_norm_ρdiff=0.0021348402129740336 hm1_norm_Δρ=0.00041806721263128334  error_V_h1=0.8042797461226852  α = 0.527
  7   -21.48638787033       -4.66       -2.81    28.6s
    hm1_norm_ρdiff=0.0022738534561863684 hm1_norm_Δρ=0.0006054321097796025  error_V_h1=0.7731615117434191  α = 0.289
  8   -21.48640284351       -4.82       -2.87    28.0s
    hm1_norm_ρdiff=0.0021488978220147088 hm1_norm_Δρ=0.00046472187552283893  error_V_h1=0.8217911437447913  α = 0.287
  9   -21.48640599719       -5.50       -3.31    18.8s
    hm1_norm_ρdiff=0.00186021344853352 hm1_norm_Δρ=0.00012734098089525837  error_V_h1=0.860255467114769  α = 0.53
 10   -21.48640830646       -5.64       -3.56    20.0s
    hm1_norm_ρdiff=0.0018416715097273233 hm1_norm_Δρ=8.884145231886216e-5  error_V_h1=0.8376699469620028  α = 0.518
 11   -21.48640884597       -6.27       -3.73    19.3s
    hm1_norm_ρdiff=0.0018733865988597282 hm1_norm_Δρ=6.574312387712646e-5  error_V_h1=0.8109210705221485  α = 0.533
 12   -21.48640924582       -6.40       -4.06    20.6s
    hm1_norm_ρdiff=0.0019075279028262532 hm1_norm_Δρ=2.9257610776316538e-5  error_V_h1=0.8067871130661454  α = 0.513
 13   -21.48640926109       -7.82       -3.88    33.3s
    hm1_norm_ρdiff=0.0019230371328714483 hm1_norm_Δρ=5.5719520424187644e-5  error_V_h1=0.8056777101110102  α = 0.158
 14   -21.48640934474       -7.08       -3.82    32.9s
    hm1_norm_ρdiff=0.0019319726371952075 hm1_norm_Δρ=5.8265235315867085e-5  error_V_h1=0.8125810399548204  α = 0.153
 15   -21.48640935810       -7.87       -3.72    45.6s
    hm1_norm_ρdiff=0.001903656007555192 hm1_norm_Δρ=6.971645669967865e-5  error_V_h1=0.8142359078248934  α = 0.0432
 16   -21.48640936432       -8.21       -4.67    27.3s
    hm1_norm_ρdiff=0.0018929835358162366 hm1_norm_Δρ=6.766615878520669e-6  error_V_h1=0.8155093412186897  α = 0.234
 17   -21.48640936540       -8.97       -4.13    39.9s
    hm1_norm_ρdiff=0.0019059548198731497 hm1_norm_Δρ=2.6442271397951467e-5  error_V_h1=0.8156062017909387  α = 0.0843
 18   -21.48640936566       -9.58       -4.58    38.9s
    hm1_norm_ρdiff=0.0018916939621572383 hm1_norm_Δρ=7.831172673136684e-6  error_V_h1=0.8156278379228652  α = 0.0302
 19   -21.48640936566      -13.45       -4.77     155s
    hm1_norm_ρdiff=0.0018918731549226952 hm1_norm_Δρ=6.438621210136976e-6  error_V_h1=0.8156278365626596  α = 1.62e-6
 20   -21.48640936566      -14.15       -4.71     238s
    hm1_norm_ρdiff=0.0018906868588817367 hm1_norm_Δρ=7.375323797618059e-6  error_V_h1=0.8156278367238063  α = 3.81e-7
 21   -21.48640936566      -14.45       -4.94     174s
    hm1_norm_ρdiff=0.0018920207884099913 hm1_norm_Δρ=4.029808475064411e-6  error_V_h1=0.815627836723809  α = 1.41e-10
 22   -21.48640936566   +    -Inf       -4.77     163s
    hm1_norm_ρdiff=0.001891057955633632 hm1_norm_Δρ=6.6548962273796135e-6  error_V_h1=0.8156278367238056  α = 6.92e-14
 23   -21.48640936566   +  -14.45       -2.23     177s
    hm1_norm_ρdiff=0.0021722234416775665 hm1_norm_Δρ=0.0021350023096376037  error_V_h1=0.8156278367238015  α = 0.0
 24   -21.48640936841       -8.56       -3.81    54.2s
    hm1_norm_ρdiff=0.001812337549676968 hm1_norm_Δρ=9.28832946016987e-5  error_V_h1=0.8149305818121431  α = 0.023
 25   -21.48640936843      -10.80       -4.85    39.6s
    hm1_norm_ρdiff=0.0018969451111360692 hm1_norm_Δρ=5.175150917477433e-6  error_V_h1=0.8149356661237696  α = 0.0251
 26   -21.48640936843      -13.67       -4.78     238s
    hm1_norm_ρdiff=0.001898581603608439 hm1_norm_Δρ=5.936570316413584e-6  error_V_h1=0.814935670754623  α = 2.15e-6
 27   -21.48640936843   +    -Inf       -4.54     149s
    hm1_norm_ρdiff=0.0019016396764732423 hm1_norm_Δρ=1.1860467587700975e-5  error_V_h1=0.8149356707545735  α = 8.56e-15
 28   -21.48640936843   +  -14.45       -3.43     152s
    hm1_norm_ρdiff=0.0019715844920128477 hm1_norm_Δρ=0.00015015493966955603  error_V_h1=0.8149356707545993  α = 0.0
 29   -21.48640936868       -9.60       -4.25    51.7s
    hm1_norm_ρdiff=0.0019255597260782631 hm1_norm_Δρ=3.3151369461043765e-5  error_V_h1=0.815176290341331  α = 0.0225
 30   -21.48640936868      -13.45       -4.96     140s
    hm1_norm_ρdiff=0.0018953278663113083 hm1_norm_Δρ=3.68765632256564e-6  error_V_h1=0.8151762905801254  α = 1.26e-6
 31   -21.48640936868      -14.45       -4.91     210s
    hm1_norm_ρdiff=0.001897079741455139 hm1_norm_Δρ=4.003716259303484e-6  error_V_h1=0.8151762905801877  α = 1.07e-12
 32   -21.48640936868   +  -14.45       -2.28     172s
    hm1_norm_ρdiff=0.002936841987551251 hm1_norm_Δρ=0.0017368030139521592  error_V_h1=0.8151762905801555  α = 0.0
 33   -21.48640936868      -12.52       -4.69     182s
    hm1_norm_ρdiff=0.0018854923278553116 hm1_norm_Δρ=1.167442989657727e-5  error_V_h1=0.8151695368631374  α = 0.002
 34   -21.48640936868      -14.15       -4.68     165s
    hm1_norm_ρdiff=0.0018977121915819816 hm1_norm_Δρ=7.020200739444617e-6  error_V_h1=0.8151695379603745  α = 6.63e-7
 35   -21.48640936868      -13.97       -4.95     224s
    hm1_norm_ρdiff=0.0018966454684811633 hm1_norm_Δρ=3.7265507555791895e-6  error_V_h1=0.8151695379674164  α = 3.15e-9
 36   -21.48640936868   +    -Inf       -4.74     216s
    hm1_norm_ρdiff=0.001893992382522127 hm1_norm_Δρ=6.674278075073144e-6  error_V_h1=0.8151695379673867  α = 1.37e-11
 37   -21.48640936868   +  -14.15       -4.58     138s
    hm1_norm_ρdiff=0.0018921700373558184 hm1_norm_Δρ=1.191146007119631e-5  error_V_h1=0.8151695379673819  α = 0.0
 38   -21.48640936868      -14.15       -4.74     315s
    hm1_norm_ρdiff=0.0018867248146603717 hm1_norm_Δρ=1.0351542849940433e-5  error_V_h1=0.8151695379673768  α = 3.38e-14
 39   -21.48640936868   +  -14.15       -3.45     151s
    hm1_norm_ρdiff=0.0017309629355595178 hm1_norm_Δρ=0.00019224250561578304  error_V_h1=0.815169537967383  α = 0.0
 40   -21.48640936868      -14.15       -4.74     344s
    hm1_norm_ρdiff=0.0018867248146603966 hm1_norm_Δρ=1.035154284986302e-5  error_V_h1=0.8151695379673894  α = 2.38e-13
 41   -21.48640936868   +  -14.15       -0.60     192s
    hm1_norm_ρdiff=0.13766243518224605 hm1_norm_Δρ=0.1393144027147229  error_V_h1=0.8151695379671948  α = 0.0
 42   -21.48640936868      -14.15       -4.74     357s
    hm1_norm_ρdiff=0.001886724814675186 hm1_norm_Δρ=1.0351542834893336e-5  error_V_h1=0.8151695379673858  α = 2.17e-14
 43   -21.48640936868   +    -Inf       -4.38     329s
    hm1_norm_ρdiff=0.0018888465548667695 hm1_norm_Δρ=1.543982581378042e-5  error_V_h1=0.8151695379673928  α = 1.88e-12
 44   -21.48640936868   +  -14.15       -2.05     171s
    hm1_norm_ρdiff=0.002984372793673543 hm1_norm_Δρ=0.0033378431198325324  error_V_h1=0.8151695379673863  α = 0.0
 45   -21.48640936868      -14.15       -4.74     354s
    hm1_norm_ρdiff=0.0018867248146603682 hm1_norm_Δρ=1.0351542849936955e-5  error_V_h1=0.8151695379673867  α = 2.66e-14
 46   -21.48640936868   +    -Inf       -0.26     197s
    hm1_norm_ρdiff=0.2738813534886484 hm1_norm_Δρ=0.2753538229953968  error_V_h1=0.8151695379673976  α = 0.0
 47   -21.48640936868   +    -Inf       -4.74     124s
    hm1_norm_ρdiff=0.0018867248146604938 hm1_norm_Δρ=1.0351542849761717e-5  error_V_h1=0.8151695379673909  α = 0.0
Trying again without preconditioner ...
n     Energy            log10(ΔE)   log10(Δρ)   Δtime
---   ---------------   ---------   ---------   ------
  1   -21.48640936875                   -3.81    79.1s
    hm1_norm_ρdiff=0.0018611587214917183 hm1_norm_Δρ=5.4936471184413214e-5  error_V_h1=0.8151762132394968  α = 0.00297
  2   -21.48640936875      -13.75       -3.84     163s
    hm1_norm_ρdiff=0.0019284194062338521 hm1_norm_Δρ=5.603617175410522e-5  error_V_h1=0.8151762134508042  α = 1.19e-8
  3   -21.48640936875   +    -Inf       -4.17     163s
    hm1_norm_ρdiff=0.0018956982924434368 hm1_norm_Δρ=1.7874984995735745e-5  error_V_h1=0.8151762135991545  α = 4.07e-8
  4   -21.48640936875   +  -14.15       -4.11     145s
    hm1_norm_ρdiff=0.001893347541576363 hm1_norm_Δρ=2.5481526419230485e-5  error_V_h1=0.8151762135991703  α = 0.0
  5   -21.48640936875      -14.45       -4.01     233s
    hm1_norm_ρdiff=0.00188550219342163 hm1_norm_Δρ=2.8184998261222528e-5  error_V_h1=0.8151762176527981  α = 7.21e-7
  6   -21.48640936875      -14.45       -4.08     246s
    hm1_norm_ρdiff=0.0019246072292565454 hm1_norm_Δρ=3.898319636667332e-5  error_V_h1=0.8151762176531433  α = 2.26e-11
  7   -21.48640936875   +  -14.45       -3.93     146s
    hm1_norm_ρdiff=0.001880134886927199 hm1_norm_Δρ=3.4376599089387105e-5  error_V_h1=0.8151762176531795  α = 0.0
  8   -21.48640936875   +    -Inf       -4.01     341s
    hm1_norm_ρdiff=0.0018855038326148 hm1_norm_Δρ=2.8182794901940653e-5  error_V_h1=0.8151762176532455  α = 9.13e-12
  9   -21.48640936875      -13.85       -4.04     186s
    hm1_norm_ρdiff=0.0019128884935500046 hm1_norm_Δρ=3.578325762841617e-5  error_V_h1=0.8151762177787762  α = 9.23e-9
 10   -21.48640936875   +  -14.45       -3.95     148s
    hm1_norm_ρdiff=0.0018575081235059473 hm1_norm_Δρ=5.4313950913462196e-5  error_V_h1=0.815176217778748  α = 0.0
 11   -21.48640936875      -14.15       -4.01     177s
    hm1_norm_ρdiff=0.001885503794107198 hm1_norm_Δρ=2.8182800973870436e-5  error_V_h1=0.8151762177789043  α = 1.51e-11
 12   -21.48640936875   +  -13.97       -4.05     144s
    hm1_norm_ρdiff=0.0019056132313610777 hm1_norm_Δρ=3.252401723256357e-5  error_V_h1=0.8151762177789097  α = 0.0
 13   -21.48640936875      -14.15       -4.01     259s
    hm1_norm_ρdiff=0.001885503794125393 hm1_norm_Δρ=2.8182800934321018e-5  error_V_h1=0.8151762177789648  α = 4.62e-12
 14   -21.48640936875      -13.97       -3.63     250s
    hm1_norm_ρdiff=0.0018677844722072433 hm1_norm_Δρ=7.773064521912234e-5  error_V_h1=0.8151762177791498  α = 7.26e-12
 15   -21.48640936875   +    -Inf       -4.21     147s
    hm1_norm_ρdiff=0.0018842975436474563 hm1_norm_Δρ=2.3080557242320696e-5  error_V_h1=0.8151762177791362  α = 0.0
 16   -21.48640936875   +    -Inf       -4.01     350s
    hm1_norm_ρdiff=0.0018855037941461377 hm1_norm_Δρ=2.8182800881263382e-5  error_V_h1=0.8151762177791261  α = 9.33e-16

#-- |ρε - ρref| = 0.0018960240220206861 vs. 3.1622776601683797e-7 = δ*ε  error_V_h1=0.8151762177791261  Qε=0.6561369863206905


# --- ε=1.778279410038923e-5

n     Energy            log10(ΔE)   log10(Δρ)   Δtime
---   ---------------   ---------   ---------   ------
  1   -21.48422288882                   -0.90    75.1s
    hm1_norm_ρdiff=0.081124020821204 hm1_norm_Δρ=0.0801678442360457  error_V_h1=1.1291476120815473  α = 0.0108
  2   -21.48433007692       -3.97       -1.84    44.6s
    hm1_norm_ρdiff=0.006502653680034806 hm1_norm_Δρ=0.00614871372772987  error_V_h1=0.8279603772911496  α = 0.0462
  3   -21.48434873645       -4.73       -2.22    46.1s
    hm1_norm_ρdiff=0.0027238938941302384 hm1_norm_Δρ=0.002438331796166308  error_V_h1=0.7977429510714695  α = 0.0459
  4   -21.48435855937       -5.01       -2.43    38.7s
    hm1_norm_ρdiff=0.0016456676521352663 hm1_norm_Δρ=0.0013177630892252448  error_V_h1=0.856555707334881  α = 0.0889
  5   -21.48436642048       -5.10       -3.16    18.3s
    hm1_norm_ρdiff=0.0009775103697288632 hm1_norm_Δρ=0.0002081774687665867  error_V_h1=0.84022870347994  α = 0.532
  6   -21.48437313693       -5.17       -3.11    25.1s
    hm1_norm_ρdiff=0.000995133745667344 hm1_norm_Δρ=0.00028709896581172433  error_V_h1=0.7537160040530758  α = 0.288
  7   -21.48437382109       -6.16       -2.88    30.3s
    hm1_norm_ρdiff=0.0010715547611829855 hm1_norm_Δρ=0.0004324868086523268  error_V_h1=0.6851752746114885  α = 0.165
  8   -21.48437721649       -5.47       -3.22    27.7s
    hm1_norm_ρdiff=0.001114568697409362 hm1_norm_Δρ=0.00015711113182957932  error_V_h1=0.610769690275254  α = 0.285
  9   -21.48437947049       -5.65       -3.48    25.1s
    hm1_norm_ρdiff=0.0011373765965543962 hm1_norm_Δρ=8.951653123218123e-5  error_V_h1=0.6038270650427577  α = 0.266
 10   -21.48438071139       -5.91       -3.61    27.2s
    hm1_norm_ρdiff=0.001135996448378991 hm1_norm_Δρ=8.338690124889061e-5  error_V_h1=0.6220732612989626  α = 0.284
 11   -21.48438096528       -6.60       -3.83    25.7s
    hm1_norm_ρdiff=0.0011067476060602373 hm1_norm_Δρ=4.937115643911731e-5  error_V_h1=0.6398928943075558  α = 0.286
 12   -21.48438096528      -13.45       -3.97     220s
    hm1_norm_ρdiff=0.00111573050705555 hm1_norm_Δρ=4.032982168652174e-5  error_V_h1=0.6398928944492356  α = 1.3e-8
 13   -21.48438096709       -8.74       -3.28    51.9s
    hm1_norm_ρdiff=0.0010723282054270111 hm1_norm_Δρ=0.00016958011126721524  error_V_h1=0.6421954267743507  α = 0.0172
 14   -21.48438097867       -7.94       -3.94    40.4s
    hm1_norm_ρdiff=0.0010810600004474507 hm1_norm_Δρ=4.2379117817235726e-5  error_V_h1=0.6439373939472569  α = 0.0802
 15   -21.48438097867      -13.37       -3.69     277s
    hm1_norm_ρdiff=0.001072603548762782 hm1_norm_Δρ=8.855087195206862e-5  error_V_h1=0.6439373944046968  α = 5.37e-8
 16   -21.48438097867   +    -Inf       -4.08     140s
    hm1_norm_ρdiff=0.001087968088755968 hm1_norm_Δρ=2.4780335641581592e-5  error_V_h1=0.6439373944046596  α = 0.0
 17   -21.48438099359       -7.83       -3.62    44.4s
    hm1_norm_ρdiff=0.0010982224892375446 hm1_norm_Δρ=0.00010130407461805572  error_V_h1=0.6426254172597018  α = 0.045
 18   -21.48438099505       -8.84       -3.75    44.3s
    hm1_norm_ρdiff=0.0010510498082783298 hm1_norm_Δρ=6.791779994829106e-5  error_V_h1=0.6397119316356251  α = 0.0364
 19   -21.48438099505      -13.45       -3.66     228s
    hm1_norm_ρdiff=0.0011801491696448974 hm1_norm_Δρ=0.00011101241992929437  error_V_h1=0.6397119333222022  α = 2.03e-7
 20   -21.48438099505   +  -14.15       -3.95     148s
    hm1_norm_ρdiff=0.0010936179909693043 hm1_norm_Δρ=3.852018329492742e-5  error_V_h1=0.6397119333221951  α = 0.0
 21   -21.48438099573       -9.17       -3.77    59.8s
    hm1_norm_ρdiff=0.001146469501429311 hm1_norm_Δρ=8.437259646693907e-5  error_V_h1=0.6398252862586712  α = 0.00712
 22   -21.48438099573      -13.85       -3.91     302s
    hm1_norm_ρdiff=0.0010617578860951317 hm1_norm_Δρ=5.6169052163875355e-5  error_V_h1=0.6398252862198167  α = 2.15e-9
 23   -21.48438099573   +    -Inf       -3.99     265s
    hm1_norm_ρdiff=0.0011069461802861434 hm1_norm_Δρ=3.525987393560726e-5  error_V_h1=0.6398252862198116  α = 1.71e-12
 24   -21.48438099573      -13.85       -3.03     213s
    hm1_norm_ρdiff=0.0012649975589820951 hm1_norm_Δρ=0.00031457194856222365  error_V_h1=0.6398252862617863  α = 5.17e-10
 25   -21.48438099573      -14.45       -4.05     311s
    hm1_norm_ρdiff=0.001082537537605163 hm1_norm_Δρ=3.0250870553955302e-5  error_V_h1=0.6398252862604681  α = 8.78e-11
 26   -21.48438099573   +  -14.15       -4.38     128s
    hm1_norm_ρdiff=0.001096383159205989 hm1_norm_Δρ=1.6296990469257804e-5  error_V_h1=0.6398252862603997  α = 0.0
 27   -21.48438099573      -13.75       -4.02     218s
    hm1_norm_ρdiff=0.0011057597125334372 hm1_norm_Δρ=4.236176361909885e-5  error_V_h1=0.6398252862608151  α = 1.68e-10
 28   -21.48438099573   +    -Inf       -3.91     223s
    hm1_norm_ρdiff=0.0010572359715870483 hm1_norm_Δρ=5.3682606015702835e-5  error_V_h1=0.6398252862607893  α = 3.93e-14
 29   -21.48438099573   +  -14.15       -2.22     168s
    hm1_norm_ρdiff=0.002087704434731088 hm1_norm_Δρ=0.0025404175087567365  error_V_h1=0.639825286260789  α = 0.0
 30   -21.48438099573      -14.45       -4.02     243s
    hm1_norm_ρdiff=0.0011057597122522442 hm1_norm_Δρ=4.236176323289744e-5  error_V_h1=0.6398252862610314  α = 1.61e-10
 31   -21.48438099573      -14.45       -3.97     178s
    hm1_norm_ρdiff=0.0010656455352387937 hm1_norm_Δρ=4.326651845768807e-5  error_V_h1=0.6398252862609389  α = 1.11e-11
 32   -21.48438099573   +  -14.45       -3.75     142s
    hm1_norm_ρdiff=0.0011387176893993575 hm1_norm_Δρ=6.969093830329825e-5  error_V_h1=0.6398252862609596  α = 0.0
 33   -21.48438099573      -14.15       -4.02     378s
    hm1_norm_ρdiff=0.001105759712060548 hm1_norm_Δρ=4.236176289790767e-5  error_V_h1=0.6398252862610057  α = 4.31e-12
 34   -21.48438099573   +  -14.15       -3.51     156s
    hm1_norm_ρdiff=0.0010550664897660206 hm1_norm_Δρ=0.00013465922594990486  error_V_h1=0.639825286260986  α = 0.0
 35   -21.48438099573      -14.45       -4.02     442s
    hm1_norm_ρdiff=0.0011057597120527874 hm1_norm_Δρ=4.236176289000126e-5  error_V_h1=0.6398252862609819  α = 5.43e-12
 36   -21.48438099573   +  -14.15       -4.08     124s
    hm1_norm_ρdiff=0.001097118361270663 hm1_norm_Δρ=2.654759997358381e-5  error_V_h1=0.639825286260965  α = 0.0
 37   -21.48438099573   +  -14.45       -4.02     129s
    hm1_norm_ρdiff=0.0011057597120516479 hm1_norm_Δρ=4.2361762880244744e-5  error_V_h1=0.6398252862609493  α = 0.0
 38   -21.48438099573      -14.15       -4.02     471s
    hm1_norm_ρdiff=0.0011057597120515438 hm1_norm_Δρ=4.236176287914002e-5  error_V_h1=0.6398252862609229  α = 7.23e-12
 39   -21.48438099573      -13.97       -3.85     231s
    hm1_norm_ρdiff=0.0010914039130508998 hm1_norm_Δρ=5.324884434920136e-5  error_V_h1=0.6398252862631935  α = 1.23e-9
 40   -21.48438099573   +    -Inf       -3.87     160s
    hm1_norm_ρdiff=0.0011447215357740083 hm1_norm_Δρ=6.594778081623857e-5  error_V_h1=0.6398252862630704  α = 4.54e-12
 41   -21.48438099573   +    -Inf       -3.85     275s
    hm1_norm_ρdiff=0.0011312928241114409 hm1_norm_Δρ=5.559378526726005e-5  error_V_h1=0.6398252862630105  α = 7.32e-13
Trying again without preconditioner ...
n     Energy            log10(ΔE)   log10(Δρ)   Δtime
---   ---------------   ---------   ---------   ------
  1   -21.48438099589                   -3.01    73.3s
    hm1_norm_ρdiff=0.0011463222068923786 hm1_norm_Δρ=0.0002937076757639317  error_V_h1=0.6399832602306426  α = 0.00371
  2   -21.48438099589      -14.15       -3.14     226s
    hm1_norm_ρdiff=0.001156237817422284 hm1_norm_Δρ=0.00024184098468606603  error_V_h1=0.6399832604620759  α = 2.24e-9
  3   -21.48438099589      -13.97       -3.39     280s
    hm1_norm_ρdiff=0.0010847101214287841 hm1_norm_Δρ=0.00012673952408947408  error_V_h1=0.6399832605136497  α = 8.24e-10
  4   -21.48438099589   +    -Inf       -3.39     255s
    hm1_norm_ρdiff=0.0010510149816917555 hm1_norm_Δρ=0.00012118499563360358  error_V_h1=0.6399832605136774  α = 5.15e-13
  5   -21.48438099589   +    -Inf       -2.25     306s
    hm1_norm_ρdiff=0.0016298044675088883 hm1_norm_Δρ=0.001697780263967764  error_V_h1=0.6399832605136911  α = 8.8e-15

#-- |ρε - ρref| = 0.0010901817421911518 vs. 1.778279410038923e-7 = δ*ε  error_V_h1=0.6399832605136911  Qε=0.7325140419275569


# --- ε=1.0e-5

n     Energy            log10(ΔE)   log10(Δρ)   Δtime
---   ---------------   ---------   ---------   ------
  1   -21.48268715870                   -0.89    74.3s
    hm1_norm_ρdiff=0.08128705348022877 hm1_norm_Δρ=0.08102181159741643  error_V_h1=2.8383841129927356  α = 0.00959
  2   -21.48277203691       -4.07       -1.81    52.0s
    hm1_norm_ρdiff=0.006644015381474367 hm1_norm_Δρ=0.006458360993577571  error_V_h1=2.627770631091263  α = 0.0225
  3   -21.48280164323       -4.53       -2.11    44.6s
    hm1_norm_ρdiff=0.0030613440206949277 hm1_norm_Δρ=0.003064693698994919  error_V_h1=2.5663507755369563  α = 0.0464
  4   -21.48281423847       -4.90       -2.13    37.7s
    hm1_norm_ρdiff=0.002553786314616624 hm1_norm_Δρ=0.0027296224250210224  error_V_h1=2.5492203219341216  α = 0.0897
  5   -21.48305768944       -3.61       -2.58    25.7s
    hm1_norm_ρdiff=0.0006531906586032703 hm1_norm_Δρ=0.0009930507253505202  error_V_h1=1.5660343772511507  α = 0.279
  6   -21.48309033925       -4.49       -2.39    30.7s
    hm1_norm_ρdiff=0.0011616116885570685 hm1_norm_Δρ=0.0013884704615536219  error_V_h1=1.3320583695759376  α = 0.165
  7   -21.48310207193       -4.93       -2.37    40.0s
    hm1_norm_ρdiff=0.0014454319851285912 hm1_norm_Δρ=0.0014418612155028784  error_V_h1=1.197350370363235  α = 0.0895
  8   -21.48313152751       -4.53       -2.71    30.8s
    hm1_norm_ρdiff=0.000887789598559251 hm1_norm_Δρ=0.0005157196002418637  error_V_h1=0.9238128380470428  α = 0.15
  9   -21.48315497282       -4.63       -2.93    29.8s
    hm1_norm_ρdiff=0.0008392456551195092 hm1_norm_Δρ=0.00033701174762341165  error_V_h1=0.681538641544757  α = 0.287
 10   -21.48317311030       -4.74       -2.87    32.4s
    hm1_norm_ρdiff=0.0009105721966956683 hm1_norm_Δρ=0.0004201101373682404  error_V_h1=0.5058400844985129  α = 0.151
 11   -21.48317778048       -5.33       -3.07    34.2s
    hm1_norm_ρdiff=0.0007485334594279115 hm1_norm_Δρ=0.0002779906757902696  error_V_h1=0.51729046872329  α = 0.159
 12   -21.48317782976       -7.31       -3.31    37.5s
    hm1_norm_ρdiff=0.0006533512691272925 hm1_norm_Δρ=0.00011202824977377946  error_V_h1=0.5186755022432588  α = 0.0498
 13   -21.48318071613       -5.54       -3.67    26.0s
    hm1_norm_ρdiff=0.0006127472135425903 hm1_norm_Δρ=6.899660741693964e-5  error_V_h1=0.5328426437419602  α = 0.229
 14   -21.48318087832       -6.79       -3.08    44.8s
    hm1_norm_ρdiff=0.0005712443715737077 hm1_norm_Δρ=0.0003153011450867785  error_V_h1=0.528867739573816  α = 0.0465
 15   -21.48318117098       -6.53       -3.30    47.8s
    hm1_norm_ρdiff=0.0006065545530402668 hm1_norm_Δρ=0.00017581089771281688  error_V_h1=0.5215282337763005  α = 0.0445
 16   -21.48318164469       -6.32       -3.17    44.6s
    hm1_norm_ρdiff=0.000632724594059771 hm1_norm_Δρ=0.00022836500643736918  error_V_h1=0.5121843635428046  α = 0.0463
 17   -21.48318164469      -13.37       -3.85     260s
    hm1_norm_ρdiff=0.0006362646022703602 hm1_norm_Δρ=3.889373520137078e-5  error_V_h1=0.5121843636040067  α = 4.24e-9
 18   -21.48318164469   +  -14.15       -3.53     145s
    hm1_norm_ρdiff=0.0005852185670730613 hm1_norm_Δρ=9.27826218506962e-5  error_V_h1=0.5121843636039821  α = 0.0
 19   -21.48318174098       -7.02       -3.01    58.8s
    hm1_norm_ρdiff=0.0009229343680754827 hm1_norm_Δρ=0.00044182078123674375  error_V_h1=0.5134740212750689  α = 0.00993
 20   -21.48318174106      -10.10       -3.38    82.9s
    hm1_norm_ρdiff=0.0005509572976302167 hm1_norm_Δρ=0.0001853692165048605  error_V_h1=0.5134209992076766  α = 0.00192
 21   -21.48318174106      -13.97       -3.32     206s
    hm1_norm_ρdiff=0.0007701184993796902 hm1_norm_Δρ=0.00019723876012033104  error_V_h1=0.5134209999445872  α = 5.98e-9
 22   -21.48318174106      -14.45       -3.54     183s
    hm1_norm_ρdiff=0.0006182453708751674 hm1_norm_Δρ=8.673518115707148e-5  error_V_h1=0.5134209999448102  α = 2.59e-11
 23   -21.48318174106   +  -14.45       -3.87     133s
    hm1_norm_ρdiff=0.0006244545784437807 hm1_norm_Δρ=3.269233302661191e-5  error_V_h1=0.5134209999445591  α = 0.0
 24   -21.48318174106      -13.85       -3.57     392s
    hm1_norm_ρdiff=0.000626570999088879 hm1_norm_Δρ=0.00010408288861838272  error_V_h1=0.5134209999456832  α = 2.32e-11
 25   -21.48318174106   +  -14.15       -3.40     152s
    hm1_norm_ρdiff=0.0007815473454028985 hm1_norm_Δρ=0.0001789578745562059  error_V_h1=0.5134209999454856  α = 0.0
 26   -21.48318174106   +    -Inf       -3.57     251s
    hm1_norm_ρdiff=0.000626570999192664 hm1_norm_Δρ=0.00010408288844001834  error_V_h1=0.5134209999459476  α = 1.08e-11
 27   -21.48318174106   +  -14.15       -3.45     156s
    hm1_norm_ρdiff=0.000720724385952615 hm1_norm_Δρ=0.00013164770072006735  error_V_h1=0.5134209999459334  α = 0.0
 28   -21.48318174106      -14.45       -3.57     247s
    hm1_norm_ρdiff=0.0006265709992099182 hm1_norm_Δρ=0.0001040828883699715  error_V_h1=0.5134209999460383  α = 2.19e-12
 29   -21.48318174106   +    -Inf       -3.33     202s
    hm1_norm_ρdiff=0.0007981721293101501 hm1_norm_Δρ=0.00020181625088567785  error_V_h1=0.513420999946014  α = 1.16e-13
 30   -21.48318174106   +    -Inf       -2.14     174s
    hm1_norm_ρdiff=0.003735072915062948 hm1_norm_Δρ=0.003197901056500702  error_V_h1=0.513420999945999  α = 0.0
Trying again without preconditioner ...
n     Energy            log10(ΔE)   log10(Δρ)   Δtime
---   ---------------   ---------   ---------   ------
  1   -21.48318175030                   -2.41    83.0s
    hm1_norm_ρdiff=0.0011319404502681978 hm1_norm_Δρ=0.0010329253309091  error_V_h1=0.5141292598660676  α = 0.00424
  2   -21.48318175030      -13.25       -2.44     267s
    hm1_norm_ρdiff=0.001752984278457536 hm1_norm_Δρ=0.0012648672398736388  error_V_h1=0.5141292609205845  α = 3.24e-9
  3   -21.48318175030   +  -14.45       -2.93     163s
    hm1_norm_ρdiff=0.0006071462443868592 hm1_norm_Δρ=0.0003282275353622099  error_V_h1=0.5141292609205494  α = 0.0
  4   -21.48318175190       -8.80       -2.50    80.2s
    hm1_norm_ρdiff=0.0018649568330106918 hm1_norm_Δρ=0.001405251818390392  error_V_h1=0.514175702024404  α = 0.000469
  5   -21.48318175190      -13.45       -3.01     310s
    hm1_norm_ρdiff=0.0006322112363457293 hm1_norm_Δρ=0.00025636704403250374  error_V_h1=0.5141757021228872  α = 1.02e-9
  6   -21.48318175190      -14.45       -3.01     160s
    hm1_norm_ρdiff=0.0008794470384273685 hm1_norm_Δρ=0.000371852832324701  error_V_h1=0.5141757021229151  α = 0.0
  7   -21.48318175190   +  -14.15       -2.67     166s
    hm1_norm_ρdiff=0.0013858182830546 hm1_norm_Δρ=0.0009077653724684091  error_V_h1=0.5141757021228983  α = 0.0
  8   -21.48318175190   +    -Inf       -2.67     241s
    hm1_norm_ρdiff=0.0013858182829825814 hm1_norm_Δρ=0.0009077653724443455  error_V_h1=0.5141757021295233  α = 5.47e-11
  9   -21.48318175190   +    -Inf       -2.95     354s
    hm1_norm_ρdiff=0.000635805579560522 hm1_norm_Δρ=0.0003059184144641548  error_V_h1=0.5141757021296499  α = 5.5e-13

#-- |ρε - ρref| = 0.0006237036460181415 vs. 1.0000000000000001e-7 = δ*ε  error_V_h1=0.5141757021296499  Qε=0.806785803619398


# --- ε=5.623413251903491e-6

n     Energy            log10(ΔE)   log10(Δρ)   Δtime
---   ---------------   ---------   ---------   ------
  1   -21.48238460160                   -0.89    80.4s
    hm1_norm_ρdiff=0.08209030689552448 hm1_norm_Δρ=0.08183879231581094  error_V_h1=1.762621344926213  α = 0.00412
  2   -21.48240094215       -4.79       -1.81    53.9s
    hm1_norm_ρdiff=0.006660437431898289 hm1_norm_Δρ=0.006602368349741794  error_V_h1=1.6794551408830631  α = 0.0221
  3   -21.48240687945       -5.23       -2.12    50.6s
    hm1_norm_ρdiff=0.0030118342656382077 hm1_norm_Δρ=0.0029796479545314814  error_V_h1=1.644348033343256  α = 0.0225
  4   -21.48241696525       -5.00       -2.24    52.6s
    hm1_norm_ρdiff=0.0020877155813661744 hm1_norm_Δρ=0.002057793701477211  error_V_h1=1.5659100107728476  α = 0.0229
  5   -21.48243071703       -4.86       -2.85    31.0s
    hm1_norm_ρdiff=0.0003947421260897512 hm1_norm_Δρ=0.0003923973782304137  error_V_h1=1.385960221425222  α = 0.15
  6   -21.48244224809       -4.94       -2.76    41.8s
    hm1_norm_ρdiff=0.0005408222272240044 hm1_norm_Δρ=0.0006197662586151698  error_V_h1=1.1645934628292616  α = 0.0749
  7   -21.48244288165       -6.20       -2.40    46.2s
    hm1_norm_ρdiff=0.0011978289324950748 hm1_norm_Δρ=0.0013280218611013334  error_V_h1=0.9921770942447224  α = 0.0452
  8   -21.48244607583       -5.50       -2.68    43.2s
    hm1_norm_ρdiff=0.0005036785930109946 hm1_norm_Δρ=0.0005927963887523632  error_V_h1=0.6888734310639446  α = 0.081
  9   -21.48244708735       -6.00       -2.89    46.7s
    hm1_norm_ρdiff=0.00042770462389133686 hm1_norm_Δρ=0.0003445281646571268  error_V_h1=0.6208863782461469  α = 0.0309
 10   -21.48244717808       -7.04       -3.19    46.0s
    hm1_norm_ρdiff=0.0003700921479256674 hm1_norm_Δρ=0.000179111880007783  error_V_h1=0.6001764810538954  α = 0.0224
 11   -21.48244717808      -13.30       -3.32     258s
    hm1_norm_ρdiff=0.00035738157684802365 hm1_norm_Δρ=0.00011801638328224317  error_V_h1=0.6001764795403802  α = 2.34e-9
 12   -21.48244717808   +  -14.15       -2.67     170s
    hm1_norm_ρdiff=0.00117079303832389 hm1_norm_Δρ=0.000954990140048411  error_V_h1=0.6001764795404058  α = 0.0
 13   -21.48244868483       -5.82       -2.61    52.3s
    hm1_norm_ρdiff=0.0009143427160122273 hm1_norm_Δρ=0.0008921897797625125  error_V_h1=0.5544714873797486  α = 0.023
 14   -21.48244877656       -7.04       -2.75    58.9s
    hm1_norm_ρdiff=0.0010296922052838453 hm1_norm_Δρ=0.0007965423648965413  error_V_h1=0.548103708786267  α = 0.0102
 15   -21.48244883150       -7.26       -2.82    59.8s
    hm1_norm_ρdiff=0.0004716822681387098 hm1_norm_Δρ=0.0006379765443467172  error_V_h1=0.534508174630172  α = 0.0102
 16   -21.48244893199       -7.00       -2.77    59.5s
    hm1_norm_ρdiff=0.0006734269914482515 hm1_norm_Δρ=0.0005094107686638441  error_V_h1=0.5212888278338541  α = 0.0079
 17   -21.48244893199      -13.55       -3.29     220s
    hm1_norm_ρdiff=0.0003633933989302105 hm1_norm_Δρ=0.00012593123594446045  error_V_h1=0.5212888277131815  α = 2.13e-10
 18   -21.48244893199      -14.15       -3.07     243s
    hm1_norm_ρdiff=0.000547518303367074 hm1_norm_Δρ=0.0003164576528995862  error_V_h1=0.5212888276831646  α = 4.59e-11
 19   -21.48244893199      -13.85       -3.46     199s
    hm1_norm_ρdiff=0.0003491643281878831 hm1_norm_Δρ=0.00010028321020961929  error_V_h1=0.5212888276468496  α = 7.86e-11
 20   -21.48244893199   +  -14.45       -3.55     152s
    hm1_norm_ρdiff=0.00036539662823167207 hm1_norm_Δρ=8.00932487562722e-5  error_V_h1=0.5212888276468067  α = 0.0
 21   -21.48244893973       -8.11       -2.97    53.6s
    hm1_norm_ρdiff=0.0005818936175590805 hm1_norm_Δρ=0.00042175515529986536  error_V_h1=0.5167234326771585  α = 0.0225
 22   -21.48244894645       -8.17       -3.03    65.7s
    hm1_norm_ρdiff=0.00043643354806519833 hm1_norm_Δρ=0.0003650064653771232  error_V_h1=0.5149266170551812  α = 0.00255
 23   -21.48244894645      -13.60       -3.23     264s
    hm1_norm_ρdiff=0.0005694156989195481 hm1_norm_Δρ=0.00024604060330254285  error_V_h1=0.5149266166739722  α = 1.12e-9
 24   -21.48244894645   +  -14.15       -2.65     183s
    hm1_norm_ρdiff=0.0006144004458822767 hm1_norm_Δρ=0.000638340785204597  error_V_h1=0.5149266166741744  α = 0.0
 25   -21.48244897828       -7.50       -2.87    59.4s
    hm1_norm_ρdiff=0.000626148185262706 hm1_norm_Δρ=0.0005973563870034889  error_V_h1=0.5084627240942728  α = 0.0102
 26   -21.48244897828      -13.25       -3.40     387s
    hm1_norm_ρdiff=0.0004629421013166675 hm1_norm_Δρ=0.00015529026711579106  error_V_h1=0.508462723108461  α = 4.11e-9
 27   -21.48244897828   +    -Inf       -2.77     329s
    hm1_norm_ρdiff=0.0005331753277034697 hm1_norm_Δρ=0.0006943609212091738  error_V_h1=0.5084627231080947  α = 3.12e-13
 28   -21.48244897828   +  -14.45       -2.76     173s
    hm1_norm_ρdiff=0.00040542005995094295 hm1_norm_Δρ=0.0005541940215611349  error_V_h1=0.5084627231079222  α = 0.0
 29   -21.48244898920       -7.96       -3.06    68.8s
    hm1_norm_ρdiff=0.0006429332557046999 hm1_norm_Δρ=0.0003972180322343629  error_V_h1=0.5076458828826971  α = 0.00351
 30   -21.48244898920      -13.55       -3.30     315s
    hm1_norm_ρdiff=0.00024258398443670418 hm1_norm_Δρ=0.0002337517327145057  error_V_h1=0.5076458817933823  α = 2.6e-9
 31   -21.48244898920   +  -14.45       -2.94     159s
    hm1_norm_ρdiff=0.0005266562702548908 hm1_norm_Δρ=0.00030599981807419047  error_V_h1=0.5076458817933722  α = 0.0
 32   -21.48244898920   +    -Inf       -3.37     366s
    hm1_norm_ρdiff=0.000393353245299214 hm1_norm_Δρ=0.0001692103962924735  error_V_h1=0.5076458817922602  α = 5.12e-12
 33   -21.48244898920      -13.97       -3.27     198s
    hm1_norm_ρdiff=0.00040090976463050574 hm1_norm_Δρ=0.00013562637191229848  error_V_h1=0.5076458817713294  α = 3.61e-11
 34   -21.48244898920   +  -14.45       -2.79     173s
    hm1_norm_ρdiff=0.00046035649879534236 hm1_norm_Δρ=0.0007206216082432291  error_V_h1=0.5076458817713334  α = 0.0
 35   -21.48244898920   +    -Inf       -3.37     226s
    hm1_norm_ρdiff=0.00039335324502107807 hm1_norm_Δρ=0.000169210396380406  error_V_h1=0.5076458817645255  α = 3.42e-11
 36   -21.48244898920   +  -13.97       -3.23     156s
    hm1_norm_ρdiff=0.00047443912847684326 hm1_norm_Δρ=0.0001777924902391496  error_V_h1=0.5076458817645257  α = 0.0
 37   -21.48244898920      -14.45       -3.37     256s
    hm1_norm_ρdiff=0.0003933532447513404 hm1_norm_Δρ=0.00016921039549995086  error_V_h1=0.507645881748995  α = 7.43e-11
 38   -21.48244898920   +  -14.15       -3.23     167s
    hm1_norm_ρdiff=0.00048201057204166355 hm1_norm_Δρ=0.0001840058212604209  error_V_h1=0.5076458817490817  α = 0.0
 39   -21.48244898920      -14.15       -3.37     440s
    hm1_norm_ρdiff=0.00039335324418986184 hm1_norm_Δρ=0.00016921039358743504  error_V_h1=0.507645881747878  α = 5.04e-12
 40   -21.48244898920   +  -14.45       -3.20     165s
    hm1_norm_ρdiff=0.0005321924072953417 hm1_norm_Δρ=0.00021952289666292356  error_V_h1=0.5076458817478666  α = 0.0
 41   -21.48244898920   +    -Inf       -3.37     440s
    hm1_norm_ρdiff=0.0003933532441677516 hm1_norm_Δρ=0.00016921039345896117  error_V_h1=0.5076458817478887  α = 8.28e-16
 42   -21.48244898920   +  -14.45       -0.21     211s
    hm1_norm_ρdiff=0.2354856077228308 hm1_norm_Δρ=0.23562502990866602  error_V_h1=0.5076458817478763  α = 0.0
 43   -21.48244898920   +    -Inf       -3.37     184s
    hm1_norm_ρdiff=0.000393353244158762 hm1_norm_Δρ=0.00016921039346095518  error_V_h1=0.5076458817478096  α = 5.07e-13
 44   -21.48244898920      -14.15       -3.01     205s
    hm1_norm_ρdiff=0.0007376577477176815 hm1_norm_Δρ=0.0004288630826268247  error_V_h1=0.5076458815317166  α = 3.53e-10
 45   -21.48244898920   +  -14.15       -2.67     169s
    hm1_norm_ρdiff=0.0005340161066896591 hm1_norm_Δρ=0.00061499297201813  error_V_h1=0.5076458815312658  α = 0.0
 46   -21.48244898920      -14.45       -3.37     448s
    hm1_norm_ρdiff=0.00039335320895697866 hm1_norm_Δρ=0.0001692103864720354  error_V_h1=0.5076458815302097  α = 5.73e-12
 47   -21.48244898920   +    -Inf       -3.26     237s
    hm1_norm_ρdiff=0.0003624980040913201 hm1_norm_Δρ=0.0001391531470296722  error_V_h1=0.5076458815301457  α = 2.25e-15
 48   -21.48244898920   +    -Inf       -1.28     360s
    hm1_norm_ρdiff=0.014243812856175564 hm1_norm_Δρ=0.014193175409305172  error_V_h1=0.5076458815299734  α = 2.26e-15
Trying again without preconditioner ...
n     Energy            log10(ΔE)   log10(Δρ)   Δtime
---   ---------------   ---------   ---------   ------
  1   -21.48244907573                   -2.17    83.8s
    hm1_norm_ρdiff=0.0017318597783575846 hm1_norm_Δρ=0.001686814623267958  error_V_h1=0.4985938866894984  α = 0.00147
  2   -21.48244908990       -7.85       -1.97    78.2s
    hm1_norm_ρdiff=0.002715232303599964 hm1_norm_Δρ=0.002710945886790789  error_V_h1=0.49340585264732845  α = 0.000457
  3   -21.48244908990      -13.34       -2.56     279s
    hm1_norm_ρdiff=0.0008926185371348915 hm1_norm_Δρ=0.000974742981140999  error_V_h1=0.49340585195087644  α = 2.45e-10
  4   -21.48244908990   +  -14.45       -2.29     180s
    hm1_norm_ρdiff=0.0021246897370520257 hm1_norm_Δρ=0.0019046972448504985  error_V_h1=0.493405851950838  α = 0.0
  5   -21.48244908990      -14.45       -2.52     261s
    hm1_norm_ρdiff=0.0006239774129585679 hm1_norm_Δρ=0.0005750971189320758  error_V_h1=0.4934058519487857  α = 5.5e-13
  6   -21.48244908990   +  -14.45       -2.26     179s
    hm1_norm_ρdiff=0.001965645290373724 hm1_norm_Δρ=0.0020543948772275005  error_V_h1=0.4934058519487446  α = 0.0
  7   -21.48244908990   +    -Inf       -2.52     291s
    hm1_norm_ρdiff=0.0006239774128562103 hm1_norm_Δρ=0.0005750971188372206  error_V_h1=0.4934058519469712  α = 4.84e-13
  8   -21.48244908990   +  -14.45       -2.41     182s
    hm1_norm_ρdiff=0.0015817335049507638 hm1_norm_Δρ=0.0014260434481171626  error_V_h1=0.4934058519469867  α = 0.0
  9   -21.48244908990      -14.45       -2.52     455s
    hm1_norm_ρdiff=0.0006239774128007276 hm1_norm_Δρ=0.0005750971187644864  error_V_h1=0.49340585194684894  α = 5.47e-14
 10   -21.48244908990      -13.97       -1.24     231s
    hm1_norm_ρdiff=0.012039126360746276 hm1_norm_Δρ=0.012195580906577427  error_V_h1=0.49340585144824795  α = 6.85e-12
 11   -21.48244908990      -13.97       -2.30     224s
    hm1_norm_ρdiff=0.002547532424026216 hm1_norm_Δρ=0.00228273351683738  error_V_h1=0.4934058514431279  α = 1.65e-12
 12   -21.48244908990   +  -14.15       -2.59     171s
    hm1_norm_ρdiff=0.0006835369151048376 hm1_norm_Δρ=0.000609675001968879  error_V_h1=0.49340585144312593  α = 0.0
 13   -21.48244908990      -14.45       -2.52     464s
    hm1_norm_ρdiff=0.000623977410617284 hm1_norm_Δρ=0.0005750971010100105  error_V_h1=0.49340585144035354  α = 7.98e-13
 14   -21.48244908990   +  -14.45       -2.26     177s
    hm1_norm_ρdiff=0.001957918451116439 hm1_norm_Δρ=0.0019534188896267526  error_V_h1=0.4934058514403625  α = 0.0
 15   -21.48244908990      -14.45       -2.52     264s
    hm1_norm_ρdiff=0.0006239774104926282 hm1_norm_Δρ=0.0005750971008689137  error_V_h1=0.49340585143938503  α = 2.88e-13
 16   -21.48244908990   +  -13.97       -2.15     184s
    hm1_norm_ρdiff=0.0019426656099436495 hm1_norm_Δρ=0.0018109916220563004  error_V_h1=0.4934058514391658  α = 0.0
 17   -21.48244908990      -13.97       -2.52     416s
    hm1_norm_ρdiff=0.0006239774105274705 hm1_norm_Δρ=0.0005750971007977603  error_V_h1=0.4934058514055805  α = 9.3e-12
 18   -21.48244908990   +  -14.15       -2.28     181s
    hm1_norm_ρdiff=0.002156042726061086 hm1_norm_Δρ=0.0020541744918721604  error_V_h1=0.49340585140554105  α = 0.0
 19   -21.48244908990      -14.15       -2.52     252s
    hm1_norm_ρdiff=0.0006239774092285284 hm1_norm_Δρ=0.0005750970989910646  error_V_h1=0.49340585138790793  α = 4.85e-12
 20   -21.48244908990      -14.45       -2.28     311s
    hm1_norm_ρdiff=0.002152494019915683 hm1_norm_Δρ=0.0020490967946472554  error_V_h1=0.49340585138742044  α = 1.25e-13
 21   -21.48244908990   +    -Inf       -2.51     255s
    hm1_norm_ρdiff=0.0009258517457381563 hm1_norm_Δρ=0.0009309041856590412  error_V_h1=0.4934058513868253  α = 3.47e-13
 22   -21.48244908990   +  -14.45       -2.16     174s
    hm1_norm_ρdiff=0.0023490310732735818 hm1_norm_Δρ=0.0021994480111872197  error_V_h1=0.4934058513867614  α = 0.0
 23   -21.48244908990   +    -Inf       -2.52     329s
    hm1_norm_ρdiff=0.0006239774086982165 hm1_norm_Δρ=0.0005750970982177837  error_V_h1=0.49340585137696147  α = 2.72e-12
 24   -21.48244908990   +  -14.15       -2.24     160s
    hm1_norm_ρdiff=0.002372639503698737 hm1_norm_Δρ=0.0022486504090237234  error_V_h1=0.49340585137694865  α = 0.0
 25   -21.48244908990   +    -Inf       -2.52     322s
    hm1_norm_ρdiff=0.000623977408337617 hm1_norm_Δρ=0.0005750970976679188  error_V_h1=0.4934058513622374  α = 3.87e-12
 26   -21.48244908990   +  -14.45       -2.30     272s
    hm1_norm_ρdiff=0.0023248676527260746 hm1_norm_Δρ=0.0021103209666065536  error_V_h1=0.49340585136226567  α = 0.0
 27   -21.48244908990      -14.45       -2.52     298s
    hm1_norm_ρdiff=0.0006239774079891371 hm1_norm_Δρ=0.0005750970969450007  error_V_h1=0.49340585135870857  α = 1.05e-12
 28   -21.48244908990   +  -14.45       -2.01     159s
    hm1_norm_ρdiff=0.0033642784401553736 hm1_norm_Δρ=0.0032798416697195827  error_V_h1=0.4934058513586787  α = 0.0
 29   -21.48244908990      -14.45       -2.52     199s
    hm1_norm_ρdiff=0.0006239774078136974 hm1_norm_Δρ=0.0005750970966820356  error_V_h1=0.4934058513587051  α = 3.57e-16
 30   -21.48244908990   +  -14.45        0.53     176s
    hm1_norm_ρdiff=1.3434539278684312 hm1_norm_Δρ=1.3436304679960203  error_V_h1=0.4934058513586791  α = 0.0
 31   -21.48244908990   +  -14.45       -2.52     137s
    hm1_norm_ρdiff=0.0006239774078209103 hm1_norm_Δρ=0.0005750970966782536  error_V_h1=0.493405851358698  α = 0.0
 32   -21.48244908990      -14.45       -2.52     167s
    hm1_norm_ρdiff=0.0006239774078146905 hm1_norm_Δρ=0.0005750970966834237  error_V_h1=0.49340585135849174  α = 4.83e-14
 33   -21.48244908990   +    -Inf       -0.69     265s
    hm1_norm_ρdiff=0.04277283777297884 hm1_norm_Δρ=0.042852701338257415  error_V_h1=0.4934058513298251  α = 1.27e-13
 34   -21.48244908990      -14.45       -2.58     182s
    hm1_norm_ρdiff=0.0010369685672256966 hm1_norm_Δρ=0.001210373943696093  error_V_h1=0.493405851329724  α = 5.66e-14
 35   -21.48244908990   +  -14.45       -1.72     147s
    hm1_norm_ρdiff=0.00809694801272254 hm1_norm_Δρ=0.008332416783475795  error_V_h1=0.4934058513295711  α = 0.0
 36   -21.48244908990      -14.15       -2.52     157s
    hm1_norm_ρdiff=0.000623977406703841 hm1_norm_Δρ=0.0005750970957420037  error_V_h1=0.4934058513272055  α = 6.54e-13
 37   -21.48244908990   +  -14.15       -2.32     141s
    hm1_norm_ρdiff=0.001862263824646256 hm1_norm_Δρ=0.0021128772456793557  error_V_h1=0.4934058513273046  α = 0.0
 38   -21.48244908990      -14.15       -2.52     279s
    hm1_norm_ρdiff=0.0006239774065513068 hm1_norm_Δρ=0.0005750970956613582  error_V_h1=0.4934058513271062  α = 3.58e-14
 39   -21.48244908990   +  -13.97       -0.63     156s
    hm1_norm_ρdiff=0.05085032861321412 hm1_norm_Δρ=0.050936137698386494  error_V_h1=0.4934058513269178  α = 0.0
 40   -21.48244908990      -14.15       -2.52     190s
    hm1_norm_ρdiff=0.0006239774066078099 hm1_norm_Δρ=0.0005750970956295921  error_V_h1=0.4934058512153016  α = 3.08e-11
 41   -21.48244908990   +    -Inf       -2.27     139s
    hm1_norm_ρdiff=0.002238675561628891 hm1_norm_Δρ=0.0021173668721372356  error_V_h1=0.4934058512152561  α = 0.0
 42   -21.48244908990   +  -14.45       -2.52     135s
    hm1_norm_ρdiff=0.000623977402542852 hm1_norm_Δρ=0.0005750970895476417  error_V_h1=0.4934058512152932  α = 0.0
 43   -21.48244908990   +    -Inf       -2.52     364s
    hm1_norm_ρdiff=0.0006239774025327035 hm1_norm_Δρ=0.0005750970895467398  error_V_h1=0.49340585121313024  α = 6.17e-13
 44   -21.48244908990   +  -14.15       -2.33     141s
    hm1_norm_ρdiff=0.002100289639880591 hm1_norm_Δρ=0.0019209581833641916  error_V_h1=0.4934058512131144  α = 0.0
 45   -21.48244908990      -14.45       -2.52     269s
    hm1_norm_ρdiff=0.0006239774024697406 hm1_norm_Δρ=0.000575097089435304  error_V_h1=0.49340585120796093  α = 1.43e-12
 46   -21.48244908990   +    -Inf       -2.30     195s
    hm1_norm_ρdiff=0.001972223909537244 hm1_norm_Δρ=0.001917139509291442  error_V_h1=0.49340585120748803  α = 1.16e-13
 47   -21.48244908990   +    -Inf       -2.62     220s
    hm1_norm_ρdiff=0.0005202499497237018 hm1_norm_Δρ=0.0006556324322235485  error_V_h1=0.4934058512074586  α = 3.69e-15

#-- |ρε - ρref| = 0.0003538226885623808 vs. 5.623413251903491e-8 = δ*ε  error_V_h1=0.4934058512074586  Qε=0.8555755535420339


# --- ε=3.162277660168379e-6

n     Energy            log10(ΔE)   log10(Δρ)   Δtime
---   ---------------   ---------   ---------   ------
  1   -21.48201243779                   -0.89    69.3s
    hm1_norm_ρdiff=0.08194461188260414 hm1_norm_Δρ=0.08174935800972596  error_V_h1=1.5234665797103621  α = 0.00166
  2   -21.48203532271       -4.64       -1.80    45.9s
    hm1_norm_ρdiff=0.0068015652599041215 hm1_norm_Δρ=0.006749420441591375  error_V_h1=1.1016237088550391  α = 0.0101
  3   -21.48203994629       -5.34       -2.10    46.2s
    hm1_norm_ρdiff=0.0031419395229636024 hm1_norm_Δρ=0.0031083809087975966  error_V_h1=0.9762777561382746  α = 0.0103
  4   -21.48204313305       -5.50       -2.23    46.8s
    hm1_norm_ρdiff=0.002127935633055805 hm1_norm_Δρ=0.0020916284179916277  error_V_h1=0.855725385297896  α = 0.0103
  5   -21.48204313306      -13.50       -2.84     186s
    hm1_norm_ρdiff=0.00044973600929790967 hm1_norm_Δρ=0.00037051076933493864  error_V_h1=0.8557253807251887  α = 1.33e-9
  6   -21.48204313306   +    -Inf       -2.84     273s
    hm1_norm_ρdiff=0.0005041574937612102 hm1_norm_Δρ=0.0004447110404422904  error_V_h1=0.8557253807247345  α = 3.39e-14
  7   -21.48204313306   +    -Inf       -0.29     232s
    hm1_norm_ρdiff=0.23577778005750383 hm1_norm_Δρ=0.23587782014457845  error_V_h1=0.8557253807224354  α = 2.59e-15
Trying again without preconditioner ...
n     Energy            log10(ΔE)   log10(Δρ)   Δtime
---   ---------------   ---------   ---------   ------
  1   -21.48204842034                   -1.06    72.9s
    hm1_norm_ρdiff=0.036212360154524205 hm1_norm_Δρ=0.03612288686237658  error_V_h1=0.6788544571440311  α = 0.000565
  2   -21.48205012478       -5.77       -1.43    56.0s
    hm1_norm_ρdiff=0.01293766026757772 hm1_norm_Δρ=0.013078405453371382  error_V_h1=0.5693474412455387  α = 0.0015
  3   -21.48205012478      -13.45       -1.88     324s
    hm1_norm_ρdiff=0.003977355834543588 hm1_norm_Δρ=0.003906784609008609  error_V_h1=0.5693474392902428  α = 9.83e-11
  4   -21.48205012478   +  -14.45       -1.77     146s
    hm1_norm_ρdiff=0.005370740217572778 hm1_norm_Δρ=0.005416877806558689  error_V_h1=0.569347439290294  α = 0.0
  5   -21.48205027276       -6.83       -1.77    62.0s
    hm1_norm_ρdiff=0.008260390432922236 hm1_norm_Δρ=0.008088959495506066  error_V_h1=0.5521274122753057  α = 0.000522
  6   -21.48205027276      -13.97       -1.66     270s
    hm1_norm_ρdiff=0.007153051467803603 hm1_norm_Δρ=0.007181412817362402  error_V_h1=0.552127409939547  α = 9.43e-11
  7   -21.48205027276   +  -14.15       -1.94     145s
    hm1_norm_ρdiff=0.002980795859539461 hm1_norm_Δρ=0.0030008723471226686  error_V_h1=0.5521274099395472  α = 0.0
  8   -21.48205027276      -13.85       -1.96     286s
    hm1_norm_ρdiff=0.0033900287790432607 hm1_norm_Δρ=0.00337405838256654  error_V_h1=0.5521274099160427  α = 1.86e-12
  9   -21.48205027276   +  -14.45       -1.77     150s
    hm1_norm_ρdiff=0.007235533940670599 hm1_norm_Δρ=0.007089417051457185  error_V_h1=0.5521274099160429  α = 0.0
 10   -21.48205027276   +    -Inf       -1.96     146s
    hm1_norm_ρdiff=0.0033900287718119054 hm1_norm_Δρ=0.003374058375135353  error_V_h1=0.5521274099160141  α = 0.0
 11   -21.48205027276   +    -Inf       -1.96     249s
    hm1_norm_ρdiff=0.0033900287718238997 hm1_norm_Δρ=0.0033740583751513146  error_V_h1=0.5521274099151788  α = 7.93e-14

#-- |ρε - ρref| = 0.00020239705747609048 vs. 3.162277660168379e-8 = δ*ε  error_V_h1=0.5521274099151788  Qε=0.8155231703545055


# --- ε=1.778279410038923e-6

n     Energy            log10(ΔE)   log10(Δρ)   Δtime
---   ---------------   ---------   ---------   ------
  1   -21.48176968275                   -0.89    67.6s
    hm1_norm_ρdiff=0.08204435966761733 hm1_norm_Δρ=0.08197228233621788  error_V_h1=2.3455074757711603  α = 0.00141
  2   -21.48178612732       -4.78       -1.77    50.4s
    hm1_norm_ρdiff=0.007147380305796451 hm1_norm_Δρ=0.007111362672535768  error_V_h1=1.9883525901913075  α = 0.00437
  3   -21.48178944936       -5.48       -2.03    51.2s
    hm1_norm_ρdiff=0.003574067987631372 hm1_norm_Δρ=0.0035548549004642805  error_V_h1=1.8791729903751704  α = 0.00415
  4   -21.48179108865       -5.79       -2.06    51.4s
    hm1_norm_ρdiff=0.00317591078588549 hm1_norm_Δρ=0.003159950381759623  error_V_h1=1.7802709390408473  α = 0.00372
  5   -21.48179108865      -13.85       -2.53     302s
    hm1_norm_ρdiff=0.0007822062558819101 hm1_norm_Δρ=0.0007642387554707687  error_V_h1=1.7802709388611273  α = 1.37e-11
  6   -21.48179108865   +  -14.15       -2.28     144s
    hm1_norm_ρdiff=0.0017196591847542166 hm1_norm_Δρ=0.001723520875999256  error_V_h1=1.7802709388598592  α = 0.0
  7   -21.48181063763       -4.71       -1.26    55.8s
    hm1_norm_ρdiff=0.033443420601218445 hm1_norm_Δρ=0.0335579127577353  error_V_h1=1.1689779367519717  α = 0.00139
  8   -21.48181067461       -7.43       -2.46    61.7s
    hm1_norm_ρdiff=0.001351471224263799 hm1_norm_Δρ=0.001376377679986817  error_V_h1=1.1455066526765512  α = 0.00205
  9   -21.48181067461      -13.60       -2.19     274s
    hm1_norm_ρdiff=0.002412898337057214 hm1_norm_Δρ=0.0024121188485128784  error_V_h1=1.1455066521724186  α = 2.3e-11
 10   -21.48181067461      -14.45       -1.85     298s
    hm1_norm_ρdiff=0.004277815772661964 hm1_norm_Δρ=0.004254378425754035  error_V_h1=1.1455066521581967  α = 3.45e-13
 11   -21.48181067461   +    -Inf       -2.09     199s
    hm1_norm_ρdiff=0.0023138481822298175 hm1_norm_Δρ=0.0022820396917902328  error_V_h1=1.1455066521559105  α = 2.46e-13
 12   -21.48181067461   +  -14.15       -2.31     141s
    hm1_norm_ρdiff=0.0013241152154479985 hm1_norm_Δρ=0.0013190503465583924  error_V_h1=1.1455066521557642  α = 0.0
 13   -21.48181407045       -5.47       -1.60    56.9s
    hm1_norm_ρdiff=0.01504808711148633 hm1_norm_Δρ=0.014956379614796194  error_V_h1=0.9921340615230346  α = 0.00142
 14   -21.48181407045      -13.97       -2.85     220s
    hm1_norm_ρdiff=0.00047793827134680084 hm1_norm_Δρ=0.00048277623691598393  error_V_h1=0.9921340599609277  α = 2.56e-10
 15   -21.48181407045      -14.45       -1.71     153s
    hm1_norm_ρdiff=0.006725517116798116 hm1_norm_Δρ=0.006729966450127095  error_V_h1=0.9921340599618077  α = 0.0
 16   -21.48181454663       -6.32       -1.93    57.9s
    hm1_norm_ρdiff=0.006930741310810024 hm1_norm_Δρ=0.007033276449616836  error_V_h1=0.94922429239047  α = 0.00149
 17   -21.48181454663      -13.41       -2.82     200s
    hm1_norm_ρdiff=0.00046280377003973794 hm1_norm_Δρ=0.0004537060637245047  error_V_h1=0.9492242920247518  α = 5.95e-11
 18   -21.48181454663      -14.45       -1.85     225s
    hm1_norm_ρdiff=0.005103322134751675 hm1_norm_Δρ=0.005086177107365873  error_V_h1=0.9492242920242626  α = 7.47e-15
 19   -21.48181454663   +  -14.45       -0.70     160s
    hm1_norm_ρdiff=0.08378828133721176 hm1_norm_Δρ=0.08381253425949585  error_V_h1=0.9492242920242748  α = 0.0
 20   -21.48181468943       -6.85       -2.18    60.5s
    hm1_norm_ρdiff=0.003990172105935159 hm1_norm_Δρ=0.0038901061242219504  error_V_h1=0.9371393253411171  α = 0.00045
 21   -21.48181468943      -13.50       -2.67     225s
    hm1_norm_ρdiff=0.0005956592783205448 hm1_norm_Δρ=0.0006011945438795647  error_V_h1=0.937139325264425  α = 9.24e-12
 22   -21.48181468943      -14.15       -1.96     189s
    hm1_norm_ρdiff=0.003943283357732433 hm1_norm_Δρ=0.00390690130082674  error_V_h1=0.9371393252504896  α = 5.99e-13
 23   -21.48181468943   +  -13.97       -1.83     153s
    hm1_norm_ρdiff=0.0049166588733912985 hm1_norm_Δρ=0.004904883572374044  error_V_h1=0.9371393252511359  α = 0.0
 24   -21.48181468943      -13.75       -2.43     268s
    hm1_norm_ρdiff=0.00218741860902148 hm1_norm_Δρ=0.0020880220741938873  error_V_h1=0.9371393221495699  α = 2.49e-10
 25   -21.48181468943   +    -Inf       -2.32     208s
    hm1_norm_ρdiff=0.0012956453888375741 hm1_norm_Δρ=0.0013153287291229935  error_V_h1=0.9371393221255847  α = 1.31e-12
 26   -21.48181468943      -14.45       -1.98     164s
    hm1_norm_ρdiff=0.003690033784671635 hm1_norm_Δρ=0.003656200034853686  error_V_h1=0.9371393221261798  α = 2.64e-15
 27   -21.48181468943   +  -14.45       -0.09     165s
    hm1_norm_ρdiff=0.39241308171387684 hm1_norm_Δρ=0.39247298308368694  error_V_h1=0.9371393221254926  α = 0.0
 28   -21.48181468943      -14.15       -2.43     296s
    hm1_norm_ρdiff=0.0021874180790200197 hm1_norm_Δρ=0.0020880215445775677  error_V_h1=0.9371393221230259  α = 2.25e-13
 29   -21.48181468943   +  -13.97       -2.27     141s
    hm1_norm_ρdiff=0.0015559446792587836 hm1_norm_Δρ=0.001515258643178664  error_V_h1=0.9371393221235416  α = 0.0
 30   -21.48181468943      -14.15       -2.43     313s
    hm1_norm_ρdiff=0.0021874180788173637 hm1_norm_Δρ=0.0020880215443774314  error_V_h1=0.9371393221034497  α = 1.65e-12
 31   -21.48181468943   +  -14.45       -2.32     135s
    hm1_norm_ρdiff=0.001287492284185696 hm1_norm_Δρ=0.001304361501535329  error_V_h1=0.9371393221034178  α = 0.0
 32   -21.48181468943      -14.45       -2.43     254s
    hm1_norm_ρdiff=0.0021874180753873288 hm1_norm_Δρ=0.0020880215409499517  error_V_h1=0.937139322103123  α = 3.55e-14
 33   -21.48181468943   +  -14.45       -1.47     155s
    hm1_norm_ρdiff=0.018339517773656968 hm1_norm_Δρ=0.01824384888666823  error_V_h1=0.9371393221030786  α = 0.0
 34   -21.48181468943      -14.45       -2.43     247s
    hm1_norm_ρdiff=0.002187418075306202 hm1_norm_Δρ=0.002088021540868973  error_V_h1=0.9371393221030877  α = 2.59e-15
 35   -21.48181468943   +  -14.45       -0.22     126s
    hm1_norm_ρdiff=0.28055772263861684 hm1_norm_Δρ=0.2805024847261429  error_V_h1=0.9371393221030896  α = 0.0
 36   -21.48181468943   +    -Inf       -2.43     340s
    hm1_norm_ρdiff=0.002187418075307571 hm1_norm_Δρ=0.0020880215408704108  error_V_h1=0.9371393221026432  α = 6.61e-14
 37   -21.48181468943      -14.15       -0.57     236s
    hm1_norm_ρdiff=0.1507983069119849 hm1_norm_Δρ=0.15069950257204665  error_V_h1=0.9371393220954098  α = 5.63e-15
 38   -21.48181468943   +  -14.15       -2.28     140s
    hm1_norm_ρdiff=0.0014549882498450795 hm1_norm_Δρ=0.0014555945918577568  error_V_h1=0.9371393220954015  α = 0.0
 39   -21.48181468943      -14.45       -2.43     431s
    hm1_norm_ρdiff=0.0021874180738853345 hm1_norm_Δρ=0.002088021539451361  error_V_h1=0.9371393220955238  α = 6.01e-15
 40   -21.48181468943   +  -13.97       -1.19     155s
    hm1_norm_ρdiff=0.03566734309046247 hm1_norm_Δρ=0.0355708554884333  error_V_h1=0.9371393220955133  α = 0.0
 41   -21.48181468943      -14.15       -2.43     234s
    hm1_norm_ρdiff=0.00218741807353606 hm1_norm_Δρ=0.0020880215394860377  error_V_h1=0.937139319803877  α = 1.84e-10
 42   -21.48181468943   +    -Inf       -2.32     255s
    hm1_norm_ρdiff=0.0012956391066890145 hm1_norm_Δρ=0.0013153071984851  error_V_h1=0.9371393198028553  α = 4.78e-14
 43   -21.48181468943   +    -Inf       -0.99     181s
    hm1_norm_ρdiff=0.03749861199415566 hm1_norm_Δρ=0.03754625734708006  error_V_h1=0.937139319794573  α = 2.61e-14
Trying again without preconditioner ...
n     Energy            log10(ΔE)   log10(Δρ)   Δtime
---   ---------------   ---------   ---------   ------
  1   -21.48181487846                   -1.51    72.6s
    hm1_norm_ρdiff=0.010212511964876103 hm1_norm_Δρ=0.010137258153225918  error_V_h1=0.8955391378123393  α = 0.000497
  2   -21.48181487846      -13.09       -1.02     254s
    hm1_norm_ρdiff=0.025788514592328466 hm1_norm_Δρ=0.02583019061340749  error_V_h1=0.8955389937127298  α = 4.58e-10
  3   -21.48181487846      -14.45       -1.41     228s
    hm1_norm_ρdiff=0.011540457745320566 hm1_norm_Δρ=0.011554869165941672  error_V_h1=0.8955389937120264  α = 2.02e-14
  4   -21.48181487846   +  -13.97       -0.86     157s
    hm1_norm_ρdiff=0.056136748920565305 hm1_norm_Δρ=0.05619899781725002  error_V_h1=0.8955389937109596  α = 0.0
  5   -21.48181489460       -7.79       -1.59    83.8s
    hm1_norm_ρdiff=0.010107113090181053 hm1_norm_Δρ=0.0101731460933508  error_V_h1=0.8847279835050906  α = 0.000136
  6   -21.48181489460      -13.75       -1.18     303s
    hm1_norm_ρdiff=0.014330703663575424 hm1_norm_Δρ=0.014302847860422985  error_V_h1=0.884727983161193  α = 2.02e-12
  7   -21.48181489460   +  -14.15       -1.47     150s
    hm1_norm_ρdiff=0.0083591440332856 hm1_norm_Δρ=0.008376464006392186  error_V_h1=0.8847279831612421  α = 0.0
  8   -21.48181489460      -13.85       -1.77     364s
    hm1_norm_ρdiff=0.0050145524914751135 hm1_norm_Δρ=0.005062209303505507  error_V_h1=0.8847279831370491  α = 5.18e-13
  9   -21.48181489460   +  -13.97       -0.93     155s
    hm1_norm_ρdiff=0.031962625846397814 hm1_norm_Δρ=0.03194223834194945  error_V_h1=0.8847279831370441  α = 0.0
 10   -21.48181489460   +    -Inf       -1.77     256s
    hm1_norm_ρdiff=0.005014552485176679 hm1_norm_Δρ=0.005062209297165265  error_V_h1=0.8847279831352974  α = 2.12e-14
 11   -21.48181489460      -14.45       -0.33     224s
    hm1_norm_ρdiff=0.17462052630875827 hm1_norm_Δρ=0.17467843227823454  error_V_h1=0.8847279831314876  α = 3.13e-15
 12   -21.48181489460      -14.45       -0.87     226s
    hm1_norm_ρdiff=0.04224399436125613 hm1_norm_Δρ=0.042272615991854466  error_V_h1=0.8847279831298742  α = 9.04e-15
 13   -21.48181489460   +  -14.15       -0.95     156s
    hm1_norm_ρdiff=0.04641470373032109 hm1_norm_Δρ=0.04649790936742558  error_V_h1=0.8847279831299623  α = 0.0
 14   -21.48181489460      -13.75       -1.77     321s
    hm1_norm_ρdiff=0.0050145524849890795 hm1_norm_Δρ=0.005062209296985559  error_V_h1=0.8847279830942844  α = 7.11e-13
 15   -21.48181489460      -14.15       -0.86     204s
    hm1_norm_ρdiff=0.03452271462026311 hm1_norm_Δρ=0.0344961400577954  error_V_h1=0.8847279830905435  α = 1.49e-14
 16   -21.48181489460   +    -Inf       -0.96     256s
    hm1_norm_ρdiff=0.039938226003011924 hm1_norm_Δρ=0.03997568656115351  error_V_h1=0.8847279830904261  α = 7.36e-16
 17   -21.48181489460   +  -14.45       -0.19     161s
    hm1_norm_ρdiff=0.3044995431386441 hm1_norm_Δρ=0.304565487226176  error_V_h1=0.8847279830903327  α = 0.0
 18   -21.48181489460   +    -Inf       -1.77     151s
    hm1_norm_ρdiff=0.005014552476064098 hm1_norm_Δρ=0.0050622092879940754  error_V_h1=0.8847279830903608  α = 0.0
 19   -21.48181489460   +    -Inf       -1.77     273s
    hm1_norm_ρdiff=0.005014552476045531 hm1_norm_Δρ=0.005062209287975298  error_V_h1=0.8847279830900143  α = 8.32e-15

#-- |ρε - ρref| = 0.00011552821599982917 vs. 1.7782794100389228e-8 = δ*ε  error_V_h1=0.8847279830900143  Qε=0.8458422335444685


# --- ε=1.0e-6

n     Energy            log10(ΔE)   log10(Δρ)   Δtime
---   ---------------   ---------   ---------   ------
  1   -21.48166076510                   -0.90    75.0s
    hm1_norm_ρdiff=0.08052130297164822 hm1_norm_Δρ=0.08046234612291522  error_V_h1=2.385937389996398  α = 0.000564
  2   -21.48166340141       -5.58       -1.78    51.7s
    hm1_norm_ρdiff=0.006955042284158452 hm1_norm_Δρ=0.006944085690413674  error_V_h1=2.2096245984782446  α = 0.004
  3   -21.48166512234       -5.76       -1.91    56.5s
    hm1_norm_ρdiff=0.004684988002319433 hm1_norm_Δρ=0.004668366888023173  error_V_h1=2.0966775439549754  α = 0.00125
  4   -21.48166531762       -6.71       -1.77    56.0s
    hm1_norm_ρdiff=0.0058976717071498866 hm1_norm_Δρ=0.005886665186710267  error_V_h1=1.9676948703656303  α = 0.00106
  5   -21.48166531762      -14.45       -2.02     270s
    hm1_norm_ρdiff=0.002424298074392392 hm1_norm_Δρ=0.00241552376378194  error_V_h1=1.9676948697872039  α = 8.33e-12
  6   -21.48166531762   +  -14.45       -1.88     150s
    hm1_norm_ρdiff=0.004115936181133543 hm1_norm_Δρ=0.004123824504464325  error_V_h1=1.9676948697880834  α = 0.0
  7   -21.48167004045       -5.33       -1.69    55.7s
    hm1_norm_ρdiff=0.008193387840425573 hm1_norm_Δρ=0.008203984425865032  error_V_h1=1.7220629961396663  α = 0.0016
  8   -21.48167014974       -6.96       -2.13    76.9s
    hm1_norm_ρdiff=0.00407217420438009 hm1_norm_Δρ=0.004118089714882405  error_V_h1=1.6830591318334158  α = 0.000758
  9   -21.48167014974      -13.45       -1.64     256s
    hm1_norm_ρdiff=0.010803477635234952 hm1_norm_Δρ=0.010765065495708118  error_V_h1=1.6830591272119673  α = 3.15e-11
 10   -21.48167014974   +  -14.45       -1.66     149s
    hm1_norm_ρdiff=0.006293497965526196 hm1_norm_Δρ=0.006302384543095947  error_V_h1=1.683059127211838  α = 0.0
 11   -21.48167015323       -8.46       -2.30     160s
    hm1_norm_ρdiff=0.0024123104727951043 hm1_norm_Δρ=0.0023747076874469485  error_V_h1=1.6785822928131293  α = 0.00015
 12   -21.48167015323      -14.15       -1.73     314s
    hm1_norm_ρdiff=0.00823714633921097 hm1_norm_Δρ=0.00828192645802346  error_V_h1=1.6785822927459675  α = 6.47e-13
 13   -21.48167015323   +    -Inf       -1.01     193s
    hm1_norm_ρdiff=0.036965589526311016 hm1_norm_Δρ=0.036984437259548406  error_V_h1=1.6785822927243303  α = 4.92e-14
 14   -21.48167015323      -14.45       -1.56     193s
    hm1_norm_ρdiff=0.009881672925859382 hm1_norm_Δρ=0.009895023571126772  error_V_h1=1.6785822927000704  α = 2.29e-13
 15   -21.48167015323   +  -14.15       -1.27     156s
    hm1_norm_ρdiff=0.02282966122812502 hm1_norm_Δρ=0.02283675599728829  error_V_h1=1.67858229270037  α = 0.0
 16   -21.48167015323   +    -Inf       -2.37     383s
    hm1_norm_ρdiff=0.00201788591492617 hm1_norm_Δρ=0.0019835756387881895  error_V_h1=1.678582292678817  α = 8.72e-13
 17   -21.48167015323      -14.45       -1.81     170s
    hm1_norm_ρdiff=0.004482592334707736 hm1_norm_Δρ=0.0045074774937795825  error_V_h1=1.6785822926782077  α = 4.76e-15
 18   -21.48167015323   +  -14.45       -0.10     166s
    hm1_norm_ρdiff=0.38706956063692116 hm1_norm_Δρ=0.387106087394243  error_V_h1=1.6785822926782479  α = 0.0
 19   -21.48167015323   +    -Inf       -2.37     278s
    hm1_norm_ρdiff=0.002017885913324225 hm1_norm_Δρ=0.0019835756371917377  error_V_h1=1.678582292647166  α = 1.22e-12
 20   -21.48167015323   +  -14.45       -1.70     157s
    hm1_norm_ρdiff=0.00784969878295755 hm1_norm_Δρ=0.007892858953699863  error_V_h1=1.6785822926471463  α = 0.0
 21   -21.48167015323      -14.45       -2.37     295s
    hm1_norm_ρdiff=0.0020178859109759666 hm1_norm_Δρ=0.001983575634858783  error_V_h1=1.678582292640793  α = 2.56e-13
 22   -21.48167015323   +    -Inf       -1.80     238s
    hm1_norm_ρdiff=0.0045107085204129605 hm1_norm_Δρ=0.004533804775938279  error_V_h1=1.6785822926387235  α = 1.98e-14
 23   -21.48167015323   +  -14.45       -0.60     155s
    hm1_norm_ρdiff=0.1180522743696364 hm1_norm_Δρ=0.1180901295639646  error_V_h1=1.6785822926387466  α = 0.0
 24   -21.48167015323   +    -Inf       -2.37     323s
    hm1_norm_ρdiff=0.0020178859105058006 hm1_norm_Δρ=0.0019835756343896892  error_V_h1=1.6785822926329341  α = 2.55e-13
 25   -21.48167015323   +    -Inf       -1.79     209s
    hm1_norm_ρdiff=0.004988378668997503 hm1_norm_Δρ=0.0049543503800183655  error_V_h1=1.6785822926321627  α = 6.55e-15
Trying again without preconditioner ...
n     Energy            log10(ΔE)   log10(Δρ)   Δtime
---   ---------------   ---------   ---------   ------
  1   -21.48167048909                   -1.31    72.8s
    hm1_norm_ρdiff=0.013987397076243411 hm1_norm_Δρ=0.013970599033414988  error_V_h1=1.5804583519440702  α = 0.000489
  2   -21.48167052923       -7.40       -0.64     175s
    hm1_norm_ρdiff=0.0734311003027939 hm1_norm_Δρ=0.07345094773437172  error_V_h1=1.550923907357851  α = 2.56e-5
  3   -21.48167052923      -13.67       -0.99     208s
    hm1_norm_ρdiff=0.03275194394067237 hm1_norm_Δρ=0.03277436701388302  error_V_h1=1.5509239072383223  α = 2.81e-13
  4   -21.48167052923   +  -14.15       -0.57     160s
    hm1_norm_ρdiff=0.11777145308948248 hm1_norm_Δρ=0.11779652277158481  error_V_h1=1.5509239072382766  α = 0.0
  5   -21.48167057965       -7.30       -1.34    77.8s
    hm1_norm_ρdiff=0.018245298619598404 hm1_norm_Δρ=0.018262660749933057  error_V_h1=1.5283613911088278  α = 0.000105
  6   -21.48167057965      -13.50       -1.10     354s
    hm1_norm_ρdiff=0.02102196504033195 hm1_norm_Δρ=0.02104494778012811  error_V_h1=1.528361390920314  α = 5.2e-13
  7   -21.48167057965   +    -Inf       -0.47     160s
    hm1_norm_ρdiff=0.14176117759798584 hm1_norm_Δρ=0.14178870665043578  error_V_h1=1.5283613909203726  α = 0.0
  8   -21.48167057965   +  -14.15       -1.65     155s
    hm1_norm_ρdiff=0.007306028459918501 hm1_norm_Δρ=0.007318185738604866  error_V_h1=1.528361390920343  α = 0.0
  9   -21.48167057965      -14.45       -1.65     245s
    hm1_norm_ρdiff=0.007306028459895498 hm1_norm_Δρ=0.007318185738582126  error_V_h1=1.5283613909178586  α = 2.01e-14
 10   -21.48167057965   +    -Inf        0.08     256s
    hm1_norm_ρdiff=0.593926104994109 hm1_norm_Δρ=0.5939657187180409  error_V_h1=1.5283613909145881  α = 8.24e-16
 11   -21.48167057965   +    -Inf       -0.20     162s
    hm1_norm_ρdiff=0.30602834074620444 hm1_norm_Δρ=0.30606556032593085  error_V_h1=1.5283613909147278  α = 0.0

#-- |ρε - ρref| = 6.745639989652106e-5 vs. 1.0e-8 = δ*ε  error_V_h1=1.5283613909147278  Qε=0.8738096490009727


# --- ε=5.62341325190349e-7

n     Energy            log10(ΔE)   log10(Δρ)   Δtime
---   ---------------   ---------   ---------   ------
  1   -21.48156333398                   -0.89    75.1s
    hm1_norm_ρdiff=0.08105907290448239 hm1_norm_Δρ=0.081038116800467  error_V_h1=3.760800317035128  α = 0.00047
  2   -21.48156737864       -5.39       -1.80    55.7s
    hm1_norm_ρdiff=0.006670579498550399 hm1_norm_Δρ=0.006657611233445958  error_V_h1=3.5270497232510882  α = 0.00145
  3   -21.48156766335       -6.55       -1.66    72.8s
    hm1_norm_ρdiff=0.008123360159547245 hm1_norm_Δρ=0.0081164704987948  error_V_h1=3.442604232605187  α = 0.000458
  4   -21.48156766335      -13.41       -1.38     207s
    hm1_norm_ρdiff=0.014387618699211678 hm1_norm_Δρ=0.014384692480878168  error_V_h1=3.4426042302042044  α = 3.9e-12
  5   -21.48156766335   +    -Inf       -1.42     182s
    hm1_norm_ρdiff=0.014152387728412102 hm1_norm_Δρ=0.014159007464567486  error_V_h1=3.4426042302027096  α = 6.41e-16
  6   -21.48156766335   +  -13.97       -0.09     152s
    hm1_norm_ρdiff=0.3985462851835457 hm1_norm_Δρ=0.3985602294848737  error_V_h1=3.442604230203849  α = 0.0
  7   -21.48157505527       -5.13       -1.18    60.3s
    hm1_norm_ρdiff=0.03987798718882316 hm1_norm_Δρ=0.03991639177699933  error_V_h1=3.095881265582953  α = 0.00048
  8   -21.48157505527      -13.45       -2.20     191s
    hm1_norm_ρdiff=0.0024671478978123425 hm1_norm_Δρ=0.0024687990579882815  error_V_h1=3.0958812394847204  α = 3.85e-10
  9   -21.48157505527   +  -13.97       -1.47     152s
    hm1_norm_ρdiff=0.012091547585146856 hm1_norm_Δρ=0.012097001080625192  error_V_h1=3.0958812394837323  α = 0.0
 10   -21.48157672699       -5.78       -1.40    61.9s
    hm1_norm_ρdiff=0.02329349421306669 hm1_norm_Δρ=0.023267370381654988  error_V_h1=2.9879953125416567  α = 0.000515
 11   -21.48157672699      -13.45       -2.28     226s
    hm1_norm_ρdiff=0.001986980183176601 hm1_norm_Δρ=0.001991040256196532  error_V_h1=2.987995311980891  α = 9.27e-12
 12   -21.48157672699   +  -14.45       -0.99     158s
    hm1_norm_ρdiff=0.04366718894768168 hm1_norm_Δρ=0.04367554613889617  error_V_h1=2.9879953119839175  α = 0.0
 13   -21.48157710551       -6.42       -1.58    63.2s
    hm1_norm_ρdiff=0.015937451476507415 hm1_norm_Δρ=0.01597216752586492  error_V_h1=2.9369977531471254  α = 0.000536
 14   -21.48157710551      -13.60       -2.29     249s
    hm1_norm_ρdiff=0.00173123621481899 hm1_norm_Δρ=0.0017278999298618745  error_V_h1=2.9369977522773767  α = 1.55e-11
 15   -21.48157710551   +  -14.45       -0.68     159s
    hm1_norm_ρdiff=0.09764195612561831 hm1_norm_Δρ=0.09765797369928929  error_V_h1=2.9369977522756328  α = 0.0
 16   -21.48157770615       -6.22       -1.69    67.3s
    hm1_norm_ρdiff=0.01218284523555564 hm1_norm_Δρ=0.012149368639972838  error_V_h1=2.898776840457896  α = 0.000148
 17   -21.48157770615      -13.37       -2.25     272s
    hm1_norm_ρdiff=0.0017209378710827024 hm1_norm_Δρ=0.0017189559375153114  error_V_h1=2.898776840242937  α = 3.32e-12
 18   -21.48157770615   +    -Inf       -0.59     270s
    hm1_norm_ρdiff=0.12068843832065376 hm1_norm_Δρ=0.12070398046092533  error_V_h1=2.8987768402428924  α = 6.06e-16
 19   -21.48157770615   +    -Inf       -0.09     150s
    hm1_norm_ρdiff=0.40156808082443957 hm1_norm_Δρ=0.40158903572498805  error_V_h1=2.8987768402432392  α = 0.0
Trying again without preconditioner ...
n     Energy            log10(ΔE)   log10(Δρ)   Δtime
---   ---------------   ---------   ---------   ------
  1   -21.48157821133                   -1.18    76.5s
    hm1_norm_ρdiff=0.025752292700379514 hm1_norm_Δρ=0.025725375552361675  error_V_h1=2.8176782595290093  α = 0.000146
  2   -21.48157835790       -6.83       -0.33     175s
    hm1_norm_ρdiff=0.20450535514319912 hm1_norm_Δρ=0.20452486093740155  error_V_h1=2.7469886587267225  α = 1.81e-5
  3   -21.48157835790      -13.75       -0.50     354s
    hm1_norm_ρdiff=0.1424909056513997 hm1_norm_Δρ=0.1425116537956862  error_V_h1=2.746988658669056  α = 8.32e-14
  4   -21.48157835790   +    -Inf        0.05     231s
    hm1_norm_ρdiff=0.5444884161687349 hm1_norm_Δρ=0.5445090006255752  error_V_h1=2.7469886586653818  α = 7.15e-15
  5   -21.48157835790      -14.45        0.11     259s
    hm1_norm_ρdiff=0.6227867012097522 hm1_norm_Δρ=0.6228075185759009  error_V_h1=2.746988658665502  α = 3.94e-16
  6   -21.48157835790   +  -14.45        0.13     161s
    hm1_norm_ρdiff=0.6575340211308708 hm1_norm_Δρ=0.6575550945986878  error_V_h1=2.7469886586655505  α = 0.0
  7   -21.48157835790      -14.45       -1.33     299s
    hm1_norm_ρdiff=0.018861043173388325 hm1_norm_Δρ=0.018879923033737606  error_V_h1=2.746988658664843  α = 2.06e-15
  8   -21.48157835790   +  -14.45        0.14     167s
    hm1_norm_ρdiff=0.6871739856732748 hm1_norm_Δρ=0.6871964968710425  error_V_h1=2.746988658665086  α = 0.0
  9   -21.48157835790   +    -Inf       -1.33     163s
    hm1_norm_ρdiff=0.01886104317326859 hm1_norm_Δρ=0.01887992303361789  error_V_h1=2.7469886586649883  α = 0.0
 10   -21.48157835790   +    -Inf       -1.33     304s
    hm1_norm_ρdiff=0.018861043173191767 hm1_norm_Δρ=0.018879923033541142  error_V_h1=2.746988658664199  α = 1.45e-15

#-- |ρε - ρref| = 4.140034109020601e-5 vs. 5.62341325190349e-9 = δ*ε  error_V_h1=2.746988658664199  Qε=0.8737294217027364


# --- ε=3.162277660168379e-7

n     Energy            log10(ΔE)   log10(Δρ)   Δtime
---   ---------------   ---------   ---------   ------
  1   -21.48150641370                   -0.93    80.0s
    hm1_norm_ρdiff=0.07588035723240434 hm1_norm_Δρ=0.0758620858336733  error_V_h1=5.4025701091680824  α = 0.000188
  2   -21.48150886679       -5.61       -1.68    61.5s
    hm1_norm_ρdiff=0.008699277619366135 hm1_norm_Δρ=0.008689871386937767  error_V_h1=5.234563046190302  α = 0.000369
  3   -21.48150897240       -6.98       -1.22     173s
    hm1_norm_ρdiff=0.023784678700954034 hm1_norm_Δρ=0.023782168768891908  error_V_h1=5.184906348364536  α = 6.08e-5
  4   -21.48150897240      -13.97       -0.69     228s
    hm1_norm_ρdiff=0.0960939079199544 hm1_norm_Δρ=0.09610443956449603  error_V_h1=5.184906347331292  α = 4.2e-13
  5   -21.48150897240      -14.15       -0.57     240s
    hm1_norm_ρdiff=0.12880596662608598 hm1_norm_Δρ=0.12881639105571735  error_V_h1=5.184906347329209  α = 7.28e-16
  6   -21.48150897240   +  -13.97       -0.09     145s
    hm1_norm_ρdiff=0.4008972416384301 hm1_norm_Δρ=0.40090844184534496  error_V_h1=5.184906347330564  α = 0.0
  7   -21.48150905465       -7.08       -1.90     144s
    hm1_norm_ρdiff=0.0059173768738800285 hm1_norm_Δρ=0.0059283182950955905  error_V_h1=5.145220345801285  α = 0.000295
  8   -21.48150905465      -13.30       -0.77     211s
    hm1_norm_ρdiff=0.07386047886821726 hm1_norm_Δρ=0.07386149967805937  error_V_h1=5.145220343415349  α = 9.2e-13
  9   -21.48150905465   +    -Inf       -0.42     218s
    hm1_norm_ρdiff=0.17896942544730224 hm1_norm_Δρ=0.1789796513714175  error_V_h1=5.145220343409622  α = 1.83e-15
 10   -21.48150905465   +  -14.15       -0.12     162s
    hm1_norm_ρdiff=0.3707071299462934 hm1_norm_Δρ=0.37071928445164115  error_V_h1=5.1452203434099255  α = 0.0
 11   -21.48150905504       -9.41       -2.17     196s
    hm1_norm_ρdiff=0.004103457350799483 hm1_norm_Δρ=0.004080955744224611  error_V_h1=5.144985558709126  α = 1.78e-6
 12   -21.48150905504   +  -14.15       -0.41     156s
    hm1_norm_ρdiff=0.18684917895206132 hm1_norm_Δρ=0.1868593888025669  error_V_h1=5.144985558708099  α = 0.0
 13   -21.48150905504   +    -Inf       -2.17     359s
    hm1_norm_ρdiff=0.004066271289727039 hm1_norm_Δρ=0.004043748901254075  error_V_h1=5.144985558704413  α = 5.48e-14
 14   -21.48150905504      -14.45       -0.19     214s
    hm1_norm_ρdiff=0.30132772107063166 hm1_norm_Δρ=0.301335555922178  error_V_h1=5.144985558693134  α = 9.63e-16
 15   -21.48150905504   +    -Inf       -0.30     157s
    hm1_norm_ρdiff=0.24387717699561928 hm1_norm_Δρ=0.2438883739665047  error_V_h1=5.1449855586924995  α = 0.0
 16   -21.48150905504   +    -Inf       -2.17     214s
    hm1_norm_ρdiff=0.0040662712879172246 hm1_norm_Δρ=0.004043748899443595  error_V_h1=5.1449855586925874  α = 4.3e-15
Trying again without preconditioner ...
n     Energy            log10(ΔE)   log10(Δρ)   Δtime
---   ---------------   ---------   ---------   ------
  1   -21.48151075434                   -1.10    80.8s
    hm1_norm_ρdiff=0.02179770959596904 hm1_norm_Δρ=0.02179018194192765  error_V_h1=4.8221095577154705  α = 0.000291
  2   -21.48151086086       -6.97        0.01     171s
    hm1_norm_ρdiff=0.5133741703424377 hm1_norm_Δρ=0.5133868789287314  error_V_h1=4.7799455552750985  α = 3.37e-6
  3   -21.48151086086      -14.15        0.02     212s
    hm1_norm_ρdiff=0.5121339850883518 hm1_norm_Δρ=0.5121458674037153  error_V_h1=4.7799455540075355  α = 1.81e-13
  4   -21.48151086086   +    -Inf        0.11     217s
    hm1_norm_ρdiff=0.6323497687836901 hm1_norm_Δρ=0.6323615023217789  error_V_h1=4.7799455540045885  α = 7.34e-16
  5   -21.48151086086   +  -14.15        0.13     154s
    hm1_norm_ρdiff=0.6543286097050616 hm1_norm_Δρ=0.6543403804715401  error_V_h1=4.779945554004251  α = 0.0
  6   -21.48151088697       -7.58       -1.08     223s
    hm1_norm_ρdiff=0.0360541415004235 hm1_norm_Δρ=0.036067587420513185  error_V_h1=4.767317913499442  α = 1.4e-5
  7   -21.48151088697      -14.15        0.04     245s
    hm1_norm_ρdiff=0.5344833618377677 hm1_norm_Δρ=0.5344953143094702  error_V_h1=4.767317913464222  α = 2.76e-15
  8   -21.48151088697   +  -14.45        0.13     148s
    hm1_norm_ρdiff=0.668138804875519 hm1_norm_Δρ=0.6681507247346544  error_V_h1=4.767317913466752  α = 0.0
  9   -21.48151088697      -14.15       -1.19     220s
    hm1_norm_ρdiff=0.026587105299768852 hm1_norm_Δρ=0.026600668024346262  error_V_h1=4.767317912860983  α = 9.08e-13
 10   -21.48151088697   +    -Inf        0.10     221s
    hm1_norm_ρdiff=0.6138570006248716 hm1_norm_Δρ=0.6138689303098317  error_V_h1=4.767317912853797  α = 5.83e-16
 11   -21.48151088697   +  -13.97        0.13     157s
    hm1_norm_ρdiff=0.6611883831986721 hm1_norm_Δρ=0.6612002760817046  error_V_h1=4.767317912854522  α = 0.0
 12   -21.48151088697      -13.85       -1.19     243s
    hm1_norm_ρdiff=0.02658710490968986 hm1_norm_Δρ=0.026600667634361277  error_V_h1=4.767317909976597  α = 4.28e-12
 13   -21.48151088697   +  -14.45        0.10     157s
    hm1_norm_ρdiff=0.613799681071213 hm1_norm_Δρ=0.6138116106872542  error_V_h1=4.7673179099774075  α = 0.0
 14   -21.48151088697      -14.45       -1.19     344s
    hm1_norm_ρdiff=0.026587103028263753 hm1_norm_Δρ=0.026600665752937718  error_V_h1=4.7673179099766205  α = 1.14e-15
 15   -21.48151088697   +  -14.45        0.12     168s
    hm1_norm_ρdiff=0.6459604562847227 hm1_norm_Δρ=0.645972498665078  error_V_h1=4.767317909977198  α = 0.0
 16   -21.48151088697   +    -Inf       -1.19     158s
    hm1_norm_ρdiff=0.02658710302853034 hm1_norm_Δρ=0.026600665753204415  error_V_h1=4.767317909976164  α = 0.0
 17   -21.48151088697   +  -14.45       -1.19     159s
    hm1_norm_ρdiff=0.026587103027116976 hm1_norm_Δρ=0.02660066575179084  error_V_h1=4.76731790997616  α = 0.0
 18   -21.48151088697   +    -Inf       -1.19     353s
    hm1_norm_ρdiff=0.026587103027231284 hm1_norm_Δρ=0.02660066575190546  error_V_h1=4.7673179099678595  α = 8.81e-15
 19   -21.48151088697   +  -14.15        0.11     162s
    hm1_norm_ρdiff=0.6350135632142123 hm1_norm_Δρ=0.6350256460015791  error_V_h1=4.767317909966681  α = 0.0
 20   -21.48151088697      -13.85       -1.19     264s
    hm1_norm_ρdiff=0.02658710301886756 hm1_norm_Δρ=0.02660066574354697  error_V_h1=4.767317909762791  α = 3.09e-13
 21   -21.48151088697   +  -14.15        0.10     153s
    hm1_norm_ρdiff=0.6147486835556567 hm1_norm_Δρ=0.614760611093484  error_V_h1=4.767317909762642  α = 0.0
 22   -21.48151088697      -14.45       -1.19     306s
    hm1_norm_ρdiff=0.026587102888785193 hm1_norm_Δρ=0.026600665613466534  error_V_h1=4.767317909755498  α = 7.19e-15
 23   -21.48151088697   +  -14.15        0.11     158s
    hm1_norm_ρdiff=0.6305883646740857 hm1_norm_Δρ=0.6306003733210901  error_V_h1=4.7673179097543175  α = 0.0
 24   -21.48151088697      -14.45       -1.19     283s
    hm1_norm_ρdiff=0.026587102880225335 hm1_norm_Δρ=0.02660066560490575  error_V_h1=4.767317909754717  α = 1.96e-15
 25   -21.48151088697      -14.15        0.12     260s
    hm1_norm_ρdiff=0.6548623686619526 hm1_norm_Δρ=0.6548744769198093  error_V_h1=4.767317909691664  α = 4.51e-16
 26   -21.48151088697   +    -Inf        0.11     331s
    hm1_norm_ρdiff=0.6275934224649676 hm1_norm_Δρ=0.6276052967944095  error_V_h1=4.767317909668013  α = 2.24e-15
 27   -21.48151088697   +    -Inf        0.12     157s
    hm1_norm_ρdiff=0.6494199464161804 hm1_norm_Δρ=0.6494319855196521  error_V_h1=4.767317909667634  α = 0.0

#-- |ρε - ρref| = 2.7436956603305076e-5 vs. 3.162277660168379e-9 = δ*ε  error_V_h1=4.767317909667634  Qε=0.9245349022373573


# --- ε=1.7782794100389227e-7

n     Energy            log10(ΔE)   log10(Δρ)   Δtime
---   ---------------   ---------   ---------   ------
  1   -21.48144228283                   -0.94    76.4s
    hm1_norm_ρdiff=0.0724131332811402 hm1_norm_Δρ=0.0724077525796907  error_V_h1=8.993651973888747  α = 0.000173
  2   -21.48144247094       -6.73       -1.61     146s
    hm1_norm_ρdiff=0.010247554350872287 hm1_norm_Δρ=0.010243063159786039  error_V_h1=8.947450931539153  α = 9.98e-5
  3   -21.48144247094      -14.15       -0.44     253s
    hm1_norm_ρdiff=0.1706656421678874 hm1_norm_Δρ=0.17066739172139417  error_V_h1=8.947450930391824  α = 4.7e-13
  4   -21.48144247094      -14.45       -0.13     214s
    hm1_norm_ρdiff=0.3659378324150874 hm1_norm_Δρ=0.3659412190413417  error_V_h1=8.947450930385559  α = 1.42e-15
  5   -21.48144247094   +  -14.45       -0.08     148s
    hm1_norm_ρdiff=0.4063777024892227 hm1_norm_Δρ=0.40638105657557316  error_V_h1=8.947450930386426  α = 0.0
  6   -21.48144350986       -5.98       -1.04    65.6s
    hm1_norm_ρdiff=0.0540821159369028 hm1_norm_Δρ=0.05409626362325708  error_V_h1=8.853524340435694  α = 0.00018
  7   -21.48144350986      -13.85       -1.88     273s
    hm1_norm_ρdiff=0.00571698643362846 hm1_norm_Δρ=0.005715940394976539  error_V_h1=8.853524339287228  α = 6.78e-12
  8   -21.48144350986   +  -14.45       -0.12     151s
    hm1_norm_ρdiff=0.3798671697531378 hm1_norm_Δρ=0.37987604583387874  error_V_h1=8.853524339279357  α = 0.0
  9   -21.48144407902       -6.24       -1.11    65.5s
    hm1_norm_ρdiff=0.04719764896995093 hm1_norm_Δρ=0.04719146928773975  error_V_h1=8.781726687213391  α = 0.00018
 10   -21.48144407902      -13.60       -1.95     269s
    hm1_norm_ρdiff=0.0047388326413286014 hm1_norm_Δρ=0.0047373945062707  error_V_h1=8.781726686914462  α = 1.63e-12
 11   -21.48144407902   +  -14.45       -0.11     150s
    hm1_norm_ρdiff=0.38233613256106386 hm1_norm_Δρ=0.38234053395429507  error_V_h1=8.78172668691479  α = 0.0
 12   -21.48144428025       -6.70       -1.16    65.7s
    hm1_norm_ρdiff=0.04086816646267181 hm1_norm_Δρ=0.040881263338435926  error_V_h1=8.728681590150332  α = 0.00018
 13   -21.48144428025      -13.55       -1.88     179s
    hm1_norm_ρdiff=0.005503280171921636 hm1_norm_Δρ=0.005505826011494477  error_V_h1=8.728681589951265  α = 1.59e-12
 14   -21.48144428025   +    -Inf       -0.12     153s
    hm1_norm_ρdiff=0.37423762991504167 hm1_norm_Δρ=0.37424581863885115  error_V_h1=8.728681589949819  α = 0.0
 15   -21.48144608482       -5.74       -1.23    70.2s
    hm1_norm_ρdiff=0.035495869264699255 hm1_norm_Δρ=0.03548405283919339  error_V_h1=8.624019549336749  α = 4.79e-5
 16   -21.48144608482      -13.97       -1.76     326s
    hm1_norm_ρdiff=0.00752829881837527 hm1_norm_Δρ=0.007531727197697242  error_V_h1=8.624019549361151  α = 1.43e-13
 17   -21.48144608482   +  -13.97       -0.09     144s
    hm1_norm_ρdiff=0.4032010427817746 hm1_norm_Δρ=0.4032082404564075  error_V_h1=8.6240195493705  α = 0.0
 18   -21.48144640139       -6.50       -1.53    76.0s
    hm1_norm_ρdiff=0.0176947918524328 hm1_norm_Δρ=0.01768463285298193  error_V_h1=8.583409148064508  α = 9.89e-5
 19   -21.48144640139      -13.45       -0.95     222s
    hm1_norm_ρdiff=0.05300635729025089 hm1_norm_Δρ=0.05301128946303749  error_V_h1=8.583409147785817  α = 5.25e-13
 20   -21.48144640139   +  -14.45       -0.12     151s
    hm1_norm_ρdiff=0.37361487986526903 hm1_norm_Δρ=0.373621210265856  error_V_h1=8.58340914778616  α = 0.0
 21   -21.48144640139      -14.45       -2.51     270s
    hm1_norm_ρdiff=0.0012109877563086084 hm1_norm_Δρ=0.0012129893407044285  error_V_h1=8.583409147781968  α = 7.52e-14
 22   -21.48144640139   +  -14.45       -0.09     140s
    hm1_norm_ρdiff=0.4024975941261951 hm1_norm_Δρ=0.4025039095178163  error_V_h1=8.583409147781996  α = 0.0
 23   -21.48144640139   +    -Inf       -2.51     285s
    hm1_norm_ρdiff=0.0012109877562432058 hm1_norm_Δρ=0.0012129893406385471  error_V_h1=8.583409147776319  α = 1.02e-13
 24   -21.48144640139   +  -14.45       -0.09     137s
    hm1_norm_ρdiff=0.4017972334045812 hm1_norm_Δρ=0.40180356286153  error_V_h1=8.58340914777659  α = 0.0
 25   -21.48144640139   +    -Inf       -2.51     268s
    hm1_norm_ρdiff=0.0012109877554753502 hm1_norm_Δρ=0.0012129893398635247  error_V_h1=8.583409147773283  α = 7.75e-14
 26   -21.48144640139   +  -14.15       -0.08     143s
    hm1_norm_ρdiff=0.4044990337875725 hm1_norm_Δρ=0.4045053444385797  error_V_h1=8.583409147775207  α = 0.0
 27   -21.48144640139      -14.45       -2.51     234s
    hm1_norm_ρdiff=0.0012109877531696729 hm1_norm_Δρ=0.001212989337532226  error_V_h1=8.58340914769612  α = 1.52e-12
 28   -21.48144640139   +    -Inf       -0.09     135s
    hm1_norm_ρdiff=0.401305471963158 hm1_norm_Δρ=0.40131175928397983  error_V_h1=8.583409147695967  α = 0.0
 29   -21.48144640139   +  -13.97       -2.51     135s
    hm1_norm_ρdiff=0.001210987748346028 hm1_norm_Δρ=0.0012129893326652049  error_V_h1=8.583409147695956  α = 0.0
 30   -21.48144640139      -13.97       -2.51     262s
    hm1_norm_ρdiff=0.001210987748567676 hm1_norm_Δρ=0.001212989332891153  error_V_h1=8.583409147564307  α = 2.48e-12
 31   -21.48144640139   +    -Inf       -0.09     135s
    hm1_norm_ρdiff=0.4003093560113234 hm1_norm_Δρ=0.40031564401628167  error_V_h1=8.583409147564778  α = 0.0
 32   -21.48144640139   +    -Inf       -2.51     285s
    hm1_norm_ρdiff=0.0012109877421786295 hm1_norm_Δρ=0.0012129893264478003  error_V_h1=8.58340914756438  α = 3.2e-16
Trying again without preconditioner ...
n     Energy            log10(ΔE)   log10(Δρ)   Δtime
---   ---------------   ---------   ---------   ------
  1   -21.48144640139                   -1.01     256s
    hm1_norm_ρdiff=0.03642870670006861 hm1_norm_Δρ=0.03643253245048987  error_V_h1=8.583409147559685  α = 3.13e-15
  2   -21.48144640139   +    -Inf        0.14     154s
    hm1_norm_ρdiff=0.6874131692774124 hm1_norm_Δρ=0.6874202619155853  error_V_h1=8.583409147559703  α = 0.0

#-- |ρε - ρref| = 2.2870988313574005e-5 vs. 1.7782794100389228e-9 = δ*ε  error_V_h1=8.583409147559703  Qε=0.9014333961054053


# --- ε=1.0e-7

n     Energy            log10(ΔE)   log10(Δρ)   Δtime
---   ---------------   ---------   ---------   ------
  1   -21.48136326531                   -0.90    81.6s
    hm1_norm_ρdiff=0.07970355825274367 hm1_norm_Δρ=0.07969773145087619  error_V_h1=15.566299854129339  α = 5.93e-5
  2   -21.48136373147       -6.33       -1.33     170s
    hm1_norm_ρdiff=0.020311278397990663 hm1_norm_Δρ=0.020309780130667202  error_V_h1=15.473051489514232  α = 6.22e-5
  3   -21.48136373147      -13.60       -0.15     240s
    hm1_norm_ρdiff=0.3463370185877321 hm1_norm_Δρ=0.34634035299479193  error_V_h1=15.473051489422712  α = 4.98e-15
  4   -21.48136373147      -14.45       -0.12     202s
    hm1_norm_ρdiff=0.37622402125113685 hm1_norm_Δρ=0.37622750851162073  error_V_h1=15.473051489417275  α = 2.53e-16
  5   -21.48136373147   +  -13.85       -0.09     148s
    hm1_norm_ρdiff=0.4003730318891751 hm1_norm_Δρ=0.40037644773100006  error_V_h1=15.473051489421104  α = 0.0
  6   -21.48136373147      -14.15       -1.79     237s
    hm1_norm_ρdiff=0.0077779364783329705 hm1_norm_Δρ=0.007780452141081899  error_V_h1=15.47305148936505  α = 1.43e-13
  7   -21.48136373147   +  -13.85       -0.09     151s
    hm1_norm_ρdiff=0.40094498766291725 hm1_norm_Δρ=0.4009484585398227  error_V_h1=15.473051489364522  α = 0.0
  8   -21.48136373147      -13.75       -1.79     271s
    hm1_norm_ρdiff=0.007777936463683284 hm1_norm_Δρ=0.007780452126431364  error_V_h1=15.47305148898102  α = 9.08e-13
  9   -21.48136373147   +    -Inf       -0.09     256s
    hm1_norm_ρdiff=0.39674297094415584 hm1_norm_Δρ=0.3967464124248344  error_V_h1=15.47305148897686  α = 1.42e-16
 10   -21.48136373147   +    -Inf       -0.08     150s
    hm1_norm_ρdiff=0.4096982304967765 hm1_norm_Δρ=0.409701717689524  error_V_h1=15.473051488976825  α = 0.0
Trying again without preconditioner ...
n     Energy            log10(ΔE)   log10(Δρ)   Δtime
---   ---------------   ---------   ---------   ------
  1   -21.48136626458                   -0.56     192s
    hm1_norm_ρdiff=0.12063758804072804 hm1_norm_Δρ=0.12064161358817146  error_V_h1=15.187976260178402  α = 5.25e-5
  2   -21.48136737038       -5.96        0.14     176s
    hm1_norm_ρdiff=0.6868419468387222 hm1_norm_Δρ=0.6868461337790158  error_V_h1=14.993942534551303  α = 8.08e-7
  3   -21.48136737038      -13.34        0.13     281s
    hm1_norm_ρdiff=0.6580434877403428 hm1_norm_Δρ=0.6580475235698829  error_V_h1=14.993942533361194  α = 1.49e-14
  4   -21.48136737038   +  -14.15        0.14     157s
    hm1_norm_ρdiff=0.6642443181157851 hm1_norm_Δρ=0.6642482983387806  error_V_h1=14.993942533361876  α = 0.0
  5   -21.48136737038   +    -Inf       -0.74     354s
    hm1_norm_ρdiff=0.08023725318667412 hm1_norm_Δρ=0.08024068472023117  error_V_h1=14.993942533287045  α = 3.11e-14
  6   -21.48136737038   +    -Inf        0.14     151s
    hm1_norm_ρdiff=0.6692158980750482 hm1_norm_Δρ=0.6692199370127149  error_V_h1=14.993942533287356  α = 0.0

#-- |ρε - ρref| = 2.0109342032473958e-5 vs. 1.0e-9 = δ*ε  error_V_h1=14.993942533287356  Qε=0.9152799917288972

|v-vref|h1 = [0.8847279830900143, 1.5283613909147278, 2.746988658664199, 4.767317909667634, 8.583409147559703, 14.993942533287356]
|v-vref|l2 = [0.1776910842285397, 0.3064526388353685, 0.5545234831130492, 0.950969084313741, 1.7065500166766885, 2.9588467371349516]
 ────────────────────────────────────────────────────────────────────────────────
                                        Time                    Allocations      
                               ───────────────────────   ────────────────────────
       Tot / % measured:            26.1h /  80.1%           49.3TiB /  49.0%    

 Section               ncalls     time    %tot     avg     alloc    %tot      avg
 ────────────────────────────────────────────────────────────────────────────────
 DftHamiltonian mul...   855k    8.31h   39.8%  35.0ms   4.86TiB   20.1%  5.96MiB
   nonlocal              855k    4.29h   20.5%  18.0ms   3.20TiB   13.3%  3.92MiB
   local+kinetic        3.42M    2.74h   13.1%  2.89ms   19.9GiB    0.1%  6.09KiB
 compute_density        15.9k    7.42h   35.6%   1.68s    820GiB    3.3%  52.8MiB
   symmetrize_ρ         15.9k    5.15h   24.7%   1.17s    353GiB    1.4%  22.7MiB
 energy_hamiltonian     15.2k    4.89h   23.4%   1.16s   18.1TiB   74.9%  1.22GiB
   ene_ops              15.2k    2.92h   14.0%   689ms   1.81TiB    7.5%   124MiB
     ene_ops: nonlocal  15.2k    1.73h    8.3%   409ms    118GiB    0.5%  7.93MiB
     ene_ops: dualmap   15.2k    1.06h    5.1%   252ms   1.34TiB    5.5%  92.0MiB
     ene_ops: kinetic   15.2k     341s    0.5%  22.4ms   4.08GiB    0.0%   281KiB
     ene_ops: hartree   15.2k    75.6s    0.1%  4.97ms    298GiB    1.2%  20.0MiB
     ene_ops: local     15.2k    9.23s    0.0%   606μs   60.1GiB    0.2%  4.04MiB
 ortho_qr               37.9k     605s    0.8%  15.9ms    282GiB    1.1%  7.61MiB
 PlaneWaveBasis            29     269s    0.4%   9.29s    127GiB    0.5%  4.40GiB
   Instantiation At...     29     199s    0.3%   6.85s   97.9GiB    0.4%  3.38GiB
   build_kpoints           29    10.3s    0.0%   357ms   12.0GiB    0.0%   422MiB
   Instantiation Du...     29    7.74s    0.0%   267ms   2.50GiB    0.0%  88.3MiB
   Instantiation At...     29    7.38s    0.0%   255ms   5.92GiB    0.0%   209MiB
     enforce_real!         29   84.3ms    0.0%  2.91ms    116KiB    0.0%  3.98KiB
   Instantiation Ki...     29    539ms    0.0%  18.6ms   1.32GiB    0.0%  46.6MiB
   Instantiation Ewald     29    182ms    0.0%  6.29ms    104KiB    0.0%  3.59KiB
     precomp: Ewald        29    182ms    0.0%  6.27ms   62.1KiB    0.0%  2.14KiB
   Instantiation Ha...     29    151ms    0.0%  5.20ms    174MiB    0.0%  6.01MiB
     enforce_real!         29   79.2ms    0.0%  2.73ms    116KiB    0.0%  3.98KiB
   _check_kpoint_re...     29    102ms    0.0%  3.52ms     0.00B    0.0%    0.00B
   Instantiation Ps...     29    911μs    0.0%  31.4μs    378KiB    0.0%  13.0KiB
 load_scfres                1    27.4s    0.0%   27.4s   7.57GiB    0.0%  7.57GiB
   energy_hamiltonian       1    11.3s    0.0%   11.3s   1.43GiB    0.0%  1.43GiB
     ene_ops                1    10.3s    0.0%   10.3s    342MiB    0.0%   342MiB
       ene_ops: xc          1    8.72s    0.0%   8.72s    293MiB    0.0%   293MiB
       ene_ops: non...      1    592ms    0.0%   592ms   9.47MiB    0.0%  9.47MiB
       ene_ops: kin...      1   41.4ms    0.0%  41.4ms    324KiB    0.0%   324KiB
       ene_ops: har...      1   12.9ms    0.0%  12.9ms   20.0MiB    0.0%  20.0MiB
       ene_ops: local       1   1.41ms    0.0%  1.41ms   4.04MiB    0.0%  4.04MiB
   Instantiation At...      1    4.76s    0.0%   4.76s   3.45GiB    0.0%  3.45GiB
   Instantiation At...      1    1.60s    0.0%   1.60s    316MiB    0.0%   316MiB
     enforce_real!          1   2.96ms    0.0%  2.96ms   3.98KiB    0.0%  3.98KiB
   Instantiation Xc         1    511ms    0.0%   511ms    168MiB    0.0%   168MiB
     enforce_real!          1   3.01ms    0.0%  3.01ms   3.98KiB    0.0%  3.98KiB
   Instantiation Ps...      1    218ms    0.0%   218ms   20.2MiB    0.0%  20.2MiB
   build_kpoints            1    150ms    0.0%   150ms    422MiB    0.0%   422MiB
   Instantiation Ki...      1   12.6ms    0.0%  12.6ms   46.6MiB    0.0%  46.6MiB
   Instantiation Ewald      1   10.4ms    0.0%  10.4ms   43.2KiB    0.0%  43.2KiB
     precomp: Ewald         1   10.2ms    0.0%  10.2ms   40.4KiB    0.0%  40.4KiB
   Instantiation Ha...      1   5.15ms    0.0%  5.15ms   6.01MiB    0.0%  6.01MiB
     enforce_real!          1   2.66ms    0.0%  2.66ms   3.98KiB    0.0%  3.98KiB
   _check_kpoint_re...      1   3.48ms    0.0%  3.48ms     0.00B    0.0%    0.00B
 save_scfres                2    7.92s    0.0%   3.96s    711MiB    0.0%   356MiB
 symmetry_operations       29    242ms    0.0%  8.34ms   12.2MiB    0.0%   431KiB
   _check_symmetries       29   4.94ms    0.0%   170μs   5.18MiB    0.0%   183KiB
 ────────────────────────────────────────────────────────────────────────────────
