
DFTK Version      0.6.16
Julia Version     1.10.4
FFTW.jl provider  fftw v3.3.10

BLAS.get_config()
  LinearAlgebra.BLAS.LBTConfig
  Libraries: 
  └ [ILP64] libopenblas64_.so

MPI.versioninfo()
  MPIPreferences:
    binary:  MPICH_jll
    abi:     MPICH
  
  Package versions
    MPI.jl:             0.20.16
    MPIPreferences.jl:  0.1.10
    MPICH_jll:          4.1.2+1
  
  Library information:
    libmpi:  /home/herbst/.julia/artifacts/0ed4137b58af5c5e3797cb0c400e60ed7c308bae/lib/libmpi.so
    libmpi dlpath:  /home/herbst/.julia/artifacts/0ed4137b58af5c5e3797cb0c400e60ed7c308bae/lib/libmpi.so
    MPI version:  4.0.0
    Library version:  
      MPICH Version:      4.1.2
      MPICH Release date: Wed Jun  7 15:22:45 CDT 2023
      MPICH ABI:          15:1:3
      MPICH Device:       ch3:nemesis
      MPICH configure:    --prefix=/workspace/destdir --build=x86_64-linux-musl --host=x86_64-linux-gnu --enable-shared=yes --enable-static=no --with-device=ch3 --disable-dependency-tracking --enable-fast=all,O3 --docdir=/tmp --mandir=/tmp
      MPICH CC:           cc    -DNDEBUG -DNVALGRIND -O3
      MPICH CXX:          c++   -DNDEBUG -DNVALGRIND -O3
      MPICH F77:          gfortran   -O3
      MPICH FC:           gfortran   -O3
      
  


truncated grid size:(50, 50, 50)
|ρref - ρorig|hm1 = 3.2669847604526844e-5
|ρref - ρorig|l2  = 0.000177910365159823

# --- ε=1.0

n     Energy            log10(ΔE)   log10(Δρ)   Δtime
---   ---------------   ---------   ---------   ------
  1   -21.62786604040                   -0.78    41.3s
    hm1_norm_ρdiff=0.0005852755247896746 hm1_norm_Δρ=0.10656382524275637  error_V_h1=5.087732448700593  α = 1.0
  2   -21.66354282017       -1.45       -1.40    17.1s
    hm1_norm_ρdiff=0.10599151693863591 hm1_norm_Δρ=0.024833184685329135  error_V_h1=5.0894979906282725  α = 1.0
  3   -21.66518325586       -2.79       -1.81    13.1s
    hm1_norm_ρdiff=0.08223839651109872 hm1_norm_Δρ=0.008400350818336063  error_V_h1=5.090024254108588  α = 1.0
  4   -21.67119558607       -2.22       -1.93    15.2s
    hm1_norm_ρdiff=0.0743510684466903 hm1_norm_Δρ=0.007256618888951807  error_V_h1=5.089509192461723  α = 1.0

#-- |ρε - ρref| = 0.0836760463170198 vs. 0.01 = δ*ε  error_V_h1=5.089367631560477  Qε=0.000380088509844388


# --- ε=0.5623413251903491

n     Energy            log10(ΔE)   log10(Δρ)   Δtime
---   ---------------   ---------   ---------   ------
  1   -21.67196803403                   -2.79    31.0s
    hm1_norm_ρdiff=0.08367604885689298 hm1_norm_Δρ=0.000947506503419419  error_V_h1=5.084742493005532  α = 1.0
  2   -21.67234455082       -3.42       -3.13    12.6s
    hm1_norm_ρdiff=0.08275567619301041 hm1_norm_Δρ=0.00034544656453251813  error_V_h1=5.084761420031064  α = 1.0

#-- |ρε - ρref| = 0.08377778062738232 vs. 0.005623413251903491 = δ*ε  error_V_h1=5.084620348170169  Qε=0.0007091051113645935


# --- ε=0.31622776601683794

n     Energy            log10(ΔE)   log10(Δρ)   Δtime
---   ---------------   ---------   ---------   ------
  1   -21.67206713454                   -3.09    38.0s
    hm1_norm_ρdiff=0.08391706633969147 hm1_norm_Δρ=0.00038821860007213436  error_V_h1=5.076218128173469  α = 0.535
  2   -21.67209310119       -4.59       -3.48    13.5s
    hm1_norm_ρdiff=0.08361635136896443 hm1_norm_Δρ=0.00019796283165045346  error_V_h1=5.076260412794711  α = 1.0

#-- |ρε - ρref| = 0.0835028942416094 vs. 0.0031622776601683794 = δ*ε  error_V_h1=5.076248658635907  Qε=0.0013189799051786107


# --- ε=0.1778279410038923

n     Energy            log10(ΔE)   log10(Δρ)   Δtime
---   ---------------   ---------   ---------   ------
  1   -21.67142844796                   -3.26    43.0s
    hm1_norm_ρdiff=0.0835904137761652 hm1_norm_Δρ=0.00025964174392215084  error_V_h1=5.061339676802556  α = 0.526
  2   -21.67143413487       -5.25       -3.67    13.9s
    hm1_norm_ρdiff=0.08340563029761112 hm1_norm_Δρ=0.0001356907297321234  error_V_h1=5.061395022555109  α = 1.0

#-- |ρε - ρref| = 0.08326580304883989 vs. 0.001778279410038923 = δ*ε  error_V_h1=5.061399239475006  Qε=0.0023086044424620506


# --- ε=0.1

n     Energy            log10(ΔE)   log10(Δρ)   Δtime
---   ---------------   ---------   ---------   ------
  1   -21.67023435132                   -3.04    39.1s
    hm1_norm_ρdiff=0.08355862397901415 hm1_norm_Δρ=0.000562555768060895  error_V_h1=5.035111630466483  α = 0.477
  2   -21.67023582866       -5.83       -3.23    20.8s
    hm1_norm_ρdiff=0.08318388483450152 hm1_norm_Δρ=0.0003679126717069118  error_V_h1=5.035241324893653  α = 0.495

#-- |ρε - ρref| = 0.08274925160058985 vs. 0.001 = δ*ε  error_V_h1=5.035289515258698  Qε=0.0038200943746872947


# --- ε=0.05623413251903491

n     Energy            log10(ΔE)   log10(Δρ)   Δtime
---   ---------------   ---------   ---------   ------
  1   -21.66813399257                   -2.76    30.7s
    hm1_norm_ρdiff=0.08274925219074977 hm1_norm_Δρ=0.0010808282793884024  error_V_h1=4.989932078708038  α = 1.0
  2   -21.66813741310       -5.47       -3.61    13.5s
    hm1_norm_ρdiff=0.08166967047942549 hm1_norm_Δρ=0.00015126161436220662  error_V_h1=4.989743814996337  α = 1.0
  3   -21.66813827769       -6.06       -3.56    19.7s
    hm1_norm_ρdiff=0.08172810439968323 hm1_norm_Δρ=0.00017106261511177045  error_V_h1=4.989635537146517  α = 0.501

#-- |ρε - ρref| = 0.08186414491802152 vs. 0.0005623413251903491 = δ*ε  error_V_h1=4.989678939866887  Qε=0.006812724735893831


# --- ε=0.03162277660168379

n     Energy            log10(ΔE)   log10(Δρ)   Δtime
---   ---------------   ---------   ---------   ------
  1   -21.66450996720                   -2.48    31.7s
    hm1_norm_ρdiff=0.08186414890100527 hm1_norm_Δρ=0.0020481582651001523  error_V_h1=4.91228044711124  α = 1.0
  2   -21.66452276634       -4.89       -3.20    13.3s
    hm1_norm_ρdiff=0.07981829896370038 hm1_norm_Δρ=0.0003975036887213796  error_V_h1=4.911390988868428  α = 1.0
  3   -21.66452503068       -5.65       -3.51    20.4s
    hm1_norm_ρdiff=0.08011104910041549 hm1_norm_Δρ=0.00017512178822492365  error_V_h1=4.911220414219738  α = 0.473
  4   -21.66452568170       -6.19       -3.96    14.7s
    hm1_norm_ρdiff=0.08027872435002982 hm1_norm_Δρ=5.951066463552248e-5  error_V_h1=4.911345115521196  α = 1.0

#-- |ρε - ρref| = 0.08014788709643478 vs. 0.00031622776601683794 = δ*ε  error_V_h1=4.911507449729192  Qε=0.012264055858409789


# --- ε=0.01778279410038923

n     Energy            log10(ΔE)   log10(Δρ)   Δtime
---   ---------------   ---------   ---------   ------
  1   -21.65840137117                   -2.25    33.9s
    hm1_norm_ρdiff=0.0801479065603315 hm1_norm_Δρ=0.0034811562698628287  error_V_h1=4.783202905083201  α = 1.0
  2   -21.65844248406       -4.39       -2.90    13.1s
    hm1_norm_ρdiff=0.07667096077213098 hm1_norm_Δρ=0.0007823590777148021  error_V_h1=4.780092824198934  α = 1.0
  3   -21.65844832834       -5.23       -3.28    23.1s
    hm1_norm_ρdiff=0.07729280740835853 hm1_norm_Δρ=0.00029051461341708125  error_V_h1=4.779578039495108  α = 0.509
  4   -21.65845014195       -5.74       -3.73    14.8s
    hm1_norm_ρdiff=0.07756412429533029 hm1_norm_Δρ=0.0001050189347898395  error_V_h1=4.779976560726161  α = 1.0
  5   -21.65845118644       -5.98       -3.62    13.3s
    hm1_norm_ρdiff=0.07746482129053031 hm1_norm_Δρ=0.00013426925727493924  error_V_h1=4.780454938294141  α = 1.0

#-- |ρε - ρref| = 0.07734983814834062 vs. 0.0001778279410038923 = δ*ε  error_V_h1=4.780402329296619  Qε=0.020630078371932516


# --- ε=0.01

n     Energy            log10(ΔE)   log10(Δρ)   Δtime
---   ---------------   ---------   ---------   ------
  1   -21.64845325338                   -2.02    31.9s
    hm1_norm_ρdiff=0.07734993771298429 hm1_norm_Δρ=0.006005986699267576  error_V_h1=4.58035955213743  α = 1.0
  2   -21.64861091252       -3.80       -2.58    13.9s
    hm1_norm_ρdiff=0.07135335934971164 hm1_norm_Δρ=0.0016381954450763489  error_V_h1=4.568857577703061  α = 1.0
  3   -21.64862374740       -4.89       -3.15    19.6s
    hm1_norm_ρdiff=0.07279940131755337 hm1_norm_Δρ=0.0003644381216727361  error_V_h1=4.567895111300902  α = 0.5
  4   -21.64862834068       -5.34       -3.67    12.7s
    hm1_norm_ρdiff=0.07310784384587281 hm1_norm_Δρ=0.00011323031956460602  error_V_h1=4.568592797681302  α = 1.0
  5   -21.64863045118       -5.68       -3.46    12.5s
    hm1_norm_ρdiff=0.07300327796058198 hm1_norm_Δρ=0.00019185409313230448  error_V_h1=4.569790480351297  α = 1.0
  6   -21.64863118141       -6.14       -4.37    13.3s
    hm1_norm_ρdiff=0.07282101043654715 hm1_norm_Δρ=1.8809525120415764e-5  error_V_h1=4.569725194310339  α = 1.0
  7   -21.64863158594       -6.39       -3.93    12.0s
    hm1_norm_ρdiff=0.07283330497057475 hm1_norm_Δρ=6.7235963138395e-5  error_V_h1=4.56928884906425  α = 1.0

#-- |ρε - ρref| = 0.0728944123731975 vs. 0.0001 = δ*ε  error_V_h1=4.569314896076103  Qε=0.03511646134272249


# --- ε=0.005623413251903491

n     Energy            log10(ΔE)   log10(Δρ)   Δtime
---   ---------------   ---------   ---------   ------
  1   -21.63304949635                   -1.79    30.6s
    hm1_norm_ρdiff=0.07289489546835454 hm1_norm_Δρ=0.0101537436880327  error_V_h1=4.293165708236421  α = 1.0
  2   -21.63366859485       -3.21       -2.26    15.6s
    hm1_norm_ρdiff=0.06276175271329217 hm1_norm_Δρ=0.0034514207869649027  error_V_h1=4.250849964879692  α = 1.0
  3   -21.63370056727       -4.50       -2.91    20.3s
    hm1_norm_ρdiff=0.06592160692732645 hm1_norm_Δρ=0.0006169193670506483  error_V_h1=4.248175974088212  α = 0.512
  4   -21.63371164737       -4.96       -3.46    14.4s
    hm1_norm_ρdiff=0.0664162652642061 hm1_norm_Δρ=0.00018785805908918128  error_V_h1=4.250195117448396  α = 1.0
  5   -21.63371618005       -5.34       -3.30    17.1s
    hm1_norm_ρdiff=0.06623872167923828 hm1_norm_Δρ=0.00027135811616068765  error_V_h1=4.253018875293156  α = 1.0
  6   -21.63371830547       -5.67       -4.07    14.2s
    hm1_norm_ρdiff=0.0659868333553244 hm1_norm_Δρ=4.2190403627069844e-5  error_V_h1=4.252654221011229  α = 1.0
  7   -21.63371897671       -6.17       -3.77    17.5s
    hm1_norm_ρdiff=0.06602350217181208 hm1_norm_Δρ=9.373778274142012e-5  error_V_h1=4.251685054146829  α = 1.0
  8   -21.63371952506       -6.26       -4.47    15.1s
    hm1_norm_ρdiff=0.06611121603541398 hm1_norm_Δρ=1.4554135912236074e-5  error_V_h1=4.251765397307034  α = 1.0
  9   -21.63371964695       -6.91       -4.20    13.7s
    hm1_norm_ρdiff=0.06610127679867335 hm1_norm_Δρ=3.492552554752311e-5  error_V_h1=4.252128655432211  α = 1.0

#-- |ρε - ρref| = 0.06607293184548071 vs. 5.6234132519034914e-5 = δ*ε  error_V_h1=4.252102495503454  Qε=0.057219860048033686


# --- ε=0.0031622776601683794

n     Energy            log10(ΔE)   log10(Δρ)   Δtime
---   ---------------   ---------   ---------   ------
  1   -21.61040276252                   -1.58    30.1s
    hm1_norm_ρdiff=0.06607496303675599 hm1_norm_Δρ=0.01635199532589799  error_V_h1=3.966417562222349  α = 1.0
  2   -21.61298061796       -2.59       -1.94    13.1s
    hm1_norm_ρdiff=0.049775601641020864 hm1_norm_Δρ=0.007082057311585188  error_V_h1=3.817209045342671  α = 1.0
  3   -21.61304152197       -4.22       -2.74    23.1s
    hm1_norm_ρdiff=0.05648322634454881 hm1_norm_Δρ=0.0008863780768836282  error_V_h1=3.8116641635811366  α = 0.519
  4   -21.61306340425       -4.66       -3.38    13.4s
    hm1_norm_ρdiff=0.057104319884431404 hm1_norm_Δρ=0.00021389963104920799  error_V_h1=3.81516317138899  α = 1.0
  5   -21.61307099162       -5.12       -3.23    15.3s
    hm1_norm_ρdiff=0.05691009830383672 hm1_norm_Δρ=0.00030827986134243814  error_V_h1=3.8199453206393623  α = 1.0
  6   -21.61307628832       -5.28       -3.89    16.5s
    hm1_norm_ρdiff=0.056647439304067924 hm1_norm_Δρ=5.3473920670921026e-5  error_V_h1=3.8196752738462454  α = 1.0
  7   -21.61307716343       -6.06       -3.66    15.6s
    hm1_norm_ρdiff=0.05667872062349948 hm1_norm_Δρ=0.00011152659039971137  error_V_h1=3.818028720998773  α = 1.0
  8   -21.61307856973       -5.85       -4.13    16.5s
    hm1_norm_ρdiff=0.05677219806917084 hm1_norm_Δρ=3.168376386077836e-5  error_V_h1=3.8181865114149467  α = 1.0
  9   -21.61307866940       -7.00       -4.07    14.6s
    hm1_norm_ρdiff=0.05675513297360781 hm1_norm_Δρ=4.365972084850975e-5  error_V_h1=3.8188534058450068  α = 1.0
 10   -21.61307903543       -6.44       -4.46    13.6s
    hm1_norm_ρdiff=0.05671862849228911 hm1_norm_Δρ=1.5152494537158852e-5  error_V_h1=3.8187640653985104  α = 1.0
 11   -21.61307910360       -7.17       -4.45    23.2s
    hm1_norm_ρdiff=0.056719348849033 hm1_norm_Δρ=1.8256499669374354e-5  error_V_h1=3.8186217006014993  α = 0.494

#-- |ρε - ρref| = 0.05673840090500415 vs. 3.1622776601683795e-5 = δ*ε  error_V_h1=3.8185465677241885  Qε=0.08949847784371419


# --- ε=0.0017782794100389228

n     Energy            log10(ΔE)   log10(Δρ)   Δtime
---   ---------------   ---------   ---------   ------
  1   -21.58724976092                   -1.39    39.5s
    hm1_norm_ρdiff=0.06892758101360728 hm1_norm_Δρ=0.025154685002397502  error_V_h1=3.3544821694296587  α = 0.516
  2   -21.58770192669       -3.34       -2.49    14.9s
    hm1_norm_ρdiff=0.043858985103243237 hm1_norm_Δρ=0.0018385632586954482  error_V_h1=3.296504816299107  α = 1.0
  3   -21.58773043985       -4.54       -2.73    15.4s
    hm1_norm_ρdiff=0.04544889019555705 hm1_norm_Δρ=0.0009218952641542388  error_V_h1=3.2766464701471882  α = 1.0
  4   -21.58783027664       -4.00       -2.96    13.7s
    hm1_norm_ρdiff=0.046154749076543065 hm1_norm_Δρ=0.000578381732731496  error_V_h1=3.291757393146341  α = 1.0
  5   -21.58784322963       -4.89       -3.12    21.8s
    hm1_norm_ρdiff=0.045787862569026186 hm1_norm_Δρ=0.0003991707845086768  error_V_h1=3.2968590372095856  α = 0.509
  6   -21.58784794480       -5.33       -3.91    13.1s
    hm1_norm_ρdiff=0.04545917047652262 hm1_norm_Δρ=6.152832757270011e-5  error_V_h1=3.299044086871468  α = 1.0
  7   -21.58785022095       -5.64       -4.02    14.2s
    hm1_norm_ρdiff=0.04541378433350505 hm1_norm_Δρ=3.979329182638313e-5  error_V_h1=3.2986301699435288  α = 1.0
  8   -21.58785107947       -6.07       -4.09    13.7s
    hm1_norm_ρdiff=0.04543572370405997 hm1_norm_Δρ=3.311654842905026e-5  error_V_h1=3.2978663060697584  α = 1.0
  9   -21.58785146615       -6.41       -4.30    14.0s
    hm1_norm_ρdiff=0.04544443640915677 hm1_norm_Δρ=2.439229308359277e-5  error_V_h1=3.2984220008815224  α = 1.0
 10   -21.58785168740       -6.66       -4.40    14.2s
    hm1_norm_ρdiff=0.045425167158198304 hm1_norm_Δρ=1.7373806393912434e-5  error_V_h1=3.298905518925219  α = 1.0
 11   -21.58785177340       -7.07       -4.72    14.0s
    hm1_norm_ρdiff=0.04541800731223297 hm1_norm_Δρ=9.705472798857017e-6  error_V_h1=3.2986470384881152  α = 1.0

#-- |ρε - ρref| = 0.045431558827945105 vs. 1.778279410038923e-5 = δ*ε  error_V_h1=3.2983808830065255  Qε=0.1321567354533024


# --- ε=0.001

n     Energy            log10(ΔE)   log10(Δρ)   Δtime
---   ---------------   ---------   ---------   ------
  1   -21.55661001139                   -1.24    38.2s
    hm1_norm_ρdiff=0.06209016325524222 hm1_norm_Δρ=0.03588369005887305  error_V_h1=3.1885400813996956  α = 0.537
  2   -21.56105523971       -2.35       -1.91    13.4s
    hm1_norm_ρdiff=0.026445982325938717 hm1_norm_Δρ=0.007380970715899421  error_V_h1=2.76702518075269  α = 1.0
  3   -21.56118172623       -3.90       -2.51    18.9s
    hm1_norm_ρdiff=0.03318176029817493 hm1_norm_Δρ=0.0015061281047972698  error_V_h1=2.7454667450520303  α = 0.522
  4   -21.56121848934       -4.43       -3.10    12.8s
    hm1_norm_ρdiff=0.0340086296329256 hm1_norm_Δρ=0.00034068822019653555  error_V_h1=2.749056055294776  α = 1.0
  5   -21.56123088418       -4.91       -3.25    13.6s
    hm1_norm_ρdiff=0.03381136117519987 hm1_norm_Δρ=0.0003012411426972843  error_V_h1=2.762215004495296  α = 1.0
  6   -21.56123912063       -5.08       -3.40    11.8s
    hm1_norm_ρdiff=0.03357910736496016 hm1_norm_Δρ=0.00016080940392784743  error_V_h1=2.7653554379488243  α = 1.0
  7   -21.56124147739       -5.63       -3.63    12.6s
    hm1_norm_ρdiff=0.033598514586612414 hm1_norm_Δρ=0.0001254291937185264  error_V_h1=2.7588965670364156  α = 1.0
  8   -21.56124292487       -5.84       -3.78    17.2s
    hm1_norm_ρdiff=0.033695184878939716 hm1_norm_Δρ=6.948689668495967e-5  error_V_h1=2.7576109545266063  α = 1.0
  9   -21.56124349807       -6.24       -3.92    18.0s
    hm1_norm_ρdiff=0.033687999865483535 hm1_norm_Δρ=5.996784096656541e-5  error_V_h1=2.760852189138337  α = 1.0
 10   -21.56124377868       -6.55       -4.29    13.9s
    hm1_norm_ρdiff=0.03364632077511741 hm1_norm_Δρ=2.1836204644973567e-5  error_V_h1=2.7611184350981994  α = 1.0
 11   -21.56124391685       -6.86       -4.22    16.4s
    hm1_norm_ρdiff=0.033651316891409114 hm1_norm_Δρ=2.7756517454366648e-5  error_V_h1=2.759695269419571  α = 1.0
 12   -21.56124398262       -7.18       -4.81    15.4s
    hm1_norm_ρdiff=0.03366834925632117 hm1_norm_Δρ=6.567650957116764e-6  error_V_h1=2.7597867617989986  α = 1.0
 13   -21.56124401043       -7.56       -4.56    13.6s
    hm1_norm_ρdiff=0.03366458244842593 hm1_norm_Δρ=1.314894444542479e-5  error_V_h1=2.7604906503087263  α = 1.0
 14   -21.56124402962       -7.72       -5.02    16.6s
    hm1_norm_ρdiff=0.033655955771856254 hm1_norm_Δρ=4.7784642838599496e-6  error_V_h1=2.760275031694386  α = 1.0
 15   -21.56124403355       -8.41       -4.91    13.3s
    hm1_norm_ρdiff=0.033660201605933804 hm1_norm_Δρ=5.185456575004103e-6  error_V_h1=2.7600676408659717  α = 1.0

#-- |ρε - ρref| = 0.033661295736751556 vs. 1.0e-5 = δ*ε  error_V_h1=2.760119115673858  Qε=0.1838817153631258


# --- ε=0.0005623413251903491

n     Energy            log10(ΔE)   log10(Δρ)   Δtime
---   ---------------   ---------   ---------   ------
  1   -21.53571536407                   -1.12    45.0s
    hm1_norm_ρdiff=0.06752622013773185 hm1_norm_Δρ=0.0474999917098529  error_V_h1=2.5205862939827837  α = 0.287
  2   -21.53690269448       -2.93       -2.21    13.9s
    hm1_norm_ρdiff=0.020344534596189144 hm1_norm_Δρ=0.0032415823784050814  error_V_h1=2.307048446437059  α = 1.0
  3   -21.53707520244       -3.76       -2.52    21.6s
    hm1_norm_ρdiff=0.022591285834845105 hm1_norm_Δρ=0.0015335577605361751  error_V_h1=2.2591814213099983  α = 0.504
  4   -21.53708655468       -4.94       -2.83    11.8s
    hm1_norm_ρdiff=0.023477802878972668 hm1_norm_Δρ=0.0005989781310302436  error_V_h1=2.2473157063271993  α = 1.0
  5   -21.53711700337       -4.52       -3.13    11.8s
    hm1_norm_ρdiff=0.02331374241374777 hm1_norm_Δρ=0.0003488761937892805  error_V_h1=2.2764635893945946  α = 1.0
  6   -21.53711794378       -6.03       -3.52    13.3s
    hm1_norm_ρdiff=0.02310852432842429 hm1_norm_Δρ=0.00012698882462814298  error_V_h1=2.2806734190714577  α = 1.0
  7   -21.53712257491       -5.33       -3.60    14.0s
    hm1_norm_ρdiff=0.023140161121519807 hm1_norm_Δρ=0.00011307994388392452  error_V_h1=2.272676700480254  α = 1.0
  8   -21.53712295340       -6.42       -3.94    15.3s
    hm1_norm_ρdiff=0.023188957507559182 hm1_norm_Δρ=5.0581953006926855e-5  error_V_h1=2.2719282964755014  α = 1.0
  9   -21.53712366351       -6.15       -4.30    13.7s
    hm1_norm_ρdiff=0.023172247172123548 hm1_norm_Δρ=2.456005803118707e-5  error_V_h1=2.274526485633305  α = 1.0
 10   -21.53712371108       -7.32       -4.18    14.8s
    hm1_norm_ρdiff=0.023158604592202273 hm1_norm_Δρ=2.8784983179878244e-5  error_V_h1=2.2748965819099998  α = 1.0
 11   -21.53712392344       -6.67       -4.44    14.1s
    hm1_norm_ρdiff=0.023162722492866362 hm1_norm_Δρ=1.6026388132592295e-5  error_V_h1=2.2740480192903303  α = 1.0
 12   -21.53712395542       -7.50       -4.75    21.1s
    hm1_norm_ρdiff=0.023167046541099506 hm1_norm_Δρ=7.0847829778802924e-6  error_V_h1=2.274019807222372  α = 0.509
 13   -21.53712396966       -7.85       -4.89    14.2s
    hm1_norm_ρdiff=0.02316570770141405 hm1_norm_Δρ=6.085568610338785e-6  error_V_h1=2.2743683986401697  α = 1.0
 14   -21.53712397905       -8.03       -4.92    13.3s
    hm1_norm_ρdiff=0.02316164551592439 hm1_norm_Δρ=6.1062003126863e-6  error_V_h1=2.2741195707025543  α = 1.0
 15   -21.53712398064       -8.80       -4.99    14.9s
    hm1_norm_ρdiff=0.023166427326527326 hm1_norm_Δρ=5.332171649379393e-6  error_V_h1=2.274394538365363  α = 1.0
 16   -21.53712398292       -8.64       -5.16    14.4s
    hm1_norm_ρdiff=0.023162203640649068 hm1_norm_Δρ=3.865695839296519e-6  error_V_h1=2.2740693888851258  α = 1.0

#-- |ρε - ρref| = 0.023164475703482283 vs. 5.623413251903491e-6 = δ*ε  error_V_h1=2.2741874890469833  Qε=0.24341137263487841


# --- ε=0.00031622776601683794

n     Energy            log10(ΔE)   log10(Δρ)   Δtime
---   ---------------   ---------   ---------   ------
  1   -21.51762780470                   -1.03    53.2s
    hm1_norm_ρdiff=0.07228726884298137 hm1_norm_Δρ=0.05813227452760724  error_V_h1=1.8927286070207918  α = 0.154
  2   -21.51789581820       -3.57       -2.28    19.9s
    hm1_norm_ρdiff=0.014539543558707495 hm1_norm_Δρ=0.0021991487995702444  error_V_h1=1.9375136200271132  α = 0.507
  3   -21.51799326111       -4.01       -2.92    14.0s
    hm1_norm_ρdiff=0.014604575987429652 hm1_norm_Δρ=0.0006211168256242271  error_V_h1=1.8631490740926606  α = 1.0
  4   -21.51800870360       -4.81       -3.27    14.7s
    hm1_norm_ρdiff=0.015120730665670781 hm1_norm_Δρ=0.00021070977581693866  error_V_h1=1.8548660893968671  α = 1.0
  5   -21.51801405083       -5.27       -3.33    13.5s
    hm1_norm_ρdiff=0.015096525242401343 hm1_norm_Δρ=0.00022600673240464524  error_V_h1=1.8704846239377215  α = 1.0
  6   -21.51801825784       -5.38       -3.41    15.2s
    hm1_norm_ρdiff=0.01498308579573333 hm1_norm_Δρ=0.00016092766584513654  error_V_h1=1.8832120861165516  α = 1.0
  7   -21.51802037410       -5.67       -3.60    22.3s
    hm1_norm_ρdiff=0.014931600692061274 hm1_norm_Δρ=0.00011334915987801361  error_V_h1=1.8763370314613539  α = 0.488
  8   -21.51802055345       -6.75       -3.88    14.9s
    hm1_norm_ρdiff=0.014977642879937714 hm1_norm_Δρ=5.503216447358673e-5  error_V_h1=1.8692914907648457  α = 1.0
  9   -21.51802117116       -6.21       -4.03    15.2s
    hm1_norm_ρdiff=0.015012733309626613 hm1_norm_Δρ=4.086684136427951e-5  error_V_h1=1.8715425358027664  α = 1.0
 10   -21.51802130760       -6.87       -4.17    22.6s
    hm1_norm_ρdiff=0.015006335670958219 hm1_norm_Δρ=2.800761151605012e-5  error_V_h1=1.8730011212573359  α = 0.506
 11   -21.51802135173       -7.36       -4.80    15.3s
    hm1_norm_ρdiff=0.014992704287219483 hm1_norm_Δρ=6.4368020228826395e-6  error_V_h1=1.872957008060586  α = 1.0
 12   -21.51802137162       -7.70       -4.86    15.2s
    hm1_norm_ρdiff=0.014992691568659991 hm1_norm_Δρ=6.213292615840498e-6  error_V_h1=1.8724662884053402  α = 1.0
 13   -21.51802138285       -7.95       -4.83    13.5s
    hm1_norm_ρdiff=0.014997532096437652 hm1_norm_Δρ=6.7718701966135265e-6  error_V_h1=1.872847694082753  α = 1.0
 14   -21.51802138774       -8.31       -4.77    20.4s
    hm1_norm_ρdiff=0.01499006609539828 hm1_norm_Δρ=8.382537354771164e-6  error_V_h1=1.8726642857812117  α = 0.513
 15   -21.51802138923       -8.83       -4.92    22.8s
    hm1_norm_ρdiff=0.014998806246717475 hm1_norm_Δρ=6.9836505348240285e-6  error_V_h1=1.8730796538447703  α = 0.534
 16   -21.51802139027       -8.98       -5.24    14.2s
    hm1_norm_ρdiff=0.014992085784231543 hm1_norm_Δρ=3.2396909373340034e-6  error_V_h1=1.8727477160420367  α = 1.0
 17   -21.51802139143       -8.94       -5.66    12.6s
    hm1_norm_ρdiff=0.014995014356537429 hm1_norm_Δρ=8.774507912771477e-7  error_V_h1=1.8727904134694942  α = 1.0
 18   -21.51802139151      -10.07       -5.74    14.5s
    hm1_norm_ρdiff=0.014994591910895904 hm1_norm_Δρ=7.388733320780226e-7  error_V_h1=1.8728247915857485  α = 1.0

#-- |ρε - ρref| = 0.014994093974464696 vs. 3.1622776601683796e-6 = δ*ε  error_V_h1=1.872830764827181  Qε=0.3059514138185079


# --- ε=0.00017782794100389227

n     Energy            log10(ΔE)   log10(Δρ)   Δtime
---   ---------------   ---------   ---------   ------
  1   -21.50410990519                   -0.97    62.7s
    hm1_norm_ρdiff=0.07600502584153915 hm1_norm_Δρ=0.06655868018615607  error_V_h1=1.3926523568023108  α = 0.0815
  2   -21.50434791915       -3.62       -2.14    28.6s
    hm1_norm_ρdiff=0.010966414239286761 hm1_norm_Δρ=0.003155416776195934  error_V_h1=1.5067891974332386  α = 0.273
  3   -21.50438479136       -4.43       -2.80    23.5s
    hm1_norm_ρdiff=0.009660181848277723 hm1_norm_Δρ=0.0007027224341081334  error_V_h1=1.5390684142235522  α = 0.512
  4   -21.50439974963       -4.83       -2.84    21.5s
    hm1_norm_ρdiff=0.009501380371411523 hm1_norm_Δρ=0.0006599114637993548  error_V_h1=1.5766772621806566  α = 0.534
  5   -21.50441371563       -4.85       -3.26    18.4s
    hm1_norm_ρdiff=0.009198822560814139 hm1_norm_Δρ=0.00019730807347098457  error_V_h1=1.5423228919654413  α = 1.0
  6   -21.50441789786       -5.38       -3.56    15.2s
    hm1_norm_ρdiff=0.00923120952018375 hm1_norm_Δρ=0.00011092015851478061  error_V_h1=1.547595601592767  α = 1.0
  7   -21.50441914778       -5.90       -3.84    18.5s
    hm1_norm_ρdiff=0.009291036770625519 hm1_norm_Δρ=5.1964797881992205e-5  error_V_h1=1.5455315596802013  α = 1.0
  8   -21.50441974160       -6.23       -3.99    15.7s
    hm1_norm_ρdiff=0.009283729159056979 hm1_norm_Δρ=3.922871727364513e-5  error_V_h1=1.547411387172941  α = 1.0
  9   -21.50442010974       -6.43       -4.27    14.5s
    hm1_norm_ρdiff=0.009266196219494696 hm1_norm_Δρ=1.7866065510037554e-5  error_V_h1=1.5476099249980275  α = 1.0
 10   -21.50442014644       -7.44       -4.44    16.5s
    hm1_norm_ρdiff=0.009272669489118318 hm1_norm_Δρ=1.3471058741942873e-5  error_V_h1=1.5456520355103194  α = 1.0
 11   -21.50442023914       -7.03       -4.64    15.8s
    hm1_norm_ρdiff=0.009279620064661114 hm1_norm_Δρ=8.120539273062029e-6  error_V_h1=1.546471585921408  α = 1.0
 12   -21.50442025904       -7.70       -4.62    19.6s
    hm1_norm_ρdiff=0.009280714982791637 hm1_norm_Δρ=1.0668543892469513e-5  error_V_h1=1.547302253137034  α = 0.501
 13   -21.50442026257       -8.45       -4.62    31.3s
    hm1_norm_ρdiff=0.009262801324312633 hm1_norm_Δρ=1.4593282386329822e-5  error_V_h1=1.5465767634514171  α = 0.291
 14   -21.50442026816       -8.25       -4.96    20.0s
    hm1_norm_ρdiff=0.009278904121324911 hm1_norm_Δρ=5.136496528010259e-6  error_V_h1=1.5468303446995337  α = 0.499
 15   -21.50442027083       -8.57       -4.90    21.9s
    hm1_norm_ρdiff=0.009274941571910984 hm1_norm_Δρ=5.025502543114827e-6  error_V_h1=1.5468396796511301  α = 0.52
 16   -21.50442027243       -8.79       -4.99    20.3s
    hm1_norm_ρdiff=0.009275122653720266 hm1_norm_Δρ=4.225682774232585e-6  error_V_h1=1.5466374913973229  α = 0.519
 17   -21.50442027313       -9.16       -5.51    12.9s
    hm1_norm_ρdiff=0.009275511832174657 hm1_norm_Δρ=1.2199871614514189e-6  error_V_h1=1.5469267301104452  α = 1.0
 18   -21.50442027343       -9.51       -5.50    15.1s
    hm1_norm_ρdiff=0.00927511021052389 hm1_norm_Δρ=1.1982693736372078e-6  error_V_h1=1.5469226299289214  α = 1.0

#-- |ρε - ρref| = 0.009275511860022028 vs. 1.7782794100389227e-6 = δ*ε  error_V_h1=1.5466856069265444  Qε=0.38955474038466226


# --- ε=0.0001

n     Energy            log10(ΔE)   log10(Δρ)   Δtime
---   ---------------   ---------   ---------   ------
  1   -21.49199200375                   -0.94    64.1s
    hm1_norm_ρdiff=0.07509484104364415 hm1_norm_Δρ=0.07239754357499881  error_V_h1=2.741575413173755  α = 0.0897
  2   -21.49342295432       -2.84       -1.92    19.6s
    hm1_norm_ρdiff=0.004394436529804644 hm1_norm_Δρ=0.005003509167069969  error_V_h1=2.4172238286282437  α = 0.525
  3   -21.49438621744       -3.02       -1.96    20.9s
    hm1_norm_ρdiff=0.0032990121282844656 hm1_norm_Δρ=0.005635004199220793  error_V_h1=1.7044769178746253  α = 0.536
  4   -21.49462052889       -3.63       -1.90    26.2s
    hm1_norm_ρdiff=0.007389035345737113 hm1_norm_Δρ=0.005938046489428642  error_V_h1=1.4606159145292659  α = 0.298
  5   -21.49514465791       -3.28       -2.42    12.3s
    hm1_norm_ρdiff=0.006752877892339667 hm1_norm_Δρ=0.0017401956600132436  error_V_h1=1.2175967718248095  α = 1.0
  6   -21.49537907310       -3.63       -2.50    20.3s
    hm1_norm_ρdiff=0.005718327372471885 hm1_norm_Δρ=0.0011078449210992728  error_V_h1=1.3763271465129858  α = 0.5
  7   -21.49541945124       -4.39       -2.99    11.8s
    hm1_norm_ρdiff=0.0052140199496085 hm1_norm_Δρ=0.0005305850107819029  error_V_h1=1.259053611017864  α = 1.0
  8   -21.49543830517       -4.72       -3.03    19.1s
    hm1_norm_ρdiff=0.005674702362433674 hm1_norm_Δρ=0.00034965947988161567  error_V_h1=1.2537767930503387  α = 0.509
  9   -21.49544628249       -5.10       -3.27    19.3s
    hm1_norm_ρdiff=0.005771018566004022 hm1_norm_Δρ=0.0002405538507041336  error_V_h1=1.2670427777977729  α = 0.505
 10   -21.49544725651       -6.01       -3.58    19.2s
    hm1_norm_ρdiff=0.005625969779525429 hm1_norm_Δρ=0.0001061487268259985  error_V_h1=1.2731264323293843  α = 0.526
 11   -21.49544747970       -6.65       -4.29    12.6s
    hm1_norm_ρdiff=0.005549712320980602 hm1_norm_Δρ=1.8683053787027397e-5  error_V_h1=1.2730919747036398  α = 1.0
 12   -21.49544753370       -7.27       -4.46    12.6s
    hm1_norm_ρdiff=0.005558385315508224 hm1_norm_Δρ=1.3621426259640676e-5  error_V_h1=1.2708679020609925  α = 1.0
 13   -21.49544758901       -7.26       -4.69    20.6s
    hm1_norm_ρdiff=0.005568414236066523 hm1_norm_Δρ=6.920685908677163e-6  error_V_h1=1.2709626325065408  α = 1.0
 14   -21.49544760310       -7.85       -4.58    21.7s
    hm1_norm_ρdiff=0.005567554664433407 hm1_norm_Δρ=1.0707547403810929e-5  error_V_h1=1.271462695410531  α = 0.517
 15   -21.49544760668       -8.45       -4.36    35.2s
    hm1_norm_ρdiff=0.005562240283876573 hm1_norm_Δρ=1.7248001216511936e-5  error_V_h1=1.2722942075790928  α = 0.297
 16   -21.49544761519       -8.07       -5.05    14.1s
    hm1_norm_ρdiff=0.00556083986356037 hm1_norm_Δρ=3.064985837651296e-6  error_V_h1=1.271983817155793  α = 1.0
 17   -21.49544761769       -8.60       -5.14    24.2s
    hm1_norm_ρdiff=0.00556088484979624 hm1_norm_Δρ=3.0369712483415637e-6  error_V_h1=1.2716558478920272  α = 0.504
 18   -21.49544761822       -9.28       -4.82    39.5s
    hm1_norm_ρdiff=0.005562894328669811 hm1_norm_Δρ=6.4197083416786015e-6  error_V_h1=1.2715958690915985  α = 0.147
 19   -21.49544761841       -9.72       -5.47    12.9s
    hm1_norm_ρdiff=0.0055627834661242 hm1_norm_Δρ=1.180887137268414e-6  error_V_h1=1.2719218897427544  α = 1.0
 20   -21.49544761894       -9.27       -5.53    14.0s
    hm1_norm_ρdiff=0.005562175010660932 hm1_norm_Δρ=1.0098201888079706e-6  error_V_h1=1.2717873129992505  α = 1.0
 21   -21.49544761909       -9.82       -5.38    30.2s
    hm1_norm_ρdiff=0.005560532494646174 hm1_norm_Δρ=2.212774216062747e-6  error_V_h1=1.2716705769949972  α = 0.283
 22   -21.49544761923       -9.87       -5.41    32.0s
    hm1_norm_ρdiff=0.005562774794263267 hm1_norm_Δρ=1.2726108129758001e-6  error_V_h1=1.2717777375995234  α = 0.281
 23   -21.49544761927      -10.37       -5.70    22.3s
    hm1_norm_ρdiff=0.005562141704146355 hm1_norm_Δρ=7.619501216119702e-7  error_V_h1=1.2717727159465826  α = 0.527
 24   -21.49544761930      -10.57       -6.20    16.1s
    hm1_norm_ρdiff=0.00556235919973098 hm1_norm_Δρ=2.3355424273915272e-7  error_V_h1=1.2717742882876375  α = 1.0

#-- |ρε - ρref| = 0.005562257936972152 vs. 1.0000000000000002e-6 = δ*ε  error_V_h1=1.2717749044441433  Qε=0.4786193942415963


# --- ε=5.623413251903491e-5

n     Energy            log10(ΔE)   log10(Δρ)   Δtime
---   ---------------   ---------   ---------   ------
  1   -21.48840646146                   -0.92    66.7s
    hm1_norm_ρdiff=0.07820405724078791 hm1_norm_Δρ=0.07631301350272866  error_V_h1=2.2207937341196806  α = 0.0468
  2   -21.48885544620       -3.35       -1.90    37.3s
    hm1_norm_ρdiff=0.005805782346054051 hm1_norm_Δρ=0.005213172258664085  error_V_h1=2.05698245006374  α = 0.151
  3   -21.48930054491       -3.35       -2.19    27.9s
    hm1_norm_ρdiff=0.00238634676999423 hm1_norm_Δρ=0.0029929506020321913  error_V_h1=1.7310319039695177  α = 0.277
  4   -21.48972153931       -3.38       -2.00    38.0s
    hm1_norm_ρdiff=0.0035735463571284574 hm1_norm_Δρ=0.005072071008737944  error_V_h1=1.2947614626565649  α = 0.154
  5   -21.48981524707       -4.03       -2.46    27.3s
    hm1_norm_ρdiff=0.0028742845128002575 hm1_norm_Δρ=0.001240924954243469  error_V_h1=1.016229590390409  α = 0.281
  6   -21.48982050531       -5.28       -3.38    19.1s
    hm1_norm_ρdiff=0.003377934762999075 hm1_norm_Δρ=0.00015184140598731782  error_V_h1=1.0134889677814811  α = 0.515
  7   -21.48982173795       -5.91       -3.41    18.5s
    hm1_norm_ρdiff=0.0033526221913776112 hm1_norm_Δρ=0.00015758234087184008  error_V_h1=1.0248783677559277  α = 0.538
  8   -21.48982292837       -5.92       -3.49    17.9s
    hm1_norm_ρdiff=0.003284774404616732 hm1_norm_Δρ=0.00010909447112276439  error_V_h1=1.0384912034490963  α = 0.529
  9   -21.48982342706       -6.30       -3.83    15.4s
    hm1_norm_ρdiff=0.003244623928177911 hm1_norm_Δρ=4.438672270039097e-5  error_V_h1=1.0395975254017704  α = 1.0
 10   -21.48982378449       -6.45       -3.91    14.5s
    hm1_norm_ρdiff=0.0032646538008548748 hm1_norm_Δρ=3.663075833973313e-5  error_V_h1=1.0253569333195522  α = 1.0
 11   -21.48982403832       -6.60       -4.13    12.9s
    hm1_norm_ρdiff=0.0032789145595097185 hm1_norm_Δρ=2.597724231579882e-5  error_V_h1=1.0287269833417607  α = 1.0
 12   -21.48982416370       -6.90       -4.29    16.1s
    hm1_norm_ρdiff=0.003269080376338462 hm1_norm_Δρ=1.7843758424735583e-5  error_V_h1=1.0336868170341151  α = 1.0
 13   -21.48982423710       -7.13       -4.42    16.0s
    hm1_norm_ρdiff=0.0032625814588404063 hm1_norm_Δρ=1.304880940410668e-5  error_V_h1=1.0335462944649165  α = 1.0
 14   -21.48982425828       -7.67       -4.08    35.7s
    hm1_norm_ρdiff=0.0032586775636544185 hm1_norm_Δρ=3.4767458528608956e-5  error_V_h1=1.0315408564679498  α = 0.153
 15   -21.48982426500       -8.17       -4.25    28.9s
    hm1_norm_ρdiff=0.0032624778195324603 hm1_norm_Δρ=2.3140263352067247e-5  error_V_h1=1.0310109306025883  α = 0.298
 16   -21.48982428320       -7.74       -4.26    29.2s
    hm1_norm_ρdiff=0.003279051636348405 hm1_norm_Δρ=2.1918259265388644e-5  error_V_h1=1.030298819827973  α = 0.294
 17   -21.48982429106       -8.10       -4.63    30.2s
    hm1_norm_ρdiff=0.0032739988749339835 hm1_norm_Δρ=1.0196485068844653e-5  error_V_h1=1.0301804837521753  α = 0.268
 18   -21.48982429713       -8.22       -4.36    37.9s
    hm1_norm_ρdiff=0.003262182295384107 hm1_norm_Δρ=1.4519173729153418e-5  error_V_h1=1.0300489511057778  α = 0.159
 19   -21.48982430058       -8.46       -4.67    31.3s
    hm1_norm_ρdiff=0.003271232106521346 hm1_norm_Δρ=7.120172363795554e-6  error_V_h1=1.03111469749824  α = 0.274
 20   -21.48982430161       -8.99       -5.24    21.6s
    hm1_norm_ρdiff=0.0032682196444790267 hm1_norm_Δρ=1.8583160047808656e-6  error_V_h1=1.0310967835455422  α = 0.505
 21   -21.48982430167      -10.19       -5.21    20.3s
    hm1_norm_ρdiff=0.0032686457084370162 hm1_norm_Δρ=1.7232372944036216e-6  error_V_h1=1.0310863881248475  α = 0.522
 22   -21.48982430170      -10.58       -5.42    19.7s
    hm1_norm_ρdiff=0.0032679831594989526 hm1_norm_Δρ=1.3163632743085895e-6  error_V_h1=1.0307513908133679  α = 0.52
 23   -21.48982430172      -10.61       -5.24    26.3s
    hm1_norm_ρdiff=0.0032691130529179597 hm1_norm_Δρ=1.8349262465509372e-6  error_V_h1=1.03090760999318  α = 0.271
 24   -21.48982430181      -10.08       -5.86    18.4s
    hm1_norm_ρdiff=0.003268392370745835 hm1_norm_Δρ=3.5971708931952155e-7  error_V_h1=1.03094991345169  α = 0.468
 25   -21.48982430192       -9.94       -5.84    24.6s
    hm1_norm_ρdiff=0.0032683226443650615 hm1_norm_Δρ=5.543840856516557e-7  error_V_h1=1.030965766258468  α = 0.346

#-- |ρε - ρref| = 0.003268499735055301 vs. 5.62341325190349e-7 = δ*ε  error_V_h1=1.0309135878486781  Qε=0.5713847397821469


# --- ε=3.1622776601683795e-5

n     Energy            log10(ΔE)   log10(Δρ)   Δtime
---   ---------------   ---------   ---------   ------
  1   -21.48594243948                   -0.90    76.5s
    hm1_norm_ρdiff=0.08007911196862863 hm1_norm_Δρ=0.07873088597840673  error_V_h1=1.6084682507677024  α = 0.0232
  2   -21.48610726025       -3.78       -1.86    44.5s
    hm1_norm_ρdiff=0.006204904098599038 hm1_norm_Δρ=0.005720532911670933  error_V_h1=1.505014790919765  α = 0.0874
  3   -21.48613260566       -4.60       -2.25    36.5s
    hm1_norm_ρdiff=0.002441836413237877 hm1_norm_Δρ=0.002314551772610296  error_V_h1=1.5281596580010597  α = 0.165
  4   -21.48625094357       -3.93       -2.32    36.4s
    hm1_norm_ρdiff=0.0018656704711567937 hm1_norm_Δρ=0.0019400151784031313  error_V_h1=1.3760844314533218  α = 0.153
  5   -21.48633833600       -4.06       -2.66    22.5s
    hm1_norm_ρdiff=0.001349677098619784 hm1_norm_Δρ=0.0009641023855709247  error_V_h1=0.9302936720990912  α = 0.536
  6   -21.48637293941       -4.46       -2.90    21.6s
    hm1_norm_ρdiff=0.0021357449070123196 hm1_norm_Δρ=0.00041503887761504873  error_V_h1=0.8072726074266623  α = 0.526
  7   -21.48639467926       -4.66       -2.81    28.8s
    hm1_norm_ρdiff=0.002273793976061362 hm1_norm_Δρ=0.0006038689367702437  error_V_h1=0.7775190667303589  α = 0.289
  8   -21.48640899594       -4.84       -2.86    30.6s
    hm1_norm_ρdiff=0.0021471503000993087 hm1_norm_Δρ=0.0004666062302670673  error_V_h1=0.8285460243848151  α = 0.288
  9   -21.48641233979       -5.48       -3.31    22.2s
    hm1_norm_ρdiff=0.0018576526659518462 hm1_norm_Δρ=0.0001265677599312325  error_V_h1=0.8657977380345455  α = 0.53
 10   -21.48641476130       -5.62       -3.56    22.9s
    hm1_norm_ρdiff=0.0018400357363188987 hm1_norm_Δρ=8.953487925024225e-5  error_V_h1=0.8420847619345625  α = 0.519
 11   -21.48641536624       -6.22       -3.74    20.4s
    hm1_norm_ρdiff=0.0018733413576547265 hm1_norm_Δρ=6.539950035832366e-5  error_V_h1=0.8154762669895402  α = 0.533
 12   -21.48641576259       -6.40       -4.06    19.2s
    hm1_norm_ρdiff=0.0019071438053457623 hm1_norm_Δρ=2.907172377120257e-5  error_V_h1=0.8117204355992845  α = 0.513
 13   -21.48641580149       -7.41       -3.85    37.3s
    hm1_norm_ρdiff=0.0019227979409226679 hm1_norm_Δρ=5.916609279751727e-5  error_V_h1=0.8104077634764644  α = 0.161
 14   -21.48641590579       -6.98       -3.84    37.1s
    hm1_norm_ρdiff=0.0019299385559732633 hm1_norm_Δρ=5.719580823227118e-5  error_V_h1=0.8167745077528963  α = 0.153
 15   -21.48641591051       -8.33       -3.67    47.3s
    hm1_norm_ρdiff=0.0019069542686864372 hm1_norm_Δρ=7.801874048898854e-5  error_V_h1=0.8211722336244535  α = 0.0896
 16   -21.48641593381       -7.63       -4.67    20.3s
    hm1_norm_ρdiff=0.0018923086416410475 hm1_norm_Δρ=6.899437597106607e-6  error_V_h1=0.8226829808144456  α = 0.503
 17   -21.48641593903       -8.28       -4.03    48.1s
    hm1_norm_ρdiff=0.0019070400825622858 hm1_norm_Δρ=3.318243115137353e-5  error_V_h1=0.8218016234590341  α = 0.0878
 18   -21.48641593918       -9.82       -4.43    29.7s
    hm1_norm_ρdiff=0.0018902550773450607 hm1_norm_Δρ=1.1223776651535526e-5  error_V_h1=0.8209612422451892  α = 0.298
 19   -21.48641594191       -8.56       -4.60    31.9s
    hm1_norm_ρdiff=0.0018935417089764716 hm1_norm_Δρ=8.961132150938238e-6  error_V_h1=0.8199286797887109  α = 0.289
 20   -21.48641594446       -8.59       -4.63    30.6s
    hm1_norm_ρdiff=0.0018955183782069745 hm1_norm_Δρ=6.8420797380150536e-6  error_V_h1=0.8194424294377218  α = 0.286
 21   -21.48641594523       -9.11       -4.91    29.5s
    hm1_norm_ρdiff=0.0018956551370688888 hm1_norm_Δρ=3.227003741158898e-6  error_V_h1=0.8195677628224457  α = 0.231
 22   -21.48641594607       -9.07       -4.83    38.2s
    hm1_norm_ρdiff=0.0018985443263634244 hm1_norm_Δρ=5.1388105045499605e-6  error_V_h1=0.82014002277045  α = 0.146
 23   -21.48641594607      -13.60       -5.14     177s
    hm1_norm_ρdiff=0.001895502401728366 hm1_norm_Δρ=2.136790674518688e-6  error_V_h1=0.8201400265247342  α = 7.52e-6
 24   -21.48641594607      -14.45       -5.50     200s
    hm1_norm_ρdiff=0.0018954988816064335 hm1_norm_Δρ=1.0042770416091248e-6  error_V_h1=0.820140026686667  α = 5.41e-7
 25   -21.48641594607      -13.75       -4.94     162s
    hm1_norm_ρdiff=0.0018941081107321307 hm1_norm_Δρ=4.182876504589436e-6  error_V_h1=0.8201400267323361  α = 3.75e-8
 26   -21.48641594607      -14.45       -4.70     297s
    hm1_norm_ρdiff=0.0018985816876817719 hm1_norm_Δρ=7.083997385971845e-6  error_V_h1=0.8201400267323391  α = 1.86e-12
 27   -21.48641594607   +  -14.45       -3.83     168s
    hm1_norm_ρdiff=0.0019197504392230735 hm1_norm_Δρ=5.159652352051725e-5  error_V_h1=0.8201400267323425  α = 0.0
 28   -21.48641594633       -9.59       -4.57    52.3s
    hm1_norm_ρdiff=0.0018948954107789987 hm1_norm_Δρ=1.1600908326609919e-5  error_V_h1=0.8200862932514398  α = 0.0438
 29   -21.48641594634      -11.21       -5.18    37.7s
    hm1_norm_ρdiff=0.0018940696853977817 hm1_norm_Δρ=2.43113033690078e-6  error_V_h1=0.8201089662948726  α = 0.114
 30   -21.48641594634      -12.08       -4.58    68.3s
    hm1_norm_ρdiff=0.0019074822565056963 hm1_norm_Δρ=1.3759287853313988e-5  error_V_h1=0.8201476261193136  α = 0.00586
 31   -21.48641594634      -14.45       -5.33     355s
    hm1_norm_ρdiff=0.0018955503463895383 hm1_norm_Δρ=1.6023431923221453e-6  error_V_h1=0.8201476261193305  α = 5.23e-14
 32   -21.48641594640      -10.21       -3.29    83.6s
    hm1_norm_ρdiff=0.001924634680266177 hm1_norm_Δρ=0.0001761373021818115  error_V_h1=0.8202396666968418  α = 0.00159
 33   -21.48641594648      -10.12       -5.34    28.5s
    hm1_norm_ρdiff=0.0018952952343717887 hm1_norm_Δρ=1.7653406657569799e-6  error_V_h1=0.8203101602513718  α = 0.28
 34   -21.48641594648      -13.55       -5.34     206s
    hm1_norm_ρdiff=0.0018963197208627883 hm1_norm_Δρ=2.060992032876434e-6  error_V_h1=0.8203101738993448  α = 1.68e-5
 35   -21.48641594650      -10.61       -5.22    33.1s
    hm1_norm_ρdiff=0.0018956190019658935 hm1_norm_Δρ=1.9870839577838885e-6  error_V_h1=0.8202733700289414  α = 0.107
 36   -21.48641594652      -10.74       -5.64    26.8s
    hm1_norm_ρdiff=0.0018954245800733818 hm1_norm_Δρ=7.4593419458749e-7  error_V_h1=0.8202418772942096  α = 0.163
 37   -21.48641594653      -10.81       -5.57    33.0s
    hm1_norm_ρdiff=0.0018956570468847043 hm1_norm_Δρ=1.0517326041322146e-6  error_V_h1=0.8203107728008  α = 0.0703
 38   -21.48641594659      -10.26       -5.96    20.6s
    hm1_norm_ρdiff=0.001895289020071694 hm1_norm_Δρ=3.726657409712209e-7  error_V_h1=0.8202201822324136  α = 0.43
 39   -21.48641594665      -10.24       -5.69    26.4s
    hm1_norm_ρdiff=0.00189533512688442 hm1_norm_Δρ=5.765389906071889e-7  error_V_h1=0.8202784847376655  α = 0.26
 40   -21.48641594665      -13.75       -5.78     122s
    hm1_norm_ρdiff=0.001895388103240913 hm1_norm_Δρ=6.799391205318562e-7  error_V_h1=0.820278484737674  α = 2.23e-9
 41   -21.48641594665   +  -14.45       -5.53     117s
    hm1_norm_ρdiff=0.0018967407574149889 hm1_norm_Δρ=1.58238077998246e-6  error_V_h1=0.8202784847376502  α = 0.0
 42   -21.48641594665   +    -Inf       -5.61     140s
    hm1_norm_ρdiff=0.0018947926184979965 hm1_norm_Δρ=1.0851332126128152e-6  error_V_h1=0.8202784847376607  α = 3.65e-11
 43   -21.48641594665      -14.45       -3.57     131s
    hm1_norm_ρdiff=0.0018376565859976636 hm1_norm_Δρ=0.00012289345565062845  error_V_h1=0.8202784847376433  α = 0.0
 44   -21.48641594665   +  -14.15       -5.61    97.6s
    hm1_norm_ρdiff=0.001894792618498048 hm1_norm_Δρ=1.085133212248051e-6  error_V_h1=0.8202784847376648  α = 0.0
 45   -21.48641594665      -14.45       -5.61     226s
    hm1_norm_ρdiff=0.0018947926184969116 hm1_norm_Δρ=1.0851332129020587e-6  error_V_h1=0.8202784847376473  α = 1.81e-10
 46   -21.48641594665      -14.45       -5.16     178s
    hm1_norm_ρdiff=0.0018965791986522275 hm1_norm_Δρ=2.6937491918448967e-6  error_V_h1=0.8202784847377949  α = 1.18e-11
 47   -21.48641594665   +  -14.45       -5.19     103s
    hm1_norm_ρdiff=0.0018945751200374603 hm1_norm_Δρ=2.1120861164118767e-6  error_V_h1=0.8202784847377942  α = 0.0
 48   -21.48641594665      -14.45       -5.61     123s
    hm1_norm_ρdiff=0.0018947926184933312 hm1_norm_Δρ=1.0851332117678698e-6  error_V_h1=0.8202784847377935  α = 1.89e-11
 49   -21.48641594665   +    -Inf       -4.89     114s
    hm1_norm_ρdiff=0.001892843258635139 hm1_norm_Δρ=5.487531669955531e-6  error_V_h1=0.8202784847378022  α = 0.0
 50   -21.48641594665   +    -Inf       -5.61     131s
    hm1_norm_ρdiff=0.0018947926184932858 hm1_norm_Δρ=1.0851332113162898e-6  error_V_h1=0.8202784847378038  α = 1.08e-11
Trying again without preconditioner ...
n     Energy            log10(ΔE)   log10(Δρ)   Δtime
---   ---------------   ---------   ---------   ------
  1   -21.48641594665                   -4.58     164s
    hm1_norm_ρdiff=0.001892432609204699 hm1_norm_Δρ=8.715461789295842e-6  error_V_h1=0.8202784847381906  α = 7.4e-9
  2   -21.48641594665      -13.55       -4.89     308s
    hm1_norm_ρdiff=0.0018992085813202822 hm1_norm_Δρ=5.557158688906809e-6  error_V_h1=0.820278485874435  α = 5.0e-7
  3   -21.48641594665   +  -14.15       -5.18    93.7s
    hm1_norm_ρdiff=0.0018951033899042048 hm1_norm_Δρ=2.1370679172220215e-6  error_V_h1=0.8202784858743222  α = 0.0
  4   -21.48641594665      -14.15       -4.58     160s
    hm1_norm_ρdiff=0.0018924322327113553 hm1_norm_Δρ=8.715697351780595e-6  error_V_h1=0.8202784858744562  α = 7.32e-13
  5   -21.48641594665   +    -Inf       -2.83     153s
    hm1_norm_ρdiff=0.001868074565750187 hm1_norm_Δρ=0.0004611804847194012  error_V_h1=0.8202784858743521  α = 0.0
  6   -21.48641594665   +  -14.15       -4.58     127s
    hm1_norm_ρdiff=0.0018924322327086402 hm1_norm_Δρ=8.715697352651638e-6  error_V_h1=0.8202784858743528  α = 0.0
  7   -21.48641594665      -14.15       -4.58     190s
    hm1_norm_ρdiff=0.0018924322327083729 hm1_norm_Δρ=8.715697353446504e-6  error_V_h1=0.8202784858743537  α = 3.1e-12
  8   -21.48641594665   +    -Inf       -3.43     404s
    hm1_norm_ρdiff=0.0018566446064910804 hm1_norm_Δρ=0.00012259430071732467  error_V_h1=0.8202784858744577  α = 5.85e-16
  9   -21.48641594665   +  -14.15       -2.89     149s
    hm1_norm_ρdiff=0.0018516274541801197 hm1_norm_Δρ=0.0004028365398456281  error_V_h1=0.8202784858743529  α = 0.0
 10   -21.48641594665      -14.45       -4.58     151s
    hm1_norm_ρdiff=0.0018924322327086998 hm1_norm_Δρ=8.715697349807696e-6  error_V_h1=0.8202784858743407  α = 2.53e-12
 11   -21.48641594665   +  -14.15       -3.29     146s
    hm1_norm_ρdiff=0.0018593002040666075 hm1_norm_Δρ=0.00016552515831567643  error_V_h1=0.8202784858743404  α = 0.0
 12   -21.48641594665      -13.97       -4.58     157s
    hm1_norm_ρdiff=0.00189243223271326 hm1_norm_Δρ=8.715697346190933e-6  error_V_h1=0.820278485874463  α = 3.81e-12
 13   -21.48641594665   +  -14.15       -1.64     165s
    hm1_norm_ρdiff=0.007015240991051996 hm1_norm_Δρ=0.007340419045484165  error_V_h1=0.8202784858743515  α = 0.0
 14   -21.48641594665      -14.45       -4.58     396s
    hm1_norm_ρdiff=0.0018924322327134539 hm1_norm_Δρ=8.715697343206878e-6  error_V_h1=0.8202784858743726  α = 9.34e-13
 15   -21.48641594665   +    -Inf       -1.82     203s
    hm1_norm_ρdiff=0.0046927452151763 hm1_norm_Δρ=0.00493995033873512  error_V_h1=0.8202784858743637  α = 1.82e-15
 16   -21.48641594665   +  -14.45       -2.98     154s
    hm1_norm_ρdiff=0.0018155168992698247 hm1_norm_Δρ=0.0003384426472108967  error_V_h1=0.8202784858743488  α = 0.0
 17   -21.48641594665   +    -Inf       -4.58     341s
    hm1_norm_ρdiff=0.0018924322327135315 hm1_norm_Δρ=8.71569734181331e-6  error_V_h1=0.8202784858743671  α = 7.42e-13
 18   -21.48641594665   +    -Inf       -0.96     174s
    hm1_norm_ρdiff=0.03557178350514666 hm1_norm_Δρ=0.03615635469702059  error_V_h1=0.8202784858743495  α = 0.0

#-- |ρε - ρref| = 0.0018952745640422222 vs. 3.1622776601683797e-7 = δ*ε  error_V_h1=0.8202784858743495  Qε=0.6640216005790054


# --- ε=1.778279410038923e-5

n     Energy            log10(ΔE)   log10(Δρ)   Δtime
---   ---------------   ---------   ---------   ------
  1   -21.48423217952                   -0.90    73.9s
    hm1_norm_ρdiff=0.08112595651355214 hm1_norm_Δρ=0.08016991182307162  error_V_h1=1.1257794868747713  α = 0.0108
  2   -21.48433914307       -3.97       -1.84    45.6s
    hm1_norm_ρdiff=0.00649996798533669 hm1_norm_Δρ=0.006146882755185089  error_V_h1=0.8269714951246716  α = 0.0463
  3   -21.48435773939       -4.73       -2.22    45.9s
    hm1_norm_ρdiff=0.002716343894094513 hm1_norm_Δρ=0.0024316069631673503  error_V_h1=0.7985309036266192  α = 0.046
  4   -21.48436790588       -4.99       -2.44    38.1s
    hm1_norm_ρdiff=0.001636835509817144 hm1_norm_Δρ=0.0013079582403011053  error_V_h1=0.8591989953854174  α = 0.089
  5   -21.48437789520       -5.00       -3.17    19.3s
    hm1_norm_ρdiff=0.0009765482028583562 hm1_norm_Δρ=0.00020536903116428752  error_V_h1=0.8421365911577134  α = 0.532
  6   -21.48438595104       -5.09       -3.11    26.7s
    hm1_norm_ρdiff=0.000993881436401028 hm1_norm_Δρ=0.00028343164886279564  error_V_h1=0.7555512971332827  α = 0.289
  7   -21.48438744535       -5.83       -2.89    32.5s
    hm1_norm_ρdiff=0.0010695668717296358 hm1_norm_Δρ=0.0004232198655940777  error_V_h1=0.6859628108754756  α = 0.165
  8   -21.48439099295       -5.45       -3.23    24.2s
    hm1_norm_ρdiff=0.001113665770349199 hm1_norm_Δρ=0.00015324223609986817  error_V_h1=0.6121814820977151  α = 0.285
  9   -21.48439305237       -5.69       -3.48    29.2s
    hm1_norm_ρdiff=0.0011359832985113527 hm1_norm_Δρ=8.806978655998274e-5  error_V_h1=0.6065279367909743  α = 0.267
 10   -21.48439409833       -5.98       -3.62    26.5s
    hm1_norm_ρdiff=0.0011340738806638522 hm1_norm_Δρ=8.127853249729027e-5  error_V_h1=0.6251306344174401  α = 0.284
 11   -21.48439436187       -6.58       -3.84    24.4s
    hm1_norm_ρdiff=0.0011051265707174155 hm1_norm_Δρ=4.746865610033703e-5  error_V_h1=0.6428504062059233  α = 0.287
 12   -21.48439439695       -7.45       -4.11    34.8s
    hm1_norm_ρdiff=0.0011000166180791307 hm1_norm_Δρ=2.4538737403670723e-5  error_V_h1=0.644405883585296  α = 0.119
 13   -21.48439444061       -7.36       -3.23    51.7s
    hm1_norm_ρdiff=0.0010184109401683173 hm1_norm_Δρ=0.00021831471863548678  error_V_h1=0.647795689394771  α = 0.023
 14   -21.48439445841       -7.75       -4.29    34.2s
    hm1_norm_ρdiff=0.0010821194817732856 hm1_norm_Δρ=1.9287309503158193e-5  error_V_h1=0.6480625079257697  α = 0.137
 15   -21.48439446268       -8.37       -3.79    53.2s
    hm1_norm_ρdiff=0.001078312890555674 hm1_norm_Δρ=6.572065951494678e-5  error_V_h1=0.6476306008996389  α = 0.0147
 16   -21.48439446338       -9.15       -4.03    46.5s
    hm1_norm_ρdiff=0.0010908278889011484 hm1_norm_Δρ=2.9465040494980185e-5  error_V_h1=0.6469191983848602  α = 0.0225
 17   -21.48439446338      -13.75       -4.42     247s
    hm1_norm_ρdiff=0.0010867176928968962 hm1_norm_Δρ=1.170617233798209e-5  error_V_h1=0.6469191978681671  α = 7.53e-8
 18   -21.48439446338   +  -14.45       -4.25     139s
    hm1_norm_ρdiff=0.001092887051864151 hm1_norm_Δρ=1.99429370530112e-5  error_V_h1=0.6469191978681514  α = 0.0
 19   -21.48439446945       -8.22       -4.03    44.7s
    hm1_norm_ρdiff=0.0010961642958577694 hm1_norm_Δρ=3.845119543277707e-5  error_V_h1=0.6458776455926458  α = 0.0386
 20   -21.48439447082       -8.86       -3.84    54.9s
    hm1_norm_ρdiff=0.0010156431112782478 hm1_norm_Δρ=7.850683550567998e-5  error_V_h1=0.6451464062112309  α = 0.00841
 21   -21.48439447085      -10.59       -4.15     208s
    hm1_norm_ρdiff=0.0010953149625106138 hm1_norm_Δρ=2.627710982880669e-5  error_V_h1=0.6450680041409496  α = 0.00376
 22   -21.48439447085      -14.15       -4.18     170s
    hm1_norm_ρdiff=0.001093200875801732 hm1_norm_Δρ=2.387173908090652e-5  error_V_h1=0.6450680039094162  α = 3.78e-8
 23   -21.48439447085   +    -Inf       -4.41     133s
    hm1_norm_ρdiff=0.0010885365640396951 hm1_norm_Δρ=1.1607754276442343e-5  error_V_h1=0.6450680039094435  α = 0.0
 24   -21.48439447085   +    -Inf       -4.51     202s
    hm1_norm_ρdiff=0.0010862104481461294 hm1_norm_Δρ=1.0398059381420682e-5  error_V_h1=0.6450680039094744  α = 5.38e-14
Trying again without preconditioner ...
n     Energy            log10(ΔE)   log10(Δρ)   Δtime
---   ---------------   ---------   ---------   ------
  1   -21.48439447216                   -3.24    72.2s
    hm1_norm_ρdiff=0.0010726687155468485 hm1_norm_Δρ=0.0001418478684034115  error_V_h1=0.6433748657173115  α = 0.0104
  2   -21.48439447216      -13.85       -3.52     192s
    hm1_norm_ρdiff=0.0011396018436224922 hm1_norm_Δρ=0.00011374709534999252  error_V_h1=0.6433747718677018  α = 1.91e-6
  3   -21.48439447216   +    -Inf       -3.54     242s
    hm1_norm_ρdiff=0.000998256590692677 hm1_norm_Δρ=0.00012023813624713861  error_V_h1=0.6433747718647709  α = 6.76e-11
  4   -21.48439447216   +    -Inf       -3.68     343s
    hm1_norm_ρdiff=0.0011261246491292187 hm1_norm_Δρ=6.350061952906059e-5  error_V_h1=0.6433747718649057  α = 2.22e-12

#-- |ρε - ρref| = 0.0010894317181847721 vs. 1.778279410038923e-7 = δ*ε  error_V_h1=0.6433747718649057  Qε=0.7451714718381036


# --- ε=1.0e-5

n     Energy            log10(ΔE)   log10(Δρ)   Δtime
---   ---------------   ---------   ---------   ------
  1   -21.48270311828                   -0.89    70.3s
    hm1_norm_ρdiff=0.08129816655883622 hm1_norm_Δρ=0.08103317265610879  error_V_h1=2.833656011252432  α = 0.00959
  2   -21.48278763590       -4.07       -1.81    52.0s
    hm1_norm_ρdiff=0.006617562144191496 hm1_norm_Δρ=0.006431986329776088  error_V_h1=2.6250674585804634  α = 0.0225
  3   -21.48281776834       -4.52       -2.11    45.1s
    hm1_norm_ρdiff=0.003052434772703034 hm1_norm_Δρ=0.00305620941146698  error_V_h1=2.5645900985779018  α = 0.0464
  4   -21.48283342616       -4.81       -2.13    39.6s
    hm1_norm_ρdiff=0.0025410415793092234 hm1_norm_Δρ=0.0027173743404849257  error_V_h1=2.548268461945587  α = 0.0898
  5   -21.48308483273       -3.60       -2.58    26.1s
    hm1_norm_ρdiff=0.0006489114623380144 hm1_norm_Δρ=0.000989223797539474  error_V_h1=1.5626967908553873  α = 0.279
  6   -21.48312301925       -4.42       -2.39    32.3s
    hm1_norm_ρdiff=0.0011474844464227074 hm1_norm_Δρ=0.0013707082888434472  error_V_h1=1.314604735354258  α = 0.165
  7   -21.48313551618       -4.90       -2.38    39.0s
    hm1_norm_ρdiff=0.0014209102094476455 hm1_norm_Δρ=0.0014117632328951564  error_V_h1=1.1769148568345482  α = 0.0896
  8   -21.48316401471       -4.55       -2.71    29.9s
    hm1_norm_ρdiff=0.0008847899976457961 hm1_norm_Δρ=0.0005174966710998699  error_V_h1=0.9003449884856916  α = 0.152
  9   -21.48318620464       -4.65       -2.95    26.0s
    hm1_norm_ρdiff=0.0008329690432446191 hm1_norm_Δρ=0.000328343662851299  error_V_h1=0.6638373266100354  α = 0.287
 10   -21.48320352449       -4.76       -2.87    33.7s
    hm1_norm_ρdiff=0.0009051519387690524 hm1_norm_Δρ=0.0004135440793508655  error_V_h1=0.49200198253659305  α = 0.151
 11   -21.48320809692       -5.34       -3.08    33.7s
    hm1_norm_ρdiff=0.0007442060143028296 hm1_norm_Δρ=0.0002716482895087925  error_V_h1=0.5078065684906301  α = 0.159
 12   -21.48320910906       -5.99       -3.36    33.6s
    hm1_norm_ρdiff=0.0006416328231468165 hm1_norm_Δρ=0.0001006203946399743  error_V_h1=0.519545767738316  α = 0.145
 13   -21.48321017850       -5.97       -3.71    23.4s
    hm1_norm_ρdiff=0.0006096801481575257 hm1_norm_Δρ=6.678866017190476e-5  error_V_h1=0.5444998067252119  α = 0.295
 14   -21.48321034898       -6.77       -3.16    46.0s
    hm1_norm_ρdiff=0.0005599760000065168 hm1_norm_Δρ=0.0002734802249648477  error_V_h1=0.5390308714837488  α = 0.0466
 15   -21.48321056527       -6.66       -3.36    46.6s
    hm1_norm_ρdiff=0.0005979456301458022 hm1_norm_Δρ=0.00015874364970080247  error_V_h1=0.5310696770900715  α = 0.0454
 16   -21.48321089513       -6.48       -3.26    44.8s
    hm1_norm_ρdiff=0.0006026740247984547 hm1_norm_Δρ=0.0001824211279090117  error_V_h1=0.5199096122333037  α = 0.0432
 17   -21.48321093833       -7.36       -3.78    39.0s
    hm1_norm_ρdiff=0.0006453786914285219 hm1_norm_Δρ=4.867646252489702e-5  error_V_h1=0.5190189168522374  α = 0.071
 18   -21.48321093833      -13.60       -3.21     190s
    hm1_norm_ρdiff=0.0005749177661692074 hm1_norm_Δρ=0.00016158913560324108  error_V_h1=0.5190189147714503  α = 3.64e-8
 19   -21.48321093833      -14.45       -3.93     175s
    hm1_norm_ρdiff=0.0006260600502256687 hm1_norm_Δρ=2.958510787762659e-5  error_V_h1=0.519018914745021  α = 3.88e-10
 20   -21.48321093833      -14.45       -3.95     171s
    hm1_norm_ρdiff=0.0006337752689851247 hm1_norm_Δρ=3.223463106312078e-5  error_V_h1=0.5190189147449972  α = 3.79e-16
 21   -21.48321093833   +  -14.15       -2.24     176s
    hm1_norm_ρdiff=0.00196879817820462 hm1_norm_Δρ=0.001667404881319239  error_V_h1=0.519018914745014  α = 0.0
 22   -21.48321098968       -7.29       -3.30    51.2s
    hm1_norm_ρdiff=0.0007894157623004737 hm1_norm_Δρ=0.00022456682545950903  error_V_h1=0.5193176042821986  α = 0.0229
 23   -21.48321101472       -7.60       -3.18    58.5s
    hm1_norm_ρdiff=0.000497053709556912 hm1_norm_Δρ=0.0002677845933562164  error_V_h1=0.5165169078129959  α = 0.0104
 24   -21.48321102366       -8.05       -3.46    49.0s
    hm1_norm_ρdiff=0.0006363725522134468 hm1_norm_Δρ=0.0001253157358177538  error_V_h1=0.5130348077492756  α = 0.0214
 25   -21.48321102520       -8.81       -3.65    62.3s
    hm1_norm_ρdiff=0.0005985219805208319 hm1_norm_Δρ=8.575887710635093e-5  error_V_h1=0.5124579026145875  α = 0.00446
 26   -21.48321102520      -13.67       -3.99     172s
    hm1_norm_ρdiff=0.0006268951062479105 hm1_norm_Δρ=2.73692323636384e-5  error_V_h1=0.5124579024192133  α = 1.18e-8
 27   -21.48321102520   +  -14.45       -3.91     144s
    hm1_norm_ρdiff=0.0006211202158941773 hm1_norm_Δρ=3.9522925679701794e-5  error_V_h1=0.5124579024192037  α = 0.0
 28   -21.48321102899       -8.42       -3.56    59.5s
    hm1_norm_ρdiff=0.00048165372577446827 hm1_norm_Δρ=0.0001647368146160185  error_V_h1=0.5112888839128811  α = 0.0104
 29   -21.48321102930       -9.51       -3.65    58.1s
    hm1_norm_ρdiff=0.000643845522222261 hm1_norm_Δρ=8.594196884477861e-5  error_V_h1=0.5111301985620718  α = 0.00651
 30   -21.48321102930      -13.45       -3.99     314s
    hm1_norm_ρdiff=0.0006244041498009642 hm1_norm_Δρ=3.208493639390727e-5  error_V_h1=0.5111301980534283  α = 2.02e-8
 31   -21.48321102930   +    -Inf       -3.49     218s
    hm1_norm_ρdiff=0.0006644846538791019 hm1_norm_Δρ=0.00010471564720117175  error_V_h1=0.5111301980534926  α = 6.51e-12
 32   -21.48321102930   +    -Inf       -3.93     210s
    hm1_norm_ρdiff=0.0006169068651212794 hm1_norm_Δρ=3.86121594098555e-5  error_V_h1=0.5111301980534716  α = 1.32e-13
Trying again without preconditioner ...
n     Energy            log10(ΔE)   log10(Δρ)   Δtime
---   ---------------   ---------   ---------   ------
  1   -21.48321103967                   -2.74    79.1s
    hm1_norm_ρdiff=0.0010083079748845153 hm1_norm_Δρ=0.0005112759011639097  error_V_h1=0.5101423825488701  α = 0.00432
  2   -21.48321104337       -8.43       -2.60    73.7s
    hm1_norm_ρdiff=0.0006025923555047808 hm1_norm_Δρ=0.0006745885396910465  error_V_h1=0.5090376273078437  α = 0.00155
  3   -21.48321104337      -13.67       -3.38     239s
    hm1_norm_ρdiff=0.0006528842549536073 hm1_norm_Δρ=0.00011848289953998384  error_V_h1=0.5090376271031122  α = 2.27e-9
  4   -21.48321104337      -14.15       -3.19     259s
    hm1_norm_ρdiff=0.0006507765290428457 hm1_norm_Δρ=0.00021427810284792835  error_V_h1=0.5090376271042893  α = 5.23e-12
  5   -21.48321104337      -14.45       -2.99     165s
    hm1_norm_ρdiff=0.0005915445612341774 hm1_norm_Δρ=0.0003792481307008919  error_V_h1=0.5090376271043111  α = 1.37e-13
  6   -21.48321104337      -14.45       -2.67     208s
    hm1_norm_ρdiff=0.000795372095341248 hm1_norm_Δρ=0.000738620512937377  error_V_h1=0.5090376271146346  α = 2.44e-11
  7   -21.48321104337   +  -14.45       -3.42     158s
    hm1_norm_ρdiff=0.0006586367751013884 hm1_norm_Δρ=0.00011563123439641851  error_V_h1=0.5090376271146523  α = 0.0
  8   -21.48321104337      -11.96       -3.10     217s
    hm1_norm_ρdiff=0.00046630247824021683 hm1_norm_Δρ=0.0003620471051306433  error_V_h1=0.5090292914484116  α = 4.94e-5
  9   -21.48321104337   +    -Inf       -3.33     220s
    hm1_norm_ρdiff=0.0006940088509516031 hm1_norm_Δρ=0.00013823645503450324  error_V_h1=0.5090292914125155  α = 4.35e-10
 10   -21.48321104337   +  -14.15       -3.22     159s
    hm1_norm_ρdiff=0.000619967552355211 hm1_norm_Δρ=0.00020609482202722386  error_V_h1=0.5090292914124882  α = 0.0
 11   -21.48321104337      -14.15       -3.11     289s
    hm1_norm_ρdiff=0.0004687175854247002 hm1_norm_Δρ=0.0003486983973028356  error_V_h1=0.5090292914119928  α = 2.68e-12
 12   -21.48321104337   +    -Inf       -3.26     346s
    hm1_norm_ρdiff=0.0007004463812439937 hm1_norm_Δρ=0.00016006074886543598  error_V_h1=0.5090292914120078  α = 1.57e-13
 13   -21.48321104337   +    -Inf       -2.41     195s
    hm1_norm_ρdiff=0.0015102174575877788 hm1_norm_Δρ=0.0012553416385444414  error_V_h1=0.5090292913469595  α = 7.57e-11

#-- |ρε - ρref| = 0.0006219009608751363 vs. 1.0000000000000001e-7 = δ*ε  error_V_h1=0.5090292913469595  Qε=0.8048437049986514


# --- ε=5.623413251903491e-6

n     Energy            log10(ΔE)   log10(Δρ)   Δtime
---   ---------------   ---------   ---------   ------
  1   -21.48241701934                   -0.89    81.6s
    hm1_norm_ρdiff=0.08163664740117765 hm1_norm_Δρ=0.08138457382242144  error_V_h1=1.7360381015713355  α = 0.00412
  2   -21.48243289819       -4.80       -1.80    51.6s
    hm1_norm_ρdiff=0.006690103649112647 hm1_norm_Δρ=0.006633894275511781  error_V_h1=1.662834418065419  α = 0.0221
  3   -21.48243925779       -5.20       -2.12    49.6s
    hm1_norm_ρdiff=0.0029911440800555428 hm1_norm_Δρ=0.002958576835012345  error_V_h1=1.6314928278923189  α = 0.0225
  4   -21.48245056734       -4.95       -2.26    53.1s
    hm1_norm_ρdiff=0.002012073245776072 hm1_norm_Δρ=0.0019799626782081004  error_V_h1=1.5539230808061573  α = 0.023
  5   -21.48247099329       -4.69       -2.87    33.4s
    hm1_norm_ρdiff=0.00038156404090211897 hm1_norm_Δρ=0.0003757278883284053  error_V_h1=1.3722816212384952  α = 0.153
  6   -21.48247726452       -5.20       -2.80    32.4s
    hm1_norm_ρdiff=0.00044990415073289247 hm1_norm_Δρ=0.0005640113026947913  error_V_h1=1.256396725496292  α = 0.164
  7   -21.48248875089       -4.94       -2.45    46.0s
    hm1_norm_ρdiff=0.001115291045217961 hm1_norm_Δρ=0.0012245605196259696  error_V_h1=1.0723913622939163  α = 0.046
  8   -21.48250426650       -4.81       -2.69    40.6s
    hm1_norm_ρdiff=0.0005231004515178487 hm1_norm_Δρ=0.0005770006985939145  error_V_h1=0.7783354872174466  α = 0.0823
  9   -21.48250838607       -5.39       -2.88    37.9s
    hm1_norm_ρdiff=0.000447069894892639 hm1_norm_Δρ=0.00033558232752233945  error_V_h1=0.6670914499375269  α = 0.0849
 10   -21.48250906762       -6.17       -3.13    32.6s
    hm1_norm_ρdiff=0.0004144317192601416 hm1_norm_Δρ=0.0001970423062070193  error_V_h1=0.5988087881199726  α = 0.165
 11   -21.48251147702       -5.62       -3.28    33.4s
    hm1_norm_ρdiff=0.00041772178104091084 hm1_norm_Δρ=0.00014644565081855466  error_V_h1=0.4970664931974168  α = 0.158
 12   -21.48251147702      -13.55       -2.75     300s
    hm1_norm_ρdiff=0.001041381606897287 hm1_norm_Δρ=0.0007907177997632296  error_V_h1=0.4970664908543701  α = 1.09e-9
 13   -21.48251153676       -7.22       -2.87    57.8s
    hm1_norm_ρdiff=0.0007309125901325773 hm1_norm_Δρ=0.00048399463230452353  error_V_h1=0.48544926286801043  α = 0.00406
 14   -21.48251154677       -8.00       -2.58    64.6s
    hm1_norm_ρdiff=0.0011507109686325109 hm1_norm_Δρ=0.0009770190271853195  error_V_h1=0.4785418059240447  α = 0.00287
 15   -21.48251163521       -7.05       -3.20    46.2s
    hm1_norm_ρdiff=0.000452345616944729 hm1_norm_Δρ=0.0002190494088325189  error_V_h1=0.49523083095142456  α = 0.0461
 16   -21.48251253159       -6.05       -3.38    33.0s
    hm1_norm_ρdiff=0.0003831854162137748 hm1_norm_Δρ=0.00010811084977454792  error_V_h1=0.49204482668151067  α = 0.16
 17   -21.48251587764       -5.48       -3.17    37.9s
    hm1_norm_ρdiff=0.0004724368766484576 hm1_norm_Δρ=0.0001882993868834417  error_V_h1=0.4308156503025712  α = 0.0692
 18   -21.48251587764      -13.67       -3.11     376s
    hm1_norm_ρdiff=0.0004014775656015626 hm1_norm_Δρ=0.00019190357721915555  error_V_h1=0.43081565003225747  α = 4.97e-10
 19   -21.48251589014       -7.90       -3.36    53.1s
    hm1_norm_ρdiff=0.0004512163302443633 hm1_norm_Δρ=0.00015206223465447712  error_V_h1=0.43212165947124426  α = 0.0176
 20   -21.48251589014      -13.55       -3.38     184s
    hm1_norm_ρdiff=0.00036303505607452235 hm1_norm_Δρ=9.276716927536929e-5  error_V_h1=0.4321216593375981  α = 9.79e-10
 21   -21.48251589014      -13.97       -3.46     237s
    hm1_norm_ρdiff=0.00041769827497790144 hm1_norm_Δρ=0.0001056379611985375  error_V_h1=0.4321216593379667  α = 7.67e-12
 22   -21.48251747471       -5.80       -3.24    38.5s
    hm1_norm_ρdiff=0.0004271574687164396 hm1_norm_Δρ=0.00014678809780863873  error_V_h1=0.4361570779678442  α = 0.0467
 23   -21.48251747471      -13.85       -3.45     245s
    hm1_norm_ρdiff=0.00030702822464498847 hm1_norm_Δρ=0.00013793392154342005  error_V_h1=0.4361570779932661  α = 1.94e-9
 24   -21.48251747471   +    -Inf       -3.10     166s
    hm1_norm_ρdiff=0.0004257909207397628 hm1_norm_Δρ=0.00022605660701946977  error_V_h1=0.43615707799335895  α = 0.0
 25   -21.48251748887       -7.85       -3.24    44.0s
    hm1_norm_ρdiff=0.0004045656498242018 hm1_norm_Δρ=0.0001973291505281117  error_V_h1=0.42840491901295014  α = 0.0461
 26   -21.48251750791       -7.72       -2.92    60.8s
    hm1_norm_ρdiff=0.00041975191122467986 hm1_norm_Δρ=0.000439165445714649  error_V_h1=0.4236300175417523  α = 0.0103
 27   -21.48251751238       -8.35       -3.07    65.6s
    hm1_norm_ρdiff=0.0007148877732493273 hm1_norm_Δρ=0.00040681347873958737  error_V_h1=0.4234758038856087  α = 0.00398
 28   -21.48251751238      -13.67       -3.36     199s
    hm1_norm_ρdiff=0.00036095584445202956 hm1_norm_Δρ=0.00014849849334443635  error_V_h1=0.4234757927531125  α = 4.87e-8
 29   -21.48251751238   +    -Inf       -3.63     151s
    hm1_norm_ρdiff=0.00034809123706596384 hm1_norm_Δρ=6.379339903892443e-5  error_V_h1=0.4234757927530997  α = 0.0
 30   -21.48251752613       -7.86       -3.19    51.8s
    hm1_norm_ρdiff=0.00043729597457619143 hm1_norm_Δρ=0.0002549737060397731  error_V_h1=0.4226770190398574  α = 0.0225
 31   -21.48251753071       -8.34       -3.22    56.4s
    hm1_norm_ρdiff=0.0005062081339921563 hm1_norm_Δρ=0.00024320146423459637  error_V_h1=0.422243862992776  α = 0.00341
 32   -21.48251753071      -13.85       -3.33     199s
    hm1_norm_ρdiff=0.00021936026660015145 hm1_norm_Δρ=0.00023169346014166792  error_V_h1=0.42224386195085045  α = 4.02e-9
 33   -21.48251753071   +    -Inf       -3.48     406s
    hm1_norm_ρdiff=0.0003789002306583704 hm1_norm_Δρ=0.00010051641239764362  error_V_h1=0.4222438619508062  α = 1.2e-11
 34   -21.48251753071   +  -14.45       -3.93     196s
    hm1_norm_ρdiff=0.0003701806451458214 hm1_norm_Δρ=4.3368375136984995e-5  error_V_h1=0.42224386195090985  α = 0.0
 35   -21.48251753937       -8.06       -3.08    57.6s
    hm1_norm_ρdiff=0.0005091279204930938 hm1_norm_Δρ=0.00034922352725005987  error_V_h1=0.4203545962734071  α = 0.0101
 36   -21.48251753937      -13.85       -3.57     192s
    hm1_norm_ρdiff=0.00025760396843819234 hm1_norm_Δρ=0.00013560325450818269  error_V_h1=0.4203545941396541  α = 1.76e-8
 37   -21.48251753937   +    -Inf       -3.36     139s
    hm1_norm_ρdiff=0.0004496870155458216 hm1_norm_Δρ=0.00016351541906368136  error_V_h1=0.42035459413952736  α = 0.0
 38   -21.48251754222       -8.55       -3.21    55.4s
    hm1_norm_ρdiff=0.00030836124974531807 hm1_norm_Δρ=0.00028548384445302563  error_V_h1=0.4197427221036636  α = 0.00412
 39   -21.48251754222      -13.55       -3.54     234s
    hm1_norm_ρdiff=0.0004630440004308742 hm1_norm_Δρ=0.0001416052572377497  error_V_h1=0.41974272231320126  α = 2.54e-9
 40   -21.48251754222   +    -Inf       -3.76     295s
    hm1_norm_ρdiff=0.0003509957757590201 hm1_norm_Δρ=5.28299889891096e-5  error_V_h1=0.4197427223132934  α = 1.16e-13
 41   -21.48251754222      -13.97       -2.67     311s
    hm1_norm_ρdiff=0.0007107079600392529 hm1_norm_Δρ=0.0006512343672181423  error_V_h1=0.41974272231518966  α = 3.29e-12
 42   -21.48251754222   +  -14.45       -3.75     141s
    hm1_norm_ρdiff=0.00035796948183202044 hm1_norm_Δρ=5.3977259169883256e-5  error_V_h1=0.4197427223152449  α = 0.0
 43   -21.48251754222   +    -Inf       -3.68     160s
    hm1_norm_ρdiff=0.00043288070706543947 hm1_norm_Δρ=0.000103391436376517  error_V_h1=0.41974272231522014  α = 0.0
 44   -21.48251754222      -14.45       -3.68     300s
    hm1_norm_ρdiff=0.0004328807070827193 hm1_norm_Δρ=0.00010339143638951811  error_V_h1=0.4197427223151662  α = 1.05e-12
 45   -21.48251754222   +    -Inf       -2.63     170s
    hm1_norm_ρdiff=0.0013378544250940117 hm1_norm_Δρ=0.0010805041735731354  error_V_h1=0.4197427223151901  α = 0.0
 46   -21.48251754222   +    -Inf       -3.68     407s
    hm1_norm_ρdiff=0.0004328807070642369 hm1_norm_Δρ=0.00010339143636840617  error_V_h1=0.41974272231517046  α = 5.77e-16
Trying again without preconditioner ...
n     Energy            log10(ΔE)   log10(Δρ)   Δtime
---   ---------------   ---------   ---------   ------
  1   -21.48251754306                   -2.63    90.7s
    hm1_norm_ρdiff=0.0009456187559344589 hm1_norm_Δρ=0.0007481480244362916  error_V_h1=0.42015711307889503  α = 0.000405
  2   -21.48251754306      -13.97       -2.59     192s
    hm1_norm_ρdiff=0.0005951816981071641 hm1_norm_Δρ=0.000654531169146044  error_V_h1=0.4201571130950771  α = 8.11e-12
  3   -21.48251754306   +    -Inf       -2.76     275s
    hm1_norm_ρdiff=0.0008004572641845739 hm1_norm_Δρ=0.0005566266852498892  error_V_h1=0.42015711309509796  α = 1.35e-15
  4   -21.48251754306   +  -14.45       -1.12     191s
    hm1_norm_ρdiff=0.023747339817745055 hm1_norm_Δρ=0.02361169273843254  error_V_h1=0.4201571130950584  α = 0.0
  5   -21.48251754306      -14.45       -2.76     277s
    hm1_norm_ρdiff=0.0006676157863494703 hm1_norm_Δρ=0.00046817367854366874  error_V_h1=0.42015711309550724  α = 3.95e-13
  6   -21.48251754306   +    -Inf       -2.30     402s
    hm1_norm_ρdiff=0.0013198680030100302 hm1_norm_Δρ=0.0011908585254378353  error_V_h1=0.4201571130952694  α = 6.09e-14
  7   -21.48251754306   +  -14.45       -1.71     167s
    hm1_norm_ρdiff=0.006005808610169895 hm1_norm_Δρ=0.00575435989022289  error_V_h1=0.42015711309559195  α = 0.0
  8   -21.48251754306      -13.97       -2.76     272s
    hm1_norm_ρdiff=0.000667615786164948 hm1_norm_Δρ=0.00046817367843845223  error_V_h1=0.42015711335113826  α = 2.55e-10
  9   -21.48251754306   +    -Inf       -2.55     260s
    hm1_norm_ρdiff=0.0007237294295711605 hm1_norm_Δρ=0.0007925047002804049  error_V_h1=0.42015711335138234  α = 3.53e-15
 10   -21.48251754306   +  -14.15       -1.36     188s
    hm1_norm_ρdiff=0.012424076658402918 hm1_norm_Δρ=0.012463775612463809  error_V_h1=0.42015711335141553  α = 0.0
 11   -21.48251754306      -14.15       -2.76     232s
    hm1_norm_ρdiff=0.0006676156956012326 hm1_norm_Δρ=0.0004681735832193777  error_V_h1=0.42015711341623935  α = 6.49e-11
 12   -21.48251754306   +  -14.45       -2.55     172s
    hm1_norm_ρdiff=0.0007240466866844356 hm1_norm_Δρ=0.0007864428787887285  error_V_h1=0.4201571134162649  α = 0.0
 13   -21.48251754306      -14.45       -2.76     391s
    hm1_norm_ρdiff=0.0006676156728568298 hm1_norm_Δρ=0.0004681735591392837  error_V_h1=0.42015711341678996  α = 5.29e-13
 14   -21.48251754306      -13.85       -2.46     236s
    hm1_norm_ρdiff=0.0007534134335701535 hm1_norm_Δρ=0.0007190235085938976  error_V_h1=0.4201571134431344  α = 8.71e-12
 15   -21.48251754306      -14.45       -2.68     318s
    hm1_norm_ρdiff=0.0008385703124433394 hm1_norm_Δρ=0.0007291994566880588  error_V_h1=0.42015711344337964  α = 1.29e-13
 16   -21.48251754306   +  -13.97       -2.75     167s
    hm1_norm_ρdiff=0.0009520836943304812 hm1_norm_Δρ=0.0006612777247486471  error_V_h1=0.42015711344335005  α = 0.0
 17   -21.48251754306      -14.45       -2.76     383s
    hm1_norm_ρdiff=0.0006676156740573265 hm1_norm_Δρ=0.0004681735602669549  error_V_h1=0.420157113443519  α = 3.36e-13
 18   -21.48251754306   +    -Inf       -1.86     186s
    hm1_norm_ρdiff=0.004713956822427706 hm1_norm_Δρ=0.004463744725648806  error_V_h1=0.42015711344366796  α = 0.0
 19   -21.48251754306   +    -Inf       -2.76     415s
    hm1_norm_ρdiff=0.000667615673995796 hm1_norm_Δρ=0.00046817356017501825  error_V_h1=0.4201571134437083  α = 1.52e-13

#-- |ρε - ρref| = 0.00035403392246305214 vs. 5.623413251903491e-8 = δ*ε  error_V_h1=0.4201571134437083  Qε=0.8408067436592832


# --- ε=3.162277660168379e-6

n     Energy            log10(ΔE)   log10(Δρ)   Δtime
---   ---------------   ---------   ---------   ------
  1   -21.48208081548                   -0.89    87.4s
    hm1_norm_ρdiff=0.08203989216800954 hm1_norm_Δρ=0.08184464332292582  error_V_h1=1.4875608745654598  α = 0.00166
  2   -21.48210473196       -4.62       -1.80    61.1s
    hm1_norm_ρdiff=0.006794656693743862 hm1_norm_Δρ=0.006742287611809651  error_V_h1=1.050369026270888  α = 0.0101
  3   -21.48211066210       -5.23       -2.10    59.2s
    hm1_norm_ρdiff=0.0031330233949125293 hm1_norm_Δρ=0.003098836297966152  error_V_h1=0.914668699531919  α = 0.0103
  4   -21.48211561676       -5.30       -2.25    59.3s
    hm1_norm_ρdiff=0.0020496525040433096 hm1_norm_Δρ=0.002012531870694714  error_V_h1=0.7820528308761111  α = 0.0106
  5   -21.48211743869       -5.74       -2.88    44.6s
    hm1_norm_ρdiff=0.00041339195115419137 hm1_norm_Δρ=0.00034209651691259884  error_V_h1=0.7123349322136919  α = 0.0404
  6   -21.48211767552       -6.63       -2.99    52.8s
    hm1_norm_ρdiff=0.0003830158402084271 hm1_norm_Δρ=0.00031282358621426327  error_V_h1=0.6916349458934866  α = 0.0141
  7   -21.48211768196       -8.19       -2.72    73.4s
    hm1_norm_ρdiff=0.0005770546551425787 hm1_norm_Δρ=0.0005292823873210016  error_V_h1=0.6812078599006888  α = 0.00442
  8   -21.48211768196      -13.67       -3.06     345s
    hm1_norm_ρdiff=0.00029969290250794604 hm1_norm_Δρ=0.00020945425212604213  error_V_h1=0.6812078578732207  α = 1.19e-9
  9   -21.48211768196   +  -14.15       -2.98     165s
    hm1_norm_ρdiff=0.0003629723237590096 hm1_norm_Δρ=0.00029782364060628396  error_V_h1=0.6812078578730908  α = 0.0
 10   -21.48212013043       -5.61       -1.95    65.7s
    hm1_norm_ρdiff=0.005410193332261662 hm1_norm_Δρ=0.005296056509739147  error_V_h1=0.5835354127248816  α = 0.00402
 11   -21.48212196605       -5.74       -2.28    64.8s
    hm1_norm_ρdiff=0.002594185333009281 hm1_norm_Δρ=0.0027458994817367265  error_V_h1=0.48165793864085166  α = 0.00431
 12   -21.48212215514       -6.72       -2.84    57.9s
    hm1_norm_ρdiff=0.0005173874875544453 hm1_norm_Δρ=0.0004929996501684116  error_V_h1=0.45842385867229146  α = 0.0091
 13   -21.48212217495       -7.70       -2.66    75.8s
    hm1_norm_ρdiff=0.0008196901308362354 hm1_norm_Δρ=0.0008344010968024668  error_V_h1=0.4540911288839039  α = 0.000956
 14   -21.48212217495      -14.15       -3.35     188s
    hm1_norm_ρdiff=0.00022358033515768649 hm1_norm_Δρ=0.00011325033145687227  error_V_h1=0.4540911288748355  α = 1.91e-11
 15   -21.48212217495   +  -14.45       -3.02     170s
    hm1_norm_ρdiff=0.00031307397872377464 hm1_norm_Δρ=0.0002516805694389613  error_V_h1=0.4540911288752622  α = 0.0
 16   -21.48212220543       -7.52       -2.27    63.9s
    hm1_norm_ρdiff=0.0028775454795702013 hm1_norm_Δρ=0.003046341438953527  error_V_h1=0.44327375776505507  α = 0.00349
 17   -21.48212221762       -7.91       -3.01    64.5s
    hm1_norm_ρdiff=0.0005260602057307115 hm1_norm_Δρ=0.0004127645297052237  error_V_h1=0.43965893098290404  α = 0.00276
 18   -21.48212221762      -13.41       -3.15     200s
    hm1_norm_ρdiff=0.00029935289350342936 hm1_norm_Δρ=0.00021978268970586603  error_V_h1=0.43965893091419395  α = 1.18e-10
 19   -21.48212221762   +  -14.15       -2.48     181s
    hm1_norm_ρdiff=0.0010227215789923277 hm1_norm_Δρ=0.0010586200397165802  error_V_h1=0.4396589309138653  α = 0.0
 20   -21.48212252170       -6.52       -2.30    74.0s
    hm1_norm_ρdiff=0.0031617190256549477 hm1_norm_Δρ=0.0029839561289428445  error_V_h1=0.423006677374245  α = 0.00163
 21   -21.48212252170      -14.15       -3.47     249s
    hm1_norm_ρdiff=0.00022631002361846379 hm1_norm_Δρ=9.615767516479539e-5  error_V_h1=0.4230066766145851  α = 2.85e-9
 22   -21.48212252170   +    -Inf       -2.56     297s
    hm1_norm_ρdiff=0.0009151129344168015 hm1_norm_Δρ=0.000950355276114356  error_V_h1=0.42300667657871754  α = 1.99e-11
 23   -21.48212252170   +    -Inf       -2.71     224s
    hm1_norm_ρdiff=0.0006967723368913438 hm1_norm_Δρ=0.0007017187581525862  error_V_h1=0.4230066765801669  α = 1.21e-11
Trying again without preconditioner ...
n     Energy            log10(ΔE)   log10(Δρ)   Δtime
---   ---------------   ---------   ---------   ------
  1   -21.48212256447                   -2.08    86.7s
    hm1_norm_ρdiff=0.0018328358343084104 hm1_norm_Δρ=0.0017830784286444064  error_V_h1=0.42267586569102733  α = 0.00145
  2   -21.48212256447      -13.97       -2.00     249s
    hm1_norm_ρdiff=0.0032659595529427776 hm1_norm_Δρ=0.003387296656603546  error_V_h1=0.42267586611397695  α = 4.78e-10
  3   -21.48212256447   +    -Inf       -2.12     187s
    hm1_norm_ρdiff=0.0023874063737633513 hm1_norm_Δρ=0.0023149755076933235  error_V_h1=0.422675866113965  α = 0.0
  4   -21.48212256447   +  -14.45       -2.37     173s
    hm1_norm_ρdiff=0.0014312268972785066 hm1_norm_Δρ=0.0015491832785348566  error_V_h1=0.4226758661139217  α = 0.0
  5   -21.48212256447      -14.45       -2.37     292s
    hm1_norm_ρdiff=0.0014312268972641617 hm1_norm_Δρ=0.0015491832785249958  error_V_h1=0.42267586611421415  α = 2.48e-12
  6   -21.48212256447      -13.97       -1.89     429s
    hm1_norm_ρdiff=0.002709369278632978 hm1_norm_Δρ=0.0026372988145206226  error_V_h1=0.4226758661190767  α = 2.98e-13
  7   -21.48212256447   +  -13.97       -1.90     190s
    hm1_norm_ρdiff=0.004659778321752031 hm1_norm_Δρ=0.004737906904838246  error_V_h1=0.42267586611850977  α = 0.0
  8   -21.48212256447      -14.45       -2.37     306s
    hm1_norm_ρdiff=0.0014312268911822732 hm1_norm_Δρ=0.0015491832723752497  error_V_h1=0.422675866121706  α = 1.4e-11
  9   -21.48212256447   +    -Inf       -1.90     189s
    hm1_norm_ρdiff=0.0027731815503264697 hm1_norm_Δρ=0.002694678456967133  error_V_h1=0.4226758661216335  α = 0.0
 10   -21.48212256447      -14.45       -2.37     308s
    hm1_norm_ρdiff=0.0014312268517744813 hm1_norm_Δρ=0.0015491832321498289  error_V_h1=0.4226758661222087  α = 2.72e-13
 11   -21.48212256447      -14.45       -1.82     236s
    hm1_norm_ρdiff=0.00390514937512617 hm1_norm_Δρ=0.0040178819781228154  error_V_h1=0.42267586612263924  α = 4.16e-14
 12   -21.48212256447   +  -14.15       -1.97     188s
    hm1_norm_ρdiff=0.0032028737729964743 hm1_norm_Δρ=0.0031288741446940066  error_V_h1=0.4226758661225181  α = 0.0
 13   -21.48212256447      -13.97       -2.37     228s
    hm1_norm_ρdiff=0.001431226851286464 hm1_norm_Δρ=0.0015491832316561578  error_V_h1=0.4226758661232036  α = 3.16e-13
 14   -21.48212256447   +  -14.45       -1.61     186s
    hm1_norm_ρdiff=0.006338375113039239 hm1_norm_Δρ=0.006470514613582988  error_V_h1=0.4226758661232138  α = 0.0
 15   -21.48212256447      -14.45       -2.37     311s
    hm1_norm_ρdiff=0.0014312268507531206 hm1_norm_Δρ=0.0015491832311337092  error_V_h1=0.4226758661232248  α = 7.47e-15
 16   -21.48212256447   +    -Inf       -0.68     202s
    hm1_norm_ρdiff=0.08489802158001952 hm1_norm_Δρ=0.08503443558820142  error_V_h1=0.4226758661231304  α = 0.0
 17   -21.48212256447   +  -13.97       -2.37     175s
    hm1_norm_ρdiff=0.001431226850694796 hm1_norm_Δρ=0.0015491832310715126  error_V_h1=0.42267586612304586  α = 0.0
 18   -21.48212256447      -14.15       -2.37     403s
    hm1_norm_ρdiff=0.0014312268506716842 hm1_norm_Δρ=0.0015491832310464365  error_V_h1=0.4226758661232755  α = 1.46e-14
 19   -21.48212256447   +  -14.45       -0.54     198s
    hm1_norm_ρdiff=0.10708194269761227 hm1_norm_Δρ=0.1071919582088866  error_V_h1=0.4226758661231653  α = 0.0
 20   -21.48212256447      -14.45       -2.37     439s
    hm1_norm_ρdiff=0.0014312268506412385 hm1_norm_Δρ=0.0015491832310156948  error_V_h1=0.42267586612313673  α = 1.34e-14
 21   -21.48212256447   +  -14.15       -1.46     195s
    hm1_norm_ρdiff=0.012637517705027307 hm1_norm_Δρ=0.01276451192854378  error_V_h1=0.4226758661231844  α = 0.0
 22   -21.48212256447      -14.15       -2.37     362s
    hm1_norm_ρdiff=0.0014312268505178697 hm1_norm_Δρ=0.0015491832309997577  error_V_h1=0.42267586613695457  α = 6.93e-11
 23   -21.48212256447      -14.45       -1.90     417s
    hm1_norm_ρdiff=0.0027763394366543655 hm1_norm_Δρ=0.0026962372425588387  error_V_h1=0.4226758661371493  α = 2.89e-15
 24   -21.48212256447   +  -13.97       -1.37     190s
    hm1_norm_ρdiff=0.009813707676437957 hm1_norm_Δρ=0.009715053827799788  error_V_h1=0.4226758661362055  α = 0.0
 25   -21.48212256447      -14.15       -2.37     313s
    hm1_norm_ρdiff=0.0014312266548566434 hm1_norm_Δρ=0.0015491830311851864  error_V_h1=0.4226758661364073  α = 5.44e-14
 26   -21.48212256447   +  -14.15       -1.62     193s
    hm1_norm_ρdiff=0.0068588730254621685 hm1_norm_Δρ=0.007009529583607851  error_V_h1=0.4226758661364318  α = 0.0
 27   -21.48212256447      -14.45       -2.37     392s
    hm1_norm_ρdiff=0.0014312266547391401 hm1_norm_Δρ=0.0015491830310743256  error_V_h1=0.4226758661373106  α = 2.71e-12
 28   -21.48212256447   +  -14.45       -1.88     184s
    hm1_norm_ρdiff=0.002773981435906931 hm1_norm_Δρ=0.0027064578709878264  error_V_h1=0.4226758661373772  α = 0.0
 29   -21.48212256447   +    -Inf       -2.37     380s
    hm1_norm_ρdiff=0.001431226647207376 hm1_norm_Δρ=0.0015491830233948143  error_V_h1=0.42267586613731717  α = 2.91e-14
 30   -21.48212256447      -14.15       -1.09     299s
    hm1_norm_ρdiff=0.027372885767919193 hm1_norm_Δρ=0.02748920598710656  error_V_h1=0.4226758661422265  α = 2.19e-13
 31   -21.48212256447   +  -14.45       -1.93     186s
    hm1_norm_ρdiff=0.0027776149590793284 hm1_norm_Δρ=0.002715043893459279  error_V_h1=0.42267586614225366  α = 0.0
 32   -21.48212256447   +    -Inf       -2.37     250s
    hm1_norm_ρdiff=0.0014312266381241623 hm1_norm_Δρ=0.001549183014221842  error_V_h1=0.4226758661421959  α = 2.18e-13
 33   -21.48212256447   +    -Inf       -1.78     305s
    hm1_norm_ρdiff=0.003228799205463784 hm1_norm_Δρ=0.0032035862877533884  error_V_h1=0.42267586614225355  α = 5.35e-15

#-- |ρε - ρref| = 0.00020042288081663722 vs. 3.162277660168379e-8 = δ*ε  error_V_h1=0.42267586614225355  Qε=0.8719578238105841


# --- ε=1.778279410038923e-6

n     Energy            log10(ΔE)   log10(Δρ)   Δtime
---   ---------------   ---------   ---------   ------
  1   -21.48184736521                   -0.89    85.9s
    hm1_norm_ρdiff=0.0814720711972419 hm1_norm_Δρ=0.08140003745849757  error_V_h1=2.195288250990708  α = 0.00141
  2   -21.48186287368       -4.81       -1.80    65.8s
    hm1_norm_ρdiff=0.006748008742325724 hm1_norm_Δρ=0.006711054956685776  error_V_h1=1.8559737788826796  α = 0.00436
  3   -21.48186683595       -5.40       -2.08    66.3s
    hm1_norm_ρdiff=0.0032088183952592862 hm1_norm_Δρ=0.003189224462165796  error_V_h1=1.754008934335714  α = 0.00435
  4   -21.48186695667       -6.92       -2.18    59.9s
    hm1_norm_ρdiff=0.002389479344042832 hm1_norm_Δρ=0.0023848374246679335  error_V_h1=1.7289547576313364  α = 0.00971
  5   -21.48186836630       -5.85       -2.75    51.9s
    hm1_norm_ρdiff=0.00047156772002127843 hm1_norm_Δρ=0.00045667871010627935  error_V_h1=1.6636256148296924  α = 0.0129
  6   -21.48186857604       -6.68       -2.65    60.0s
    hm1_norm_ρdiff=0.0006734268478663121 hm1_norm_Δρ=0.000673242546323328  error_V_h1=1.6354008453300215  α = 0.00424
  7   -21.48186859636       -7.69       -2.24     205s
    hm1_norm_ρdiff=0.0016545202210192112 hm1_norm_Δρ=0.0016627165180930694  error_V_h1=1.626012058378457  α = 0.00057
  8   -21.48186859636      -13.75       -2.54     276s
    hm1_norm_ρdiff=0.000740122810466904 hm1_norm_Δρ=0.0007638057356324886  error_V_h1=1.6260120558898052  α = 1.98e-10
  9   -21.48186859636   +  -13.97       -2.47     179s
    hm1_norm_ρdiff=0.0009044330974845973 hm1_norm_Δρ=0.0009288725169520073  error_V_h1=1.626012055889747  α = 0.0
 10   -21.48188740546       -4.73       -1.28    70.2s
    hm1_norm_ρdiff=0.031984178342431085 hm1_norm_Δρ=0.032097223860219494  error_V_h1=0.9674617212203432  α = 0.0014
 11   -21.48188832645       -6.04       -2.27    64.3s
    hm1_norm_ρdiff=0.0022112500378636264 hm1_norm_Δρ=0.0022197229002387914  error_V_h1=0.9111076400663785  α = 0.00428
 12   -21.48188898333       -6.18       -2.39    63.9s
    hm1_norm_ρdiff=0.0013218313244959966 hm1_norm_Δρ=0.0013331074356819576  error_V_h1=0.8580485438183766  α = 0.00374
 13   -21.48188898333      -13.55       -3.00     199s
    hm1_norm_ρdiff=0.0003613596634437433 hm1_norm_Δρ=0.00037101889172420937  error_V_h1=0.8580485437975068  α = 2.73e-11
 14   -21.48188898333      -14.45       -2.39     372s
    hm1_norm_ρdiff=0.0012255454623764312 hm1_norm_Δρ=0.0011852180206805894  error_V_h1=0.8580485437897295  α = 4.85e-13
 15   -21.48188898333   +    -Inf       -2.62     300s
    hm1_norm_ρdiff=0.0008521596317170357 hm1_norm_Δρ=0.0008417123221046989  error_V_h1=0.8580485437901065  α = 3.15e-16
 16   -21.48188898333   +    -Inf       -2.87     294s
    hm1_norm_ρdiff=0.00048529038172557 hm1_norm_Δρ=0.00045884599443316254  error_V_h1=0.8580485437887039  α = 2.25e-15
Trying again without preconditioner ...
n     Energy            log10(ΔE)   log10(Δρ)   Δtime
---   ---------------   ---------   ---------   ------
  1   -21.48189078512                   -1.00     147s
    hm1_norm_ρdiff=0.055085881884459065 hm1_norm_Δρ=0.055006994141761904  error_V_h1=0.7606143814088555  α = 0.000423
  2   -21.48189082847       -7.36       -1.77     114s
    hm1_norm_ρdiff=0.005419538141956748 hm1_norm_Δρ=0.005397003990035087  error_V_h1=0.7541203189644864  α = 0.000525
  3   -21.48189082847      -13.85       -1.60     333s
    hm1_norm_ρdiff=0.006596907959563214 hm1_norm_Δρ=0.006570695636911483  error_V_h1=0.7541203189466362  α = 7.03e-13
  4   -21.48189082847   +  -14.15       -1.56     162s
    hm1_norm_ρdiff=0.006630823732348679 hm1_norm_Δρ=0.006661726368228586  error_V_h1=0.754120318946033  α = 0.0
  5   -21.48189170634       -6.06       -1.11    70.1s
    hm1_norm_ρdiff=0.04164198440697117 hm1_norm_Δρ=0.04173426135862403  error_V_h1=0.6913586424444764  α = 0.000424
  6   -21.48189170634      -13.97       -1.99     213s
    hm1_norm_ρdiff=0.0034700969646681225 hm1_norm_Δρ=0.00346837732333711  error_V_h1=0.691358637665525  α = 4.45e-10
  7   -21.48189170634      -14.15       -1.62     218s
    hm1_norm_ρdiff=0.0050577194344954435 hm1_norm_Δρ=0.005074932072777112  error_V_h1=0.6913586376605567  α = 5.85e-13
  8   -21.48189170634   +    -Inf       -1.55     244s
    hm1_norm_ρdiff=0.00880811222988098 hm1_norm_Δρ=0.00877598068760972  error_V_h1=0.6913586376627151  α = 2.49e-15
  9   -21.48189170634   +  -14.45       -1.49     149s
    hm1_norm_ρdiff=0.008935354965493096 hm1_norm_Δρ=0.008925397166513032  error_V_h1=0.6913586376616753  α = 0.0
 10   -21.48189209082       -6.42       -1.20    61.5s
    hm1_norm_ρdiff=0.03243631511614226 hm1_norm_Δρ=0.03235856336345551  error_V_h1=0.6631156757048664  α = 0.000422
 11   -21.48189209082      -13.75       -2.23     170s
    hm1_norm_ρdiff=0.0019208898844631696 hm1_norm_Δρ=0.0019119383609405292  error_V_h1=0.6631156755763558  α = 5.11e-11
 12   -21.48189209082   +  -14.15       -1.30     149s
    hm1_norm_ρdiff=0.012459773819233215 hm1_norm_Δρ=0.012480528683094726  error_V_h1=0.6631156755777815  α = 0.0
 13   -21.48189225690       -6.78       -1.28    60.1s
    hm1_norm_ρdiff=0.026435036495876224 hm1_norm_Δρ=0.02652181614237102  error_V_h1=0.6432432170465314  α = 0.000424
 14   -21.48189225690      -13.55       -2.34     183s
    hm1_norm_ρdiff=0.0011949743956677728 hm1_norm_Δρ=0.0011908611193929524  error_V_h1=0.6432432170184451  α = 1.4e-10
 15   -21.48189225690   +  -14.15       -1.18     149s
    hm1_norm_ρdiff=0.014399897625698474 hm1_norm_Δρ=0.014438965065276265  error_V_h1=0.6432432170184119  α = 0.0
 16   -21.48189230725       -7.30       -1.36    61.5s
    hm1_norm_ρdiff=0.021980140890258047 hm1_norm_Δρ=0.021902516058107852  error_V_h1=0.6346220187088926  α = 0.000427
 17   -21.48189230725      -13.75       -2.46     287s
    hm1_norm_ρdiff=0.0008040151011887544 hm1_norm_Δρ=0.000772896662003326  error_V_h1=0.6346220188304333  α = 1.01e-10
 18   -21.48189230725   +  -14.15       -1.01     156s
    hm1_norm_ρdiff=0.037056844094152996 hm1_norm_Δρ=0.03709450929605648  error_V_h1=0.6346220188305861  α = 0.0
 19   -21.48189266601       -6.45       -1.42    65.8s
    hm1_norm_ρdiff=0.01881557376859062 hm1_norm_Δρ=0.018894011033420158  error_V_h1=0.6047979066341609  α = 0.000191
 20   -21.48189266601      -13.67       -2.52     311s
    hm1_norm_ρdiff=0.00063451433588433 hm1_norm_Δρ=0.0006192257381430334  error_V_h1=0.6047979066526078  α = 1.0e-11
 21   -21.48189266601      -14.15       -1.35     188s
    hm1_norm_ρdiff=0.015092416844264657 hm1_norm_Δρ=0.01509414502131316  error_V_h1=0.604797906692923  α = 1.15e-12
 22   -21.48189266601   +  -14.15       -1.69     145s
    hm1_norm_ρdiff=0.004664901675017544 hm1_norm_Δρ=0.004716374079623427  error_V_h1=0.6047979066931867  α = 0.0
 23   -21.48189266601      -14.45       -2.16     377s
    hm1_norm_ρdiff=0.003198136099396043 hm1_norm_Δρ=0.0032743142479070746  error_V_h1=0.6047979066923951  α = 8.83e-14
 24   -21.48189266601   +  -14.15       -2.02     145s
    hm1_norm_ρdiff=0.003292195325151983 hm1_norm_Δρ=0.00330790091086814  error_V_h1=0.6047979066919217  α = 0.0
 25   -21.48189266601      -14.15       -2.16     251s
    hm1_norm_ρdiff=0.003198136097768346 hm1_norm_Δρ=0.003274314246277357  error_V_h1=0.6047979066866499  α = 7.33e-13
 26   -21.48189266601   +    -Inf       -1.82     145s
    hm1_norm_ρdiff=0.0029079886870502824 hm1_norm_Δρ=0.002896230971232393  error_V_h1=0.6047979066867007  α = 0.0
 27   -21.48189266601   +  -14.45       -2.16     145s
    hm1_norm_ρdiff=0.003198136087437771 hm1_norm_Δρ=0.003274314235927325  error_V_h1=0.604797906686706  α = 0.0
 28   -21.48189266601   +  -14.45       -2.16     144s
    hm1_norm_ρdiff=0.0031981360876226243 hm1_norm_Δρ=0.0032743142361137487  error_V_h1=0.6047979066866499  α = 0.0
 29   -21.48189266601      -14.45       -2.16     214s
    hm1_norm_ρdiff=0.0031981360874229646 hm1_norm_Δρ=0.00327431423591285  error_V_h1=0.6047979066864237  α = 3.79e-14
 30   -21.48189266601   +  -14.15       -1.14     154s
    hm1_norm_ρdiff=0.033169519015962 hm1_norm_Δρ=0.03324943616277476  error_V_h1=0.6047979066865358  α = 0.0
 31   -21.48189266601      -14.45       -2.16     306s
    hm1_norm_ρdiff=0.0031981360868367933 hm1_norm_Δρ=0.0032743142353284776  error_V_h1=0.604797906685222  α = 9.69e-14
 32   -21.48189266601   +  -14.15       -1.59     152s
    hm1_norm_ρdiff=0.0072954537586939 hm1_norm_Δρ=0.007315448956281608  error_V_h1=0.6047979066853172  α = 0.0
 33   -21.48189266601      -14.45       -2.16     217s
    hm1_norm_ρdiff=0.0031981360847861524 hm1_norm_Δρ=0.0032743142332691284  error_V_h1=0.6047979066837751  α = 1.45e-13
 34   -21.48189266601   +  -14.45       -1.83     149s
    hm1_norm_ρdiff=0.0031546509599642805 hm1_norm_Δρ=0.003118334139324244  error_V_h1=0.6047979066841117  α = 0.0
 35   -21.48189266601      -14.15       -2.16     278s
    hm1_norm_ρdiff=0.0031981360823785665 hm1_norm_Δρ=0.003274314230855765  error_V_h1=0.6047979066835497  α = 1.22e-13
 36   -21.48189266601   +    -Inf       -1.80     330s
    hm1_norm_ρdiff=0.005176036446750428 hm1_norm_Δρ=0.0052231694108622806  error_V_h1=0.6047979066835697  α = 3.03e-16
 37   -21.48189266601   +  -14.45       -0.24     160s
    hm1_norm_ρdiff=0.2446909448605972 hm1_norm_Δρ=0.24476343835893444  error_V_h1=0.604797906683531  α = 0.0
 38   -21.48189266601      -14.45       -2.16     326s
    hm1_norm_ρdiff=0.003198136081168621 hm1_norm_Δρ=0.003274314229650729  error_V_h1=0.6047979066834842  α = 7.84e-15
 39   -21.48189266601   +  -14.15       -1.36     153s
    hm1_norm_ρdiff=0.020279476657889005 hm1_norm_Δρ=0.020364820271888195  error_V_h1=0.6047979066835677  α = 0.0
 40   -21.48189266601      -14.45       -2.16     386s
    hm1_norm_ρdiff=0.0031981360810676837 hm1_norm_Δρ=0.003274314229549537  error_V_h1=0.6047979066831376  α = 5.97e-14
 41   -21.48189266601   +  -14.45       -1.94     150s
    hm1_norm_ρdiff=0.004387016052635805 hm1_norm_Δρ=0.0044745257611933775  error_V_h1=0.6047979066832125  α = 0.0
 42   -21.48189266601      -14.45       -2.16     339s
    hm1_norm_ρdiff=0.0031981360805340125 hm1_norm_Δρ=0.0032743142290171928  error_V_h1=0.6047979066826633  α = 1.25e-14
 43   -21.48189266601   +  -14.15       -2.25     147s
    hm1_norm_ρdiff=0.002416622324820161 hm1_norm_Δρ=0.002319917801364186  error_V_h1=0.6047979066831306  α = 0.0
 44   -21.48189266601   +    -Inf       -2.16     277s
    hm1_norm_ρdiff=0.0031981360805469704 hm1_norm_Δρ=0.0032743142290311187  error_V_h1=0.6047979066823268  α = 9.76e-15
 45   -21.48189266601      -14.45       -1.62     296s
    hm1_norm_ρdiff=0.007549541043861569 hm1_norm_Δρ=0.007541844091745673  error_V_h1=0.604797906683386  α = 4.73e-13
 46   -21.48189266601   +  -14.45       -1.27     156s
    hm1_norm_ρdiff=0.01673047165558693 hm1_norm_Δρ=0.016732084229917284  error_V_h1=0.6047979066838461  α = 0.0
 47   -21.48189266601      -14.15       -2.16     308s
    hm1_norm_ρdiff=0.003198136071776858 hm1_norm_Δρ=0.0032743142205827387  error_V_h1=0.6047979061879516  α = 7.08e-11
 48   -21.48189266601   +  -14.15       -1.83     146s
    hm1_norm_ρdiff=0.002879858874969308 hm1_norm_Δρ=0.0028663807780393387  error_V_h1=0.6047979061879617  α = 0.0
 49   -21.48189266601      -14.45       -2.16     312s
    hm1_norm_ρdiff=0.0031981350912593516 hm1_norm_Δρ=0.0032743132386602422  error_V_h1=0.6047979061863775  α = 1.04e-13
 50   -21.48189266601   +  -13.85       -1.85     150s
    hm1_norm_ρdiff=0.004520321462520609 hm1_norm_Δρ=0.004443632686593014  error_V_h1=0.6047979061857529  α = 0.0
 51   -21.48189266601      -14.15       -2.16     298s
    hm1_norm_ρdiff=0.0031981350885286197 hm1_norm_Δρ=0.0032743132359180794  error_V_h1=0.6047979061732957  α = 2.26e-12
 52   -21.48189266601   +    -Inf       -1.80     145s
    hm1_norm_ρdiff=0.0034364887308006584 hm1_norm_Δρ=0.0034600947723503655  error_V_h1=0.6047979061733101  α = 0.0
 53   -21.48189266601      -14.45       -2.16     292s
    hm1_norm_ρdiff=0.003198135061121297 hm1_norm_Δρ=0.003274313208503481  error_V_h1=0.6047979061728924  α = 4.08e-15
 54   -21.48189266601   +  -14.45       -1.47     150s
    hm1_norm_ρdiff=0.01186592342740203 hm1_norm_Δρ=0.0119140621584893  error_V_h1=0.6047979061731283  α = 0.0
 55   -21.48189266601      -14.15       -2.16     171s
    hm1_norm_ρdiff=0.003198135060791966 hm1_norm_Δρ=0.0032743132082361254  error_V_h1=0.6047979060408736  α = 1.91e-11
 56   -21.48189266601   +    -Inf       -1.83     374s
    hm1_norm_ρdiff=0.002894956198130598 hm1_norm_Δρ=0.0028832044258532263  error_V_h1=0.6047979060411084  α = 1.84e-15
 57   -21.48189266601   +  -14.45       -1.70     146s
    hm1_norm_ρdiff=0.004401117284270741 hm1_norm_Δρ=0.004353329656704754  error_V_h1=0.6047979060411369  α = 0.0
 58   -21.48189266601      -14.45       -2.16     302s
    hm1_norm_ρdiff=0.003198134797878547 hm1_norm_Δρ=0.0032743129449616074  error_V_h1=0.6047979060407339  α = 1.89e-14
 59   -21.48189266601   +  -13.97       -1.87     145s
    hm1_norm_ρdiff=0.003699458428617897 hm1_norm_Δρ=0.0037378010785898675  error_V_h1=0.60479790604076  α = 0.0
 60   -21.48189266601      -13.97       -2.16     254s
    hm1_norm_ρdiff=0.0031981347974241194 hm1_norm_Δρ=0.0032743129445688326  error_V_h1=0.6047979059051388  α = 1.93e-11
 61   -21.48189266601   +    -Inf       -1.83     238s
    hm1_norm_ρdiff=0.002871591540158166 hm1_norm_Δρ=0.0028576950593293305  error_V_h1=0.6047979059052665  α = 5.91e-15
 62   -21.48189266601   +    -Inf       -0.29     156s
    hm1_norm_ρdiff=0.20794259215906427 hm1_norm_Δρ=0.20799964335700644  error_V_h1=0.60479790590523  α = 0.0

#-- |ρε - ρref| = 0.00011365415542420758 vs. 1.7782794100389228e-8 = δ*ε  error_V_h1=0.60479790590523  Qε=0.8805210787805415


# --- ε=1.0e-6

n     Energy            log10(ΔE)   log10(Δρ)   Δtime
---   ---------------   ---------   ---------   ------
  1   -21.48174670147                   -0.90    74.4s
    hm1_norm_ρdiff=0.08081933270251769 hm1_norm_Δρ=0.08076035249110325  error_V_h1=1.921531260383553  α = 0.000564
  2   -21.48175200816       -5.28       -1.78    52.2s
    hm1_norm_ρdiff=0.006949491937738956 hm1_norm_Δρ=0.006937249537990812  error_V_h1=1.6646627568475179  α = 0.00376
  3   -21.48175247619       -6.33       -2.05    52.2s
    hm1_norm_ρdiff=0.003475185994361824 hm1_norm_Δρ=0.0034688237331791777  error_V_h1=1.6028446907800722  α = 0.00401
  4   -21.48175371619       -5.91       -2.09    57.2s
    hm1_norm_ρdiff=0.002952075077741468 hm1_norm_Δρ=0.002939038658733361  error_V_h1=1.5146560396525037  α = 0.00136
  5   -21.48175372128       -8.29       -2.56     156s
    hm1_norm_ρdiff=0.0007157416752699707 hm1_norm_Δρ=0.0007022694609278277  error_V_h1=1.5059291661238412  α = 0.000501
  6   -21.48175372128      -13.67       -2.33     183s
    hm1_norm_ρdiff=0.0013860095749114656 hm1_norm_Δρ=0.0013844489396064867  error_V_h1=1.505929165895461  α = 1.12e-11
  7   -21.48175372128   +  -14.45       -1.83     153s
    hm1_norm_ρdiff=0.004692581454306315 hm1_norm_Δρ=0.004704573922727815  error_V_h1=1.505929165896229  α = 0.0
  8   -21.48175636649       -5.58       -1.91    50.8s
    hm1_norm_ρdiff=0.005380172227326753 hm1_norm_Δρ=0.0054041327571553565  error_V_h1=1.3268697537895906  α = 0.00374
  9   -21.48175648068       -6.94       -2.42    56.8s
    hm1_norm_ρdiff=0.0018156765837850069 hm1_norm_Δρ=0.0018656636739613967  error_V_h1=1.3058063860807068  α = 0.00134
 10   -21.48175651950       -7.41       -1.87    72.7s
    hm1_norm_ρdiff=0.0049933546298847635 hm1_norm_Δρ=0.004964600870016712  error_V_h1=1.287777869050761  α = 0.000303
 11   -21.48175651950      -13.67       -1.83     183s
    hm1_norm_ρdiff=0.005071659459885828 hm1_norm_Δρ=0.005080343212205483  error_V_h1=1.2877778656708168  α = 5.21e-11
 12   -21.48175651950   +  -14.45       -2.39     140s
    hm1_norm_ρdiff=0.0010397068218840474 hm1_norm_Δρ=0.0010258141185768815  error_V_h1=1.2877778656704633  α = 0.0
 13   -21.48175692472       -6.39       -2.00    50.9s
    hm1_norm_ρdiff=0.004170947439724554 hm1_norm_Δρ=0.004170298399087868  error_V_h1=1.2285959133700026  α = 0.00374
 14   -21.48175693733       -7.90       -2.35    62.3s
    hm1_norm_ρdiff=0.0029615213185026933 hm1_norm_Δρ=0.0029013502920758145  error_V_h1=1.2221004576649697  α = 0.000461
 15   -21.48175693733      -13.60       -2.50     199s
    hm1_norm_ρdiff=0.0011777413376579827 hm1_norm_Δρ=0.0011762200002054083  error_V_h1=1.222100456708081  α = 8.06e-11
 16   -21.48175693733   +    -Inf       -1.45     149s
    hm1_norm_ρdiff=0.013136610796721803 hm1_norm_Δρ=0.013159335497198076  error_V_h1=1.2221004567084448  α = 0.0
 17   -21.48175832820       -5.86       -2.00    56.0s
    hm1_norm_ρdiff=0.0044626170804265616 hm1_norm_Δρ=0.004440598572449687  error_V_h1=1.1115036543716985  α = 0.00161
 18   -21.48175862459       -6.53       -2.07    60.5s
    hm1_norm_ρdiff=0.005044814032602497 hm1_norm_Δρ=0.00509872992250149  error_V_h1=1.0792876777622182  α = 0.000517
 19   -21.48175862459      -13.97       -2.54     217s
    hm1_norm_ρdiff=0.0011249850656684583 hm1_norm_Δρ=0.0011255299554388729  error_V_h1=1.0792876776794784  α = 9.13e-12
 20   -21.48175862459      -14.15       -2.06     226s
    hm1_norm_ρdiff=0.0021786742851913764 hm1_norm_Δρ=0.002185227787037831  error_V_h1=1.0792876776648197  α = 3.95e-13
 21   -21.48175862459   +  -13.97       -2.82     134s
    hm1_norm_ρdiff=0.00043390686057983484 hm1_norm_Δρ=0.00044108026136655  error_V_h1=1.0792876776647593  α = 0.0
 22   -21.48175862784       -8.49       -2.51     149s
    hm1_norm_ρdiff=0.0017317909245939988 hm1_norm_Δρ=0.0017831113710098374  error_V_h1=1.0760259557516192  α = 0.00027
 23   -21.48175862784      -13.75       -2.28     278s
    hm1_norm_ρdiff=0.0021081359135055743 hm1_norm_Δρ=0.002087708035098803  error_V_h1=1.0760259557307306  α = 1.37e-12
 24   -21.48175862784      -14.15       -1.40     379s
    hm1_norm_ρdiff=0.015432627789715277 hm1_norm_Δρ=0.01545214256049017  error_V_h1=1.0760259557308527  α = 4.14e-16
 25   -21.48175862784   +  -14.45       -2.13     147s
    hm1_norm_ρdiff=0.0023873165547179916 hm1_norm_Δρ=0.0024091748499888367  error_V_h1=1.076025955730942  α = 0.0
 26   -21.48175862784   +  -14.15       -2.73     140s
    hm1_norm_ρdiff=0.0009586730815844086 hm1_norm_Δρ=0.001004546657046566  error_V_h1=1.0760259557302456  α = 0.0
 27   -21.48175862784      -14.45       -2.73     389s
    hm1_norm_ρdiff=0.0009586730811759215 hm1_norm_Δρ=0.001004546656627644  error_V_h1=1.0760259557302814  α = 4.48e-16
 28   -21.48175862784      -14.15        0.05     239s
    hm1_norm_ρdiff=0.5543024648904471 hm1_norm_Δρ=0.5543360832248257  error_V_h1=1.076025954950905  α = 2.95e-14
 29   -21.48175862784      -14.45       -2.45     248s
    hm1_norm_ρdiff=0.0015369833936743284 hm1_norm_Δρ=0.0015670079724415063  error_V_h1=1.0760259549393143  α = 1.32e-12
 30   -21.48175862784   +    -Inf       -1.53     151s
    hm1_norm_ρdiff=0.010362659741828683 hm1_norm_Δρ=0.010379769951942031  error_V_h1=1.076025954939047  α = 0.0
 31   -21.48175862784      -14.45       -2.73     308s
    hm1_norm_ρdiff=0.0009586729123828816 hm1_norm_Δρ=0.0010045464860064736  error_V_h1=1.076025954934817  α = 5.95e-13
 32   -21.48175862784      -14.45       -2.10     185s
    hm1_norm_ρdiff=0.003802919047499269 hm1_norm_Δρ=0.003755552524508389  error_V_h1=1.0760259549168356  α = 1.87e-12
 33   -21.48175862784   +    -Inf       -1.93     148s
    hm1_norm_ρdiff=0.0048523354171046 hm1_norm_Δρ=0.004836033465570411  error_V_h1=1.0760259549169389  α = 0.0
 34   -21.48175862784   +    -Inf       -2.73     274s
    hm1_norm_ρdiff=0.000958672920192925 hm1_norm_Δρ=0.0010045464940808158  error_V_h1=1.0760259549169051  α = 1.24e-13
Trying again without preconditioner ...
n     Energy            log10(ΔE)   log10(Δρ)   Δtime
---   ---------------   ---------   ---------   ------
  1   -21.48175870258                   -1.66    77.7s
    hm1_norm_ρdiff=0.006852040780070647 hm1_norm_Δρ=0.006876594261691964  error_V_h1=1.064543844909874  α = 0.00013
  2   -21.48175870843       -8.23       -1.11     158s
    hm1_norm_ρdiff=0.015308079361264213 hm1_norm_Δρ=0.015284595318537925  error_V_h1=1.0549526179192092  α = 3.19e-5
  3   -21.48175870843      -13.60       -1.30     320s
    hm1_norm_ρdiff=0.017774452026040045 hm1_norm_Δρ=0.017803778029472264  error_V_h1=1.054952617851518  α = 7.86e-13
  4   -21.48175870843      -14.45       -0.93     233s
    hm1_norm_ρdiff=0.03516609392914797 hm1_norm_Δρ=0.03518024586204407  error_V_h1=1.0549526178515827  α = 7.4e-16
  5   -21.48175870843   +  -14.45        0.09     161s
    hm1_norm_ρdiff=0.5087305543005369 hm1_norm_Δρ=0.5087663378360867  error_V_h1=1.054952617851682  α = 0.0
  6   -21.48175870948       -8.98       -1.85     166s
    hm1_norm_ρdiff=0.003910747246935026 hm1_norm_Δρ=0.0039346075777766075  error_V_h1=1.0524389656396342  α = 4.97e-5
  7   -21.48175870948      -13.97       -0.94     248s
    hm1_norm_ρdiff=0.022643126529776167 hm1_norm_Δρ=0.0226294502506478  error_V_h1=1.0524389656136286  α = 6.46e-14
  8   -21.48175870948   +  -13.97       -1.33     158s
    hm1_norm_ρdiff=0.017487395487536885 hm1_norm_Δρ=0.01752483371198355  error_V_h1=1.0524389656137347  α = 0.0
  9   -21.48175870948      -13.97       -1.90     413s
    hm1_norm_ρdiff=0.0030719163273757715 hm1_norm_Δρ=0.0030884138715251788  error_V_h1=1.0524389656134852  α = 5.25e-16
 10   -21.48175870948   +  -13.97        0.31     164s
    hm1_norm_ρdiff=0.8844778190532965 hm1_norm_Δρ=0.8845140689742904  error_V_h1=1.0524389656134305  α = 0.0
 11   -21.48175870948      -14.45       -1.90     360s
    hm1_norm_ρdiff=0.003071916326827308 hm1_norm_Δρ=0.0030884138709607687  error_V_h1=1.0524389656126956  α = 2.6e-14
 12   -21.48175870948   +    -Inf        0.25     167s
    hm1_norm_ρdiff=0.7648713326858715 hm1_norm_Δρ=0.7649062137157557  error_V_h1=1.0524389656124242  α = 0.0
 13   -21.48175870948      -14.45       -1.90     250s
    hm1_norm_ρdiff=0.0030719163267036416 hm1_norm_Δρ=0.0030884138708384273  error_V_h1=1.0524389656125497  α = 4.81e-15
 14   -21.48175870948   +  -14.15       -0.78     157s
    hm1_norm_ρdiff=0.04336404439358961 hm1_norm_Δρ=0.04335543749519455  error_V_h1=1.0524389656124435  α = 0.0
 15   -21.48175870948   +    -Inf       -1.90     249s
    hm1_norm_ρdiff=0.0030719163267345618 hm1_norm_Δρ=0.003088413870871127  error_V_h1=1.0524389656120268  α = 4.99e-15
 16   -21.48175870948   +    -Inf       -0.52     297s
    hm1_norm_ρdiff=0.09966727827331874 hm1_norm_Δρ=0.09969464180012645  error_V_h1=1.0524389656104742  α = 1.5e-15

#-- |ρε - ρref| = 6.574956598660205e-5 vs. 1.0e-8 = δ*ε  error_V_h1=1.0524389656104742  Qε=0.8884553650767276


# --- ε=5.62341325190349e-7

n     Energy            log10(ΔE)   log10(Δρ)   Δtime
---   ---------------   ---------   ---------   ------
  1   -21.48166004242                   -0.89    74.5s
    hm1_norm_ρdiff=0.08152604915467632 hm1_norm_Δρ=0.08150474559161835  error_V_h1=3.1075869890441146  α = 0.000466
  2   -21.48166474984       -5.33       -1.79    56.1s
    hm1_norm_ρdiff=0.006866451867547465 hm1_norm_Δρ=0.006855797225104448  error_V_h1=2.858788566227115  α = 0.00159
  3   -21.48166567427       -6.03       -1.95    56.3s
    hm1_norm_ρdiff=0.00424034858279253 hm1_norm_Δρ=0.004235230518231145  error_V_h1=2.7718146152093532  α = 0.0015
  4   -21.48166635812       -6.17       -1.83    61.3s
    hm1_norm_ρdiff=0.005330374048623422 hm1_norm_Δρ=0.005322899239226914  error_V_h1=2.7103001242483638  α = 0.000364
  5   -21.48166635812      -13.55       -2.12     219s
    hm1_norm_ρdiff=0.0019253012284118944 hm1_norm_Δρ=0.0019206028630126448  error_V_h1=2.710300117179255  α = 9.65e-11
  6   -21.48166635812      -14.45       -1.86     264s
    hm1_norm_ρdiff=0.00459068370702803 hm1_norm_Δρ=0.004597851660152765  error_V_h1=2.7103001171219105  α = 8.24e-13
  7   -21.48166635812   +  -14.45       -1.02     157s
    hm1_norm_ρdiff=0.04245393497363086 hm1_norm_Δρ=0.04246648540898486  error_V_h1=2.7103001171287477  α = 0.0
  8   -21.48167433276       -5.10       -1.20    61.0s
    hm1_norm_ρdiff=0.03855304328370417 hm1_norm_Δρ=0.038590938089374825  error_V_h1=2.2463748420764658  α = 0.000465
  9   -21.48167478702       -6.34       -2.22    57.1s
    hm1_norm_ρdiff=0.002626176340575937 hm1_norm_Δρ=0.0026351554706393137  error_V_h1=2.188363722285731  α = 0.00138
 10   -21.48167478702      -13.41       -2.24     221s
    hm1_norm_ρdiff=0.001681330888550329 hm1_norm_Δρ=0.0016815912267138856  error_V_h1=2.188363721008417  α = 2.55e-11
 11   -21.48167478702   +  -14.15       -1.24     155s
    hm1_norm_ρdiff=0.020665572273117352 hm1_norm_Δρ=0.02068446635460977  error_V_h1=2.188363721008262  α = 0.0
 12   -21.48167655081       -5.75       -1.48    62.4s
    hm1_norm_ρdiff=0.019960338156593455 hm1_norm_Δρ=0.01993196622803962  error_V_h1=2.061194023474698  α = 0.000478
 13   -21.48167655081      -13.97       -2.56     256s
    hm1_norm_ρdiff=0.000969207632867062 hm1_norm_Δρ=0.0009592513888968579  error_V_h1=2.061194021837707  α = 7.14e-11
 14   -21.48167655081   +    -Inf       -1.62     299s
    hm1_norm_ρdiff=0.006731469923957533 hm1_norm_Δρ=0.006742765689116437  error_V_h1=2.061194021837688  α = 1.28e-16
 15   -21.48167655081      -13.75        0.04     302s
    hm1_norm_ρdiff=0.5464110911737072 hm1_norm_Δρ=0.5464294637086645  error_V_h1=2.0611940209125357  α = 6.68e-14
 16   -21.48167655081   +  -14.15       -0.76     157s
    hm1_norm_ρdiff=0.07976781775129889 hm1_norm_Δρ=0.07978313124681902  error_V_h1=2.061194020912932  α = 0.0
 17   -21.48167696608       -6.38       -1.71    61.6s
    hm1_norm_ρdiff=0.011209148410085272 hm1_norm_Δρ=0.011241847518427744  error_V_h1=2.0209980714432474  α = 0.000511
 18   -21.48167696608      -13.45       -2.61     176s
    hm1_norm_ρdiff=0.000781761951340675 hm1_norm_Δρ=0.0007668821206620898  error_V_h1=2.020998068135423  α = 1.47e-10
 19   -21.48167696608   +  -14.15       -1.29     149s
    hm1_norm_ρdiff=0.02063187178618605 hm1_norm_Δρ=0.020652725678851687  error_V_h1=2.0209980681353326  α = 0.0
 20   -21.48167705799       -7.04       -1.90    61.9s
    hm1_norm_ρdiff=0.007618779065970573 hm1_norm_Δρ=0.007588587140877106  error_V_h1=2.002672639303325  α = 0.000537
 21   -21.48167705799      -13.67       -2.56     192s
    hm1_norm_ρdiff=0.0007493447775091298 hm1_norm_Δρ=0.0007392275974795471  error_V_h1=2.002672636970508  α = 9.07e-11
 22   -21.48167705799      -14.45       -1.15     231s
    hm1_norm_ρdiff=0.030561626325340506 hm1_norm_Δρ=0.0305809911189345  error_V_h1=2.002672636848813  α = 3.06e-13
 23   -21.48167705799   +  -13.85       -1.08     156s
    hm1_norm_ρdiff=0.03780368436285663 hm1_norm_Δρ=0.037816984514992304  error_V_h1=2.0026726368448196  α = 0.0
 24   -21.48167707739       -7.71       -2.00    60.5s
    hm1_norm_ρdiff=0.005729432383796479 hm1_norm_Δρ=0.005761153148289079  error_V_h1=1.9891525647358301  α = 0.000533
 25   -21.48167707739      -13.75       -2.49     181s
    hm1_norm_ρdiff=0.0007966772470934238 hm1_norm_Δρ=0.0007849598008270638  error_V_h1=1.9891525640379577  α = 2.21e-11
 26   -21.48167707739   +    -Inf       -1.05     310s
    hm1_norm_ρdiff=0.04049226098863117 hm1_norm_Δρ=0.040512786139037936  error_V_h1=1.9891525640371466  α = 2.71e-15
 27   -21.48167707739   +  -14.45       -0.73     158s
    hm1_norm_ρdiff=0.08768356836353285 hm1_norm_Δρ=0.08770377457277587  error_V_h1=1.9891525640373622  α = 0.0
 28   -21.48167713734       -7.22       -2.14    68.2s
    hm1_norm_ρdiff=0.004327016989243057 hm1_norm_Δρ=0.00429431786224369  error_V_h1=1.9819896810938988  α = 0.000128
 29   -21.48167713734      -13.75       -2.36     293s
    hm1_norm_ρdiff=0.0010553710626458246 hm1_norm_Δρ=0.0010511583637269099  error_V_h1=1.9819896810373367  α = 1.31e-12
 30   -21.48167713734   +    -Inf       -1.31     157s
    hm1_norm_ρdiff=0.015842051250184196 hm1_norm_Δρ=0.015840596686888204  error_V_h1=1.981989681037218  α = 0.0
 31   -21.48167714374       -8.19       -2.37     159s
    hm1_norm_ρdiff=0.0025298567992600033 hm1_norm_Δρ=0.002497076413227026  error_V_h1=1.9787755239422706  α = 0.000121
 32   -21.48167714374      -13.97       -1.95     262s
    hm1_norm_ρdiff=0.003014230871525395 hm1_norm_Δρ=0.0030189283984412597  error_V_h1=1.9787755236937579  α = 2.41e-12
 33   -21.48167714374   +  -14.15       -0.52     154s
    hm1_norm_ρdiff=0.14692096938107574 hm1_norm_Δρ=0.1469402413894082  error_V_h1=1.978775523693972  α = 0.0
 34   -21.48167714374      -13.67       -2.57     304s
    hm1_norm_ρdiff=0.0015472424045616746 hm1_norm_Δρ=0.0015139939249571711  error_V_h1=1.9787755232024011  α = 2.73e-11
 35   -21.48167714374   +  -13.97       -1.46     151s
    hm1_norm_ρdiff=0.01243371056335897 hm1_norm_Δρ=0.012446959417266352  error_V_h1=1.9787755232011832  α = 0.0
 36   -21.48167714374      -14.15       -2.57     363s
    hm1_norm_ρdiff=0.0015472422721335005 hm1_norm_Δρ=0.0015139937924431284  error_V_h1=1.978775523201127  α = 4.66e-15
 37   -21.48167714374   +  -14.45       -0.26     165s
    hm1_norm_ρdiff=0.2430946776739939 hm1_norm_Δρ=0.24309783523250234  error_V_h1=1.9787755232032538  α = 0.0
 38   -21.48167714374   +    -Inf       -2.57     146s
    hm1_norm_ρdiff=0.0015472422731664087 hm1_norm_Δρ=0.0015139937934755341  error_V_h1=1.9787755232013196  α = 0.0
 39   -21.48167714374      -14.45       -2.57     355s
    hm1_norm_ρdiff=0.001547242272070166 hm1_norm_Δρ=0.0015139937923797464  error_V_h1=1.978775523201252  α = 3.99e-15
 40   -21.48167714471       -9.01       -1.30     174s
    hm1_norm_ρdiff=0.02942656980110956 hm1_norm_Δρ=0.029394146577352454  error_V_h1=1.9777716777344163  α = 4.03e-6
 41   -21.48167714471      -14.45       -2.17     264s
    hm1_norm_ρdiff=0.0017823329952537763 hm1_norm_Δρ=0.0017784989541301064  error_V_h1=1.9777716777333758  α = 2.12e-14
 42   -21.48167714471   +    -Inf       -0.05     159s
    hm1_norm_ρdiff=0.43071252928096176 hm1_norm_Δρ=0.43073041991316285  error_V_h1=1.977771677733473  α = 0.0
 43   -21.48167714471   +  -14.45       -2.68     146s
    hm1_norm_ρdiff=0.0011584399753647372 hm1_norm_Δρ=0.001125045334101113  error_V_h1=1.9777716777334593  α = 0.0
 44   -21.48167714471      -14.45       -2.68     252s
    hm1_norm_ρdiff=0.001158439975364391 hm1_norm_Δρ=0.0011250453341007714  error_V_h1=1.977771677733586  α = 3.28e-15
 45   -21.48167714471   +  -14.45       -1.29     156s
    hm1_norm_ρdiff=0.025430432736041297 hm1_norm_Δρ=0.025402343659898633  error_V_h1=1.9777716777333503  α = 0.0
 46   -21.48167714471      -14.45       -2.68     330s
    hm1_norm_ρdiff=0.0011584399753676927 hm1_norm_Δρ=0.0011250453341040915  error_V_h1=1.9777716777334053  α = 2.58e-15
 47   -21.48167714471   +  -14.15       -1.31     161s
    hm1_norm_ρdiff=0.025530833784162363 hm1_norm_Δρ=0.025501196884735285  error_V_h1=1.9777716777334113  α = 0.0
 48   -21.48167714471      -14.45       -2.68     248s
    hm1_norm_ρdiff=0.001158439975356591 hm1_norm_Δρ=0.0011250453340930816  error_V_h1=1.9777716777303957  α = 1.66e-13
 49   -21.48167714471   +  -14.45       -1.64     155s
    hm1_norm_ρdiff=0.009608709000508938 hm1_norm_Δρ=0.009632633092776814  error_V_h1=1.9777716777301877  α = 0.0
 50   -21.48167714471   +    -Inf       -2.68     365s
    hm1_norm_ρdiff=0.0011584399750573296 hm1_norm_Δρ=0.0011250453337932316  error_V_h1=1.9777716777309167  α = 4.13e-14
 51   -21.48167714471      -14.15       -1.64     255s
    hm1_norm_ρdiff=0.010505235171165613 hm1_norm_Δρ=0.01053257397564038  error_V_h1=1.9777716776407284  α = 6.52e-13
 52   -21.48167714471   +  -14.15       -1.12     156s
    hm1_norm_ρdiff=0.03060303213758586 hm1_norm_Δρ=0.030619818041261113  error_V_h1=1.9777716776407783  α = 0.0
 53   -21.48167714471      -14.15       -2.68     250s
    hm1_norm_ρdiff=0.001158439988351044 hm1_norm_Δρ=0.0011250453470685016  error_V_h1=1.977771677636931  α = 2.1e-13
 54   -21.48167714471   +  -14.45       -1.68     155s
    hm1_norm_ρdiff=0.010457679082880653 hm1_norm_Δρ=0.01048489950608331  error_V_h1=1.9777716776372003  α = 0.0
 55   -21.48167714471   +    -Inf       -2.68     145s
    hm1_norm_ρdiff=0.0011584399876785126 hm1_norm_Δρ=0.0011250453463949484  error_V_h1=1.9777716776374503  α = 0.0
 56   -21.48167714471   +    -Inf       -2.68     144s
    hm1_norm_ρdiff=0.0011584399875372148 hm1_norm_Δρ=0.00112504534625366  error_V_h1=1.9777716776371381  α = 0.0
Trying again without preconditioner ...
n     Energy            log10(ΔE)   log10(Δρ)   Δtime
---   ---------------   ---------   ---------   ------
  1   -21.48167777540                   -1.44    71.7s
    hm1_norm_ρdiff=0.008219244534931907 hm1_norm_Δρ=0.008204094181913238  error_V_h1=1.8751770828429122  α = 0.000481
  2   -21.48167787892       -6.99       -0.72    88.7s
    hm1_norm_ρdiff=0.07168262250305957 hm1_norm_Δρ=0.0717062331107339  error_V_h1=1.8495025036172106  α = 1.96e-5
  3   -21.48167787892      -13.30       -0.95     205s
    hm1_norm_ρdiff=0.030272321029383573 hm1_norm_Δρ=0.030283238834145538  error_V_h1=1.8495024991098534  α = 6.61e-12
  4   -21.48167787892   +  -14.45       -0.63     164s
    hm1_norm_ρdiff=0.08943043174595514 hm1_norm_Δρ=0.0894465333631129  error_V_h1=1.8495024991101872  α = 0.0
  5   -21.48167788162       -8.57       -1.66     177s
    hm1_norm_ρdiff=0.008222456536821021 hm1_norm_Δρ=0.008240331331914865  error_V_h1=1.845894078199459  α = 2.66e-5
  6   -21.48167788162      -13.85       -0.70     324s
    hm1_norm_ρdiff=0.06396968851863942 hm1_norm_Δρ=0.06398038639934615  error_V_h1=1.8458940781975204  α = 2.62e-15
  7   -21.48167788162   +    -Inf       -0.14     158s
    hm1_norm_ρdiff=0.29654998522033793 hm1_norm_Δρ=0.296569413589898  error_V_h1=1.845894078198005  α = 0.0
  8   -21.48167788162   +    -Inf       -1.73     371s
    hm1_norm_ρdiff=0.0062391011203403735 hm1_norm_Δρ=0.006254570786278789  error_V_h1=1.8458940781974982  α = 1.51e-15

#-- |ρε - ρref| = 3.8473158572428804e-5 vs. 5.62341325190349e-9 = δ*ε  error_V_h1=1.8458940781974982  Qε=0.896074934644912


# --- ε=3.162277660168379e-7

n     Energy            log10(ΔE)   log10(Δρ)   Δtime
---   ---------------   ---------   ---------   ------
  1   -21.48162093697                   -0.90    76.6s
    hm1_norm_ρdiff=0.0800123877112105 hm1_norm_Δρ=0.07999434748577737  error_V_h1=3.801286574996937  α = 0.000187
  2   -21.48162372442       -5.55       -1.78    58.9s
    hm1_norm_ρdiff=0.006994620559755166 hm1_norm_Δρ=0.006985885705424344  error_V_h1=3.586365961132934  α = 0.000518
  3   -21.48162425200       -6.28       -1.70    59.4s
    hm1_norm_ρdiff=0.007632658914907729 hm1_norm_Δρ=0.007629592973433505  error_V_h1=3.4935418210348246  α = 0.000457
  4   -21.48162437406       -6.91       -1.56     147s
    hm1_norm_ρdiff=0.009613328766689863 hm1_norm_Δρ=0.009614362527022125  error_V_h1=3.452366406084803  α = 8.72e-5
  5   -21.48162437406      -13.60       -1.59     251s
    hm1_norm_ρdiff=0.010055304094352057 hm1_norm_Δρ=0.01006316494939667  error_V_h1=3.4523664055474916  α = 2.4e-12
  6   -21.48162437406   +  -14.45       -0.72     153s
    hm1_norm_ρdiff=0.09420269509028872 hm1_norm_Δρ=0.09421404414604173  error_V_h1=3.452366405549193  α = 0.0
  7   -21.48162462052       -6.61       -1.84    65.5s
    hm1_norm_ρdiff=0.006894333058216084 hm1_norm_Δρ=0.006904920780682788  error_V_h1=3.4275709498495925  α = 0.000143
  8   -21.48162462052      -13.22       -1.82     244s
    hm1_norm_ρdiff=0.008256842160668057 hm1_norm_Δρ=0.008239824412031999  error_V_h1=3.4275709306616746  α = 8.94e-11
  9   -21.48162462052   +  -14.15       -1.09     152s
    hm1_norm_ρdiff=0.03618914763763059 hm1_norm_Δρ=0.03619670381958795  error_V_h1=3.42757093066066  α = 0.0
 10   -21.48162464517       -7.61       -2.20     170s
    hm1_norm_ρdiff=0.0026635334141913284 hm1_norm_Δρ=0.0026642281548270204  error_V_h1=3.4155783543126073  α = 0.000213
 11   -21.48162464517      -13.75       -1.51     204s
    hm1_norm_ρdiff=0.013004430357255035 hm1_norm_Δρ=0.012992938832018663  error_V_h1=3.4155783541102362  α = 5.4e-13
 12   -21.48162464517   +  -14.45       -0.11     158s
    hm1_norm_ρdiff=0.38179963663870986 hm1_norm_Δρ=0.3818106876033122  error_V_h1=3.4155783541104543  α = 0.0
 13   -21.48162464517      -14.45       -2.60     288s
    hm1_norm_ρdiff=0.0011033305157186566 hm1_norm_Δρ=0.0010915642745722583  error_V_h1=3.415578354031716  α = 2.44e-12
 14   -21.48162464517   +    -Inf       -0.51     312s
    hm1_norm_ρdiff=0.1523212107535384 hm1_norm_Δρ=0.15233205510680883  error_V_h1=3.4155783540301456  α = 1.06e-15
 15   -21.48162464517   +    -Inf       -0.36     305s
    hm1_norm_ρdiff=0.20700928752572825 hm1_norm_Δρ=0.20701727413669  error_V_h1=3.41557835402925  α = 2.42e-16
Trying again without preconditioner ...
n     Energy            log10(ΔE)   log10(Δρ)   Δtime
---   ---------------   ---------   ---------   ------
  1   -21.48162498158                   -1.45    80.1s
    hm1_norm_ρdiff=0.009103691049001722 hm1_norm_Δρ=0.009101148153666385  error_V_h1=3.3022878025808464  α = 0.000316
  2   -21.48162504981       -7.17       -0.08     171s
    hm1_norm_ρdiff=0.3227650701170205 hm1_norm_Δρ=0.32277296115355797  error_V_h1=3.27611348207409  α = 5.04e-6
  3   -21.48162504981      -13.85       -0.25     221s
    hm1_norm_ρdiff=0.22614636430434565 hm1_norm_Δρ=0.22615873148981785  error_V_h1=3.276113481605831  α = 2.66e-13
  4   -21.48162504981   +  -14.45        0.24     162s
    hm1_norm_ρdiff=0.6767055247857118 hm1_norm_Δρ=0.6767167819102353  error_V_h1=3.276113481606206  α = 0.0
  5   -21.48162506088       -7.96       -1.34     147s
    hm1_norm_ρdiff=0.017471297629810045 hm1_norm_Δρ=0.017470710178057326  error_V_h1=3.2649930724683633  α = 3.76e-5
  6   -21.48162506088      -13.85       -0.26     233s
    hm1_norm_ρdiff=0.2186482797330648 hm1_norm_Δρ=0.2186607255491028  error_V_h1=3.264993072124745  α = 2.23e-13
  7   -21.48162506088   +  -14.45        0.24     161s
    hm1_norm_ρdiff=0.679434836243561 hm1_norm_Δρ=0.6794460336392342  error_V_h1=3.2649930721243945  α = 0.0
  8   -21.48162506088   +    -Inf       -1.67     219s
    hm1_norm_ρdiff=0.006122326366800058 hm1_norm_Δρ=0.006129589207118988  error_V_h1=3.2649930718168387  α = 2.15e-12
  9   -21.48162506088      -14.15        0.25     312s
    hm1_norm_ρdiff=0.7023248712054324 hm1_norm_Δρ=0.7023365713660722  error_V_h1=3.2649930717961504  α = 3.52e-15
 10   -21.48162506088   +    -Inf        0.01     158s
    hm1_norm_ρdiff=0.40232157118723866 hm1_norm_Δρ=0.40233213939087004  error_V_h1=3.2649930717969373  α = 0.0
 11   -21.48162506088      -14.45       -1.67     285s
    hm1_norm_ρdiff=0.006122326248302985 hm1_norm_Δρ=0.006129589088675836  error_V_h1=3.2649930717948625  α = 1.95e-14
 12   -21.48162506088   +  -13.97        0.30     169s
    hm1_norm_ρdiff=0.7861016401299927 hm1_norm_Δρ=0.7861130573833781  error_V_h1=3.2649930717944886  α = 0.0
 13   -21.48162506088      -13.97       -1.67     278s
    hm1_norm_ρdiff=0.006122326247318916 hm1_norm_Δρ=0.006129589087692856  error_V_h1=3.2649930717946414  α = 5.05e-16
 14   -21.48162506088   +  -14.45        0.24     164s
    hm1_norm_ρdiff=0.6971105002183734 hm1_norm_Δρ=0.6971219891776853  error_V_h1=3.264993071794728  α = 0.0
 15   -21.48162506088   +    -Inf       -1.67     402s
    hm1_norm_ρdiff=0.006122326247204195 hm1_norm_Δρ=0.006129589087577359  error_V_h1=3.264993071794403  α = 3.41e-16
 16   -21.48162506088   +  -14.15       -0.08     157s
    hm1_norm_ρdiff=0.33595118124986034 hm1_norm_Δρ=0.3359637682514452  error_V_h1=3.2649930717946196  α = 0.0
 17   -21.48162506088      -14.15       -1.67     181s
    hm1_norm_ρdiff=0.006122326247038156 hm1_norm_Δρ=0.006129589087411191  error_V_h1=3.26499307179436  α = 2.22e-15
 18   -21.48162506088   +  -14.45        0.30     169s
    hm1_norm_ρdiff=0.7923930560816659 hm1_norm_Δρ=0.792404516180416  error_V_h1=3.264993071794485  α = 0.0
 19   -21.48162506088      -14.45       -1.67     300s
    hm1_norm_ρdiff=0.00612232624707873 hm1_norm_Δρ=0.006129589087452239  error_V_h1=3.2649930717943607  α = 2.13e-15
 20   -21.48162506088   +  -14.15        0.30     163s
    hm1_norm_ρdiff=0.7896924851926235 hm1_norm_Δρ=0.7897039510978223  error_V_h1=3.2649930717934113  α = 0.0
 21   -21.48162506088      -14.15       -1.67     367s
    hm1_norm_ρdiff=0.006122326246695479 hm1_norm_Δρ=0.006129589087068038  error_V_h1=3.264993071794236  α = 1.3e-16
 22   -21.48162506088   +  -14.45       -0.38     157s
    hm1_norm_ρdiff=0.14051120793301422 hm1_norm_Δρ=0.14051956612005329  error_V_h1=3.264993071794174  α = 0.0
 23   -21.48162506088   +  -14.15       -1.67     147s
    hm1_norm_ρdiff=0.006122326246939069 hm1_norm_Δρ=0.006129589087312153  error_V_h1=3.2649930717933504  α = 0.0
 24   -21.48162506088      -13.97       -1.67     347s
    hm1_norm_ρdiff=0.006122326246521151 hm1_norm_Δρ=0.006129589086891761  error_V_h1=3.2649930717940747  α = 2.23e-16
 25   -21.48162506088   +  -14.15        0.01     161s
    hm1_norm_ρdiff=0.3735168955059285 hm1_norm_Δρ=0.3735259984848909  error_V_h1=3.264993071793967  α = 0.0
 26   -21.48162506088   +  -14.45       -1.67     152s
    hm1_norm_ρdiff=0.006122326246834181 hm1_norm_Δρ=0.006129589087207605  error_V_h1=3.264993071793412  α = 0.0
 27   -21.48162506088   +    -Inf       -1.67     353s
    hm1_norm_ρdiff=0.0061223262463547075 hm1_norm_Δρ=0.006129589086724867  error_V_h1=3.264993071791206  α = 1.72e-15
 28   -21.48162506088      -14.45        0.25     163s
    hm1_norm_ρdiff=0.6845065252385728 hm1_norm_Δρ=0.6845173063905351  error_V_h1=3.2649930717938784  α = 0.0
 29   -21.48162506088   +    -Inf       -1.67     152s
    hm1_norm_ρdiff=0.006122326246725355 hm1_norm_Δρ=0.006129589087098491  error_V_h1=3.264993071793766  α = 0.0
 30   -21.48162506088   +    -Inf       -1.67     319s
    hm1_norm_ρdiff=0.006122326246687899 hm1_norm_Δρ=0.006129589087061097  error_V_h1=3.264993071793945  α = 1.53e-16

#-- |ρε - ρref| = 2.4159255510609402e-5 vs. 3.162277660168379e-9 = δ*ε  error_V_h1=3.264993071793945  Qε=0.9261705604231104


# --- ε=1.7782794100389227e-7

n     Energy            log10(ΔE)   log10(Δρ)   Δtime
---   ---------------   ---------   ---------   ------
  1   -21.48157747248                   -0.89    78.0s
    hm1_norm_ρdiff=0.08105930592098838 hm1_norm_Δρ=0.08105328625047986  error_V_h1=6.415380321949082  α = 0.000156
  2   -21.48157831534       -6.07       -1.79    60.2s
    hm1_norm_ρdiff=0.006807556130234996 hm1_norm_Δρ=0.006804025978181726  error_V_h1=6.310914564215702  α = 0.000453
  3   -21.48157834139       -7.58       -1.33     153s
    hm1_norm_ρdiff=0.019468565590537328 hm1_norm_Δρ=0.019467826125614998  error_V_h1=6.295265167034933  α = 2.64e-5
  4   -21.48157834139      -13.60       -0.48     235s
    hm1_norm_ρdiff=0.16449645799018695 hm1_norm_Δρ=0.1644999912728277  error_V_h1=6.295265166844057  α = 5.27e-14
  5   -21.48157834139   +  -14.15       -0.18     144s
    hm1_norm_ρdiff=0.3238622860919362 hm1_norm_Δρ=0.32386596989432065  error_V_h1=6.295265166844537  α = 0.0
  6   -21.48158088589       -5.59       -1.13    64.0s
    hm1_norm_ρdiff=0.04557700592213129 hm1_norm_Δρ=0.0455900211379107  error_V_h1=6.09747218831239  α = 0.000163
  7   -21.48158091442       -7.54       -1.97     156s
    hm1_norm_ρdiff=0.004123479701386331 hm1_norm_Δρ=0.004124956969776094  error_V_h1=6.084511473368831  α = 9.15e-5
  8   -21.48158091442   +    -Inf       -0.76     244s
    hm1_norm_ρdiff=0.08664235864359447 hm1_norm_Δρ=0.08665089168232959  error_V_h1=6.084511473085211  α = 3.81e-13
  9   -21.48158091442   +    -Inf        0.01     154s
    hm1_norm_ρdiff=0.5102272292836182 hm1_norm_Δρ=0.5102352803804888  error_V_h1=6.08451147308633  α = 0.0
Trying again without preconditioner ...
n     Energy            log10(ΔE)   log10(Δρ)   Δtime
---   ---------------   ---------   ---------   ------
  1   -21.48158297294                   -0.65    87.1s
    hm1_norm_ρdiff=0.11952184333300632 hm1_norm_Δρ=0.11951235087237232  error_V_h1=5.9198453600983685  α = 2.03e-5
  2   -21.48158312550       -6.82       -1.06     143s
    hm1_norm_ρdiff=0.02594867650808463 hm1_norm_Δρ=0.025949702710697964  error_V_h1=5.83318950440237  α = 7.11e-5
  3   -21.48158312550      -13.41        0.25     269s
    hm1_norm_ρdiff=0.7138297629653799 hm1_norm_Δρ=0.7138363337740813  error_V_h1=5.833189502097657  α = 1.52e-13
  4   -21.48158312550   +  -14.15        0.27     164s
    hm1_norm_ρdiff=0.7327869760977713 hm1_norm_Δρ=0.7327938144750018  error_V_h1=5.8331895020971185  α = 0.0
  5   -21.48158317454       -7.31       -1.15     182s
    hm1_norm_ρdiff=0.02641168712163026 hm1_norm_Δρ=0.026407713292521413  error_V_h1=5.819388384278143  α = 1.76e-5
  6   -21.48158317454      -13.85        0.16     327s
    hm1_norm_ρdiff=0.5694154303914803 hm1_norm_Δρ=0.5694221360127538  error_V_h1=5.819388384227351  α = 8.23e-15
  7   -21.48158317454   +  -14.45        0.31     158s
    hm1_norm_ρdiff=0.8011006026222552 hm1_norm_Δρ=0.8011072384265278  error_V_h1=5.819388384225759  α = 0.0
  8   -21.48158317454   +    -Inf       -1.43     257s
    hm1_norm_ρdiff=0.010918770433053816 hm1_norm_Δρ=0.010919808568980808  error_V_h1=5.819388384178594  α = 1.14e-13
  9   -21.48158317454   +    -Inf        0.31     164s
    hm1_norm_ρdiff=0.8032600242911101 hm1_norm_Δρ=0.8032666827768555  error_V_h1=5.819388384176215  α = 0.0

#-- |ρε - ρref| = 1.755298402855468e-5 vs. 1.7782794100389228e-9 = δ*ε  error_V_h1=5.819388384176215  Qε=0.9188872059246007


# --- ε=1.0e-7

n     Energy            log10(ΔE)   log10(Δρ)   Δtime
---   ---------------   ---------   ---------   ------
  1   -21.48153761840                   -0.88    83.7s
    hm1_norm_ρdiff=0.08216290018004695 hm1_norm_Δρ=0.08215751279585058  error_V_h1=10.5962748430076  α = 6.21e-5
  2   -21.48153817320       -6.26       -1.75     178s
    hm1_norm_ρdiff=0.007625144050146921 hm1_norm_Δρ=0.007622694968599314  error_V_h1=10.517386424328803  α = 0.000158
  3   -21.48153817320      -13.55       -0.44     231s
    hm1_norm_ρdiff=0.17505689285209897 hm1_norm_Δρ=0.17505927795866813  error_V_h1=10.517386420984115  α = 1.05e-12
  4   -21.48153817320   +  -14.15        0.01     160s
    hm1_norm_ρdiff=0.508047495189456 hm1_norm_Δρ=0.5080508540871079  error_V_h1=10.517386420981234  α = 0.0
  5   -21.48153828749       -6.94       -1.72     169s
    hm1_norm_ρdiff=0.01084774416186512 hm1_norm_Δρ=0.010852720600243324  error_V_h1=10.499713930970874  α = 5.15e-5
  6   -21.48153828749      -14.45       -0.41     222s
    hm1_norm_ρdiff=0.18468737077036002 hm1_norm_Δρ=0.18469022416425315  error_V_h1=10.499713930527196  α = 1.6e-13
  7   -21.48153828749      -13.75        0.03     315s
    hm1_norm_ρdiff=0.5417667014765623 hm1_norm_Δρ=0.5417703916051819  error_V_h1=10.499713930273055  α = 1.8e-14
  8   -21.48153828749   +  -14.15        0.03     153s
    hm1_norm_ρdiff=0.5383288035423907 hm1_norm_Δρ=0.5383325015280648  error_V_h1=10.499713930277933  α = 0.0
  9   -21.48153828749   +    -Inf       -2.20     295s
    hm1_norm_ρdiff=0.0024691604384664873 hm1_norm_Δρ=0.0024696393457706656  error_V_h1=10.499713930272591  α = 1.77e-14
 10   -21.48153828749   +  -14.45       -0.53     163s
    hm1_norm_ρdiff=0.13901509370613638 hm1_norm_Δρ=0.13901289624414342  error_V_h1=10.499713930267854  α = 0.0
 11   -21.48153828749      -14.45       -2.20     248s
    hm1_norm_ρdiff=0.002469160436859848 hm1_norm_Δρ=0.0024696393441605564  error_V_h1=10.49971392993336  α = 2.3e-12
 12   -21.48153828749   +    -Inf        0.05     155s
    hm1_norm_ρdiff=0.5636296338644469 hm1_norm_Δρ=0.5636332944488741  error_V_h1=10.499713929934964  α = 0.0
 13   -21.48153828749      -14.45       -2.20     334s
    hm1_norm_ρdiff=0.0024691604044072652 hm1_norm_Δρ=0.0024696393116560764  error_V_h1=10.49971392970296  α = 1.56e-12
 14   -21.48153828749   +  -14.15        0.04     157s
    hm1_norm_ρdiff=0.5505906415562408 hm1_norm_Δρ=0.550594282983174  error_V_h1=10.499713929700793  α = 0.0
 15   -21.48153828749      -14.15       -2.20     242s
    hm1_norm_ρdiff=0.002469160384859624 hm1_norm_Δρ=0.0024696392920849058  error_V_h1=10.499713929353952  α = 2.33e-12
 16   -21.48153828749   +  -14.45        0.04     155s
    hm1_norm_ρdiff=0.5437459710867959 hm1_norm_Δρ=0.5437495791148288  error_V_h1=10.499713929358919  α = 0.0
 17   -21.48153828749      -14.15       -2.20     320s
    hm1_norm_ρdiff=0.0024691603522922455 hm1_norm_Δρ=0.00246963925946457  error_V_h1=10.499713929287141  α = 4.54e-13
 18   -21.48153828749   +    -Inf        0.04     282s
    hm1_norm_ρdiff=0.544961519311904 hm1_norm_Δρ=0.5449652813701493  error_V_h1=10.499713929282139  α = 2.86e-16
 19   -21.48153828749   +  -14.45       -0.00     160s
    hm1_norm_ρdiff=0.4898565290125953 hm1_norm_Δρ=0.4898599330566955  error_V_h1=10.499713929284706  α = 0.0
 20   -21.48153828749      -14.45       -2.20     264s
    hm1_norm_ρdiff=0.0024691603476087514 hm1_norm_Δρ=0.0024696392547779865  error_V_h1=10.499713929216446  α = 4.86e-13
 21   -21.48153828749   +  -14.15       -0.00     151s
    hm1_norm_ρdiff=0.4974118282994471 hm1_norm_Δρ=0.4974154608541497  error_V_h1=10.499713929216005  α = 0.0
 22   -21.48153828749      -14.15       -2.20     290s
    hm1_norm_ρdiff=0.002469160341728937 hm1_norm_Δρ=0.002469639248895769  error_V_h1=10.49971392898624  α = 1.53e-12
 23   -21.48153828749   +  -14.15        0.05     152s
    hm1_norm_ρdiff=0.563699677322412 hm1_norm_Δρ=0.563703356398886  error_V_h1=10.499713928988662  α = 0.0
 24   -21.48153828749      -14.15       -2.20     338s
    hm1_norm_ρdiff=0.002469160322786648 hm1_norm_Δρ=0.0024696392299319247  error_V_h1=10.499713928980176  α = 5.5e-15
 25   -21.48153829514       -8.12       -1.84     196s
    hm1_norm_ρdiff=0.008741070774268297 hm1_norm_Δρ=0.008734769858031037  error_V_h1=10.496826652801962  α = 1.66e-5
 26   -21.48153841168       -6.93       -0.55     165s
    hm1_norm_ρdiff=0.140824538514979 hm1_norm_Δρ=0.14082135113394054  error_V_h1=10.451048287134311  α = 1.38e-5
 27   -21.48153841168      -13.50       -0.40     221s
    hm1_norm_ρdiff=0.19593530142370782 hm1_norm_Δρ=0.19593227748615347  error_V_h1=10.451048281053847  α = 1.8e-12
 28   -21.48153841168   +  -14.15       -0.15     155s
    hm1_norm_ρdiff=0.3377615821014016 hm1_norm_Δρ=0.3377591290951752  error_V_h1=10.451048281054556  α = 0.0
 29   -21.48153841168      -14.15       -2.29     236s
    hm1_norm_ρdiff=0.00204603667142563 hm1_norm_Δρ=0.0020476615313538846  error_V_h1=10.451048281032172  α = 2.77e-13
 30   -21.48153841168   +    -Inf       -0.01     159s
    hm1_norm_ρdiff=0.48442694677571085 hm1_norm_Δρ=0.48443047516295984  error_V_h1=10.451048281030952  α = 0.0
 31   -21.48153841168   +    -Inf       -2.29     144s
    hm1_norm_ρdiff=0.0020460366689921843 hm1_norm_Δρ=0.0020476615289244243  error_V_h1=10.451048281032454  α = 0.0
Trying again without preconditioner ...
n     Energy            log10(ΔE)   log10(Δρ)   Δtime
---   ---------------   ---------   ---------   ------
  1   -21.48153872089                   -1.05     150s
    hm1_norm_ρdiff=0.029383988561453078 hm1_norm_Δρ=0.029386284920966007  error_V_h1=10.349562012352589  α = 6.93e-5
  2   -21.48153880011       -7.10        0.31     238s
    hm1_norm_ρdiff=0.8073805066554719 hm1_norm_Δρ=0.8073843799780968  error_V_h1=10.310717796202319  α = 5.3e-7
  3   -21.48153880011      -13.85        0.31     231s
    hm1_norm_ρdiff=0.7880776578366174 hm1_norm_Δρ=0.7880814022329099  error_V_h1=10.310717795459361  α = 1.76e-14
  4   -21.48153880011   +  -14.45        0.32     160s
    hm1_norm_ρdiff=0.8044412369912629 hm1_norm_Δρ=0.8044450761124646  error_V_h1=10.310717795454545  α = 0.0
  5   -21.48153880011      -13.97       -1.11     279s
    hm1_norm_ρdiff=0.024408606177148753 hm1_norm_Δρ=0.024410254922285306  error_V_h1=10.310717795235519  α = 1.8e-13
  6   -21.48153880011   +  -14.15        0.32     157s
    hm1_norm_ρdiff=0.8035086082746161 hm1_norm_Δρ=0.8035124151113171  error_V_h1=10.310717795231936  α = 0.0
  7   -21.48153880011      -14.45       -1.11     210s
    hm1_norm_ρdiff=0.02440860609545953 hm1_norm_Δρ=0.02441025484060726  error_V_h1=10.310717795239766  α = 1.25e-15
  8   -21.48153882717       -7.57       -0.50     166s
    hm1_norm_ρdiff=0.09100937466631183 hm1_norm_Δρ=0.09100683593072828  error_V_h1=10.301239607578017  α = 2.87e-6
  9   -21.48153882717      -13.60        0.12     226s
    hm1_norm_ρdiff=0.430461096674268 hm1_norm_Δρ=0.4304633156140385  error_V_h1=10.301239605764085  α = 1.74e-13
 10   -21.48153882717   +    -Inf        0.26     161s
    hm1_norm_ρdiff=0.5740807880401477 hm1_norm_Δρ=0.5740833265061774  error_V_h1=10.301239605761815  α = 0.0
 11   -21.48153882717   +    -Inf       -1.05     278s
    hm1_norm_ρdiff=0.036197457099810385 hm1_norm_Δρ=0.03620084655667979  error_V_h1=10.301239605762403  α = 3.68e-16

#-- |ρε - ρref| = 1.4555929562866641e-5 vs. 1.0e-9 = δ*ε  error_V_h1=10.301239605762403  Qε=0.9188640593906948

|v-vref|h1 = [0.6047979059052299, 1.0524389656104742, 1.8458940781974982, 3.264993071793945, 5.819388384176214, 10.301239605762403]
|v-vref|l2 = [0.09177110900698185, 0.1588656546764218, 0.2813050111137321, 0.48612657344563326, 0.868552984726746, 1.5283291899466716]
 ────────────────────────────────────────────────────────────────────────────────
                                        Time                    Allocations      
                               ───────────────────────   ────────────────────────
       Tot / % measured:            27.6h /  79.6%           53.0TiB /  48.9%    

 Section               ncalls     time    %tot     avg     alloc    %tot      avg
 ────────────────────────────────────────────────────────────────────────────────
 DftHamiltonian mul...   916k    8.70h   39.5%  34.2ms   5.21TiB   20.1%  5.96MiB
   nonlocal              916k    4.54h   20.6%  17.8ms   3.43TiB   13.3%  3.92MiB
   local+kinetic        3.67M    2.88h   13.1%  2.83ms   21.5GiB    0.1%  6.14KiB
 compute_density        17.1k    7.87h   35.8%   1.66s    879GiB    3.3%  52.8MiB
   symmetrize_ρ         17.1k    5.47h   24.8%   1.15s    378GiB    1.4%  22.7MiB
 energy_hamiltonian     16.3k    5.17h   23.5%   1.14s   19.4TiB   74.9%  1.22GiB
   ene_ops              16.3k    3.09h   14.0%   680ms   1.94TiB    7.5%   124MiB
     ene_ops: nonlocal  16.3k    1.83h    8.3%   403ms    126GiB    0.5%  7.93MiB
     ene_ops: dualmap   16.3k    1.13h    5.1%   249ms   1.43TiB    5.5%  92.0MiB
     ene_ops: kinetic   16.3k     363s    0.5%  22.2ms   4.37GiB    0.0%   281KiB
     ene_ops: hartree   16.3k    80.9s    0.1%  4.96ms    320GiB    1.2%  20.0MiB
     ene_ops: local     16.3k    11.7s    0.0%   718μs   64.4GiB    0.2%  4.04MiB
 ortho_qr               41.3k     657s    0.8%  15.9ms    307GiB    1.2%  7.61MiB
 PlaneWaveBasis            29     272s    0.3%   9.37s    127GiB    0.5%  4.40GiB
   Instantiation At...     29     198s    0.2%   6.83s   97.9GiB    0.4%  3.38GiB
   build_kpoints           29    10.7s    0.0%   369ms   12.0GiB    0.0%   422MiB
   Instantiation Du...     29    8.40s    0.0%   290ms   2.50GiB    0.0%  88.3MiB
   Instantiation At...     29    7.62s    0.0%   263ms   5.92GiB    0.0%   209MiB
     enforce_real!         29    111ms    0.0%  3.81ms    116KiB    0.0%  3.98KiB
   Instantiation Ki...     29    564ms    0.0%  19.4ms   1.32GiB    0.0%  46.6MiB
   Instantiation Ewald     29    193ms    0.0%  6.64ms    104KiB    0.0%  3.59KiB
     precomp: Ewald        29    192ms    0.0%  6.62ms   62.1KiB    0.0%  2.14KiB
   Instantiation Ha...     29    152ms    0.0%  5.24ms    174MiB    0.0%  6.01MiB
     enforce_real!         29   80.6ms    0.0%  2.78ms    116KiB    0.0%  3.98KiB
   _check_kpoint_re...     29    100ms    0.0%  3.44ms     0.00B    0.0%    0.00B
   Instantiation Ps...     29    962μs    0.0%  33.2μs    378KiB    0.0%  13.0KiB
 load_scfres                1    28.5s    0.0%   28.5s   7.57GiB    0.0%  7.57GiB
   energy_hamiltonian       1    11.7s    0.0%   11.7s   1.43GiB    0.0%  1.43GiB
     ene_ops                1    10.9s    0.0%   10.9s    342MiB    0.0%   342MiB
       ene_ops: xc          1    8.97s    0.0%   8.97s    293MiB    0.0%   293MiB
       ene_ops: non...      1    661ms    0.0%   661ms   9.47MiB    0.0%  9.47MiB
       ene_ops: kin...      1   60.9ms    0.0%  60.9ms    324KiB    0.0%   324KiB
       ene_ops: har...      1   11.9ms    0.0%  11.9ms   20.0MiB    0.0%  20.0MiB
       ene_ops: local       1   3.15ms    0.0%  3.15ms   4.04MiB    0.0%  4.04MiB
   Instantiation At...      1    5.08s    0.0%   5.08s   3.45GiB    0.0%  3.45GiB
   Instantiation At...      1    1.57s    0.0%   1.57s    316MiB    0.0%   316MiB
     enforce_real!          1   3.06ms    0.0%  3.06ms   3.98KiB    0.0%  3.98KiB
   Instantiation Xc         1    508ms    0.0%   508ms    168MiB    0.0%   168MiB
     enforce_real!          1   2.92ms    0.0%  2.92ms   3.98KiB    0.0%  3.98KiB
   Instantiation Ps...      1    291ms    0.0%   291ms   20.2MiB    0.0%  20.2MiB
   build_kpoints            1    163ms    0.0%   163ms    422MiB    0.0%   422MiB
   Instantiation Ewald      1   12.3ms    0.0%  12.3ms   43.2KiB    0.0%  43.2KiB
     precomp: Ewald         1   12.0ms    0.0%  12.0ms   40.4KiB    0.0%  40.4KiB
   Instantiation Ki...      1   12.3ms    0.0%  12.3ms   46.6MiB    0.0%  46.6MiB
   Instantiation Ha...      1   5.62ms    0.0%  5.62ms   6.01MiB    0.0%  6.01MiB
     enforce_real!          1   2.68ms    0.0%  2.68ms   3.98KiB    0.0%  3.98KiB
   _check_kpoint_re...      1   3.37ms    0.0%  3.37ms     0.00B    0.0%    0.00B
 save_scfres                2    7.46s    0.0%   3.73s    711MiB    0.0%   356MiB
 symmetry_operations       29    232ms    0.0%  8.00ms   12.2MiB    0.0%   431KiB
   _check_symmetries       29   4.63ms    0.0%   160μs   5.18MiB    0.0%   183KiB
 ────────────────────────────────────────────────────────────────────────────────
